model,userId,K,precision,recall,ndcg,num_relevant_test_items,num_recommendations
Content-Based,5531,5,0.0,0.0,0.0,23,80
Content-Based,5531,10,0.0,0.0,0.0,23,80
Content-Based,5531,20,0.0,0.0,0.0,23,80
Content-Based,5531,40,0.025,0.043478260869565216,0.20584683246043448,23,80
Content-Based,5531,80,0.0625,0.21739130434782608,0.29260052523394386,23,80
Content-Based,711,5,0.0,0.0,0.0,19,80
Content-Based,711,10,0.0,0.0,0.0,19,80
Content-Based,711,20,0.0,0.0,0.0,19,80
Content-Based,711,40,0.0,0.0,0.0,19,80
Content-Based,711,80,0.0125,0.05263157894736842,0.16207652439312228,19,80
Content-Based,4925,5,0.0,0.0,0.0,11,80
Content-Based,4925,10,0.0,0.0,0.0,11,80
Content-Based,4925,20,0.0,0.0,0.0,11,80
Content-Based,4925,40,0.025,0.09090909090909091,0.21274605355336318,11,80
Content-Based,4925,80,0.0125,0.09090909090909091,0.21274605355336318,11,80
Content-Based,2155,5,0.0,0.0,0.0,13,80
Content-Based,2155,10,0.0,0.0,0.0,13,80
Content-Based,2155,20,0.05,0.07692307692307693,0.23540891336663824,13,80
Content-Based,2155,40,0.025,0.07692307692307693,0.23540891336663824,13,80
Content-Based,2155,80,0.0375,0.23076923076923078,0.2788835134369721,13,80
Content-Based,1273,5,0.0,0.0,0.0,49,80
Content-Based,1273,10,0.0,0.0,0.0,49,80
Content-Based,1273,20,0.0,0.0,0.0,49,80
Content-Based,1273,40,0.0,0.0,0.0,49,80
Content-Based,1273,80,0.0125,0.02040816326530612,0.1854490234153689,49,80
Content-Based,2318,5,0.0,0.0,0.0,2,80
Content-Based,2318,10,0.0,0.0,0.0,2,80
Content-Based,2318,20,0.0,0.0,0.0,2,80
Content-Based,2318,40,0.0,0.0,0.0,2,80
Content-Based,2318,80,0.0,0.0,0.0,2,80
Content-Based,2096,5,0.0,0.0,0.0,21,80
Content-Based,2096,10,0.0,0.0,0.0,21,80
Content-Based,2096,20,0.0,0.0,0.0,21,80
Content-Based,2096,40,0.0,0.0,0.0,21,80
Content-Based,2096,80,0.0,0.0,0.0,21,80
Content-Based,3129,5,0.0,0.0,0.0,47,80
Content-Based,3129,10,0.0,0.0,0.0,47,80
Content-Based,3129,20,0.0,0.0,0.0,47,80
Content-Based,3129,40,0.0,0.0,0.0,47,80
Content-Based,3129,80,0.0,0.0,0.0,47,80
Content-Based,743,5,0.0,0.0,0.0,14,80
Content-Based,743,10,0.0,0.0,0.0,14,80
Content-Based,743,20,0.0,0.0,0.0,14,80
Content-Based,743,40,0.0,0.0,0.0,14,80
Content-Based,743,80,0.0,0.0,0.0,14,80
Content-Based,297,5,0.2,0.06666666666666667,1.0,15,80
Content-Based,297,10,0.1,0.06666666666666667,1.0,15,80
Content-Based,297,20,0.05,0.06666666666666667,1.0,15,80
Content-Based,297,40,0.025,0.06666666666666667,1.0,15,80
Content-Based,297,80,0.0125,0.06666666666666667,1.0,15,80
Content-Based,3697,5,0.0,0.0,0.0,15,80
Content-Based,3697,10,0.0,0.0,0.0,15,80
Content-Based,3697,20,0.0,0.0,0.0,15,80
Content-Based,3697,40,0.0,0.0,0.0,15,80
Content-Based,3697,80,0.025,0.13333333333333333,0.2226524449963493,15,80
Content-Based,1143,5,0.0,0.0,0.0,11,80
Content-Based,1143,10,0.0,0.0,0.0,11,80
Content-Based,1143,20,0.0,0.0,0.0,11,80
Content-Based,1143,40,0.0,0.0,0.0,11,80
Content-Based,1143,80,0.0,0.0,0.0,11,80
Content-Based,409,5,0.2,0.021739130434782608,0.38685280723454163,46,80
Content-Based,409,10,0.1,0.021739130434782608,0.38685280723454163,46,80
Content-Based,409,20,0.05,0.021739130434782608,0.38685280723454163,46,80
Content-Based,409,40,0.025,0.021739130434782608,0.38685280723454163,46,80
Content-Based,409,80,0.025,0.043478260869565216,0.343741444950847,46,80
Content-Based,5287,5,0.0,0.0,0.0,22,80
Content-Based,5287,10,0.0,0.0,0.0,22,80
Content-Based,5287,20,0.0,0.0,0.0,22,80
Content-Based,5287,40,0.0,0.0,0.0,22,80
Content-Based,5287,80,0.0,0.0,0.0,22,80
Content-Based,3952,5,0.0,0.0,0.0,9,80
Content-Based,3952,10,0.0,0.0,0.0,9,80
Content-Based,3952,20,0.0,0.0,0.0,9,80
Content-Based,3952,40,0.0,0.0,0.0,9,80
Content-Based,3952,80,0.0125,0.1111111111111111,0.18428883314870617,9,80
Content-Based,1621,5,0.0,0.0,0.0,1,80
Content-Based,1621,10,0.0,0.0,0.0,1,80
Content-Based,1621,20,0.0,0.0,0.0,1,80
Content-Based,1621,40,0.0,0.0,0.0,1,80
Content-Based,1621,80,0.0,0.0,0.0,1,80
Content-Based,2055,5,0.0,0.0,0.0,26,80
Content-Based,2055,10,0.0,0.0,0.0,26,80
Content-Based,2055,20,0.0,0.0,0.0,26,80
Content-Based,2055,40,0.075,0.11538461538461539,0.2713243195354183,26,80
Content-Based,2055,80,0.0625,0.19230769230769232,0.31337384950474756,26,80
Content-Based,5749,5,0.0,0.0,0.0,39,80
Content-Based,5749,10,0.0,0.0,0.0,39,80
Content-Based,5749,20,0.0,0.0,0.0,39,80
Content-Based,5749,40,0.0,0.0,0.0,39,80
Content-Based,5749,80,0.0125,0.02564102564102564,0.17905223175104137,39,80
Content-Based,5830,5,0.2,0.1,1.0,10,80
Content-Based,5830,10,0.1,0.1,1.0,10,80
Content-Based,5830,20,0.05,0.1,1.0,10,80
Content-Based,5830,40,0.025,0.1,1.0,10,80
Content-Based,5830,80,0.0125,0.1,1.0,10,80
Content-Based,866,5,0.2,0.3333333333333333,1.0,3,80
Content-Based,866,10,0.1,0.3333333333333333,1.0,3,80
Content-Based,866,20,0.05,0.3333333333333333,1.0,3,80
Content-Based,866,40,0.025,0.3333333333333333,1.0,3,80
Content-Based,866,80,0.0125,0.3333333333333333,1.0,3,80
Content-Based,806,5,0.0,0.0,0.0,13,80
Content-Based,806,10,0.0,0.0,0.0,13,80
Content-Based,806,20,0.0,0.0,0.0,13,80
Content-Based,806,40,0.025,0.07692307692307693,0.22106472945750374,13,80
Content-Based,806,80,0.025,0.15384615384615385,0.23735686642893822,13,80
Content-Based,656,5,0.0,0.0,0.0,25,80
Content-Based,656,10,0.0,0.0,0.0,25,80
Content-Based,656,20,0.0,0.0,0.0,25,80
Content-Based,656,40,0.0,0.0,0.0,25,80
Content-Based,656,80,0.0,0.0,0.0,25,80
Content-Based,4820,5,0.0,0.0,0.0,6,80
Content-Based,4820,10,0.0,0.0,0.0,6,80
Content-Based,4820,20,0.0,0.0,0.0,6,80
Content-Based,4820,40,0.0,0.0,0.0,6,80
Content-Based,4820,80,0.0,0.0,0.0,6,80
Content-Based,2517,5,0.0,0.0,0.0,5,80
Content-Based,2517,10,0.0,0.0,0.0,5,80
Content-Based,2517,20,0.0,0.0,0.0,5,80
Content-Based,2517,40,0.0,0.0,0.0,5,80
Content-Based,2517,80,0.0125,0.2,0.17219543379409813,5,80
Content-Based,5672,5,0.0,0.0,0.0,3,80
Content-Based,5672,10,0.0,0.0,0.0,3,80
Content-Based,5672,20,0.0,0.0,0.0,3,80
Content-Based,5672,40,0.0,0.0,0.0,3,80
Content-Based,5672,80,0.0,0.0,0.0,3,80
Content-Based,24,5,0.0,0.0,0.0,22,80
Content-Based,24,10,0.0,0.0,0.0,22,80
Content-Based,24,20,0.0,0.0,0.0,22,80
Content-Based,24,40,0.0,0.0,0.0,22,80
Content-Based,24,80,0.0,0.0,0.0,22,80
Content-Based,1422,5,0.0,0.0,0.0,35,80
Content-Based,1422,10,0.0,0.0,0.0,35,80
Content-Based,1422,20,0.0,0.0,0.0,35,80
Content-Based,1422,40,0.0,0.0,0.0,35,80
Content-Based,1422,80,0.0125,0.02857142857142857,0.16260831227163416,35,80
Content-Based,5656,5,0.0,0.0,0.0,1,80
Content-Based,5656,10,0.0,0.0,0.0,1,80
Content-Based,5656,20,0.0,0.0,0.0,1,80
Content-Based,5656,40,0.0,0.0,0.0,1,80
Content-Based,5656,80,0.0,0.0,0.0,1,80
Content-Based,5729,5,0.0,0.0,0.0,12,80
Content-Based,5729,10,0.0,0.0,0.0,12,80
Content-Based,5729,20,0.0,0.0,0.0,12,80
Content-Based,5729,40,0.0,0.0,0.0,12,80
Content-Based,5729,80,0.0125,0.08333333333333333,0.17376534287144002,12,80
Content-Based,2438,5,0.0,0.0,0.0,18,80
Content-Based,2438,10,0.0,0.0,0.0,18,80
Content-Based,2438,20,0.0,0.0,0.0,18,80
Content-Based,2438,40,0.0,0.0,0.0,18,80
Content-Based,2438,80,0.0125,0.05555555555555555,0.16544255391905832,18,80
Content-Based,4163,5,0.0,0.0,0.0,4,80
Content-Based,4163,10,0.0,0.0,0.0,4,80
Content-Based,4163,20,0.0,0.0,0.0,4,80
Content-Based,4163,40,0.0,0.0,0.0,4,80
Content-Based,4163,80,0.0,0.0,0.0,4,80
Content-Based,1631,5,0.0,0.0,0.0,22,80
Content-Based,1631,10,0.0,0.0,0.0,22,80
Content-Based,1631,20,0.0,0.0,0.0,22,80
Content-Based,1631,40,0.0,0.0,0.0,22,80
Content-Based,1631,80,0.0,0.0,0.0,22,80
Content-Based,2519,5,0.0,0.0,0.0,6,80
Content-Based,2519,10,0.0,0.0,0.0,6,80
Content-Based,2519,20,0.0,0.0,0.0,6,80
Content-Based,2519,40,0.025,0.16666666666666666,0.1905514124267734,6,80
Content-Based,2519,80,0.0125,0.16666666666666666,0.1905514124267734,6,80
Content-Based,3588,5,0.0,0.0,0.0,40,80
Content-Based,3588,10,0.0,0.0,0.0,40,80
Content-Based,3588,20,0.0,0.0,0.0,40,80
Content-Based,3588,40,0.0,0.0,0.0,40,80
Content-Based,3588,80,0.0625,0.125,0.27882875054767614,40,80
Content-Based,2859,5,0.0,0.0,0.0,28,80
Content-Based,2859,10,0.0,0.0,0.0,28,80
Content-Based,2859,20,0.0,0.0,0.0,28,80
Content-Based,2859,40,0.0,0.0,0.0,28,80
Content-Based,2859,80,0.0,0.0,0.0,28,80
Content-Based,5387,5,0.0,0.0,0.0,76,80
Content-Based,5387,10,0.0,0.0,0.0,76,80
Content-Based,5387,20,0.0,0.0,0.0,76,80
Content-Based,5387,40,0.025,0.013157894736842105,0.1905514124267734,76,80
Content-Based,5387,80,0.025,0.02631578947368421,0.22022071173192198,76,80
Content-Based,5636,5,0.0,0.0,0.0,68,80
Content-Based,5636,10,0.1,0.014705882352941176,0.3562071871080222,68,80
Content-Based,5636,20,0.05,0.014705882352941176,0.3562071871080222,68,80
Content-Based,5636,40,0.025,0.014705882352941176,0.3562071871080222,68,80
Content-Based,5636,80,0.025,0.029411764705882353,0.3213847591640609,68,80
Content-Based,4492,5,0.0,0.0,0.0,3,80
Content-Based,4492,10,0.0,0.0,0.0,3,80
Content-Based,4492,20,0.0,0.0,0.0,3,80
Content-Based,4492,40,0.0,0.0,0.0,3,80
Content-Based,4492,80,0.0,0.0,0.0,3,80
Content-Based,4745,5,0.0,0.0,0.0,9,80
Content-Based,4745,10,0.0,0.0,0.0,9,80
Content-Based,4745,20,0.0,0.0,0.0,9,80
Content-Based,4745,40,0.0,0.0,0.0,9,80
Content-Based,4745,80,0.0,0.0,0.0,9,80
Content-Based,2968,5,0.0,0.0,0.0,36,80
Content-Based,2968,10,0.0,0.0,0.0,36,80
Content-Based,2968,20,0.0,0.0,0.0,36,80
Content-Based,2968,40,0.0,0.0,0.0,36,80
Content-Based,2968,80,0.0,0.0,0.0,36,80
Content-Based,255,5,0.4,0.05128205128205128,0.6509209298071326,39,80
Content-Based,255,10,0.2,0.05128205128205128,0.6509209298071326,39,80
Content-Based,255,20,0.15,0.07692307692307693,0.6183049132644641,39,80
Content-Based,255,40,0.1,0.10256410256410256,0.5994943959417866,39,80
Content-Based,255,80,0.075,0.15384615384615385,0.5644811782422838,39,80
Content-Based,2551,5,0.0,0.0,0.0,6,80
Content-Based,2551,10,0.0,0.0,0.0,6,80
Content-Based,2551,20,0.0,0.0,0.0,6,80
Content-Based,2551,40,0.025,0.16666666666666666,0.2037950470905062,6,80
Content-Based,2551,80,0.05,0.6666666666666666,0.28771047841378844,6,80
Content-Based,1194,5,0.0,0.0,0.0,59,80
Content-Based,1194,10,0.0,0.0,0.0,59,80
Content-Based,1194,20,0.0,0.0,0.0,59,80
Content-Based,1194,40,0.05,0.03389830508474576,0.2550837952647986,59,80
Content-Based,1194,80,0.075,0.1016949152542373,0.3360000579988055,59,80
Content-Based,222,5,0.0,0.0,0.0,12,80
Content-Based,222,10,0.0,0.0,0.0,12,80
Content-Based,222,20,0.05,0.08333333333333333,0.23981246656813146,12,80
Content-Based,222,40,0.05,0.16666666666666666,0.26563919705105826,12,80
Content-Based,222,80,0.0375,0.25,0.2844807810367602,12,80
Content-Based,1742,5,0.0,0.0,0.0,6,80
Content-Based,1742,10,0.0,0.0,0.0,6,80
Content-Based,1742,20,0.0,0.0,0.0,6,80
Content-Based,1742,40,0.0,0.0,0.0,6,80
Content-Based,1742,80,0.0,0.0,0.0,6,80
Content-Based,4251,5,0.0,0.0,0.0,10,80
Content-Based,4251,10,0.0,0.0,0.0,10,80
Content-Based,4251,20,0.0,0.0,0.0,10,80
Content-Based,4251,40,0.0,0.0,0.0,10,80
Content-Based,4251,80,0.0,0.0,0.0,10,80
Content-Based,4223,5,0.0,0.0,0.0,12,80
Content-Based,4223,10,0.0,0.0,0.0,12,80
Content-Based,4223,20,0.0,0.0,0.0,12,80
Content-Based,4223,40,0.0,0.0,0.0,12,80
Content-Based,4223,80,0.0,0.0,0.0,12,80
Content-Based,1162,5,0.0,0.0,0.0,19,80
Content-Based,1162,10,0.0,0.0,0.0,19,80
Content-Based,1162,20,0.05,0.05263157894736842,0.27023815442731974,19,80
Content-Based,1162,40,0.05,0.10526315789473684,0.3031902370792268,19,80
Content-Based,1162,80,0.025,0.10526315789473684,0.3031902370792268,19,80
Content-Based,1401,5,0.0,0.0,0.0,9,80
Content-Based,1401,10,0.0,0.0,0.0,9,80
Content-Based,1401,20,0.0,0.0,0.0,9,80
Content-Based,1401,40,0.0,0.0,0.0,9,80
Content-Based,1401,80,0.0,0.0,0.0,9,80
Content-Based,4354,5,0.0,0.0,0.0,73,80
Content-Based,4354,10,0.1,0.0136986301369863,0.3562071871080222,73,80
Content-Based,4354,20,0.05,0.0136986301369863,0.3562071871080222,73,80
Content-Based,4354,40,0.025,0.0136986301369863,0.3562071871080222,73,80
Content-Based,4354,80,0.025,0.0273972602739726,0.3222094596999327,73,80
Content-Based,882,5,0.0,0.0,0.0,12,80
Content-Based,882,10,0.0,0.0,0.0,12,80
Content-Based,882,20,0.0,0.0,0.0,12,80
Content-Based,882,40,0.0,0.0,0.0,12,80
Content-Based,882,80,0.05,0.3333333333333333,0.2763207838096609,12,80
Content-Based,5336,5,0.0,0.0,0.0,2,80
Content-Based,5336,10,0.0,0.0,0.0,2,80
Content-Based,5336,20,0.0,0.0,0.0,2,80
Content-Based,5336,40,0.0,0.0,0.0,2,80
Content-Based,5336,80,0.0,0.0,0.0,2,80
Content-Based,4798,5,0.4,0.125,1.0,16,80
Content-Based,4798,10,0.2,0.125,1.0,16,80
Content-Based,4798,20,0.15,0.1875,0.885476292786673,16,80
Content-Based,4798,40,0.125,0.3125,0.7719585200703769,16,80
Content-Based,4798,80,0.0625,0.3125,0.7719585200703769,16,80
Content-Based,566,5,0.0,0.0,0.0,19,80
Content-Based,566,10,0.0,0.0,0.0,19,80
Content-Based,566,20,0.0,0.0,0.0,19,80
Content-Based,566,40,0.0,0.0,0.0,19,80
Content-Based,566,80,0.0,0.0,0.0,19,80
Content-Based,756,5,0.0,0.0,0.0,2,80
Content-Based,756,10,0.0,0.0,0.0,2,80
Content-Based,756,20,0.0,0.0,0.0,2,80
Content-Based,756,40,0.0,0.0,0.0,2,80
Content-Based,756,80,0.0,0.0,0.0,2,80
Content-Based,2501,5,0.0,0.0,0.0,15,80
Content-Based,2501,10,0.0,0.0,0.0,15,80
Content-Based,2501,20,0.0,0.0,0.0,15,80
Content-Based,2501,40,0.0,0.0,0.0,15,80
Content-Based,2501,80,0.0,0.0,0.0,15,80
Content-Based,3696,5,0.0,0.0,0.0,19,80
Content-Based,3696,10,0.0,0.0,0.0,19,80
Content-Based,3696,20,0.0,0.0,0.0,19,80
Content-Based,3696,40,0.0,0.0,0.0,19,80
Content-Based,3696,80,0.0,0.0,0.0,19,80
Content-Based,1878,5,0.0,0.0,0.0,13,80
Content-Based,1878,10,0.0,0.0,0.0,13,80
Content-Based,1878,20,0.05,0.07692307692307693,0.27023815442731974,13,80
Content-Based,1878,40,0.05,0.15384615384615385,0.2872459813624673,13,80
Content-Based,1878,80,0.025,0.15384615384615385,0.2872459813624673,13,80
Content-Based,80,5,0.0,0.0,0.0,4,80
Content-Based,80,10,0.0,0.0,0.0,4,80
Content-Based,80,20,0.0,0.0,0.0,4,80
Content-Based,80,40,0.0,0.0,0.0,4,80
Content-Based,80,80,0.0,0.0,0.0,4,80
Content-Based,2339,5,0.0,0.0,0.0,4,80
Content-Based,2339,10,0.0,0.0,0.0,4,80
Content-Based,2339,20,0.0,0.0,0.0,4,80
Content-Based,2339,40,0.0,0.0,0.0,4,80
Content-Based,2339,80,0.0,0.0,0.0,4,80
Content-Based,5592,5,0.2,0.05,0.43067655807339306,20,80
Content-Based,5592,10,0.1,0.05,0.43067655807339306,20,80
Content-Based,5592,20,0.1,0.1,0.435101206640309,20,80
Content-Based,5592,40,0.05,0.1,0.435101206640309,20,80
Content-Based,5592,80,0.0625,0.25,0.41609979393942065,20,80
Content-Based,2805,5,0.0,0.0,0.0,15,80
Content-Based,2805,10,0.0,0.0,0.0,15,80
Content-Based,2805,20,0.0,0.0,0.0,15,80
Content-Based,2805,40,0.0,0.0,0.0,15,80
Content-Based,2805,80,0.0,0.0,0.0,15,80
Content-Based,764,5,0.0,0.0,0.0,22,80
Content-Based,764,10,0.0,0.0,0.0,22,80
Content-Based,764,20,0.0,0.0,0.0,22,80
Content-Based,764,40,0.025,0.045454545454545456,0.21533827903669653,22,80
Content-Based,764,80,0.05,0.18181818181818182,0.29218400546998574,22,80
Content-Based,1600,5,0.0,0.0,0.0,41,80
Content-Based,1600,10,0.0,0.0,0.0,41,80
Content-Based,1600,20,0.0,0.0,0.0,41,80
Content-Based,1600,40,0.0,0.0,0.0,41,80
Content-Based,1600,80,0.0,0.0,0.0,41,80
Content-Based,2290,5,0.0,0.0,0.0,7,80
Content-Based,2290,10,0.0,0.0,0.0,7,80
Content-Based,2290,20,0.0,0.0,0.0,7,80
Content-Based,2290,40,0.0,0.0,0.0,7,80
Content-Based,2290,80,0.0,0.0,0.0,7,80
Content-Based,5263,5,0.0,0.0,0.0,16,80
Content-Based,5263,10,0.0,0.0,0.0,16,80
Content-Based,5263,20,0.0,0.0,0.0,16,80
Content-Based,5263,40,0.0,0.0,0.0,16,80
Content-Based,5263,80,0.0,0.0,0.0,16,80
Content-Based,5444,5,0.0,0.0,0.0,3,80
Content-Based,5444,10,0.0,0.0,0.0,3,80
Content-Based,5444,20,0.0,0.0,0.0,3,80
Content-Based,5444,40,0.0,0.0,0.0,3,80
Content-Based,5444,80,0.0,0.0,0.0,3,80
Content-Based,1885,5,0.0,0.0,0.0,7,80
Content-Based,1885,10,0.1,0.14285714285714285,0.31546487678572877,7,80
Content-Based,1885,20,0.05,0.14285714285714285,0.31546487678572877,7,80
Content-Based,1885,40,0.05,0.2857142857142857,0.3183827646403191,7,80
Content-Based,1885,80,0.0375,0.42857142857142855,0.3260008859015137,7,80
Content-Based,4735,5,0.0,0.0,0.0,15,80
Content-Based,4735,10,0.1,0.06666666666666667,0.3010299956639812,15,80
Content-Based,4735,20,0.1,0.13333333333333333,0.34561852186877634,15,80
Content-Based,4735,40,0.075,0.2,0.3575525624881587,15,80
Content-Based,4735,80,0.05,0.26666666666666666,0.3635270561433654,15,80
Content-Based,2193,5,0.0,0.0,0.0,4,80
Content-Based,2193,10,0.0,0.0,0.0,4,80
Content-Based,2193,20,0.0,0.0,0.0,4,80
Content-Based,2193,40,0.0,0.0,0.0,4,80
Content-Based,2193,80,0.0,0.0,0.0,4,80
Content-Based,5128,5,0.0,0.0,0.0,12,80
Content-Based,5128,10,0.0,0.0,0.0,12,80
Content-Based,5128,20,0.0,0.0,0.0,12,80
Content-Based,5128,40,0.0,0.0,0.0,12,80
Content-Based,5128,80,0.0,0.0,0.0,12,80
Content-Based,2301,5,0.0,0.0,0.0,8,80
Content-Based,2301,10,0.0,0.0,0.0,8,80
Content-Based,2301,20,0.0,0.0,0.0,8,80
Content-Based,2301,40,0.0,0.0,0.0,8,80
Content-Based,2301,80,0.0,0.0,0.0,8,80
Content-Based,168,5,0.0,0.0,0.0,4,80
Content-Based,168,10,0.0,0.0,0.0,4,80
Content-Based,168,20,0.0,0.0,0.0,4,80
Content-Based,168,40,0.0,0.0,0.0,4,80
Content-Based,168,80,0.0,0.0,0.0,4,80
Content-Based,3252,5,0.0,0.0,0.0,3,80
Content-Based,3252,10,0.0,0.0,0.0,3,80
Content-Based,3252,20,0.0,0.0,0.0,3,80
Content-Based,3252,40,0.0,0.0,0.0,3,80
Content-Based,3252,80,0.0,0.0,0.0,3,80
Content-Based,5253,5,0.0,0.0,0.0,15,80
Content-Based,5253,10,0.0,0.0,0.0,15,80
Content-Based,5253,20,0.0,0.0,0.0,15,80
Content-Based,5253,40,0.0,0.0,0.0,15,80
Content-Based,5253,80,0.0,0.0,0.0,15,80
Content-Based,3453,5,0.2,0.045454545454545456,0.43067655807339306,22,80
Content-Based,3453,10,0.1,0.045454545454545456,0.43067655807339306,22,80
Content-Based,3453,20,0.05,0.045454545454545456,0.43067655807339306,22,80
Content-Based,3453,40,0.025,0.045454545454545456,0.43067655807339306,22,80
Content-Based,3453,80,0.0125,0.045454545454545456,0.43067655807339306,22,80
Content-Based,1510,5,0.0,0.0,0.0,4,80
Content-Based,1510,10,0.0,0.0,0.0,4,80
Content-Based,1510,20,0.0,0.0,0.0,4,80
Content-Based,1510,40,0.0,0.0,0.0,4,80
Content-Based,1510,80,0.0,0.0,0.0,4,80
Content-Based,4664,5,0.0,0.0,0.0,7,80
Content-Based,4664,10,0.0,0.0,0.0,7,80
Content-Based,4664,20,0.0,0.0,0.0,7,80
Content-Based,4664,40,0.0,0.0,0.0,7,80
Content-Based,4664,80,0.0,0.0,0.0,7,80
Content-Based,3169,5,0.0,0.0,0.0,13,80
Content-Based,3169,10,0.0,0.0,0.0,13,80
Content-Based,3169,20,0.0,0.0,0.0,13,80
Content-Based,3169,40,0.075,0.23076923076923078,0.26580143349788427,13,80
Content-Based,3169,80,0.0625,0.38461538461538464,0.31672891825607385,13,80
Content-Based,229,5,0.0,0.0,0.0,20,80
Content-Based,229,10,0.1,0.05,0.3562071871080222,20,80
Content-Based,229,20,0.05,0.05,0.3562071871080222,20,80
Content-Based,229,40,0.025,0.05,0.3562071871080222,20,80
Content-Based,229,80,0.0125,0.05,0.3562071871080222,20,80
Content-Based,531,5,0.0,0.0,0.0,59,80
Content-Based,531,10,0.0,0.0,0.0,59,80
Content-Based,531,20,0.0,0.0,0.0,59,80
Content-Based,531,40,0.0,0.0,0.0,59,80
Content-Based,531,80,0.0125,0.01694915254237288,0.1605440854340214,59,80
Content-Based,2379,5,0.0,0.0,0.0,4,80
Content-Based,2379,10,0.0,0.0,0.0,4,80
Content-Based,2379,20,0.0,0.0,0.0,4,80
Content-Based,2379,40,0.0,0.0,0.0,4,80
Content-Based,2379,80,0.0,0.0,0.0,4,80
Content-Based,1372,5,0.0,0.0,0.0,6,80
Content-Based,1372,10,0.0,0.0,0.0,6,80
Content-Based,1372,20,0.0,0.0,0.0,6,80
Content-Based,1372,40,0.025,0.16666666666666666,0.22424382421757544,6,80
Content-Based,1372,80,0.0125,0.16666666666666666,0.22424382421757544,6,80
Content-Based,4871,5,0.0,0.0,0.0,1,80
Content-Based,4871,10,0.0,0.0,0.0,1,80
Content-Based,4871,20,0.0,0.0,0.0,1,80
Content-Based,4871,40,0.0,0.0,0.0,1,80
Content-Based,4871,80,0.0,0.0,0.0,1,80
Content-Based,85,5,0.0,0.0,0.0,3,80
Content-Based,85,10,0.0,0.0,0.0,3,80
Content-Based,85,20,0.0,0.0,0.0,3,80
Content-Based,85,40,0.0,0.0,0.0,3,80
Content-Based,85,80,0.0,0.0,0.0,3,80
Content-Based,3929,5,0.0,0.0,0.0,31,80
Content-Based,3929,10,0.2,0.06451612903225806,0.3889580943680543,31,80
Content-Based,3929,20,0.1,0.06451612903225806,0.3889580943680543,31,80
Content-Based,3929,40,0.05,0.06451612903225806,0.3889580943680543,31,80
Content-Based,3929,80,0.0625,0.16129032258064516,0.3941474661037483,31,80
Content-Based,1023,5,0.0,0.0,0.0,7,80
Content-Based,1023,10,0.0,0.0,0.0,7,80
Content-Based,1023,20,0.0,0.0,0.0,7,80
Content-Based,1023,40,0.025,0.14285714285714285,0.1965616322328226,7,80
Content-Based,1023,80,0.0125,0.14285714285714285,0.1965616322328226,7,80
Content-Based,4821,5,0.0,0.0,0.0,27,80
Content-Based,4821,10,0.0,0.0,0.0,27,80
Content-Based,4821,20,0.0,0.0,0.0,27,80
Content-Based,4821,40,0.0,0.0,0.0,27,80
Content-Based,4821,80,0.0,0.0,0.0,27,80
Content-Based,677,5,0.0,0.0,0.0,32,80
Content-Based,677,10,0.0,0.0,0.0,32,80
Content-Based,677,20,0.0,0.0,0.0,32,80
Content-Based,677,40,0.0,0.0,0.0,32,80
Content-Based,677,80,0.0125,0.03125,0.17718382013555792,32,80
Content-Based,5904,5,0.0,0.0,0.0,2,80
Content-Based,5904,10,0.0,0.0,0.0,2,80
Content-Based,5904,20,0.0,0.0,0.0,2,80
Content-Based,5904,40,0.0,0.0,0.0,2,80
Content-Based,5904,80,0.0125,0.5,0.18316925091363362,2,80
Content-Based,5821,5,0.0,0.0,0.0,11,80
Content-Based,5821,10,0.0,0.0,0.0,11,80
Content-Based,5821,20,0.0,0.0,0.0,11,80
Content-Based,5821,40,0.0,0.0,0.0,11,80
Content-Based,5821,80,0.0,0.0,0.0,11,80
Content-Based,1449,5,0.0,0.0,0.0,76,80
Content-Based,1449,10,0.1,0.013157894736842105,0.3333333333333333,76,80
Content-Based,1449,20,0.15,0.039473684210526314,0.3922209699957766,76,80
Content-Based,1449,40,0.1,0.05263157894736842,0.41142138904532255,76,80
Content-Based,1449,80,0.0625,0.06578947368421052,0.4188432580925826,76,80
Content-Based,1658,5,0.0,0.0,0.0,55,80
Content-Based,1658,10,0.0,0.0,0.0,55,80
Content-Based,1658,20,0.0,0.0,0.0,55,80
Content-Based,1658,40,0.0,0.0,0.0,55,80
Content-Based,1658,80,0.0125,0.01818181818181818,0.18428883314870617,55,80
Content-Based,1696,5,0.0,0.0,0.0,24,80
Content-Based,1696,10,0.0,0.0,0.0,24,80
Content-Based,1696,20,0.05,0.041666666666666664,0.25,24,80
Content-Based,1696,40,0.05,0.08333333333333333,0.2888320164776886,24,80
Content-Based,1696,80,0.05,0.16666666666666666,0.32161847269268623,24,80
Content-Based,1670,5,0.0,0.0,0.0,7,80
Content-Based,1670,10,0.0,0.0,0.0,7,80
Content-Based,1670,20,0.0,0.0,0.0,7,80
Content-Based,1670,40,0.025,0.14285714285714285,0.2037950470905062,7,80
Content-Based,1670,80,0.0125,0.14285714285714285,0.2037950470905062,7,80
Content-Based,5207,5,0.0,0.0,0.0,3,80
Content-Based,5207,10,0.0,0.0,0.0,3,80
Content-Based,5207,20,0.0,0.0,0.0,3,80
Content-Based,5207,40,0.0,0.0,0.0,3,80
Content-Based,5207,80,0.0,0.0,0.0,3,80
Content-Based,4330,5,0.0,0.0,0.0,8,80
Content-Based,4330,10,0.0,0.0,0.0,8,80
Content-Based,4330,20,0.0,0.0,0.0,8,80
Content-Based,4330,40,0.0,0.0,0.0,8,80
Content-Based,4330,80,0.0,0.0,0.0,8,80
Content-Based,1617,5,0.0,0.0,0.0,13,80
Content-Based,1617,10,0.1,0.07692307692307693,0.3333333333333333,13,80
Content-Based,1617,20,0.05,0.07692307692307693,0.3333333333333333,13,80
Content-Based,1617,40,0.025,0.07692307692307693,0.3333333333333333,13,80
Content-Based,1617,80,0.05,0.3076923076923077,0.32473684980813494,13,80
Content-Based,1098,5,0.0,0.0,0.0,5,80
Content-Based,1098,10,0.0,0.0,0.0,5,80
Content-Based,1098,20,0.0,0.0,0.0,5,80
Content-Based,1098,40,0.0,0.0,0.0,5,80
Content-Based,1098,80,0.0,0.0,0.0,5,80
Content-Based,3518,5,0.0,0.0,0.0,56,80
Content-Based,3518,10,0.0,0.0,0.0,56,80
Content-Based,3518,20,0.0,0.0,0.0,56,80
Content-Based,3518,40,0.0,0.0,0.0,56,80
Content-Based,3518,80,0.0125,0.017857142857142856,0.16730017881017412,56,80
Content-Based,3105,5,0.2,0.1,1.0,10,80
Content-Based,3105,10,0.3,0.3,0.7777061538487877,10,80
Content-Based,3105,20,0.15,0.3,0.7777061538487877,10,80
Content-Based,3105,40,0.075,0.3,0.7777061538487877,10,80
Content-Based,3105,80,0.0625,0.5,0.6769140428591592,10,80
Content-Based,4638,5,0.0,0.0,0.0,2,80
Content-Based,4638,10,0.0,0.0,0.0,2,80
Content-Based,4638,20,0.0,0.0,0.0,2,80
Content-Based,4638,40,0.0,0.0,0.0,2,80
Content-Based,4638,80,0.0,0.0,0.0,2,80
Content-Based,4573,5,0.0,0.0,0.0,21,80
Content-Based,4573,10,0.0,0.0,0.0,21,80
Content-Based,4573,20,0.0,0.0,0.0,21,80
Content-Based,4573,40,0.0,0.0,0.0,21,80
Content-Based,4573,80,0.0125,0.047619047619047616,0.18003132665669264,21,80
Content-Based,38,5,0.0,0.0,0.0,12,80
Content-Based,38,10,0.0,0.0,0.0,12,80
Content-Based,38,20,0.0,0.0,0.0,12,80
Content-Based,38,40,0.0,0.0,0.0,12,80
Content-Based,38,80,0.0,0.0,0.0,12,80
Content-Based,1499,5,0.2,0.05,1.0,20,80
Content-Based,1499,10,0.1,0.05,1.0,20,80
Content-Based,1499,20,0.05,0.05,1.0,20,80
Content-Based,1499,40,0.025,0.05,1.0,20,80
Content-Based,1499,80,0.05,0.2,0.5921861928258545,20,80
Content-Based,3649,5,0.0,0.0,0.0,6,80
Content-Based,3649,10,0.0,0.0,0.0,6,80
Content-Based,3649,20,0.0,0.0,0.0,6,80
Content-Based,3649,40,0.0,0.0,0.0,6,80
Content-Based,3649,80,0.0,0.0,0.0,6,80
Content-Based,1455,5,0.0,0.0,0.0,9,80
Content-Based,1455,10,0.0,0.0,0.0,9,80
Content-Based,1455,20,0.0,0.0,0.0,9,80
Content-Based,1455,40,0.0,0.0,0.0,9,80
Content-Based,1455,80,0.0125,0.1111111111111111,0.1605440854340214,9,80
Content-Based,2458,5,0.0,0.0,0.0,20,80
Content-Based,2458,10,0.0,0.0,0.0,20,80
Content-Based,2458,20,0.0,0.0,0.0,20,80
Content-Based,2458,40,0.0,0.0,0.0,20,80
Content-Based,2458,80,0.0125,0.05,0.17718382013555792,20,80
Content-Based,692,5,0.2,0.009708737864077669,0.5,103,80
Content-Based,692,10,0.2,0.019417475728155338,0.5109559939712153,103,80
Content-Based,692,20,0.1,0.019417475728155338,0.5109559939712153,103,80
Content-Based,692,40,0.075,0.02912621359223301,0.4948065796273464,103,80
Content-Based,692,80,0.05,0.038834951456310676,0.4822913864455542,103,80
Content-Based,2197,5,0.0,0.0,0.0,9,80
Content-Based,2197,10,0.0,0.0,0.0,9,80
Content-Based,2197,20,0.0,0.0,0.0,9,80
Content-Based,2197,40,0.0,0.0,0.0,9,80
Content-Based,2197,80,0.0,0.0,0.0,9,80
Content-Based,3494,5,0.0,0.0,0.0,6,80
Content-Based,3494,10,0.0,0.0,0.0,6,80
Content-Based,3494,20,0.0,0.0,0.0,6,80
Content-Based,3494,40,0.0,0.0,0.0,6,80
Content-Based,3494,80,0.0125,0.16666666666666666,0.18428883314870617,6,80
Content-Based,707,5,0.0,0.0,0.0,7,80
Content-Based,707,10,0.0,0.0,0.0,7,80
Content-Based,707,20,0.0,0.0,0.0,7,80
Content-Based,707,40,0.0,0.0,0.0,7,80
Content-Based,707,80,0.0,0.0,0.0,7,80
Content-Based,1221,5,0.0,0.0,0.0,38,80
Content-Based,1221,10,0.0,0.0,0.0,38,80
Content-Based,1221,20,0.0,0.0,0.0,38,80
Content-Based,1221,40,0.0,0.0,0.0,38,80
Content-Based,1221,80,0.0125,0.02631578947368421,0.17629143438888212,38,80
Content-Based,5963,5,0.0,0.0,0.0,18,80
Content-Based,5963,10,0.0,0.0,0.0,18,80
Content-Based,5963,20,0.0,0.0,0.0,18,80
Content-Based,5963,40,0.0,0.0,0.0,18,80
Content-Based,5963,80,0.0,0.0,0.0,18,80
Content-Based,2452,5,0.0,0.0,0.0,7,80
Content-Based,2452,10,0.0,0.0,0.0,7,80
Content-Based,2452,20,0.0,0.0,0.0,7,80
Content-Based,2452,40,0.05,0.2857142857142857,0.2354349199916173,7,80
Content-Based,2452,80,0.025,0.2857142857142857,0.2354349199916173,7,80
Content-Based,1407,5,0.0,0.0,0.0,23,80
Content-Based,1407,10,0.1,0.043478260869565216,0.3010299956639812,23,80
Content-Based,1407,20,0.1,0.08695652173913043,0.3415156411574981,23,80
Content-Based,1407,40,0.05,0.08695652173913043,0.3415156411574981,23,80
Content-Based,1407,80,0.025,0.08695652173913043,0.3415156411574981,23,80
Content-Based,4769,5,0.0,0.0,0.0,7,80
Content-Based,4769,10,0.0,0.0,0.0,7,80
Content-Based,4769,20,0.0,0.0,0.0,7,80
Content-Based,4769,40,0.025,0.14285714285714285,0.19342640361727081,7,80
Content-Based,4769,80,0.025,0.2857142857142857,0.22240087926641655,7,80
Content-Based,5208,5,0.2,0.09090909090909091,0.43067655807339306,11,80
Content-Based,5208,10,0.1,0.09090909090909091,0.43067655807339306,11,80
Content-Based,5208,20,0.1,0.18181818181818182,0.435101206640309,11,80
Content-Based,5208,40,0.05,0.18181818181818182,0.435101206640309,11,80
Content-Based,5208,80,0.025,0.18181818181818182,0.435101206640309,11,80
Content-Based,4603,5,0.2,0.125,0.43067655807339306,8,80
Content-Based,4603,10,0.1,0.125,0.43067655807339306,8,80
Content-Based,4603,20,0.05,0.125,0.43067655807339306,8,80
Content-Based,4603,40,0.05,0.25,0.40156259388658816,8,80
Content-Based,4603,80,0.0375,0.375,0.3844295809751798,8,80
Content-Based,1894,5,0.0,0.0,0.0,32,80
Content-Based,1894,10,0.0,0.0,0.0,32,80
Content-Based,1894,20,0.0,0.0,0.0,32,80
Content-Based,1894,40,0.0,0.0,0.0,32,80
Content-Based,1894,80,0.0,0.0,0.0,32,80
Content-Based,1515,5,0.0,0.0,0.0,5,80
Content-Based,1515,10,0.0,0.0,0.0,5,80
Content-Based,1515,20,0.0,0.0,0.0,5,80
Content-Based,1515,40,0.0,0.0,0.0,5,80
Content-Based,1515,80,0.0,0.0,0.0,5,80
Content-Based,4031,5,0.0,0.0,0.0,6,80
Content-Based,4031,10,0.0,0.0,0.0,6,80
Content-Based,4031,20,0.0,0.0,0.0,6,80
Content-Based,4031,40,0.0,0.0,0.0,6,80
Content-Based,4031,80,0.025,0.3333333333333333,0.19743614809269364,6,80
Content-Based,507,5,0.0,0.0,0.0,6,80
Content-Based,507,10,0.0,0.0,0.0,6,80
Content-Based,507,20,0.0,0.0,0.0,6,80
Content-Based,507,40,0.0,0.0,0.0,6,80
Content-Based,507,80,0.0125,0.16666666666666666,0.16155546744299637,6,80
Content-Based,3756,5,0.0,0.0,0.0,52,80
Content-Based,3756,10,0.0,0.0,0.0,52,80
Content-Based,3756,20,0.0,0.0,0.0,52,80
Content-Based,3756,40,0.0,0.0,0.0,52,80
Content-Based,3756,80,0.0,0.0,0.0,52,80
Content-Based,1567,5,0.0,0.0,0.0,9,80
Content-Based,1567,10,0.0,0.0,0.0,9,80
Content-Based,1567,20,0.0,0.0,0.0,9,80
Content-Based,1567,40,0.025,0.1111111111111111,0.18920035951687003,9,80
Content-Based,1567,80,0.0125,0.1111111111111111,0.18920035951687003,9,80
Content-Based,3343,5,0.0,0.0,0.0,6,80
Content-Based,3343,10,0.0,0.0,0.0,6,80
Content-Based,3343,20,0.0,0.0,0.0,6,80
Content-Based,3343,40,0.0,0.0,0.0,6,80
Content-Based,3343,80,0.0,0.0,0.0,6,80
Content-Based,94,5,0.0,0.0,0.0,4,80
Content-Based,94,10,0.0,0.0,0.0,4,80
Content-Based,94,20,0.0,0.0,0.0,4,80
Content-Based,94,40,0.0,0.0,0.0,4,80
Content-Based,94,80,0.0,0.0,0.0,4,80
Content-Based,4648,5,0.0,0.0,0.0,6,80
Content-Based,4648,10,0.0,0.0,0.0,6,80
Content-Based,4648,20,0.0,0.0,0.0,6,80
Content-Based,4648,40,0.0,0.0,0.0,6,80
Content-Based,4648,80,0.0,0.0,0.0,6,80
Content-Based,2121,5,0.0,0.0,0.0,23,80
Content-Based,2121,10,0.0,0.0,0.0,23,80
Content-Based,2121,20,0.0,0.0,0.0,23,80
Content-Based,2121,40,0.0,0.0,0.0,23,80
Content-Based,2121,80,0.0,0.0,0.0,23,80
Content-Based,2325,5,0.0,0.0,0.0,1,80
Content-Based,2325,10,0.0,0.0,0.0,1,80
Content-Based,2325,20,0.0,0.0,0.0,1,80
Content-Based,2325,40,0.0,0.0,0.0,1,80
Content-Based,2325,80,0.0,0.0,0.0,1,80
Content-Based,5398,5,0.0,0.0,0.0,2,80
Content-Based,5398,10,0.0,0.0,0.0,2,80
Content-Based,5398,20,0.0,0.0,0.0,2,80
Content-Based,5398,40,0.0,0.0,0.0,2,80
Content-Based,5398,80,0.0,0.0,0.0,2,80
Content-Based,3890,5,0.0,0.0,0.0,15,80
Content-Based,3890,10,0.0,0.0,0.0,15,80
Content-Based,3890,20,0.0,0.0,0.0,15,80
Content-Based,3890,40,0.0,0.0,0.0,15,80
Content-Based,3890,80,0.0,0.0,0.0,15,80
Content-Based,3026,5,0.0,0.0,0.0,23,80
Content-Based,3026,10,0.0,0.0,0.0,23,80
Content-Based,3026,20,0.05,0.043478260869565216,0.27023815442731974,23,80
Content-Based,3026,40,0.025,0.043478260869565216,0.27023815442731974,23,80
Content-Based,3026,80,0.0125,0.043478260869565216,0.27023815442731974,23,80
Content-Based,1739,5,0.0,0.0,0.0,8,80
Content-Based,1739,10,0.0,0.0,0.0,8,80
Content-Based,1739,20,0.0,0.0,0.0,8,80
Content-Based,1739,40,0.0,0.0,0.0,8,80
Content-Based,1739,80,0.0,0.0,0.0,8,80
Content-Based,2308,5,0.2,0.07692307692307693,0.5,13,80
Content-Based,2308,10,0.1,0.07692307692307693,0.5,13,80
Content-Based,2308,20,0.1,0.15384615384615385,0.4676164214719373,13,80
Content-Based,2308,40,0.05,0.15384615384615385,0.4676164214719373,13,80
Content-Based,2308,80,0.05,0.3076923076923077,0.4307996141332765,13,80
Content-Based,1700,5,0.0,0.0,0.0,1,80
Content-Based,1700,10,0.0,0.0,0.0,1,80
Content-Based,1700,20,0.0,0.0,0.0,1,80
Content-Based,1700,40,0.0,0.0,0.0,1,80
Content-Based,1700,80,0.0,0.0,0.0,1,80
Content-Based,5580,5,0.0,0.0,0.0,46,80
Content-Based,5580,10,0.0,0.0,0.0,46,80
Content-Based,5580,20,0.0,0.0,0.0,46,80
Content-Based,5580,40,0.0,0.0,0.0,46,80
Content-Based,5580,80,0.0,0.0,0.0,46,80
Content-Based,2382,5,0.0,0.0,0.0,7,80
Content-Based,2382,10,0.0,0.0,0.0,7,80
Content-Based,2382,20,0.0,0.0,0.0,7,80
Content-Based,2382,40,0.0,0.0,0.0,7,80
Content-Based,2382,80,0.0,0.0,0.0,7,80
Content-Based,3875,5,0.0,0.0,0.0,2,80
Content-Based,3875,10,0.0,0.0,0.0,2,80
Content-Based,3875,20,0.0,0.0,0.0,2,80
Content-Based,3875,40,0.0,0.0,0.0,2,80
Content-Based,3875,80,0.0125,0.5,0.15817959093978226,2,80
Content-Based,784,5,0.0,0.0,0.0,5,80
Content-Based,784,10,0.0,0.0,0.0,5,80
Content-Based,784,20,0.0,0.0,0.0,5,80
Content-Based,784,40,0.0,0.0,0.0,5,80
Content-Based,784,80,0.0,0.0,0.0,5,80
Content-Based,536,5,0.0,0.0,0.0,23,80
Content-Based,536,10,0.0,0.0,0.0,23,80
Content-Based,536,20,0.0,0.0,0.0,23,80
Content-Based,536,40,0.025,0.043478260869565216,0.2037950470905062,23,80
Content-Based,536,80,0.025,0.08695652173913043,0.22309245358272625,23,80
Content-Based,4148,5,0.0,0.0,0.0,13,80
Content-Based,4148,10,0.0,0.0,0.0,13,80
Content-Based,4148,20,0.0,0.0,0.0,13,80
Content-Based,4148,40,0.0,0.0,0.0,13,80
Content-Based,4148,80,0.0,0.0,0.0,13,80
Content-Based,1781,5,0.0,0.0,0.0,7,80
Content-Based,1781,10,0.0,0.0,0.0,7,80
Content-Based,1781,20,0.0,0.0,0.0,7,80
Content-Based,1781,40,0.0,0.0,0.0,7,80
Content-Based,1781,80,0.0125,0.14285714285714285,0.18208790046993825,7,80
Content-Based,5834,5,0.0,0.0,0.0,1,80
Content-Based,5834,10,0.0,0.0,0.0,1,80
Content-Based,5834,20,0.0,0.0,0.0,1,80
Content-Based,5834,40,0.0,0.0,0.0,1,80
Content-Based,5834,80,0.0,0.0,0.0,1,80
Content-Based,1195,5,0.0,0.0,0.0,10,80
Content-Based,1195,10,0.0,0.0,0.0,10,80
Content-Based,1195,20,0.0,0.0,0.0,10,80
Content-Based,1195,40,0.025,0.1,0.18665241123894338,10,80
Content-Based,1195,80,0.0375,0.3,0.2463438768229676,10,80
Content-Based,3608,5,0.0,0.0,0.0,12,80
Content-Based,3608,10,0.0,0.0,0.0,12,80
Content-Based,3608,20,0.0,0.0,0.0,12,80
Content-Based,3608,40,0.0,0.0,0.0,12,80
Content-Based,3608,80,0.0,0.0,0.0,12,80
Content-Based,5786,5,0.0,0.0,0.0,32,80
Content-Based,5786,10,0.0,0.0,0.0,32,80
Content-Based,5786,20,0.05,0.03125,0.23540891336663824,32,80
Content-Based,5786,40,0.025,0.03125,0.23540891336663824,32,80
Content-Based,5786,80,0.0125,0.03125,0.23540891336663824,32,80
Content-Based,1596,5,0.0,0.0,0.0,6,80
Content-Based,1596,10,0.0,0.0,0.0,6,80
Content-Based,1596,20,0.0,0.0,0.0,6,80
Content-Based,1596,40,0.0,0.0,0.0,6,80
Content-Based,1596,80,0.0,0.0,0.0,6,80
Content-Based,1738,5,0.0,0.0,0.0,8,80
Content-Based,1738,10,0.0,0.0,0.0,8,80
Content-Based,1738,20,0.0,0.0,0.0,8,80
Content-Based,1738,40,0.0,0.0,0.0,8,80
Content-Based,1738,80,0.0,0.0,0.0,8,80
Content-Based,1534,5,0.0,0.0,0.0,2,80
Content-Based,1534,10,0.0,0.0,0.0,2,80
Content-Based,1534,20,0.0,0.0,0.0,2,80
Content-Based,1534,40,0.0,0.0,0.0,2,80
Content-Based,1534,80,0.0,0.0,0.0,2,80
Content-Based,5524,5,0.0,0.0,0.0,28,80
Content-Based,5524,10,0.0,0.0,0.0,28,80
Content-Based,5524,20,0.0,0.0,0.0,28,80
Content-Based,5524,40,0.0,0.0,0.0,28,80
Content-Based,5524,80,0.0,0.0,0.0,28,80
Content-Based,4056,5,0.0,0.0,0.0,1,80
Content-Based,4056,10,0.0,0.0,0.0,1,80
Content-Based,4056,20,0.0,0.0,0.0,1,80
Content-Based,4056,40,0.0,0.0,0.0,1,80
Content-Based,4056,80,0.0,0.0,0.0,1,80
Content-Based,5412,5,0.0,0.0,0.0,46,80
Content-Based,5412,10,0.2,0.043478260869565216,0.4227898344066503,46,80
Content-Based,5412,20,0.1,0.043478260869565216,0.4227898344066503,46,80
Content-Based,5412,40,0.1,0.08695652173913043,0.4261292712077615,46,80
Content-Based,5412,80,0.0625,0.10869565217391304,0.42574139085392065,46,80
Content-Based,264,5,0.0,0.0,0.0,15,80
Content-Based,264,10,0.0,0.0,0.0,15,80
Content-Based,264,20,0.0,0.0,0.0,15,80
Content-Based,264,40,0.0,0.0,0.0,15,80
Content-Based,264,80,0.0,0.0,0.0,15,80
Content-Based,626,5,0.0,0.0,0.0,9,80
Content-Based,626,10,0.0,0.0,0.0,9,80
Content-Based,626,20,0.0,0.0,0.0,9,80
Content-Based,626,40,0.0,0.0,0.0,9,80
Content-Based,626,80,0.0375,0.3333333333333333,0.24868629361100636,9,80
Content-Based,3206,5,0.0,0.0,0.0,7,80
Content-Based,3206,10,0.0,0.0,0.0,7,80
Content-Based,3206,20,0.0,0.0,0.0,7,80
Content-Based,3206,40,0.0,0.0,0.0,7,80
Content-Based,3206,80,0.0,0.0,0.0,7,80
Content-Based,4907,5,0.0,0.0,0.0,24,80
Content-Based,4907,10,0.0,0.0,0.0,24,80
Content-Based,4907,20,0.0,0.0,0.0,24,80
Content-Based,4907,40,0.0,0.0,0.0,24,80
Content-Based,4907,80,0.0,0.0,0.0,24,80
Content-Based,178,5,0.0,0.0,0.0,16,80
Content-Based,178,10,0.0,0.0,0.0,16,80
Content-Based,178,20,0.05,0.0625,0.25,16,80
Content-Based,178,40,0.075,0.1875,0.310442282057431,16,80
Content-Based,178,80,0.0375,0.1875,0.310442282057431,16,80
Content-Based,1173,5,0.0,0.0,0.0,23,80
Content-Based,1173,10,0.0,0.0,0.0,23,80
Content-Based,1173,20,0.0,0.0,0.0,23,80
Content-Based,1173,40,0.0,0.0,0.0,23,80
Content-Based,1173,80,0.0125,0.043478260869565216,0.16370565544521565,23,80
Content-Based,2943,5,0.0,0.0,0.0,24,80
Content-Based,2943,10,0.0,0.0,0.0,24,80
Content-Based,2943,20,0.0,0.0,0.0,24,80
Content-Based,2943,40,0.025,0.041666666666666664,0.18920035951687003,24,80
Content-Based,2943,80,0.0375,0.125,0.24059271512604286,24,80
Content-Based,5171,5,0.0,0.0,0.0,6,80
Content-Based,5171,10,0.0,0.0,0.0,6,80
Content-Based,5171,20,0.0,0.0,0.0,6,80
Content-Based,5171,40,0.0,0.0,0.0,6,80
Content-Based,5171,80,0.0,0.0,0.0,6,80
Content-Based,2828,5,0.0,0.0,0.0,7,80
Content-Based,2828,10,0.0,0.0,0.0,7,80
Content-Based,2828,20,0.0,0.0,0.0,7,80
Content-Based,2828,40,0.0,0.0,0.0,7,80
Content-Based,2828,80,0.0125,0.14285714285714285,0.1605440854340214,7,80
Content-Based,157,5,0.0,0.0,0.0,49,80
Content-Based,157,10,0.1,0.02040816326530612,0.3010299956639812,49,80
Content-Based,157,20,0.05,0.02040816326530612,0.3010299956639812,49,80
Content-Based,157,40,0.025,0.02040816326530612,0.3010299956639812,49,80
Content-Based,157,80,0.025,0.04081632653061224,0.2830128520785363,49,80
Content-Based,3621,5,0.0,0.0,0.0,30,80
Content-Based,3621,10,0.0,0.0,0.0,30,80
Content-Based,3621,20,0.0,0.0,0.0,30,80
Content-Based,3621,40,0.0,0.0,0.0,30,80
Content-Based,3621,80,0.0,0.0,0.0,30,80
Content-Based,2144,5,0.0,0.0,0.0,10,80
Content-Based,2144,10,0.0,0.0,0.0,10,80
Content-Based,2144,20,0.0,0.0,0.0,10,80
Content-Based,2144,40,0.025,0.1,0.1949590218937863,10,80
Content-Based,2144,80,0.0375,0.3,0.25909575211171987,10,80
Content-Based,1544,5,0.0,0.0,0.0,23,80
Content-Based,1544,10,0.0,0.0,0.0,23,80
Content-Based,1544,20,0.0,0.0,0.0,23,80
Content-Based,1544,40,0.0,0.0,0.0,23,80
Content-Based,1544,80,0.0125,0.043478260869565216,0.1810425967800402,23,80
Content-Based,1774,5,0.0,0.0,0.0,2,80
Content-Based,1774,10,0.0,0.0,0.0,2,80
Content-Based,1774,20,0.0,0.0,0.0,2,80
Content-Based,1774,40,0.0,0.0,0.0,2,80
Content-Based,1774,80,0.0125,0.5,0.16730017881017412,2,80
Content-Based,32,5,0.0,0.0,0.0,6,80
Content-Based,32,10,0.0,0.0,0.0,6,80
Content-Based,32,20,0.0,0.0,0.0,6,80
Content-Based,32,40,0.0,0.0,0.0,6,80
Content-Based,32,80,0.0,0.0,0.0,6,80
Content-Based,1673,5,0.0,0.0,0.0,16,80
Content-Based,1673,10,0.0,0.0,0.0,16,80
Content-Based,1673,20,0.1,0.125,0.29187569497433197,16,80
Content-Based,1673,40,0.125,0.3125,0.3809883419150185,16,80
Content-Based,1673,80,0.075,0.375,0.39016834915704335,16,80
Content-Based,6033,5,0.0,0.0,0.0,3,80
Content-Based,6033,10,0.0,0.0,0.0,3,80
Content-Based,6033,20,0.0,0.0,0.0,3,80
Content-Based,6033,40,0.0,0.0,0.0,3,80
Content-Based,6033,80,0.0,0.0,0.0,3,80
Content-Based,5611,5,0.2,0.125,1.0,8,80
Content-Based,5611,10,0.1,0.125,1.0,8,80
Content-Based,5611,20,0.1,0.25,0.778842958530688,8,80
Content-Based,5611,40,0.05,0.25,0.778842958530688,8,80
Content-Based,5611,80,0.025,0.25,0.778842958530688,8,80
Content-Based,3767,5,0.0,0.0,0.0,3,80
Content-Based,3767,10,0.0,0.0,0.0,3,80
Content-Based,3767,20,0.0,0.0,0.0,3,80
Content-Based,3767,40,0.0,0.0,0.0,3,80
Content-Based,3767,80,0.0,0.0,0.0,3,80
Content-Based,5997,5,0.0,0.0,0.0,13,80
Content-Based,5997,10,0.0,0.0,0.0,13,80
Content-Based,5997,20,0.0,0.0,0.0,13,80
Content-Based,5997,40,0.0,0.0,0.0,13,80
Content-Based,5997,80,0.0,0.0,0.0,13,80
Content-Based,309,5,0.2,0.05,0.6309297535714575,20,80
Content-Based,309,10,0.1,0.05,0.6309297535714575,20,80
Content-Based,309,20,0.05,0.05,0.6309297535714575,20,80
Content-Based,309,40,0.075,0.15,0.4790949995937141,20,80
Content-Based,309,80,0.05,0.2,0.4673665966421221,20,80
Content-Based,811,5,0.0,0.0,0.0,11,80
Content-Based,811,10,0.0,0.0,0.0,11,80
Content-Based,811,20,0.0,0.0,0.0,11,80
Content-Based,811,40,0.0,0.0,0.0,11,80
Content-Based,811,80,0.0,0.0,0.0,11,80
Content-Based,4307,5,0.0,0.0,0.0,3,80
Content-Based,4307,10,0.0,0.0,0.0,3,80
Content-Based,4307,20,0.0,0.0,0.0,3,80
Content-Based,4307,40,0.0,0.0,0.0,3,80
Content-Based,4307,80,0.0,0.0,0.0,3,80
Content-Based,809,5,0.0,0.0,0.0,15,80
Content-Based,809,10,0.1,0.06666666666666667,0.31546487678572877,15,80
Content-Based,809,20,0.05,0.06666666666666667,0.31546487678572877,15,80
Content-Based,809,40,0.025,0.06666666666666667,0.31546487678572877,15,80
Content-Based,809,80,0.025,0.13333333333333333,0.30507308862696964,15,80
Content-Based,1184,5,0.2,0.03225806451612903,1.0,31,80
Content-Based,1184,10,0.1,0.03225806451612903,1.0,31,80
Content-Based,1184,20,0.05,0.03225806451612903,1.0,31,80
Content-Based,1184,40,0.025,0.03225806451612903,1.0,31,80
Content-Based,1184,80,0.05,0.12903225806451613,0.6002821856469203,31,80
Content-Based,2146,5,0.0,0.0,0.0,7,80
Content-Based,2146,10,0.0,0.0,0.0,7,80
Content-Based,2146,20,0.0,0.0,0.0,7,80
Content-Based,2146,40,0.0,0.0,0.0,7,80
Content-Based,2146,80,0.0,0.0,0.0,7,80
Content-Based,4386,5,0.0,0.0,0.0,100,80
Content-Based,4386,10,0.0,0.0,0.0,100,80
Content-Based,4386,20,0.05,0.01,0.2559580248098155,100,80
Content-Based,4386,40,0.05,0.02,0.2784901599751677,100,80
Content-Based,4386,80,0.025,0.02,0.2784901599751677,100,80
Content-Based,4835,5,0.0,0.0,0.0,12,80
Content-Based,4835,10,0.0,0.0,0.0,12,80
Content-Based,4835,20,0.0,0.0,0.0,12,80
Content-Based,4835,40,0.0,0.0,0.0,12,80
Content-Based,4835,80,0.0125,0.08333333333333333,0.1686130986895011,12,80
Content-Based,3200,5,0.0,0.0,0.0,15,80
Content-Based,3200,10,0.0,0.0,0.0,15,80
Content-Based,3200,20,0.0,0.0,0.0,15,80
Content-Based,3200,40,0.0,0.0,0.0,15,80
Content-Based,3200,80,0.0,0.0,0.0,15,80
Content-Based,2939,5,0.0,0.0,0.0,16,80
Content-Based,2939,10,0.0,0.0,0.0,16,80
Content-Based,2939,20,0.0,0.0,0.0,16,80
Content-Based,2939,40,0.0,0.0,0.0,16,80
Content-Based,2939,80,0.0125,0.0625,0.15909880786929415,16,80
Content-Based,5853,5,0.0,0.0,0.0,11,80
Content-Based,5853,10,0.0,0.0,0.0,11,80
Content-Based,5853,20,0.0,0.0,0.0,11,80
Content-Based,5853,40,0.0,0.0,0.0,11,80
Content-Based,5853,80,0.0,0.0,0.0,11,80
Content-Based,4865,5,0.0,0.0,0.0,24,80
Content-Based,4865,10,0.0,0.0,0.0,24,80
Content-Based,4865,20,0.0,0.0,0.0,24,80
Content-Based,4865,40,0.0,0.0,0.0,24,80
Content-Based,4865,80,0.0125,0.041666666666666664,0.17718382013555792,24,80
Content-Based,3408,5,0.0,0.0,0.0,13,80
Content-Based,3408,10,0.0,0.0,0.0,13,80
Content-Based,3408,20,0.0,0.0,0.0,13,80
Content-Based,3408,40,0.0,0.0,0.0,13,80
Content-Based,3408,80,0.0,0.0,0.0,13,80
Content-Based,5188,5,0.0,0.0,0.0,19,80
Content-Based,5188,10,0.0,0.0,0.0,19,80
Content-Based,5188,20,0.0,0.0,0.0,19,80
Content-Based,5188,40,0.0,0.0,0.0,19,80
Content-Based,5188,80,0.0,0.0,0.0,19,80
Content-Based,3355,5,0.0,0.0,0.0,6,80
Content-Based,3355,10,0.0,0.0,0.0,6,80
Content-Based,3355,20,0.0,0.0,0.0,6,80
Content-Based,3355,40,0.0,0.0,0.0,6,80
Content-Based,3355,80,0.0,0.0,0.0,6,80
Content-Based,4483,5,0.0,0.0,0.0,14,80
Content-Based,4483,10,0.0,0.0,0.0,14,80
Content-Based,4483,20,0.0,0.0,0.0,14,80
Content-Based,4483,40,0.0,0.0,0.0,14,80
Content-Based,4483,80,0.0,0.0,0.0,14,80
Content-Based,539,5,0.0,0.0,0.0,20,80
Content-Based,539,10,0.0,0.0,0.0,20,80
Content-Based,539,20,0.0,0.0,0.0,20,80
Content-Based,539,40,0.0,0.0,0.0,20,80
Content-Based,539,80,0.0,0.0,0.0,20,80
Content-Based,2624,5,0.0,0.0,0.0,57,80
Content-Based,2624,10,0.0,0.0,0.0,57,80
Content-Based,2624,20,0.0,0.0,0.0,57,80
Content-Based,2624,40,0.05,0.03508771929824561,0.25930841908641045,57,80
Content-Based,2624,80,0.0625,0.08771929824561403,0.30987987709638054,57,80
Content-Based,1087,5,0.0,0.0,0.0,45,80
Content-Based,1087,10,0.0,0.0,0.0,45,80
Content-Based,1087,20,0.0,0.0,0.0,45,80
Content-Based,1087,40,0.025,0.022222222222222223,0.19823986317056053,45,80
Content-Based,1087,80,0.025,0.044444444444444446,0.22336186373985203,45,80
Content-Based,4400,5,0.0,0.0,0.0,1,80
Content-Based,4400,10,0.0,0.0,0.0,1,80
Content-Based,4400,20,0.0,0.0,0.0,1,80
Content-Based,4400,40,0.0,0.0,0.0,1,80
Content-Based,4400,80,0.0,0.0,0.0,1,80
Content-Based,3754,5,0.0,0.0,0.0,38,80
Content-Based,3754,10,0.0,0.0,0.0,38,80
Content-Based,3754,20,0.0,0.0,0.0,38,80
Content-Based,3754,40,0.0,0.0,0.0,38,80
Content-Based,3754,80,0.0125,0.02631578947368421,0.16485085672216038,38,80
Content-Based,81,5,0.0,0.0,0.0,16,80
Content-Based,81,10,0.0,0.0,0.0,16,80
Content-Based,81,20,0.0,0.0,0.0,16,80
Content-Based,81,40,0.0,0.0,0.0,16,80
Content-Based,81,80,0.0,0.0,0.0,16,80
Content-Based,3247,5,0.0,0.0,0.0,2,80
Content-Based,3247,10,0.0,0.0,0.0,2,80
Content-Based,3247,20,0.0,0.0,0.0,2,80
Content-Based,3247,40,0.0,0.0,0.0,2,80
Content-Based,3247,80,0.0,0.0,0.0,2,80
Content-Based,1973,5,0.0,0.0,0.0,2,80
Content-Based,1973,10,0.0,0.0,0.0,2,80
Content-Based,1973,20,0.0,0.0,0.0,2,80
Content-Based,1973,40,0.0,0.0,0.0,2,80
Content-Based,1973,80,0.0,0.0,0.0,2,80
Content-Based,3862,5,0.0,0.0,0.0,5,80
Content-Based,3862,10,0.0,0.0,0.0,5,80
Content-Based,3862,20,0.0,0.0,0.0,5,80
Content-Based,3862,40,0.0,0.0,0.0,5,80
Content-Based,3862,80,0.0,0.0,0.0,5,80
Content-Based,502,5,0.0,0.0,0.0,2,80
Content-Based,502,10,0.0,0.0,0.0,2,80
Content-Based,502,20,0.0,0.0,0.0,2,80
Content-Based,502,40,0.0,0.0,0.0,2,80
Content-Based,502,80,0.0,0.0,0.0,2,80
Content-Based,3135,5,0.0,0.0,0.0,18,80
Content-Based,3135,10,0.0,0.0,0.0,18,80
Content-Based,3135,20,0.0,0.0,0.0,18,80
Content-Based,3135,40,0.025,0.05555555555555555,0.22424382421757544,18,80
Content-Based,3135,80,0.0125,0.05555555555555555,0.22424382421757544,18,80
Collaborative Filtering,5531,5,0.2,0.043478260869565216,0.6309297535714575,23,80
Collaborative Filtering,5531,10,0.2,0.08695652173913043,0.5802792108518124,23,80
Collaborative Filtering,5531,20,0.2,0.17391304347826086,0.558252412700261,23,80
Collaborative Filtering,5531,40,0.175,0.30434782608695654,0.561618179750322,23,80
Collaborative Filtering,5531,80,0.15,0.5217391304347826,0.5698898708408981,23,80
Collaborative Filtering,711,5,0.6,0.15789473684210525,0.9469024295259745,19,80
Collaborative Filtering,711,10,0.3,0.15789473684210525,0.9469024295259745,19,80
Collaborative Filtering,711,20,0.2,0.21052631578947367,0.8902351955788588,19,80
Collaborative Filtering,711,40,0.15,0.3157894736842105,0.818038997457885,19,80
Collaborative Filtering,711,80,0.0875,0.3684210526315789,0.7917894495877902,19,80
Collaborative Filtering,4925,5,0.0,0.0,0.0,11,80
Collaborative Filtering,4925,10,0.0,0.0,0.0,11,80
Collaborative Filtering,4925,20,0.0,0.0,0.0,11,80
Collaborative Filtering,4925,40,0.025,0.09090909090909091,0.20184908658209985,11,80
Collaborative Filtering,4925,80,0.0375,0.2727272727272727,0.24408388382453733,11,80
Collaborative Filtering,2155,5,0.0,0.0,0.0,13,80
Collaborative Filtering,2155,10,0.0,0.0,0.0,13,80
Collaborative Filtering,2155,20,0.0,0.0,0.0,13,80
Collaborative Filtering,2155,40,0.0,0.0,0.0,13,80
Collaborative Filtering,2155,80,0.0,0.0,0.0,13,80
Collaborative Filtering,1273,5,0.2,0.02040816326530612,0.43067655807339306,49,80
Collaborative Filtering,1273,10,0.2,0.04081632653061224,0.448643819352159,49,80
Collaborative Filtering,1273,20,0.2,0.08163265306122448,0.48577179214379196,49,80
Collaborative Filtering,1273,40,0.225,0.1836734693877551,0.5349644143479952,49,80
Collaborative Filtering,1273,80,0.225,0.3673469387755102,0.5788342374435094,49,80
Collaborative Filtering,2318,5,0.0,0.0,0.0,2,80
Collaborative Filtering,2318,10,0.0,0.0,0.0,2,80
Collaborative Filtering,2318,20,0.0,0.0,0.0,2,80
Collaborative Filtering,2318,40,0.0,0.0,0.0,2,80
Collaborative Filtering,2318,80,0.0125,0.5,0.17905223175104137,2,80
Collaborative Filtering,2096,5,0.2,0.047619047619047616,0.6309297535714575,21,80
Collaborative Filtering,2096,10,0.2,0.09523809523809523,0.5912352048230277,21,80
Collaborative Filtering,2096,20,0.15,0.14285714285714285,0.5698278344791398,21,80
Collaborative Filtering,2096,40,0.125,0.23809523809523808,0.5446777092553939,21,80
Collaborative Filtering,2096,80,0.1,0.38095238095238093,0.5395539511246549,21,80
Collaborative Filtering,3129,5,0.6,0.06382978723404255,0.9469024295259745,47,80
Collaborative Filtering,3129,10,0.6,0.1276595744680851,0.9013071745310982,47,80
Collaborative Filtering,3129,20,0.5,0.2127659574468085,0.8725755585617898,47,80
Collaborative Filtering,3129,40,0.275,0.23404255319148937,0.8608085583551128,47,80
Collaborative Filtering,3129,80,0.2125,0.3617021276595745,0.8147970598977521,47,80
Collaborative Filtering,743,5,0.2,0.07142857142857142,1.0,14,80
Collaborative Filtering,743,10,0.1,0.07142857142857142,1.0,14,80
Collaborative Filtering,743,20,0.05,0.07142857142857142,1.0,14,80
Collaborative Filtering,743,40,0.025,0.07142857142857142,1.0,14,80
Collaborative Filtering,743,80,0.0375,0.21428571428571427,0.6248785191255117,14,80
Collaborative Filtering,297,5,0.2,0.06666666666666667,1.0,15,80
Collaborative Filtering,297,10,0.3,0.2,0.7844801364718914,15,80
Collaborative Filtering,297,20,0.25,0.3333333333333333,0.7255161740115476,15,80
Collaborative Filtering,297,40,0.15,0.4,0.7073012600680711,15,80
Collaborative Filtering,297,80,0.1125,0.6,0.6659804131641837,15,80
Collaborative Filtering,3697,5,0.4,0.13333333333333333,0.9197207891481876,15,80
Collaborative Filtering,3697,10,0.3,0.2,0.86034433104172,15,80
Collaborative Filtering,3697,20,0.2,0.26666666666666666,0.8245905193870853,15,80
Collaborative Filtering,3697,40,0.15,0.4,0.7651666461933495,15,80
Collaborative Filtering,3697,80,0.1,0.5333333333333333,0.7241155413937692,15,80
Collaborative Filtering,1143,5,0.0,0.0,0.0,11,80
Collaborative Filtering,1143,10,0.1,0.09090909090909091,0.3562071871080222,11,80
Collaborative Filtering,1143,20,0.1,0.18181818181818182,0.3841032025833937,11,80
Collaborative Filtering,1143,40,0.05,0.18181818181818182,0.3841032025833937,11,80
Collaborative Filtering,1143,80,0.025,0.18181818181818182,0.3841032025833937,11,80
Collaborative Filtering,409,5,0.8,0.08695652173913043,0.9828920819566879,46,80
Collaborative Filtering,409,10,0.7,0.15217391304347827,0.9409957666221129,46,80
Collaborative Filtering,409,20,0.4,0.17391304347826086,0.9265682570864058,46,80
Collaborative Filtering,409,40,0.375,0.32608695652173914,0.8678072098004326,46,80
Collaborative Filtering,409,80,0.2625,0.45652173913043476,0.8381569583990025,46,80
Collaborative Filtering,5287,5,0.0,0.0,0.0,22,80
Collaborative Filtering,5287,10,0.1,0.045454545454545456,0.3333333333333333,22,80
Collaborative Filtering,5287,20,0.05,0.045454545454545456,0.3333333333333333,22,80
Collaborative Filtering,5287,40,0.075,0.13636363636363635,0.3466103337504992,22,80
Collaborative Filtering,5287,80,0.075,0.2727272727272727,0.37355631646389204,22,80
Collaborative Filtering,3952,5,0.2,0.1111111111111111,0.43067655807339306,9,80
Collaborative Filtering,3952,10,0.1,0.1111111111111111,0.43067655807339306,9,80
Collaborative Filtering,3952,20,0.05,0.1111111111111111,0.43067655807339306,9,80
Collaborative Filtering,3952,40,0.05,0.2222222222222222,0.40156259388658816,9,80
Collaborative Filtering,3952,80,0.0375,0.3333333333333333,0.3871136517735146,9,80
Collaborative Filtering,1621,5,0.0,0.0,0.0,1,80
Collaborative Filtering,1621,10,0.0,0.0,0.0,1,80
Collaborative Filtering,1621,20,0.0,0.0,0.0,1,80
Collaborative Filtering,1621,40,0.0,0.0,0.0,1,80
Collaborative Filtering,1621,80,0.0,0.0,0.0,1,80
Collaborative Filtering,2055,5,0.2,0.038461538461538464,0.6309297535714575,26,80
Collaborative Filtering,2055,10,0.2,0.07692307692307693,0.5912352048230277,26,80
Collaborative Filtering,2055,20,0.1,0.07692307692307693,0.5912352048230277,26,80
Collaborative Filtering,2055,40,0.075,0.11538461538461539,0.545537903409057,26,80
Collaborative Filtering,2055,80,0.0875,0.2692307692307692,0.4988288100859312,26,80
Collaborative Filtering,5749,5,0.4,0.05128205128205128,0.5706417189553201,39,80
Collaborative Filtering,5749,10,0.3,0.07692307692307693,0.5723986829443736,39,80
Collaborative Filtering,5749,20,0.2,0.10256410256410256,0.5697807053037,39,80
Collaborative Filtering,5749,40,0.15,0.15384615384615385,0.5669736797668088,39,80
Collaborative Filtering,5749,80,0.1375,0.28205128205128205,0.5645091254286428,39,80
Collaborative Filtering,5830,5,0.0,0.0,0.0,10,80
Collaborative Filtering,5830,10,0.0,0.0,0.0,10,80
Collaborative Filtering,5830,20,0.0,0.0,0.0,10,80
Collaborative Filtering,5830,40,0.0,0.0,0.0,10,80
Collaborative Filtering,5830,80,0.025,0.2,0.21358739613830974,10,80
Collaborative Filtering,866,5,0.0,0.0,0.0,3,80
Collaborative Filtering,866,10,0.0,0.0,0.0,3,80
Collaborative Filtering,866,20,0.05,0.3333333333333333,0.24465054211822604,3,80
Collaborative Filtering,866,40,0.025,0.3333333333333333,0.24465054211822604,3,80
Collaborative Filtering,866,80,0.0125,0.3333333333333333,0.24465054211822604,3,80
Collaborative Filtering,806,5,0.4,0.15384615384615385,1.0,13,80
Collaborative Filtering,806,10,0.2,0.15384615384615385,1.0,13,80
Collaborative Filtering,806,20,0.1,0.15384615384615385,1.0,13,80
Collaborative Filtering,806,40,0.05,0.15384615384615385,1.0,13,80
Collaborative Filtering,806,80,0.025,0.15384615384615385,1.0,13,80
Collaborative Filtering,656,5,0.0,0.0,0.0,25,80
Collaborative Filtering,656,10,0.1,0.04,0.2890648263178879,25,80
Collaborative Filtering,656,20,0.1,0.08,0.3191081886500419,25,80
Collaborative Filtering,656,40,0.15,0.24,0.41770411422466086,25,80
Collaborative Filtering,656,80,0.1125,0.36,0.446584567670626,25,80
Collaborative Filtering,4820,5,0.0,0.0,0.0,6,80
Collaborative Filtering,4820,10,0.0,0.0,0.0,6,80
Collaborative Filtering,4820,20,0.0,0.0,0.0,6,80
Collaborative Filtering,4820,40,0.025,0.16666666666666666,0.1965616322328226,6,80
Collaborative Filtering,4820,80,0.025,0.3333333333333333,0.22916097492852885,6,80
Collaborative Filtering,2517,5,0.0,0.0,0.0,5,80
Collaborative Filtering,2517,10,0.0,0.0,0.0,5,80
Collaborative Filtering,2517,20,0.0,0.0,0.0,5,80
Collaborative Filtering,2517,40,0.0,0.0,0.0,5,80
Collaborative Filtering,2517,80,0.0,0.0,0.0,5,80
Collaborative Filtering,5672,5,0.0,0.0,0.0,3,80
Collaborative Filtering,5672,10,0.0,0.0,0.0,3,80
Collaborative Filtering,5672,20,0.0,0.0,0.0,3,80
Collaborative Filtering,5672,40,0.025,0.3333333333333333,0.19823986317056053,3,80
Collaborative Filtering,5672,80,0.0125,0.3333333333333333,0.19823986317056053,3,80
Collaborative Filtering,24,5,0.6,0.13636363636363635,0.8854598815714874,22,80
Collaborative Filtering,24,10,0.4,0.18181818181818182,0.854105797972385,22,80
Collaborative Filtering,24,20,0.3,0.2727272727272727,0.812726901096387,22,80
Collaborative Filtering,24,40,0.2,0.36363636363636365,0.777995914555984,22,80
Collaborative Filtering,24,80,0.1375,0.5,0.7430402963463166,22,80
Collaborative Filtering,1422,5,0.2,0.02857142857142857,0.43067655807339306,35,80
Collaborative Filtering,1422,10,0.4,0.11428571428571428,0.5216399767468448,35,80
Collaborative Filtering,1422,20,0.4,0.22857142857142856,0.5820825592672502,35,80
Collaborative Filtering,1422,40,0.275,0.3142857142857143,0.6120485349150305,35,80
Collaborative Filtering,1422,80,0.2,0.45714285714285713,0.6205635753013344,35,80
Collaborative Filtering,5656,5,0.0,0.0,0.0,1,80
Collaborative Filtering,5656,10,0.0,0.0,0.0,1,80
Collaborative Filtering,5656,20,0.0,0.0,0.0,1,80
Collaborative Filtering,5656,40,0.0,0.0,0.0,1,80
Collaborative Filtering,5656,80,0.0,0.0,0.0,1,80
Collaborative Filtering,5729,5,0.2,0.08333333333333333,0.38685280723454163,12,80
Collaborative Filtering,5729,10,0.1,0.08333333333333333,0.38685280723454163,12,80
Collaborative Filtering,5729,20,0.05,0.08333333333333333,0.38685280723454163,12,80
Collaborative Filtering,5729,40,0.025,0.08333333333333333,0.38685280723454163,12,80
Collaborative Filtering,5729,80,0.0125,0.08333333333333333,0.38685280723454163,12,80
Collaborative Filtering,2438,5,0.0,0.0,0.0,18,80
Collaborative Filtering,2438,10,0.1,0.05555555555555555,0.3010299956639812,18,80
Collaborative Filtering,2438,20,0.1,0.1111111111111111,0.3264445986455623,18,80
Collaborative Filtering,2438,40,0.1,0.2222222222222222,0.3757403552319144,18,80
Collaborative Filtering,2438,80,0.0625,0.2777777777777778,0.3885650335388787,18,80
Collaborative Filtering,4163,5,0.2,0.25,1.0,4,80
Collaborative Filtering,4163,10,0.1,0.25,1.0,4,80
Collaborative Filtering,4163,20,0.05,0.25,1.0,4,80
Collaborative Filtering,4163,40,0.025,0.25,1.0,4,80
Collaborative Filtering,4163,80,0.0125,0.25,1.0,4,80
Collaborative Filtering,1631,5,0.0,0.0,0.0,22,80
Collaborative Filtering,1631,10,0.1,0.045454545454545456,0.3333333333333333,22,80
Collaborative Filtering,1631,20,0.1,0.09090909090909091,0.36132234196641605,22,80
Collaborative Filtering,1631,40,0.1,0.18181818181818182,0.38920394310923634,22,80
Collaborative Filtering,1631,80,0.075,0.2727272727272727,0.4062107714529955,22,80
Collaborative Filtering,2519,5,0.0,0.0,0.0,6,80
Collaborative Filtering,2519,10,0.1,0.16666666666666666,0.2890648263178879,6,80
Collaborative Filtering,2519,20,0.05,0.16666666666666666,0.2890648263178879,6,80
Collaborative Filtering,2519,40,0.025,0.16666666666666666,0.2890648263178879,6,80
Collaborative Filtering,2519,80,0.0125,0.16666666666666666,0.2890648263178879,6,80
Collaborative Filtering,3588,5,0.4,0.05,0.5012658353418871,40,80
Collaborative Filtering,3588,10,0.5,0.125,0.5953592473115411,40,80
Collaborative Filtering,3588,20,0.25,0.125,0.5953592473115411,40,80
Collaborative Filtering,3588,40,0.2,0.2,0.5904551977241251,40,80
Collaborative Filtering,3588,80,0.15,0.3,0.5875313402377973,40,80
Collaborative Filtering,2859,5,0.0,0.0,0.0,28,80
Collaborative Filtering,2859,10,0.1,0.03571428571428571,0.31546487678572877,28,80
Collaborative Filtering,2859,20,0.25,0.17857142857142858,0.4593784037090848,28,80
Collaborative Filtering,2859,40,0.15,0.21428571428571427,0.4703828766662258,28,80
Collaborative Filtering,2859,80,0.1375,0.39285714285714285,0.49969417373301045,28,80
Collaborative Filtering,5387,5,0.2,0.013157894736842105,1.0,76,80
Collaborative Filtering,5387,10,0.6,0.07894736842105263,0.7852835896039292,76,80
Collaborative Filtering,5387,20,0.55,0.14473684210526316,0.7935272429051455,76,80
Collaborative Filtering,5387,40,0.4,0.21052631578947367,0.7925559776308256,76,80
Collaborative Filtering,5387,80,0.2875,0.3026315789473684,0.7832888348034686,76,80
Collaborative Filtering,5636,5,0.6,0.04411764705882353,1.0,68,80
Collaborative Filtering,5636,10,0.6,0.08823529411764706,0.9286241047843016,68,80
Collaborative Filtering,5636,20,0.5,0.14705882352941177,0.8904784098733484,68,80
Collaborative Filtering,5636,40,0.4,0.23529411764705882,0.8686198786302781,68,80
Collaborative Filtering,5636,80,0.2875,0.3382352941176471,0.8436677453931773,68,80
Collaborative Filtering,4492,5,0.0,0.0,0.0,3,80
Collaborative Filtering,4492,10,0.0,0.0,0.0,3,80
Collaborative Filtering,4492,20,0.05,0.3333333333333333,0.27894294565112987,3,80
Collaborative Filtering,4492,40,0.05,0.6666666666666666,0.2854784860417801,3,80
Collaborative Filtering,4492,80,0.025,0.6666666666666666,0.2854784860417801,3,80
Collaborative Filtering,4745,5,0.0,0.0,0.0,9,80
Collaborative Filtering,4745,10,0.0,0.0,0.0,9,80
Collaborative Filtering,4745,20,0.0,0.0,0.0,9,80
Collaborative Filtering,4745,40,0.075,0.3333333333333333,0.29332251686110594,9,80
Collaborative Filtering,4745,80,0.0625,0.5555555555555556,0.3253609109511284,9,80
Collaborative Filtering,2968,5,0.2,0.027777777777777776,1.0,36,80
Collaborative Filtering,2968,10,0.4,0.1111111111111111,0.7724080541825131,36,80
Collaborative Filtering,2968,20,0.3,0.16666666666666666,0.7530733022107959,36,80
Collaborative Filtering,2968,40,0.2,0.2222222222222222,0.739404564760913,36,80
Collaborative Filtering,2968,80,0.1375,0.3055555555555556,0.7156899919111585,36,80
Collaborative Filtering,255,5,0.4,0.05128205128205128,0.6240505200038379,39,80
Collaborative Filtering,255,10,0.3,0.07692307692307693,0.6256646589861505,39,80
Collaborative Filtering,255,20,0.15,0.07692307692307693,0.6256646589861505,39,80
Collaborative Filtering,255,40,0.175,0.1794871794871795,0.589323614397607,39,80
Collaborative Filtering,255,80,0.1375,0.28205128205128205,0.5839453443223197,39,80
Collaborative Filtering,2551,5,0.0,0.0,0.0,6,80
Collaborative Filtering,2551,10,0.0,0.0,0.0,6,80
Collaborative Filtering,2551,20,0.0,0.0,0.0,6,80
Collaborative Filtering,2551,40,0.0,0.0,0.0,6,80
Collaborative Filtering,2551,80,0.0,0.0,0.0,6,80
Collaborative Filtering,1194,5,0.2,0.01694915254237288,1.0,59,80
Collaborative Filtering,1194,10,0.2,0.03389830508474576,0.7903864795495061,59,80
Collaborative Filtering,1194,20,0.15,0.05084745762711865,0.7117715037169945,59,80
Collaborative Filtering,1194,40,0.175,0.11864406779661017,0.6330532839109555,59,80
Collaborative Filtering,1194,80,0.1375,0.1864406779661017,0.6199878269833908,59,80
Collaborative Filtering,222,5,0.0,0.0,0.0,12,80
Collaborative Filtering,222,10,0.1,0.08333333333333333,0.3562071871080222,12,80
Collaborative Filtering,222,20,0.1,0.16666666666666666,0.3580028106829147,12,80
Collaborative Filtering,222,40,0.125,0.4166666666666667,0.40905680435211156,12,80
Collaborative Filtering,222,80,0.0625,0.4166666666666667,0.40905680435211156,12,80
Collaborative Filtering,1742,5,0.0,0.0,0.0,6,80
Collaborative Filtering,1742,10,0.1,0.16666666666666666,0.2890648263178879,6,80
Collaborative Filtering,1742,20,0.1,0.3333333333333333,0.3242796274504579,6,80
Collaborative Filtering,1742,40,0.075,0.5,0.3492445354781892,6,80
Collaborative Filtering,1742,80,0.0375,0.5,0.3492445354781892,6,80
Collaborative Filtering,4251,5,0.4,0.2,0.5706417189553201,10,80
Collaborative Filtering,4251,10,0.3,0.3,0.5931729515195112,10,80
Collaborative Filtering,4251,20,0.25,0.5,0.5962564067267274,10,80
Collaborative Filtering,4251,40,0.15,0.6,0.594932152065727,10,80
Collaborative Filtering,4251,80,0.075,0.6,0.594932152065727,10,80
Collaborative Filtering,4223,5,0.0,0.0,0.0,12,80
Collaborative Filtering,4223,10,0.0,0.0,0.0,12,80
Collaborative Filtering,4223,20,0.0,0.0,0.0,12,80
Collaborative Filtering,4223,40,0.1,0.3333333333333333,0.31486253624356564,12,80
Collaborative Filtering,4223,80,0.0875,0.5833333333333334,0.3581339039809707,12,80
Collaborative Filtering,1162,5,0.2,0.05263157894736842,0.5,19,80
Collaborative Filtering,1162,10,0.3,0.15789473684210525,0.558226059985166,19,80
Collaborative Filtering,1162,20,0.2,0.21052631578947367,0.5732666489057593,19,80
Collaborative Filtering,1162,40,0.125,0.2631578947368421,0.5626786099546806,19,80
Collaborative Filtering,1162,80,0.0875,0.3684210526315789,0.5513832388158586,19,80
Collaborative Filtering,1401,5,0.2,0.1111111111111111,0.38685280723454163,9,80
Collaborative Filtering,1401,10,0.1,0.1111111111111111,0.38685280723454163,9,80
Collaborative Filtering,1401,20,0.1,0.2222222222222222,0.3904845109606608,9,80
Collaborative Filtering,1401,40,0.075,0.3333333333333333,0.38894361761667934,9,80
Collaborative Filtering,1401,80,0.05,0.4444444444444444,0.3927205140007221,9,80
Collaborative Filtering,4354,5,0.4,0.0273972602739726,0.9197207891481876,73,80
Collaborative Filtering,4354,10,0.4,0.0547945205479452,0.8421423592553552,73,80
Collaborative Filtering,4354,20,0.35,0.0958904109589041,0.8002753702585556,73,80
Collaborative Filtering,4354,40,0.35,0.1917808219178082,0.7702522313142421,73,80
Collaborative Filtering,4354,80,0.225,0.2465753424657534,0.7573485995332451,73,80
Collaborative Filtering,882,5,0.4,0.16666666666666666,0.8503449055347546,12,80
Collaborative Filtering,882,10,0.2,0.16666666666666666,0.8503449055347546,12,80
Collaborative Filtering,882,20,0.1,0.16666666666666666,0.8503449055347546,12,80
Collaborative Filtering,882,40,0.1,0.3333333333333333,0.6996085771801245,12,80
Collaborative Filtering,882,80,0.05,0.3333333333333333,0.6996085771801245,12,80
Collaborative Filtering,5336,5,0.0,0.0,0.0,2,80
Collaborative Filtering,5336,10,0.0,0.0,0.0,2,80
Collaborative Filtering,5336,20,0.05,0.5,0.27894294565112987,2,80
Collaborative Filtering,5336,40,0.025,0.5,0.27894294565112987,2,80
Collaborative Filtering,5336,80,0.0125,0.5,0.27894294565112987,2,80
Collaborative Filtering,4798,5,0.2,0.0625,0.6309297535714575,16,80
Collaborative Filtering,4798,10,0.2,0.125,0.5802792108518124,16,80
Collaborative Filtering,4798,20,0.1,0.125,0.5802792108518124,16,80
Collaborative Filtering,4798,40,0.1,0.25,0.5224664478220961,16,80
Collaborative Filtering,4798,80,0.0625,0.3125,0.5168131258873483,16,80
Collaborative Filtering,566,5,0.2,0.05263157894736842,1.0,19,80
Collaborative Filtering,566,10,0.2,0.10526315789473684,0.8315546295836225,19,80
Collaborative Filtering,566,20,0.1,0.10526315789473684,0.8315546295836225,19,80
Collaborative Filtering,566,40,0.075,0.15789473684210525,0.7294689314245649,19,80
Collaborative Filtering,566,80,0.0375,0.15789473684210525,0.7294689314245649,19,80
Collaborative Filtering,756,5,0.2,0.5,0.6309297535714575,2,80
Collaborative Filtering,756,10,0.1,0.5,0.6309297535714575,2,80
Collaborative Filtering,756,20,0.1,1.0,0.5368596003428795,2,80
Collaborative Filtering,756,40,0.05,1.0,0.5368596003428795,2,80
Collaborative Filtering,756,80,0.025,1.0,0.5368596003428795,2,80
Collaborative Filtering,2501,5,0.2,0.06666666666666667,1.0,15,80
Collaborative Filtering,2501,10,0.3,0.2,0.7737459235132745,15,80
Collaborative Filtering,2501,20,0.15,0.2,0.7737459235132745,15,80
Collaborative Filtering,2501,40,0.2,0.5333333333333333,0.6862202453309355,15,80
Collaborative Filtering,2501,80,0.1125,0.6,0.6807193270671734,15,80
Collaborative Filtering,3696,5,0.2,0.05263157894736842,0.5,19,80
Collaborative Filtering,3696,10,0.4,0.21052631578947367,0.5659840074535435,19,80
Collaborative Filtering,3696,20,0.3,0.3157894736842105,0.600583838872943,19,80
Collaborative Filtering,3696,40,0.175,0.3684210526315789,0.6000465244197034,19,80
Collaborative Filtering,3696,80,0.1125,0.47368421052631576,0.5893511684807008,19,80
Collaborative Filtering,1878,5,0.2,0.07692307692307693,0.38685280723454163,13,80
Collaborative Filtering,1878,10,0.1,0.07692307692307693,0.38685280723454163,13,80
Collaborative Filtering,1878,20,0.05,0.07692307692307693,0.38685280723454163,13,80
Collaborative Filtering,1878,40,0.025,0.07692307692307693,0.38685280723454163,13,80
Collaborative Filtering,1878,80,0.0375,0.23076923076923078,0.33891284285731976,13,80
Collaborative Filtering,80,5,0.0,0.0,0.0,4,80
Collaborative Filtering,80,10,0.0,0.0,0.0,4,80
Collaborative Filtering,80,20,0.05,0.25,0.26264953503719357,4,80
Collaborative Filtering,80,40,0.025,0.25,0.26264953503719357,4,80
Collaborative Filtering,80,80,0.0125,0.25,0.26264953503719357,4,80
Collaborative Filtering,2339,5,0.0,0.0,0.0,4,80
Collaborative Filtering,2339,10,0.0,0.0,0.0,4,80
Collaborative Filtering,2339,20,0.0,0.0,0.0,4,80
Collaborative Filtering,2339,40,0.025,0.25,0.1905514124267734,4,80
Collaborative Filtering,2339,80,0.0125,0.25,0.1905514124267734,4,80
Collaborative Filtering,5592,5,1.0,0.25,1.0,20,80
Collaborative Filtering,5592,10,0.7,0.35,0.9888009031441519,20,80
Collaborative Filtering,5592,20,0.45,0.45,0.9707722050261283,20,80
Collaborative Filtering,5592,40,0.3,0.6,0.9288189778465017,20,80
Collaborative Filtering,5592,80,0.175,0.7,0.9029723790010329,20,80
Collaborative Filtering,2805,5,0.0,0.0,0.0,15,80
Collaborative Filtering,2805,10,0.0,0.0,0.0,15,80
Collaborative Filtering,2805,20,0.05,0.06666666666666667,0.23981246656813146,15,80
Collaborative Filtering,2805,40,0.075,0.2,0.3024825988338201,15,80
Collaborative Filtering,2805,80,0.0375,0.2,0.3024825988338201,15,80
Collaborative Filtering,764,5,0.2,0.045454545454545456,1.0,22,80
Collaborative Filtering,764,10,0.2,0.09090909090909091,0.7903864795495061,22,80
Collaborative Filtering,764,20,0.1,0.09090909090909091,0.7903864795495061,22,80
Collaborative Filtering,764,40,0.1,0.18181818181818182,0.6601370521695406,22,80
Collaborative Filtering,764,80,0.0625,0.22727272727272727,0.627643993165285,22,80
Collaborative Filtering,1600,5,0.4,0.04878048780487805,0.9197207891481876,41,80
Collaborative Filtering,1600,10,0.2,0.04878048780487805,0.9197207891481876,41,80
Collaborative Filtering,1600,20,0.2,0.0975609756097561,0.7714022042712503,41,80
Collaborative Filtering,1600,40,0.175,0.17073170731707318,0.7137959494115578,41,80
Collaborative Filtering,1600,80,0.15,0.2926829268292683,0.6753559341727723,41,80
Collaborative Filtering,2290,5,0.0,0.0,0.0,7,80
Collaborative Filtering,2290,10,0.0,0.0,0.0,7,80
Collaborative Filtering,2290,20,0.0,0.0,0.0,7,80
Collaborative Filtering,2290,40,0.05,0.2857142857142857,0.23707484052715372,7,80
Collaborative Filtering,2290,80,0.05,0.5714285714285714,0.28225495193980465,7,80
Collaborative Filtering,5263,5,0.4,0.125,0.8503449055347546,16,80
Collaborative Filtering,5263,10,0.2,0.125,0.8503449055347546,16,80
Collaborative Filtering,5263,20,0.15,0.1875,0.7776375353925027,16,80
Collaborative Filtering,5263,40,0.075,0.1875,0.7776375353925027,16,80
Collaborative Filtering,5263,80,0.0875,0.4375,0.6469888962450457,16,80
Collaborative Filtering,5444,5,0.0,0.0,0.0,3,80
Collaborative Filtering,5444,10,0.0,0.0,0.0,3,80
Collaborative Filtering,5444,20,0.0,0.0,0.0,3,80
Collaborative Filtering,5444,40,0.0,0.0,0.0,3,80
Collaborative Filtering,5444,80,0.0,0.0,0.0,3,80
Collaborative Filtering,1885,5,0.2,0.14285714285714285,0.6309297535714575,7,80
Collaborative Filtering,1885,10,0.1,0.14285714285714285,0.6309297535714575,7,80
Collaborative Filtering,1885,20,0.1,0.2857142857142857,0.526448181099292,7,80
Collaborative Filtering,1885,40,0.05,0.2857142857142857,0.526448181099292,7,80
Collaborative Filtering,1885,80,0.025,0.2857142857142857,0.526448181099292,7,80
Collaborative Filtering,4735,5,0.2,0.06666666666666667,0.43067655807339306,15,80
Collaborative Filtering,4735,10,0.2,0.13333333333333333,0.44130740935663865,15,80
Collaborative Filtering,4735,20,0.15,0.2,0.4482317148920928,15,80
Collaborative Filtering,4735,40,0.1,0.26666666666666666,0.4489797337020149,15,80
Collaborative Filtering,4735,80,0.0625,0.3333333333333333,0.45113077464473667,15,80
Collaborative Filtering,2193,5,0.2,0.25,0.5,4,80
Collaborative Filtering,2193,10,0.1,0.25,0.5,4,80
Collaborative Filtering,2193,20,0.05,0.25,0.5,4,80
Collaborative Filtering,2193,40,0.05,0.5,0.4217850727186257,4,80
Collaborative Filtering,2193,80,0.025,0.5,0.4217850727186257,4,80
Collaborative Filtering,5128,5,0.0,0.0,0.0,12,80
Collaborative Filtering,5128,10,0.0,0.0,0.0,12,80
Collaborative Filtering,5128,20,0.05,0.08333333333333333,0.26264953503719357,12,80
Collaborative Filtering,5128,40,0.15,0.5,0.38940985325908367,12,80
Collaborative Filtering,5128,80,0.1,0.6666666666666666,0.4083966154914915,12,80
Collaborative Filtering,2301,5,0.0,0.0,0.0,8,80
Collaborative Filtering,2301,10,0.0,0.0,0.0,8,80
Collaborative Filtering,2301,20,0.0,0.0,0.0,8,80
Collaborative Filtering,2301,40,0.0,0.0,0.0,8,80
Collaborative Filtering,2301,80,0.0125,0.125,0.16730017881017412,8,80
Collaborative Filtering,168,5,0.0,0.0,0.0,4,80
Collaborative Filtering,168,10,0.0,0.0,0.0,4,80
Collaborative Filtering,168,20,0.05,0.25,0.2559580248098155,4,80
Collaborative Filtering,168,40,0.05,0.5,0.28589088012277714,4,80
Collaborative Filtering,168,80,0.0375,0.75,0.2979361662637648,4,80
Collaborative Filtering,3252,5,0.2,0.3333333333333333,1.0,3,80
Collaborative Filtering,3252,10,0.1,0.3333333333333333,1.0,3,80
Collaborative Filtering,3252,20,0.05,0.3333333333333333,1.0,3,80
Collaborative Filtering,3252,40,0.025,0.3333333333333333,1.0,3,80
Collaborative Filtering,3252,80,0.0125,0.3333333333333333,1.0,3,80
Collaborative Filtering,5253,5,0.0,0.0,0.0,15,80
Collaborative Filtering,5253,10,0.0,0.0,0.0,15,80
Collaborative Filtering,5253,20,0.1,0.13333333333333333,0.2889092425324043,15,80
Collaborative Filtering,5253,40,0.075,0.2,0.3248607365048838,15,80
Collaborative Filtering,5253,80,0.0375,0.2,0.3248607365048838,15,80
Collaborative Filtering,3453,5,0.6,0.13636363636363635,1.0,22,80
Collaborative Filtering,3453,10,0.4,0.18181818181818182,0.9447176050778178,22,80
Collaborative Filtering,3453,20,0.25,0.22727272727272727,0.9098461286945433,22,80
Collaborative Filtering,3453,40,0.175,0.3181818181818182,0.845476444457586,22,80
Collaborative Filtering,3453,80,0.125,0.45454545454545453,0.7924178073851119,22,80
Collaborative Filtering,1510,5,0.0,0.0,0.0,4,80
Collaborative Filtering,1510,10,0.0,0.0,0.0,4,80
Collaborative Filtering,1510,20,0.05,0.25,0.27894294565112987,4,80
Collaborative Filtering,1510,40,0.05,0.5,0.29857665068730616,4,80
Collaborative Filtering,1510,80,0.025,0.5,0.29857665068730616,4,80
Collaborative Filtering,4664,5,0.0,0.0,0.0,7,80
Collaborative Filtering,4664,10,0.1,0.14285714285714285,0.3010299956639812,7,80
Collaborative Filtering,4664,20,0.05,0.14285714285714285,0.3010299956639812,7,80
Collaborative Filtering,4664,40,0.025,0.14285714285714285,0.3010299956639812,7,80
Collaborative Filtering,4664,80,0.0125,0.14285714285714285,0.3010299956639812,7,80
Collaborative Filtering,3169,5,0.6,0.23076923076923078,0.9469024295259745,13,80
Collaborative Filtering,3169,10,0.6,0.46153846153846156,0.9103349017299519,13,80
Collaborative Filtering,3169,20,0.35,0.5384615384615384,0.8928438332901907,13,80
Collaborative Filtering,3169,40,0.225,0.6923076923076923,0.8574788029622836,13,80
Collaborative Filtering,3169,80,0.1125,0.6923076923076923,0.8574788029622836,13,80
Collaborative Filtering,229,5,0.6,0.15,1.0,20,80
Collaborative Filtering,229,10,0.4,0.2,0.9709286432396581,20,80
Collaborative Filtering,229,20,0.2,0.2,0.9709286432396581,20,80
Collaborative Filtering,229,40,0.1,0.2,0.9709286432396581,20,80
Collaborative Filtering,229,80,0.05,0.2,0.9709286432396581,20,80
Collaborative Filtering,531,5,0.8,0.06779661016949153,1.0,59,80
Collaborative Filtering,531,10,0.7,0.11864406779661017,0.9731203984025376,59,80
Collaborative Filtering,531,20,0.65,0.22033898305084745,0.9396606194257565,59,80
Collaborative Filtering,531,40,0.45,0.3050847457627119,0.9242689278500513,59,80
Collaborative Filtering,531,80,0.275,0.3728813559322034,0.9032063320805717,59,80
Collaborative Filtering,2379,5,0.0,0.0,0.0,4,80
Collaborative Filtering,2379,10,0.0,0.0,0.0,4,80
Collaborative Filtering,2379,20,0.0,0.0,0.0,4,80
Collaborative Filtering,2379,40,0.0,0.0,0.0,4,80
Collaborative Filtering,2379,80,0.0125,0.25,0.16929380759878143,4,80
Collaborative Filtering,1372,5,0.2,0.16666666666666666,0.5,6,80
Collaborative Filtering,1372,10,0.1,0.16666666666666666,0.5,6,80
Collaborative Filtering,1372,20,0.1,0.3333333333333333,0.4676164214719373,6,80
Collaborative Filtering,1372,40,0.05,0.3333333333333333,0.4676164214719373,6,80
Collaborative Filtering,1372,80,0.05,0.6666666666666666,0.42669498228602676,6,80
Collaborative Filtering,4871,5,0.0,0.0,0.0,1,80
Collaborative Filtering,4871,10,0.0,0.0,0.0,1,80
Collaborative Filtering,4871,20,0.0,0.0,0.0,1,80
Collaborative Filtering,4871,40,0.0,0.0,0.0,1,80
Collaborative Filtering,4871,80,0.0,0.0,0.0,1,80
Collaborative Filtering,85,5,0.2,0.3333333333333333,1.0,3,80
Collaborative Filtering,85,10,0.1,0.3333333333333333,1.0,3,80
Collaborative Filtering,85,20,0.05,0.3333333333333333,1.0,3,80
Collaborative Filtering,85,40,0.025,0.3333333333333333,1.0,3,80
Collaborative Filtering,85,80,0.0125,0.3333333333333333,1.0,3,80
Collaborative Filtering,3929,5,0.4,0.06451612903225806,0.8772153153380493,31,80
Collaborative Filtering,3929,10,0.4,0.12903225806451613,0.8276904491046954,31,80
Collaborative Filtering,3929,20,0.25,0.16129032258064516,0.8004281049621085,31,80
Collaborative Filtering,3929,40,0.175,0.22580645161290322,0.7663865184421814,31,80
Collaborative Filtering,3929,80,0.15,0.3870967741935484,0.7162230529383826,31,80
Collaborative Filtering,1023,5,0.0,0.0,0.0,7,80
Collaborative Filtering,1023,10,0.0,0.0,0.0,7,80
Collaborative Filtering,1023,20,0.0,0.0,0.0,7,80
Collaborative Filtering,1023,40,0.0,0.0,0.0,7,80
Collaborative Filtering,1023,80,0.0125,0.14285714285714285,0.15909880786929415,7,80
Collaborative Filtering,4821,5,0.2,0.037037037037037035,0.38685280723454163,27,80
Collaborative Filtering,4821,10,0.2,0.07407407407407407,0.430624116386567,27,80
Collaborative Filtering,4821,20,0.15,0.1111111111111111,0.44969840381833664,27,80
Collaborative Filtering,4821,40,0.125,0.18518518518518517,0.458909942338874,27,80
Collaborative Filtering,4821,80,0.0625,0.18518518518518517,0.458909942338874,27,80
Collaborative Filtering,677,5,0.0,0.0,0.0,32,80
Collaborative Filtering,677,10,0.0,0.0,0.0,32,80
Collaborative Filtering,677,20,0.1,0.0625,0.2814642757307446,32,80
Collaborative Filtering,677,40,0.075,0.09375,0.3141156476847789,32,80
Collaborative Filtering,677,80,0.05,0.125,0.32712734763106127,32,80
Collaborative Filtering,5904,5,0.0,0.0,0.0,2,80
Collaborative Filtering,5904,10,0.0,0.0,0.0,2,80
Collaborative Filtering,5904,20,0.0,0.0,0.0,2,80
Collaborative Filtering,5904,40,0.025,0.5,0.20801459767650948,2,80
Collaborative Filtering,5904,80,0.0125,0.5,0.20801459767650948,2,80
Collaborative Filtering,5821,5,0.2,0.09090909090909091,0.6309297535714575,11,80
Collaborative Filtering,5821,10,0.3,0.2727272727272727,0.6045093387918965,11,80
Collaborative Filtering,5821,20,0.15,0.2727272727272727,0.6045093387918965,11,80
Collaborative Filtering,5821,40,0.1,0.36363636363636365,0.5869384411434915,11,80
Collaborative Filtering,5821,80,0.0625,0.45454545454545453,0.5675835289529502,11,80
Collaborative Filtering,1449,5,0.6,0.039473684210526314,0.9674679834891693,76,80
Collaborative Filtering,1449,10,0.6,0.07894736842105263,0.9199753853803092,76,80
Collaborative Filtering,1449,20,0.55,0.14473684210526316,0.8801902839808393,76,80
Collaborative Filtering,1449,40,0.425,0.2236842105263158,0.8623933836819926,76,80
Collaborative Filtering,1449,80,0.375,0.39473684210526316,0.8397336698236674,76,80
Collaborative Filtering,1658,5,0.0,0.0,0.0,55,80
Collaborative Filtering,1658,10,0.2,0.03636363636363636,0.39780880120575696,55,80
Collaborative Filtering,1658,20,0.3,0.10909090909090909,0.48927466273453935,55,80
Collaborative Filtering,1658,40,0.325,0.23636363636363636,0.5746331183366749,55,80
Collaborative Filtering,1658,80,0.225,0.32727272727272727,0.5946873575754597,55,80
Collaborative Filtering,1696,5,0.4,0.08333333333333333,0.9197207891481876,24,80
Collaborative Filtering,1696,10,0.4,0.16666666666666666,0.8374713958478633,24,80
Collaborative Filtering,1696,20,0.2,0.16666666666666666,0.8374713958478633,24,80
Collaborative Filtering,1696,40,0.15,0.25,0.7746433983383294,24,80
Collaborative Filtering,1696,80,0.1375,0.4583333333333333,0.7129550334534883,24,80
Collaborative Filtering,1670,5,0.2,0.14285714285714285,1.0,7,80
Collaborative Filtering,1670,10,0.1,0.14285714285714285,1.0,7,80
Collaborative Filtering,1670,20,0.05,0.14285714285714285,1.0,7,80
Collaborative Filtering,1670,40,0.025,0.14285714285714285,1.0,7,80
Collaborative Filtering,1670,80,0.0375,0.42857142857142855,0.6397869580706615,7,80
Collaborative Filtering,5207,5,0.0,0.0,0.0,3,80
Collaborative Filtering,5207,10,0.0,0.0,0.0,3,80
Collaborative Filtering,5207,20,0.0,0.0,0.0,3,80
Collaborative Filtering,5207,40,0.0,0.0,0.0,3,80
Collaborative Filtering,5207,80,0.0,0.0,0.0,3,80
Collaborative Filtering,4330,5,0.0,0.0,0.0,8,80
Collaborative Filtering,4330,10,0.0,0.0,0.0,8,80
Collaborative Filtering,4330,20,0.0,0.0,0.0,8,80
Collaborative Filtering,4330,40,0.05,0.25,0.25930841908641045,8,80
Collaborative Filtering,4330,80,0.025,0.25,0.25930841908641045,8,80
Collaborative Filtering,1617,5,0.4,0.15384615384615385,0.9197207891481876,13,80
Collaborative Filtering,1617,10,0.3,0.23076923076923078,0.86034433104172,13,80
Collaborative Filtering,1617,20,0.25,0.38461538461538464,0.7962413917556286,13,80
Collaborative Filtering,1617,40,0.125,0.38461538461538464,0.7962413917556286,13,80
Collaborative Filtering,1617,80,0.1,0.6153846153846154,0.7266579440060419,13,80
Collaborative Filtering,1098,5,0.0,0.0,0.0,5,80
Collaborative Filtering,1098,10,0.1,0.2,0.2890648263178879,5,80
Collaborative Filtering,1098,20,0.1,0.4,0.3341792311619776,5,80
Collaborative Filtering,1098,40,0.05,0.4,0.3341792311619776,5,80
Collaborative Filtering,1098,80,0.025,0.4,0.3341792311619776,5,80
Collaborative Filtering,3518,5,0.4,0.03571428571428571,0.8772153153380493,56,80
Collaborative Filtering,3518,10,0.4,0.07142857142857142,0.7888688323685816,56,80
Collaborative Filtering,3518,20,0.25,0.08928571428571429,0.7744455062888256,56,80
Collaborative Filtering,3518,40,0.225,0.16071428571428573,0.7284113107997116,56,80
Collaborative Filtering,3518,80,0.1375,0.19642857142857142,0.7097236802786424,56,80
Collaborative Filtering,3105,5,0.2,0.1,1.0,10,80
Collaborative Filtering,3105,10,0.3,0.3,0.7777061538487877,10,80
Collaborative Filtering,3105,20,0.2,0.4,0.7445473467573298,10,80
Collaborative Filtering,3105,40,0.125,0.5,0.7119637132959115,10,80
Collaborative Filtering,3105,80,0.075,0.6,0.6835084420947596,10,80
Collaborative Filtering,4638,5,0.0,0.0,0.0,2,80
Collaborative Filtering,4638,10,0.0,0.0,0.0,2,80
Collaborative Filtering,4638,20,0.0,0.0,0.0,2,80
Collaborative Filtering,4638,40,0.0,0.0,0.0,2,80
Collaborative Filtering,4638,80,0.0125,0.5,0.18003132665669264,2,80
Collaborative Filtering,4573,5,0.0,0.0,0.0,21,80
Collaborative Filtering,4573,10,0.0,0.0,0.0,21,80
Collaborative Filtering,4573,20,0.0,0.0,0.0,21,80
Collaborative Filtering,4573,40,0.025,0.047619047619047616,0.1905514124267734,21,80
Collaborative Filtering,4573,80,0.05,0.19047619047619047,0.26944566052532953,21,80
Collaborative Filtering,38,5,0.2,0.08333333333333333,0.43067655807339306,12,80
Collaborative Filtering,38,10,0.1,0.08333333333333333,0.43067655807339306,12,80
Collaborative Filtering,38,20,0.05,0.08333333333333333,0.43067655807339306,12,80
Collaborative Filtering,38,40,0.025,0.08333333333333333,0.43067655807339306,12,80
Collaborative Filtering,38,80,0.05,0.3333333333333333,0.3615501175073031,12,80
Collaborative Filtering,1499,5,0.4,0.1,0.9197207891481876,20,80
Collaborative Filtering,1499,10,0.2,0.1,0.9197207891481876,20,80
Collaborative Filtering,1499,20,0.2,0.2,0.7767830901737743,20,80
Collaborative Filtering,1499,40,0.2,0.4,0.7058311656436385,20,80
Collaborative Filtering,1499,80,0.1,0.4,0.7058311656436385,20,80
Collaborative Filtering,3649,5,0.0,0.0,0.0,6,80
Collaborative Filtering,3649,10,0.0,0.0,0.0,6,80
Collaborative Filtering,3649,20,0.0,0.0,0.0,6,80
Collaborative Filtering,3649,40,0.0,0.0,0.0,6,80
Collaborative Filtering,3649,80,0.0125,0.16666666666666666,0.16999161628691403,6,80
Collaborative Filtering,1455,5,0.4,0.2222222222222222,1.0,9,80
Collaborative Filtering,1455,10,0.2,0.2222222222222222,1.0,9,80
Collaborative Filtering,1455,20,0.15,0.3333333333333333,0.8962626271568189,9,80
Collaborative Filtering,1455,40,0.1,0.4444444444444444,0.825934696547684,9,80
Collaborative Filtering,1455,80,0.0625,0.5555555555555556,0.7725377779502183,9,80
Collaborative Filtering,2458,5,0.2,0.05,0.43067655807339306,20,80
Collaborative Filtering,2458,10,0.1,0.05,0.43067655807339306,20,80
Collaborative Filtering,2458,20,0.2,0.2,0.4824377880955954,20,80
Collaborative Filtering,2458,40,0.125,0.25,0.4896897743615037,20,80
Collaborative Filtering,2458,80,0.0625,0.25,0.4896897743615037,20,80
Collaborative Filtering,692,5,1.0,0.04854368932038835,1.0,103,80
Collaborative Filtering,692,10,0.9,0.08737864077669903,0.9937947856332163,103,80
Collaborative Filtering,692,20,0.9,0.17475728155339806,0.9866598245986157,103,80
Collaborative Filtering,692,40,0.65,0.2524271844660194,0.9702534496752457,103,80
Collaborative Filtering,692,80,0.4875,0.3786407766990291,0.9468964360021822,103,80
Collaborative Filtering,2197,5,0.0,0.0,0.0,9,80
Collaborative Filtering,2197,10,0.0,0.0,0.0,9,80
Collaborative Filtering,2197,20,0.1,0.2222222222222222,0.3102267425692945,9,80
Collaborative Filtering,2197,40,0.05,0.2222222222222222,0.3102267425692945,9,80
Collaborative Filtering,2197,80,0.0375,0.3333333333333333,0.3159457520791583,9,80
Collaborative Filtering,3494,5,0.2,0.16666666666666666,0.38685280723454163,6,80
Collaborative Filtering,3494,10,0.1,0.16666666666666666,0.38685280723454163,6,80
Collaborative Filtering,3494,20,0.1,0.3333333333333333,0.37679308663404665,6,80
Collaborative Filtering,3494,40,0.1,0.6666666666666666,0.400338244012571,6,80
Collaborative Filtering,3494,80,0.05,0.6666666666666666,0.400338244012571,6,80
Collaborative Filtering,707,5,0.0,0.0,0.0,7,80
Collaborative Filtering,707,10,0.0,0.0,0.0,7,80
Collaborative Filtering,707,20,0.05,0.14285714285714285,0.227670248696953,7,80
Collaborative Filtering,707,40,0.05,0.2857142857142857,0.27514059215107445,7,80
Collaborative Filtering,707,80,0.025,0.2857142857142857,0.27514059215107445,7,80
Collaborative Filtering,1221,5,0.6,0.07894736842105263,0.9674679834891693,38,80
Collaborative Filtering,1221,10,0.4,0.10526315789473684,0.9279611693743142,38,80
Collaborative Filtering,1221,20,0.3,0.15789473684210525,0.8831946704666824,38,80
Collaborative Filtering,1221,40,0.225,0.23684210526315788,0.8257859464753787,38,80
Collaborative Filtering,1221,80,0.15,0.3157894736842105,0.7898321962312129,38,80
Collaborative Filtering,5963,5,0.0,0.0,0.0,18,80
Collaborative Filtering,5963,10,0.2,0.1111111111111111,0.40298313359773236,18,80
Collaborative Filtering,5963,20,0.1,0.1111111111111111,0.40298313359773236,18,80
Collaborative Filtering,5963,40,0.075,0.16666666666666666,0.40502696711888375,18,80
Collaborative Filtering,5963,80,0.0375,0.16666666666666666,0.40502696711888375,18,80
Collaborative Filtering,2452,5,0.0,0.0,0.0,7,80
Collaborative Filtering,2452,10,0.0,0.0,0.0,7,80
Collaborative Filtering,2452,20,0.0,0.0,0.0,7,80
Collaborative Filtering,2452,40,0.05,0.2857142857142857,0.2730396896003212,7,80
Collaborative Filtering,2452,80,0.025,0.2857142857142857,0.2730396896003212,7,80
Collaborative Filtering,1407,5,0.6,0.13043478260869565,0.8854598815714874,23,80
Collaborative Filtering,1407,10,0.3,0.13043478260869565,0.8854598815714874,23,80
Collaborative Filtering,1407,20,0.2,0.17391304347826086,0.8454834542841898,23,80
Collaborative Filtering,1407,40,0.125,0.21739130434782608,0.8067067273237408,23,80
Collaborative Filtering,1407,80,0.075,0.2608695652173913,0.7745364179680123,23,80
Collaborative Filtering,4769,5,0.0,0.0,0.0,7,80
Collaborative Filtering,4769,10,0.0,0.0,0.0,7,80
Collaborative Filtering,4769,20,0.05,0.14285714285714285,0.26264953503719357,7,80
Collaborative Filtering,4769,40,0.025,0.14285714285714285,0.26264953503719357,7,80
Collaborative Filtering,4769,80,0.025,0.2857142857142857,0.26968258700878533,7,80
Collaborative Filtering,5208,5,0.6,0.2727272727272727,0.6182885020492784,11,80
Collaborative Filtering,5208,10,0.4,0.36363636363636365,0.6271823208439088,11,80
Collaborative Filtering,5208,20,0.25,0.45454545454545453,0.6339730860414478,11,80
Collaborative Filtering,5208,40,0.175,0.6363636363636364,0.6218359971285692,11,80
Collaborative Filtering,5208,80,0.0875,0.6363636363636364,0.6218359971285692,11,80
Collaborative Filtering,4603,5,0.0,0.0,0.0,8,80
Collaborative Filtering,4603,10,0.1,0.125,0.3010299956639812,8,80
Collaborative Filtering,4603,20,0.05,0.125,0.3010299956639812,8,80
Collaborative Filtering,4603,40,0.15,0.75,0.40174683821752966,8,80
Collaborative Filtering,4603,80,0.0875,0.875,0.4112843559169,8,80
Collaborative Filtering,1894,5,0.4,0.0625,0.8772153153380493,32,80
Collaborative Filtering,1894,10,0.2,0.0625,0.8772153153380493,32,80
Collaborative Filtering,1894,20,0.15,0.09375,0.7915017283213553,32,80
Collaborative Filtering,1894,40,0.15,0.1875,0.6896100594682667,32,80
Collaborative Filtering,1894,80,0.1125,0.28125,0.6542948997502964,32,80
Collaborative Filtering,1515,5,0.0,0.0,0.0,5,80
Collaborative Filtering,1515,10,0.0,0.0,0.0,5,80
Collaborative Filtering,1515,20,0.05,0.2,0.27894294565112987,5,80
Collaborative Filtering,1515,40,0.075,0.6,0.32000893698092453,5,80
Collaborative Filtering,1515,80,0.05,0.8,0.3281345460135478,5,80
Collaborative Filtering,4031,5,0.2,0.16666666666666666,0.38685280723454163,6,80
Collaborative Filtering,4031,10,0.1,0.16666666666666666,0.38685280723454163,6,80
Collaborative Filtering,4031,20,0.05,0.16666666666666666,0.38685280723454163,6,80
Collaborative Filtering,4031,40,0.025,0.16666666666666666,0.38685280723454163,6,80
Collaborative Filtering,4031,80,0.0125,0.16666666666666666,0.38685280723454163,6,80
Collaborative Filtering,507,5,0.2,0.16666666666666666,1.0,6,80
Collaborative Filtering,507,10,0.1,0.16666666666666666,1.0,6,80
Collaborative Filtering,507,20,0.05,0.16666666666666666,1.0,6,80
Collaborative Filtering,507,40,0.025,0.16666666666666666,1.0,6,80
Collaborative Filtering,507,80,0.0125,0.16666666666666666,1.0,6,80
Collaborative Filtering,3756,5,0.0,0.0,0.0,52,80
Collaborative Filtering,3756,10,0.4,0.07692307692307693,0.49954410894683854,52,80
Collaborative Filtering,3756,20,0.35,0.1346153846153846,0.5678610692813304,52,80
Collaborative Filtering,3756,40,0.325,0.25,0.6158814490441946,52,80
Collaborative Filtering,3756,80,0.25,0.38461538461538464,0.637556982907222,52,80
Collaborative Filtering,1567,5,0.0,0.0,0.0,9,80
Collaborative Filtering,1567,10,0.0,0.0,0.0,9,80
Collaborative Filtering,1567,20,0.0,0.0,0.0,9,80
Collaborative Filtering,1567,40,0.05,0.2222222222222222,0.23204753994286575,9,80
Collaborative Filtering,1567,80,0.025,0.2222222222222222,0.23204753994286575,9,80
Collaborative Filtering,3343,5,0.0,0.0,0.0,6,80
Collaborative Filtering,3343,10,0.0,0.0,0.0,6,80
Collaborative Filtering,3343,20,0.0,0.0,0.0,6,80
Collaborative Filtering,3343,40,0.025,0.16666666666666666,0.18920035951687003,6,80
Collaborative Filtering,3343,80,0.0125,0.16666666666666666,0.18920035951687003,6,80
Collaborative Filtering,94,5,0.0,0.0,0.0,4,80
Collaborative Filtering,94,10,0.0,0.0,0.0,4,80
Collaborative Filtering,94,20,0.05,0.25,0.27894294565112987,4,80
Collaborative Filtering,94,40,0.025,0.25,0.27894294565112987,4,80
Collaborative Filtering,94,80,0.025,0.5,0.27807842410504163,4,80
Collaborative Filtering,4648,5,0.0,0.0,0.0,6,80
Collaborative Filtering,4648,10,0.0,0.0,0.0,6,80
Collaborative Filtering,4648,20,0.0,0.0,0.0,6,80
Collaborative Filtering,4648,40,0.0,0.0,0.0,6,80
Collaborative Filtering,4648,80,0.025,0.3333333333333333,0.20381031191511234,6,80
Collaborative Filtering,2121,5,0.0,0.0,0.0,23,80
Collaborative Filtering,2121,10,0.0,0.0,0.0,23,80
Collaborative Filtering,2121,20,0.0,0.0,0.0,23,80
Collaborative Filtering,2121,40,0.05,0.08695652173913043,0.2433963377189092,23,80
Collaborative Filtering,2121,80,0.0375,0.13043478260869565,0.2607299874998253,23,80
Collaborative Filtering,2325,5,0.0,0.0,0.0,1,80
Collaborative Filtering,2325,10,0.0,0.0,0.0,1,80
Collaborative Filtering,2325,20,0.0,0.0,0.0,1,80
Collaborative Filtering,2325,40,0.0,0.0,0.0,1,80
Collaborative Filtering,2325,80,0.0,0.0,0.0,1,80
Collaborative Filtering,5398,5,0.0,0.0,0.0,2,80
Collaborative Filtering,5398,10,0.0,0.0,0.0,2,80
Collaborative Filtering,5398,20,0.0,0.0,0.0,2,80
Collaborative Filtering,5398,40,0.0,0.0,0.0,2,80
Collaborative Filtering,5398,80,0.0,0.0,0.0,2,80
Collaborative Filtering,3890,5,0.2,0.06666666666666667,0.38685280723454163,15,80
Collaborative Filtering,3890,10,0.2,0.13333333333333333,0.42177340954886444,15,80
Collaborative Filtering,3890,20,0.15,0.2,0.4401284469028708,15,80
Collaborative Filtering,3890,40,0.125,0.3333333333333333,0.44512641550390086,15,80
Collaborative Filtering,3890,80,0.0875,0.4666666666666667,0.4572719168899787,15,80
Collaborative Filtering,3026,5,0.2,0.043478260869565216,0.38685280723454163,23,80
Collaborative Filtering,3026,10,0.1,0.043478260869565216,0.38685280723454163,23,80
Collaborative Filtering,3026,20,0.1,0.08695652173913043,0.37906661463529034,23,80
Collaborative Filtering,3026,40,0.125,0.21739130434782608,0.4168710524017605,23,80
Collaborative Filtering,3026,80,0.075,0.2608695652173913,0.4240436279772009,23,80
Collaborative Filtering,1739,5,0.0,0.0,0.0,8,80
Collaborative Filtering,1739,10,0.0,0.0,0.0,8,80
Collaborative Filtering,1739,20,0.0,0.0,0.0,8,80
Collaborative Filtering,1739,40,0.025,0.125,0.21810429198553155,8,80
Collaborative Filtering,1739,80,0.0125,0.125,0.21810429198553155,8,80
Collaborative Filtering,2308,5,0.2,0.07692307692307693,1.0,13,80
Collaborative Filtering,2308,10,0.1,0.07692307692307693,1.0,13,80
Collaborative Filtering,2308,20,0.1,0.15384615384615385,0.7841802768331765,13,80
Collaborative Filtering,2308,40,0.075,0.23076923076923078,0.695817396259334,13,80
Collaborative Filtering,2308,80,0.0375,0.23076923076923078,0.695817396259334,13,80
Collaborative Filtering,1700,5,0.0,0.0,0.0,1,80
Collaborative Filtering,1700,10,0.0,0.0,0.0,1,80
Collaborative Filtering,1700,20,0.0,0.0,0.0,1,80
Collaborative Filtering,1700,40,0.025,1.0,0.19823986317056053,1,80
Collaborative Filtering,1700,80,0.0125,1.0,0.19823986317056053,1,80
Collaborative Filtering,5580,5,0.4,0.043478260869565216,0.5437713091520254,46,80
Collaborative Filtering,5580,10,0.3,0.06521739130434782,0.5726073975563163,46,80
Collaborative Filtering,5580,20,0.2,0.08695652173913043,0.573931339052582,46,80
Collaborative Filtering,5580,40,0.175,0.15217391304347827,0.5668939868394558,46,80
Collaborative Filtering,5580,80,0.125,0.21739130434782608,0.5681787259636798,46,80
Collaborative Filtering,2382,5,0.0,0.0,0.0,7,80
Collaborative Filtering,2382,10,0.1,0.14285714285714285,0.3010299956639812,7,80
Collaborative Filtering,2382,20,0.1,0.2857142857142857,0.3502714625447977,7,80
Collaborative Filtering,2382,40,0.075,0.42857142857142855,0.36193973489677383,7,80
Collaborative Filtering,2382,80,0.0375,0.42857142857142855,0.36193973489677383,7,80
Collaborative Filtering,3875,5,0.2,0.5,0.43067655807339306,2,80
Collaborative Filtering,3875,10,0.1,0.5,0.43067655807339306,2,80
Collaborative Filtering,3875,20,0.05,0.5,0.43067655807339306,2,80
Collaborative Filtering,3875,40,0.025,0.5,0.43067655807339306,2,80
Collaborative Filtering,3875,80,0.0125,0.5,0.43067655807339306,2,80
Collaborative Filtering,784,5,0.2,0.2,0.43067655807339306,5,80
Collaborative Filtering,784,10,0.2,0.4,0.448643819352159,5,80
Collaborative Filtering,784,20,0.1,0.4,0.448643819352159,5,80
Collaborative Filtering,784,40,0.075,0.6,0.44860717550767126,5,80
Collaborative Filtering,784,80,0.0375,0.6,0.44860717550767126,5,80
Collaborative Filtering,536,5,0.2,0.043478260869565216,1.0,23,80
Collaborative Filtering,536,10,0.1,0.043478260869565216,1.0,23,80
Collaborative Filtering,536,20,0.15,0.13043478260869565,0.713415424360839,23,80
Collaborative Filtering,536,40,0.125,0.21739130434782608,0.6546813398427082,23,80
Collaborative Filtering,536,80,0.1,0.34782608695652173,0.6190980038118383,23,80
Collaborative Filtering,4148,5,0.4,0.15384615384615385,0.8503449055347546,13,80
Collaborative Filtering,4148,10,0.3,0.23076923076923078,0.7988614740430418,13,80
Collaborative Filtering,4148,20,0.2,0.3076923076923077,0.7621458750882973,13,80
Collaborative Filtering,4148,40,0.15,0.46153846153846156,0.7199605120878639,13,80
Collaborative Filtering,4148,80,0.1125,0.6923076923076923,0.6777131886986592,13,80
Collaborative Filtering,1781,5,0.0,0.0,0.0,7,80
Collaborative Filtering,1781,10,0.0,0.0,0.0,7,80
Collaborative Filtering,1781,20,0.05,0.14285714285714285,0.23981246656813146,7,80
Collaborative Filtering,1781,40,0.025,0.14285714285714285,0.23981246656813146,7,80
Collaborative Filtering,1781,80,0.025,0.2857142857142857,0.2600365213695613,7,80
Collaborative Filtering,5834,5,0.0,0.0,0.0,1,80
Collaborative Filtering,5834,10,0.0,0.0,0.0,1,80
Collaborative Filtering,5834,20,0.0,0.0,0.0,1,80
Collaborative Filtering,5834,40,0.0,0.0,0.0,1,80
Collaborative Filtering,5834,80,0.0125,1.0,0.15817959093978226,1,80
Collaborative Filtering,1195,5,0.0,0.0,0.0,10,80
Collaborative Filtering,1195,10,0.0,0.0,0.0,10,80
Collaborative Filtering,1195,20,0.0,0.0,0.0,10,80
Collaborative Filtering,1195,40,0.025,0.1,0.20184908658209985,10,80
Collaborative Filtering,1195,80,0.0125,0.1,0.20184908658209985,10,80
Collaborative Filtering,3608,5,0.2,0.08333333333333333,0.6309297535714575,12,80
Collaborative Filtering,3608,10,0.2,0.16666666666666666,0.5640920940185894,12,80
Collaborative Filtering,3608,20,0.15,0.25,0.5403147574993465,12,80
Collaborative Filtering,3608,40,0.075,0.25,0.5403147574993465,12,80
Collaborative Filtering,3608,80,0.05,0.3333333333333333,0.5136014995865454,12,80
Collaborative Filtering,5786,5,0.4,0.0625,0.8772153153380493,32,80
Collaborative Filtering,5786,10,0.3,0.09375,0.8385465274895063,32,80
Collaborative Filtering,5786,20,0.2,0.125,0.7974846722951302,32,80
Collaborative Filtering,5786,40,0.15,0.1875,0.7464574834584196,32,80
Collaborative Filtering,5786,80,0.125,0.3125,0.6990119701828468,32,80
Collaborative Filtering,1596,5,0.2,0.16666666666666666,0.6309297535714575,6,80
Collaborative Filtering,1596,10,0.1,0.16666666666666666,0.6309297535714575,6,80
Collaborative Filtering,1596,20,0.1,0.3333333333333333,0.5338931479009518,6,80
Collaborative Filtering,1596,40,0.05,0.3333333333333333,0.5338931479009518,6,80
Collaborative Filtering,1596,80,0.025,0.3333333333333333,0.5338931479009518,6,80
Collaborative Filtering,1738,5,0.0,0.0,0.0,8,80
Collaborative Filtering,1738,10,0.1,0.125,0.3333333333333333,8,80
Collaborative Filtering,1738,20,0.05,0.125,0.3333333333333333,8,80
Collaborative Filtering,1738,40,0.05,0.25,0.33059680505126315,8,80
Collaborative Filtering,1738,80,0.05,0.5,0.34389131151697483,8,80
Collaborative Filtering,1534,5,0.0,0.0,0.0,2,80
Collaborative Filtering,1534,10,0.0,0.0,0.0,2,80
Collaborative Filtering,1534,20,0.0,0.0,0.0,2,80
Collaborative Filtering,1534,40,0.0,0.0,0.0,2,80
Collaborative Filtering,1534,80,0.0,0.0,0.0,2,80
Collaborative Filtering,5524,5,0.0,0.0,0.0,28,80
Collaborative Filtering,5524,10,0.0,0.0,0.0,28,80
Collaborative Filtering,5524,20,0.0,0.0,0.0,28,80
Collaborative Filtering,5524,40,0.025,0.03571428571428571,0.20801459767650948,28,80
Collaborative Filtering,5524,80,0.0375,0.10714285714285714,0.2545497015452207,28,80
Collaborative Filtering,4056,5,0.0,0.0,0.0,1,80
Collaborative Filtering,4056,10,0.0,0.0,0.0,1,80
Collaborative Filtering,4056,20,0.0,0.0,0.0,1,80
Collaborative Filtering,4056,40,0.0,0.0,0.0,1,80
Collaborative Filtering,4056,80,0.0,0.0,0.0,1,80
Collaborative Filtering,5412,5,1.0,0.10869565217391304,1.0,46,80
Collaborative Filtering,5412,10,0.8,0.17391304347826086,0.9793656319464776,46,80
Collaborative Filtering,5412,20,0.6,0.2608695652173913,0.9578620721288028,46,80
Collaborative Filtering,5412,40,0.3,0.2608695652173913,0.9578620721288028,46,80
Collaborative Filtering,5412,80,0.2625,0.45652173913043476,0.8830272303176803,46,80
Collaborative Filtering,264,5,0.4,0.13333333333333333,0.9197207891481876,15,80
Collaborative Filtering,264,10,0.5,0.3333333333333333,0.829688291564187,15,80
Collaborative Filtering,264,20,0.35,0.4666666666666667,0.8163539833153358,15,80
Collaborative Filtering,264,40,0.2,0.5333333333333333,0.8018019344666034,15,80
Collaborative Filtering,264,80,0.1125,0.6,0.7848615846653108,15,80
Collaborative Filtering,626,5,0.0,0.0,0.0,9,80
Collaborative Filtering,626,10,0.2,0.2222222222222222,0.4227898344066503,9,80
Collaborative Filtering,626,20,0.2,0.4444444444444444,0.472273459574612,9,80
Collaborative Filtering,626,40,0.1,0.4444444444444444,0.472273459574612,9,80
Collaborative Filtering,626,80,0.05,0.4444444444444444,0.472273459574612,9,80
Collaborative Filtering,3206,5,0.0,0.0,0.0,7,80
Collaborative Filtering,3206,10,0.0,0.0,0.0,7,80
Collaborative Filtering,3206,20,0.0,0.0,0.0,7,80
Collaborative Filtering,3206,40,0.0,0.0,0.0,7,80
Collaborative Filtering,3206,80,0.0,0.0,0.0,7,80
Collaborative Filtering,4907,5,0.2,0.041666666666666664,0.38685280723454163,24,80
Collaborative Filtering,4907,10,0.1,0.041666666666666664,0.38685280723454163,24,80
Collaborative Filtering,4907,20,0.1,0.08333333333333333,0.4028934785345258,24,80
Collaborative Filtering,4907,40,0.125,0.20833333333333334,0.43125351846147475,24,80
Collaborative Filtering,4907,80,0.0625,0.20833333333333334,0.43125351846147475,24,80
Collaborative Filtering,178,5,0.2,0.0625,1.0,16,80
Collaborative Filtering,178,10,0.1,0.0625,1.0,16,80
Collaborative Filtering,178,20,0.05,0.0625,1.0,16,80
Collaborative Filtering,178,40,0.025,0.0625,1.0,16,80
Collaborative Filtering,178,80,0.025,0.125,0.7261433734686096,16,80
Collaborative Filtering,1173,5,0.0,0.0,0.0,23,80
Collaborative Filtering,1173,10,0.0,0.0,0.0,23,80
Collaborative Filtering,1173,20,0.0,0.0,0.0,23,80
Collaborative Filtering,1173,40,0.025,0.043478260869565216,0.20801459767650948,23,80
Collaborative Filtering,1173,80,0.0625,0.21739130434782608,0.2957485443082693,23,80
Collaborative Filtering,2943,5,0.2,0.041666666666666664,1.0,24,80
Collaborative Filtering,2943,10,0.2,0.08333333333333333,0.8065735963827293,24,80
Collaborative Filtering,2943,20,0.15,0.125,0.7259005546067226,24,80
Collaborative Filtering,2943,40,0.175,0.2916666666666667,0.6473661566782246,24,80
Collaborative Filtering,2943,80,0.125,0.4166666666666667,0.6317651691016918,24,80
Collaborative Filtering,5171,5,0.0,0.0,0.0,6,80
Collaborative Filtering,5171,10,0.0,0.0,0.0,6,80
Collaborative Filtering,5171,20,0.0,0.0,0.0,6,80
Collaborative Filtering,5171,40,0.025,0.16666666666666666,0.20584683246043448,6,80
Collaborative Filtering,5171,80,0.05,0.6666666666666666,0.2890934540883332,6,80
Collaborative Filtering,2828,5,0.4,0.2857142857142857,1.0,7,80
Collaborative Filtering,2828,10,0.3,0.42857142857142855,0.9134015924715543,7,80
Collaborative Filtering,2828,20,0.15,0.42857142857142855,0.9134015924715543,7,80
Collaborative Filtering,2828,40,0.125,0.7142857142857143,0.7953811142658098,7,80
Collaborative Filtering,2828,80,0.0625,0.7142857142857143,0.7953811142658098,7,80
Collaborative Filtering,157,5,0.6,0.061224489795918366,0.6797310500037655,49,80
Collaborative Filtering,157,10,0.3,0.061224489795918366,0.6797310500037655,49,80
Collaborative Filtering,157,20,0.3,0.12244897959183673,0.6683003775217644,49,80
Collaborative Filtering,157,40,0.2,0.16326530612244897,0.6608372036379938,49,80
Collaborative Filtering,157,80,0.125,0.20408163265306123,0.6520511551587472,49,80
Collaborative Filtering,3621,5,0.4,0.06666666666666667,0.9197207891481876,30,80
Collaborative Filtering,3621,10,0.4,0.13333333333333333,0.8332128630752801,30,80
Collaborative Filtering,3621,20,0.25,0.16666666666666666,0.8086811561096118,30,80
Collaborative Filtering,3621,40,0.175,0.23333333333333334,0.760223153249151,30,80
Collaborative Filtering,3621,80,0.125,0.3333333333333333,0.7202888849110347,30,80
Collaborative Filtering,2144,5,0.0,0.0,0.0,10,80
Collaborative Filtering,2144,10,0.0,0.0,0.0,10,80
Collaborative Filtering,2144,20,0.0,0.0,0.0,10,80
Collaborative Filtering,2144,40,0.0,0.0,0.0,10,80
Collaborative Filtering,2144,80,0.0375,0.3,0.23384473553134535,10,80
Collaborative Filtering,1544,5,0.2,0.043478260869565216,1.0,23,80
Collaborative Filtering,1544,10,0.3,0.13043478260869565,0.7844801364718914,23,80
Collaborative Filtering,1544,20,0.15,0.13043478260869565,0.7844801364718914,23,80
Collaborative Filtering,1544,40,0.1,0.17391304347826086,0.7329459206198624,23,80
Collaborative Filtering,1544,80,0.1,0.34782608695652173,0.6474619127504287,23,80
Collaborative Filtering,1774,5,0.0,0.0,0.0,2,80
Collaborative Filtering,1774,10,0.0,0.0,0.0,2,80
Collaborative Filtering,1774,20,0.0,0.0,0.0,2,80
Collaborative Filtering,1774,40,0.025,0.5,0.18790182470910757,2,80
Collaborative Filtering,1774,80,0.0125,0.5,0.18790182470910757,2,80
Collaborative Filtering,32,5,0.2,0.16666666666666666,0.5,6,80
Collaborative Filtering,32,10,0.1,0.16666666666666666,0.5,6,80
Collaborative Filtering,32,20,0.05,0.16666666666666666,0.5,6,80
Collaborative Filtering,32,40,0.025,0.16666666666666666,0.5,6,80
Collaborative Filtering,32,80,0.0125,0.16666666666666666,0.5,6,80
Collaborative Filtering,1673,5,0.2,0.0625,0.43067655807339306,16,80
Collaborative Filtering,1673,10,0.1,0.0625,0.43067655807339306,16,80
Collaborative Filtering,1673,20,0.05,0.0625,0.43067655807339306,16,80
Collaborative Filtering,1673,40,0.05,0.125,0.38669756112568254,16,80
Collaborative Filtering,1673,80,0.0625,0.3125,0.38700261642644973,16,80
Collaborative Filtering,6033,5,0.0,0.0,0.0,3,80
Collaborative Filtering,6033,10,0.1,0.3333333333333333,0.31546487678572877,3,80
Collaborative Filtering,6033,20,0.05,0.3333333333333333,0.31546487678572877,3,80
Collaborative Filtering,6033,40,0.025,0.3333333333333333,0.31546487678572877,3,80
Collaborative Filtering,6033,80,0.0125,0.3333333333333333,0.31546487678572877,3,80
Collaborative Filtering,5611,5,0.0,0.0,0.0,8,80
Collaborative Filtering,5611,10,0.0,0.0,0.0,8,80
Collaborative Filtering,5611,20,0.1,0.25,0.33207590915692625,8,80
Collaborative Filtering,5611,40,0.075,0.375,0.3435795534263938,8,80
Collaborative Filtering,5611,80,0.0625,0.625,0.35955932464266044,8,80
Collaborative Filtering,3767,5,0.0,0.0,0.0,3,80
Collaborative Filtering,3767,10,0.1,0.3333333333333333,0.31546487678572877,3,80
Collaborative Filtering,3767,20,0.05,0.3333333333333333,0.31546487678572877,3,80
Collaborative Filtering,3767,40,0.025,0.3333333333333333,0.31546487678572877,3,80
Collaborative Filtering,3767,80,0.0125,0.3333333333333333,0.31546487678572877,3,80
Collaborative Filtering,5997,5,0.2,0.07692307692307693,0.5,13,80
Collaborative Filtering,5997,10,0.3,0.23076923076923078,0.5498407734605132,13,80
Collaborative Filtering,5997,20,0.2,0.3076923076923077,0.5510154015647878,13,80
Collaborative Filtering,5997,40,0.1,0.3076923076923077,0.5510154015647878,13,80
Collaborative Filtering,5997,80,0.1,0.6153846153846154,0.5231221334435201,13,80
Collaborative Filtering,309,5,0.4,0.1,0.5012658353418871,20,80
Collaborative Filtering,309,10,0.5,0.25,0.6132355269353261,20,80
Collaborative Filtering,309,20,0.25,0.25,0.6132355269353261,20,80
Collaborative Filtering,309,40,0.15,0.3,0.6094251362761877,20,80
Collaborative Filtering,309,80,0.1,0.4,0.5965478387908009,20,80
Collaborative Filtering,811,5,0.4,0.18181818181818182,1.0,11,80
Collaborative Filtering,811,10,0.3,0.2727272727272727,0.9010126104210695,11,80
Collaborative Filtering,811,20,0.2,0.36363636363636365,0.8414265234504216,11,80
Collaborative Filtering,811,40,0.125,0.45454545454545453,0.8023558461316778,11,80
Collaborative Filtering,811,80,0.075,0.5454545454545454,0.7673104612123303,11,80
Collaborative Filtering,4307,5,0.0,0.0,0.0,3,80
Collaborative Filtering,4307,10,0.0,0.0,0.0,3,80
Collaborative Filtering,4307,20,0.0,0.0,0.0,3,80
Collaborative Filtering,4307,40,0.025,0.3333333333333333,0.19195872000656014,3,80
Collaborative Filtering,4307,80,0.025,0.6666666666666666,0.2180746133749363,3,80
Collaborative Filtering,809,5,0.2,0.06666666666666667,0.38685280723454163,15,80
Collaborative Filtering,809,10,0.1,0.06666666666666667,0.38685280723454163,15,80
Collaborative Filtering,809,20,0.1,0.13333333333333333,0.4028934785345258,15,80
Collaborative Filtering,809,40,0.05,0.13333333333333333,0.4028934785345258,15,80
Collaborative Filtering,809,80,0.05,0.26666666666666666,0.3932652871832315,15,80
Collaborative Filtering,1184,5,0.4,0.06451612903225806,1.0,31,80
Collaborative Filtering,1184,10,0.2,0.06451612903225806,1.0,31,80
Collaborative Filtering,1184,20,0.25,0.16129032258064516,0.8120633901883466,31,80
Collaborative Filtering,1184,40,0.125,0.16129032258064516,0.8120633901883466,31,80
Collaborative Filtering,1184,80,0.1,0.25806451612903225,0.7330100699379315,31,80
Collaborative Filtering,2146,5,0.0,0.0,0.0,7,80
Collaborative Filtering,2146,10,0.0,0.0,0.0,7,80
Collaborative Filtering,2146,20,0.05,0.14285714285714285,0.27894294565112987,7,80
Collaborative Filtering,2146,40,0.025,0.14285714285714285,0.27894294565112987,7,80
Collaborative Filtering,2146,80,0.0375,0.42857142857142855,0.295674211909528,7,80
Collaborative Filtering,4386,5,1.0,0.05,1.0,100,80
Collaborative Filtering,4386,10,1.0,0.1,1.0,100,80
Collaborative Filtering,4386,20,0.85,0.17,0.9918339148036559,100,80
Collaborative Filtering,4386,40,0.75,0.3,0.9764963812507091,100,80
Collaborative Filtering,4386,80,0.575,0.46,0.9611580888710413,100,80
Collaborative Filtering,4835,5,0.6,0.25,0.8854598815714874,12,80
Collaborative Filtering,4835,10,0.3,0.25,0.8854598815714874,12,80
Collaborative Filtering,4835,20,0.15,0.25,0.8854598815714874,12,80
Collaborative Filtering,4835,40,0.125,0.4166666666666667,0.7735093219437285,12,80
Collaborative Filtering,4835,80,0.075,0.5,0.7401967222259009,12,80
Collaborative Filtering,3200,5,0.2,0.06666666666666667,0.5,15,80
Collaborative Filtering,3200,10,0.2,0.13333333333333333,0.5109559939712153,15,80
Collaborative Filtering,3200,20,0.1,0.13333333333333333,0.5109559939712153,15,80
Collaborative Filtering,3200,40,0.1,0.26666666666666666,0.4792616989073153,15,80
Collaborative Filtering,3200,80,0.0625,0.3333333333333333,0.4767857819032315,15,80
Collaborative Filtering,2939,5,0.0,0.0,0.0,16,80
Collaborative Filtering,2939,10,0.1,0.0625,0.3333333333333333,16,80
Collaborative Filtering,2939,20,0.15,0.1875,0.3959091052768163,16,80
Collaborative Filtering,2939,40,0.15,0.375,0.44148111408932195,16,80
Collaborative Filtering,2939,80,0.1,0.5,0.4573894338369067,16,80
Collaborative Filtering,5853,5,0.2,0.09090909090909091,1.0,11,80
Collaborative Filtering,5853,10,0.1,0.09090909090909091,1.0,11,80
Collaborative Filtering,5853,20,0.1,0.18181818181818182,0.7741900178546666,11,80
Collaborative Filtering,5853,40,0.075,0.2727272727272727,0.681956289280953,11,80
Collaborative Filtering,5853,80,0.0375,0.2727272727272727,0.681956289280953,11,80
Collaborative Filtering,4865,5,0.2,0.041666666666666664,0.6309297535714575,24,80
Collaborative Filtering,4865,10,0.2,0.08333333333333333,0.5912352048230277,24,80
Collaborative Filtering,4865,20,0.2,0.16666666666666666,0.564349522989846,24,80
Collaborative Filtering,4865,40,0.15,0.25,0.5559296413264413,24,80
Collaborative Filtering,4865,80,0.1125,0.375,0.5559163797410538,24,80
Collaborative Filtering,3408,5,0.6,0.23076923076923078,0.9674679834891693,13,80
Collaborative Filtering,3408,10,0.3,0.23076923076923078,0.9674679834891693,13,80
Collaborative Filtering,3408,20,0.15,0.23076923076923078,0.9674679834891693,13,80
Collaborative Filtering,3408,40,0.1,0.3076923076923077,0.8923502903124263,13,80
Collaborative Filtering,3408,80,0.0875,0.5384615384615384,0.7671272312620196,13,80
Collaborative Filtering,5188,5,0.0,0.0,0.0,19,80
Collaborative Filtering,5188,10,0.1,0.05263157894736842,0.3333333333333333,19,80
Collaborative Filtering,5188,20,0.15,0.15789473684210525,0.3944913759263268,19,80
Collaborative Filtering,5188,40,0.125,0.2631578947368421,0.42189185140937774,19,80
Collaborative Filtering,5188,80,0.0875,0.3684210526315789,0.43538431097775565,19,80
Collaborative Filtering,3355,5,0.0,0.0,0.0,6,80
Collaborative Filtering,3355,10,0.1,0.16666666666666666,0.3562071871080222,6,80
Collaborative Filtering,3355,20,0.05,0.16666666666666666,0.3562071871080222,6,80
Collaborative Filtering,3355,40,0.05,0.3333333333333333,0.3421706376182506,6,80
Collaborative Filtering,3355,80,0.025,0.3333333333333333,0.3421706376182506,6,80
Collaborative Filtering,4483,5,0.2,0.07142857142857142,1.0,14,80
Collaborative Filtering,4483,10,0.2,0.14285714285714285,0.7903864795495061,14,80
Collaborative Filtering,4483,20,0.25,0.35714285714285715,0.6940455407267305,14,80
Collaborative Filtering,4483,40,0.125,0.35714285714285715,0.6940455407267305,14,80
Collaborative Filtering,4483,80,0.0625,0.35714285714285715,0.6940455407267305,14,80
Collaborative Filtering,539,5,0.2,0.05,1.0,20,80
Collaborative Filtering,539,10,0.2,0.1,0.7903864795495061,20,80
Collaborative Filtering,539,20,0.15,0.15,0.7250463552532554,20,80
Collaborative Filtering,539,40,0.075,0.15,0.7250463552532554,20,80
Collaborative Filtering,539,80,0.05,0.2,0.6709806210992197,20,80
Collaborative Filtering,2624,5,0.2,0.017543859649122806,0.5,57,80
Collaborative Filtering,2624,10,0.3,0.05263157894736842,0.511558309303655,57,80
Collaborative Filtering,2624,20,0.35,0.12280701754385964,0.5681508450862945,57,80
Collaborative Filtering,2624,40,0.25,0.17543859649122806,0.5946568599751013,57,80
Collaborative Filtering,2624,80,0.175,0.24561403508771928,0.5998830289971393,57,80
Collaborative Filtering,1087,5,0.6,0.06666666666666667,0.9674679834891693,45,80
Collaborative Filtering,1087,10,0.5,0.1111111111111111,0.919261353975986,45,80
Collaborative Filtering,1087,20,0.35,0.15555555555555556,0.8959829425521771,45,80
Collaborative Filtering,1087,40,0.275,0.24444444444444444,0.8431468750147273,45,80
Collaborative Filtering,1087,80,0.2,0.35555555555555557,0.8097279588480654,45,80
Collaborative Filtering,4400,5,0.0,0.0,0.0,1,80
Collaborative Filtering,4400,10,0.0,0.0,0.0,1,80
Collaborative Filtering,4400,20,0.0,0.0,0.0,1,80
Collaborative Filtering,4400,40,0.0,0.0,0.0,1,80
Collaborative Filtering,4400,80,0.0,0.0,0.0,1,80
Collaborative Filtering,3754,5,0.0,0.0,0.0,38,80
Collaborative Filtering,3754,10,0.1,0.02631578947368421,0.31546487678572877,38,80
Collaborative Filtering,3754,20,0.05,0.02631578947368421,0.31546487678572877,38,80
Collaborative Filtering,3754,40,0.05,0.05263157894736842,0.3149766192145086,38,80
Collaborative Filtering,3754,80,0.075,0.15789473684210525,0.36573125691874614,38,80
Collaborative Filtering,81,5,0.0,0.0,0.0,16,80
Collaborative Filtering,81,10,0.0,0.0,0.0,16,80
Collaborative Filtering,81,20,0.0,0.0,0.0,16,80
Collaborative Filtering,81,40,0.05,0.125,0.2363746405854438,16,80
Collaborative Filtering,81,80,0.0875,0.4375,0.3376031438502911,16,80
Collaborative Filtering,3247,5,0.0,0.0,0.0,2,80
Collaborative Filtering,3247,10,0.0,0.0,0.0,2,80
Collaborative Filtering,3247,20,0.0,0.0,0.0,2,80
Collaborative Filtering,3247,40,0.0,0.0,0.0,2,80
Collaborative Filtering,3247,80,0.0125,0.5,0.17376534287144002,2,80
Collaborative Filtering,1973,5,0.0,0.0,0.0,2,80
Collaborative Filtering,1973,10,0.0,0.0,0.0,2,80
Collaborative Filtering,1973,20,0.0,0.0,0.0,2,80
Collaborative Filtering,1973,40,0.0,0.0,0.0,2,80
Collaborative Filtering,1973,80,0.0,0.0,0.0,2,80
Collaborative Filtering,3862,5,0.0,0.0,0.0,5,80
Collaborative Filtering,3862,10,0.1,0.2,0.3010299956639812,5,80
Collaborative Filtering,3862,20,0.05,0.2,0.3010299956639812,5,80
Collaborative Filtering,3862,40,0.025,0.2,0.3010299956639812,5,80
Collaborative Filtering,3862,80,0.0125,0.2,0.3010299956639812,5,80
Collaborative Filtering,502,5,0.2,0.5,0.43067655807339306,2,80
Collaborative Filtering,502,10,0.2,1.0,0.46845052016107697,2,80
Collaborative Filtering,502,20,0.1,1.0,0.46845052016107697,2,80
Collaborative Filtering,502,40,0.05,1.0,0.46845052016107697,2,80
Collaborative Filtering,502,80,0.025,1.0,0.46845052016107697,2,80
Collaborative Filtering,3135,5,0.0,0.0,0.0,18,80
Collaborative Filtering,3135,10,0.0,0.0,0.0,18,80
Collaborative Filtering,3135,20,0.1,0.1111111111111111,0.31290198593371227,18,80
Collaborative Filtering,3135,40,0.075,0.16666666666666666,0.32890458733470385,18,80
Collaborative Filtering,3135,80,0.075,0.3333333333333333,0.3703741724684858,18,80
Clustering,5531,5,0.0,0.0,0.0,23,80
Clustering,5531,10,0.0,0.0,0.0,23,80
Clustering,5531,20,0.0,0.0,0.0,23,80
Clustering,5531,40,0.0,0.0,0.0,23,80
Clustering,5531,80,0.0,0.0,0.0,23,80
Clustering,711,5,0.0,0.0,0.0,19,80
Clustering,711,10,0.1,0.05263157894736842,0.3333333333333333,19,80
Clustering,711,20,0.05,0.05263157894736842,0.3333333333333333,19,80
Clustering,711,40,0.025,0.05263157894736842,0.3333333333333333,19,80
Clustering,711,80,0.0125,0.05263157894736842,0.3333333333333333,19,80
Clustering,4925,5,0.0,0.0,0.0,11,80
Clustering,4925,10,0.0,0.0,0.0,11,80
Clustering,4925,20,0.0,0.0,0.0,11,80
Clustering,4925,40,0.0,0.0,0.0,11,80
Clustering,4925,80,0.0375,0.2727272727272727,0.2304137351805208,11,80
Clustering,2155,5,0.0,0.0,0.0,13,80
Clustering,2155,10,0.0,0.0,0.0,13,80
Clustering,2155,20,0.0,0.0,0.0,13,80
Clustering,2155,40,0.0,0.0,0.0,13,80
Clustering,2155,80,0.0,0.0,0.0,13,80
Clustering,1273,5,0.0,0.0,0.0,49,80
Clustering,1273,10,0.0,0.0,0.0,49,80
Clustering,1273,20,0.0,0.0,0.0,49,80
Clustering,1273,40,0.0,0.0,0.0,49,80
Clustering,1273,80,0.025,0.04081632653061224,0.2112260107559599,49,80
Clustering,2318,5,0.0,0.0,0.0,2,80
Clustering,2318,10,0.0,0.0,0.0,2,80
Clustering,2318,20,0.0,0.0,0.0,2,80
Clustering,2318,40,0.0,0.0,0.0,2,80
Clustering,2318,80,0.0,0.0,0.0,2,80
Clustering,2096,5,0.0,0.0,0.0,21,80
Clustering,2096,10,0.0,0.0,0.0,21,80
Clustering,2096,20,0.05,0.047619047619047616,0.26264953503719357,21,80
Clustering,2096,40,0.025,0.047619047619047616,0.26264953503719357,21,80
Clustering,2096,80,0.0125,0.047619047619047616,0.26264953503719357,21,80
Clustering,3129,5,0.0,0.0,0.0,47,80
Clustering,3129,10,0.0,0.0,0.0,47,80
Clustering,3129,20,0.0,0.0,0.0,47,80
Clustering,3129,40,0.0,0.0,0.0,47,80
Clustering,3129,80,0.0,0.0,0.0,47,80
Clustering,743,5,0.0,0.0,0.0,14,80
Clustering,743,10,0.0,0.0,0.0,14,80
Clustering,743,20,0.0,0.0,0.0,14,80
Clustering,743,40,0.0,0.0,0.0,14,80
Clustering,743,80,0.0,0.0,0.0,14,80
Clustering,297,5,0.0,0.0,0.0,15,80
Clustering,297,10,0.0,0.0,0.0,15,80
Clustering,297,20,0.0,0.0,0.0,15,80
Clustering,297,40,0.0,0.0,0.0,15,80
Clustering,297,80,0.0,0.0,0.0,15,80
Clustering,3697,5,0.0,0.0,0.0,15,80
Clustering,3697,10,0.0,0.0,0.0,15,80
Clustering,3697,20,0.0,0.0,0.0,15,80
Clustering,3697,40,0.0,0.0,0.0,15,80
Clustering,3697,80,0.0,0.0,0.0,15,80
Clustering,1143,5,0.0,0.0,0.0,11,80
Clustering,1143,10,0.0,0.0,0.0,11,80
Clustering,1143,20,0.0,0.0,0.0,11,80
Clustering,1143,40,0.0,0.0,0.0,11,80
Clustering,1143,80,0.0,0.0,0.0,11,80
Clustering,409,5,0.0,0.0,0.0,46,80
Clustering,409,10,0.0,0.0,0.0,46,80
Clustering,409,20,0.0,0.0,0.0,46,80
Clustering,409,40,0.0,0.0,0.0,46,80
Clustering,409,80,0.0,0.0,0.0,46,80
Clustering,5287,5,0.0,0.0,0.0,22,80
Clustering,5287,10,0.0,0.0,0.0,22,80
Clustering,5287,20,0.0,0.0,0.0,22,80
Clustering,5287,40,0.0,0.0,0.0,22,80
Clustering,5287,80,0.0,0.0,0.0,22,80
Clustering,3952,5,0.0,0.0,0.0,9,80
Clustering,3952,10,0.0,0.0,0.0,9,80
Clustering,3952,20,0.0,0.0,0.0,9,80
Clustering,3952,40,0.0,0.0,0.0,9,80
Clustering,3952,80,0.0,0.0,0.0,9,80
Clustering,1621,5,0.0,0.0,0.0,1,80
Clustering,1621,10,0.0,0.0,0.0,1,80
Clustering,1621,20,0.0,0.0,0.0,1,80
Clustering,1621,40,0.0,0.0,0.0,1,80
Clustering,1621,80,0.0,0.0,0.0,1,80
Clustering,2055,5,0.0,0.0,0.0,26,80
Clustering,2055,10,0.1,0.038461538461538464,0.2890648263178879,26,80
Clustering,2055,20,0.1,0.07692307692307693,0.3191081886500419,26,80
Clustering,2055,40,0.05,0.07692307692307693,0.3191081886500419,26,80
Clustering,2055,80,0.0375,0.11538461538461539,0.3205414681570244,26,80
Clustering,5749,5,0.0,0.0,0.0,39,80
Clustering,5749,10,0.0,0.0,0.0,39,80
Clustering,5749,20,0.0,0.0,0.0,39,80
Clustering,5749,40,0.0,0.0,0.0,39,80
Clustering,5749,80,0.0125,0.02564102564102564,0.15863495891559604,39,80
Clustering,5830,5,0.0,0.0,0.0,10,80
Clustering,5830,10,0.0,0.0,0.0,10,80
Clustering,5830,20,0.0,0.0,0.0,10,80
Clustering,5830,40,0.0,0.0,0.0,10,80
Clustering,5830,80,0.0,0.0,0.0,10,80
Clustering,866,5,0.0,0.0,0.0,3,80
Clustering,866,10,0.0,0.0,0.0,3,80
Clustering,866,20,0.0,0.0,0.0,3,80
Clustering,866,40,0.0,0.0,0.0,3,80
Clustering,866,80,0.0125,0.3333333333333333,0.16544255391905832,3,80
Clustering,806,5,0.0,0.0,0.0,13,80
Clustering,806,10,0.0,0.0,0.0,13,80
Clustering,806,20,0.0,0.0,0.0,13,80
Clustering,806,40,0.0,0.0,0.0,13,80
Clustering,806,80,0.0,0.0,0.0,13,80
Clustering,656,5,0.0,0.0,0.0,25,80
Clustering,656,10,0.0,0.0,0.0,25,80
Clustering,656,20,0.0,0.0,0.0,25,80
Clustering,656,40,0.0,0.0,0.0,25,80
Clustering,656,80,0.025,0.08,0.21008384030866697,25,80
Clustering,4820,5,0.0,0.0,0.0,6,80
Clustering,4820,10,0.0,0.0,0.0,6,80
Clustering,4820,20,0.0,0.0,0.0,6,80
Clustering,4820,40,0.0,0.0,0.0,6,80
Clustering,4820,80,0.0125,0.16666666666666666,0.17718382013555792,6,80
Clustering,2517,5,0.0,0.0,0.0,5,80
Clustering,2517,10,0.0,0.0,0.0,5,80
Clustering,2517,20,0.0,0.0,0.0,5,80
Clustering,2517,40,0.0,0.0,0.0,5,80
Clustering,2517,80,0.0,0.0,0.0,5,80
Clustering,5672,5,0.0,0.0,0.0,3,80
Clustering,5672,10,0.0,0.0,0.0,3,80
Clustering,5672,20,0.0,0.0,0.0,3,80
Clustering,5672,40,0.0,0.0,0.0,3,80
Clustering,5672,80,0.0,0.0,0.0,3,80
Clustering,24,5,0.0,0.0,0.0,22,80
Clustering,24,10,0.0,0.0,0.0,22,80
Clustering,24,20,0.0,0.0,0.0,22,80
Clustering,24,40,0.0,0.0,0.0,22,80
Clustering,24,80,0.0,0.0,0.0,22,80
Clustering,1422,5,0.0,0.0,0.0,35,80
Clustering,1422,10,0.0,0.0,0.0,35,80
Clustering,1422,20,0.0,0.0,0.0,35,80
Clustering,1422,40,0.0,0.0,0.0,35,80
Clustering,1422,80,0.0,0.0,0.0,35,80
Clustering,5656,5,0.0,0.0,0.0,1,80
Clustering,5656,10,0.0,0.0,0.0,1,80
Clustering,5656,20,0.0,0.0,0.0,1,80
Clustering,5656,40,0.0,0.0,0.0,1,80
Clustering,5656,80,0.0,0.0,0.0,1,80
Clustering,5729,5,0.0,0.0,0.0,12,80
Clustering,5729,10,0.0,0.0,0.0,12,80
Clustering,5729,20,0.0,0.0,0.0,12,80
Clustering,5729,40,0.0,0.0,0.0,12,80
Clustering,5729,80,0.0,0.0,0.0,12,80
Clustering,2438,5,0.0,0.0,0.0,18,80
Clustering,2438,10,0.0,0.0,0.0,18,80
Clustering,2438,20,0.0,0.0,0.0,18,80
Clustering,2438,40,0.0,0.0,0.0,18,80
Clustering,2438,80,0.0,0.0,0.0,18,80
Clustering,4163,5,0.0,0.0,0.0,4,80
Clustering,4163,10,0.0,0.0,0.0,4,80
Clustering,4163,20,0.0,0.0,0.0,4,80
Clustering,4163,40,0.0,0.0,0.0,4,80
Clustering,4163,80,0.0,0.0,0.0,4,80
Clustering,1631,5,0.0,0.0,0.0,22,80
Clustering,1631,10,0.0,0.0,0.0,22,80
Clustering,1631,20,0.0,0.0,0.0,22,80
Clustering,1631,40,0.0,0.0,0.0,22,80
Clustering,1631,80,0.0,0.0,0.0,22,80
Clustering,2519,5,0.0,0.0,0.0,6,80
Clustering,2519,10,0.0,0.0,0.0,6,80
Clustering,2519,20,0.0,0.0,0.0,6,80
Clustering,2519,40,0.0,0.0,0.0,6,80
Clustering,2519,80,0.0,0.0,0.0,6,80
Clustering,3588,5,0.2,0.025,0.43067655807339306,40,80
Clustering,3588,10,0.1,0.025,0.43067655807339306,40,80
Clustering,3588,20,0.05,0.025,0.43067655807339306,40,80
Clustering,3588,40,0.075,0.075,0.40393974194069476,40,80
Clustering,3588,80,0.0375,0.075,0.40393974194069476,40,80
Clustering,2859,5,0.0,0.0,0.0,28,80
Clustering,2859,10,0.1,0.03571428571428571,0.3562071871080222,28,80
Clustering,2859,20,0.05,0.03571428571428571,0.3562071871080222,28,80
Clustering,2859,40,0.025,0.03571428571428571,0.3562071871080222,28,80
Clustering,2859,80,0.0125,0.03571428571428571,0.3562071871080222,28,80
Clustering,5387,5,0.0,0.0,0.0,76,80
Clustering,5387,10,0.0,0.0,0.0,76,80
Clustering,5387,20,0.0,0.0,0.0,76,80
Clustering,5387,40,0.0,0.0,0.0,76,80
Clustering,5387,80,0.0,0.0,0.0,76,80
Clustering,5636,5,0.0,0.0,0.0,68,80
Clustering,5636,10,0.0,0.0,0.0,68,80
Clustering,5636,20,0.0,0.0,0.0,68,80
Clustering,5636,40,0.0,0.0,0.0,68,80
Clustering,5636,80,0.0,0.0,0.0,68,80
Clustering,4492,5,0.0,0.0,0.0,3,80
Clustering,4492,10,0.0,0.0,0.0,3,80
Clustering,4492,20,0.0,0.0,0.0,3,80
Clustering,4492,40,0.0,0.0,0.0,3,80
Clustering,4492,80,0.0,0.0,0.0,3,80
Clustering,4745,5,0.0,0.0,0.0,9,80
Clustering,4745,10,0.0,0.0,0.0,9,80
Clustering,4745,20,0.0,0.0,0.0,9,80
Clustering,4745,40,0.0,0.0,0.0,9,80
Clustering,4745,80,0.0,0.0,0.0,9,80
Clustering,2968,5,0.0,0.0,0.0,36,80
Clustering,2968,10,0.0,0.0,0.0,36,80
Clustering,2968,20,0.0,0.0,0.0,36,80
Clustering,2968,40,0.0,0.0,0.0,36,80
Clustering,2968,80,0.0,0.0,0.0,36,80
Clustering,255,5,0.0,0.0,0.0,39,80
Clustering,255,10,0.0,0.0,0.0,39,80
Clustering,255,20,0.0,0.0,0.0,39,80
Clustering,255,40,0.0,0.0,0.0,39,80
Clustering,255,80,0.0,0.0,0.0,39,80
Clustering,2551,5,0.0,0.0,0.0,6,80
Clustering,2551,10,0.0,0.0,0.0,6,80
Clustering,2551,20,0.0,0.0,0.0,6,80
Clustering,2551,40,0.0,0.0,0.0,6,80
Clustering,2551,80,0.0,0.0,0.0,6,80
Clustering,1194,5,0.0,0.0,0.0,59,80
Clustering,1194,10,0.0,0.0,0.0,59,80
Clustering,1194,20,0.0,0.0,0.0,59,80
Clustering,1194,40,0.0,0.0,0.0,59,80
Clustering,1194,80,0.0125,0.01694915254237288,0.16260831227163416,59,80
Clustering,222,5,0.0,0.0,0.0,12,80
Clustering,222,10,0.0,0.0,0.0,12,80
Clustering,222,20,0.0,0.0,0.0,12,80
Clustering,222,40,0.0,0.0,0.0,12,80
Clustering,222,80,0.0,0.0,0.0,12,80
Clustering,1742,5,0.0,0.0,0.0,6,80
Clustering,1742,10,0.0,0.0,0.0,6,80
Clustering,1742,20,0.0,0.0,0.0,6,80
Clustering,1742,40,0.0,0.0,0.0,6,80
Clustering,1742,80,0.0,0.0,0.0,6,80
Clustering,4251,5,0.0,0.0,0.0,10,80
Clustering,4251,10,0.0,0.0,0.0,10,80
Clustering,4251,20,0.0,0.0,0.0,10,80
Clustering,4251,40,0.0,0.0,0.0,10,80
Clustering,4251,80,0.0125,0.1,0.16104477175644444,10,80
Clustering,4223,5,0.0,0.0,0.0,12,80
Clustering,4223,10,0.0,0.0,0.0,12,80
Clustering,4223,20,0.0,0.0,0.0,12,80
Clustering,4223,40,0.0,0.0,0.0,12,80
Clustering,4223,80,0.0,0.0,0.0,12,80
Clustering,1162,5,0.0,0.0,0.0,19,80
Clustering,1162,10,0.0,0.0,0.0,19,80
Clustering,1162,20,0.0,0.0,0.0,19,80
Clustering,1162,40,0.0,0.0,0.0,19,80
Clustering,1162,80,0.0,0.0,0.0,19,80
Clustering,1401,5,0.0,0.0,0.0,9,80
Clustering,1401,10,0.0,0.0,0.0,9,80
Clustering,1401,20,0.0,0.0,0.0,9,80
Clustering,1401,40,0.0,0.0,0.0,9,80
Clustering,1401,80,0.0,0.0,0.0,9,80
Clustering,4354,5,0.0,0.0,0.0,73,80
Clustering,4354,10,0.0,0.0,0.0,73,80
Clustering,4354,20,0.0,0.0,0.0,73,80
Clustering,4354,40,0.0,0.0,0.0,73,80
Clustering,4354,80,0.0,0.0,0.0,73,80
Clustering,882,5,0.0,0.0,0.0,12,80
Clustering,882,10,0.0,0.0,0.0,12,80
Clustering,882,20,0.0,0.0,0.0,12,80
Clustering,882,40,0.0,0.0,0.0,12,80
Clustering,882,80,0.0,0.0,0.0,12,80
Clustering,5336,5,0.0,0.0,0.0,2,80
Clustering,5336,10,0.0,0.0,0.0,2,80
Clustering,5336,20,0.0,0.0,0.0,2,80
Clustering,5336,40,0.0,0.0,0.0,2,80
Clustering,5336,80,0.0,0.0,0.0,2,80
Clustering,4798,5,0.0,0.0,0.0,16,80
Clustering,4798,10,0.0,0.0,0.0,16,80
Clustering,4798,20,0.0,0.0,0.0,16,80
Clustering,4798,40,0.0,0.0,0.0,16,80
Clustering,4798,80,0.0,0.0,0.0,16,80
Clustering,566,5,0.0,0.0,0.0,19,80
Clustering,566,10,0.0,0.0,0.0,19,80
Clustering,566,20,0.0,0.0,0.0,19,80
Clustering,566,40,0.0,0.0,0.0,19,80
Clustering,566,80,0.0125,0.05263157894736842,0.16485085672216038,19,80
Clustering,756,5,0.0,0.0,0.0,2,80
Clustering,756,10,0.0,0.0,0.0,2,80
Clustering,756,20,0.0,0.0,0.0,2,80
Clustering,756,40,0.0,0.0,0.0,2,80
Clustering,756,80,0.0,0.0,0.0,2,80
Clustering,2501,5,0.0,0.0,0.0,15,80
Clustering,2501,10,0.0,0.0,0.0,15,80
Clustering,2501,20,0.0,0.0,0.0,15,80
Clustering,2501,40,0.0,0.0,0.0,15,80
Clustering,2501,80,0.0,0.0,0.0,15,80
Clustering,3696,5,0.0,0.0,0.0,19,80
Clustering,3696,10,0.0,0.0,0.0,19,80
Clustering,3696,20,0.0,0.0,0.0,19,80
Clustering,3696,40,0.0,0.0,0.0,19,80
Clustering,3696,80,0.0,0.0,0.0,19,80
Clustering,1878,5,0.0,0.0,0.0,13,80
Clustering,1878,10,0.0,0.0,0.0,13,80
Clustering,1878,20,0.0,0.0,0.0,13,80
Clustering,1878,40,0.0,0.0,0.0,13,80
Clustering,1878,80,0.0125,0.07692307692307693,0.1631512196835108,13,80
Clustering,80,5,0.0,0.0,0.0,4,80
Clustering,80,10,0.0,0.0,0.0,4,80
Clustering,80,20,0.0,0.0,0.0,4,80
Clustering,80,40,0.025,0.25,0.2037950470905062,4,80
Clustering,80,80,0.0125,0.25,0.2037950470905062,4,80
Clustering,2339,5,0.0,0.0,0.0,4,80
Clustering,2339,10,0.0,0.0,0.0,4,80
Clustering,2339,20,0.0,0.0,0.0,4,80
Clustering,2339,40,0.025,0.25,0.21533827903669653,4,80
Clustering,2339,80,0.0125,0.25,0.21533827903669653,4,80
Clustering,5592,5,0.0,0.0,0.0,20,80
Clustering,5592,10,0.0,0.0,0.0,20,80
Clustering,5592,20,0.0,0.0,0.0,20,80
Clustering,5592,40,0.0,0.0,0.0,20,80
Clustering,5592,80,0.0,0.0,0.0,20,80
Clustering,2805,5,0.0,0.0,0.0,15,80
Clustering,2805,10,0.0,0.0,0.0,15,80
Clustering,2805,20,0.0,0.0,0.0,15,80
Clustering,2805,40,0.025,0.06666666666666667,0.2,15,80
Clustering,2805,80,0.025,0.13333333333333333,0.2237072785772651,15,80
Clustering,764,5,0.0,0.0,0.0,22,80
Clustering,764,10,0.0,0.0,0.0,22,80
Clustering,764,20,0.05,0.045454545454545456,0.23137821315975915,22,80
Clustering,764,40,0.025,0.045454545454545456,0.23137821315975915,22,80
Clustering,764,80,0.05,0.18181818181818182,0.29522943571147997,22,80
Clustering,1600,5,0.0,0.0,0.0,41,80
Clustering,1600,10,0.0,0.0,0.0,41,80
Clustering,1600,20,0.05,0.024390243902439025,0.23540891336663824,41,80
Clustering,1600,40,0.025,0.024390243902439025,0.23540891336663824,41,80
Clustering,1600,80,0.0125,0.024390243902439025,0.23540891336663824,41,80
Clustering,2290,5,0.2,0.14285714285714285,0.6309297535714575,7,80
Clustering,2290,10,0.1,0.14285714285714285,0.6309297535714575,7,80
Clustering,2290,20,0.05,0.14285714285714285,0.6309297535714575,7,80
Clustering,2290,40,0.025,0.14285714285714285,0.6309297535714575,7,80
Clustering,2290,80,0.0125,0.14285714285714285,0.6309297535714575,7,80
Clustering,5263,5,0.0,0.0,0.0,16,80
Clustering,5263,10,0.0,0.0,0.0,16,80
Clustering,5263,20,0.0,0.0,0.0,16,80
Clustering,5263,40,0.0,0.0,0.0,16,80
Clustering,5263,80,0.0,0.0,0.0,16,80
Clustering,5444,5,0.0,0.0,0.0,3,80
Clustering,5444,10,0.0,0.0,0.0,3,80
Clustering,5444,20,0.0,0.0,0.0,3,80
Clustering,5444,40,0.0,0.0,0.0,3,80
Clustering,5444,80,0.0,0.0,0.0,3,80
Clustering,1885,5,0.0,0.0,0.0,7,80
Clustering,1885,10,0.0,0.0,0.0,7,80
Clustering,1885,20,0.05,0.14285714285714285,0.227670248696953,7,80
Clustering,1885,40,0.025,0.14285714285714285,0.227670248696953,7,80
Clustering,1885,80,0.0125,0.14285714285714285,0.227670248696953,7,80
Clustering,4735,5,0.0,0.0,0.0,15,80
Clustering,4735,10,0.0,0.0,0.0,15,80
Clustering,4735,20,0.0,0.0,0.0,15,80
Clustering,4735,40,0.0,0.0,0.0,15,80
Clustering,4735,80,0.0,0.0,0.0,15,80
Clustering,2193,5,0.0,0.0,0.0,4,80
Clustering,2193,10,0.0,0.0,0.0,4,80
Clustering,2193,20,0.0,0.0,0.0,4,80
Clustering,2193,40,0.0,0.0,0.0,4,80
Clustering,2193,80,0.0,0.0,0.0,4,80
Clustering,5128,5,0.0,0.0,0.0,12,80
Clustering,5128,10,0.0,0.0,0.0,12,80
Clustering,5128,20,0.0,0.0,0.0,12,80
Clustering,5128,40,0.0,0.0,0.0,12,80
Clustering,5128,80,0.0,0.0,0.0,12,80
Clustering,2301,5,0.0,0.0,0.0,8,80
Clustering,2301,10,0.0,0.0,0.0,8,80
Clustering,2301,20,0.0,0.0,0.0,8,80
Clustering,2301,40,0.0,0.0,0.0,8,80
Clustering,2301,80,0.0,0.0,0.0,8,80
Clustering,168,5,0.0,0.0,0.0,4,80
Clustering,168,10,0.0,0.0,0.0,4,80
Clustering,168,20,0.0,0.0,0.0,4,80
Clustering,168,40,0.0,0.0,0.0,4,80
Clustering,168,80,0.0,0.0,0.0,4,80
Clustering,3252,5,0.0,0.0,0.0,3,80
Clustering,3252,10,0.0,0.0,0.0,3,80
Clustering,3252,20,0.0,0.0,0.0,3,80
Clustering,3252,40,0.0,0.0,0.0,3,80
Clustering,3252,80,0.0,0.0,0.0,3,80
Clustering,5253,5,0.0,0.0,0.0,15,80
Clustering,5253,10,0.0,0.0,0.0,15,80
Clustering,5253,20,0.0,0.0,0.0,15,80
Clustering,5253,40,0.0,0.0,0.0,15,80
Clustering,5253,80,0.0125,0.06666666666666667,0.16929380759878143,15,80
Clustering,3453,5,0.0,0.0,0.0,22,80
Clustering,3453,10,0.0,0.0,0.0,22,80
Clustering,3453,20,0.0,0.0,0.0,22,80
Clustering,3453,40,0.0,0.0,0.0,22,80
Clustering,3453,80,0.0,0.0,0.0,22,80
Clustering,1510,5,0.0,0.0,0.0,4,80
Clustering,1510,10,0.0,0.0,0.0,4,80
Clustering,1510,20,0.0,0.0,0.0,4,80
Clustering,1510,40,0.0,0.0,0.0,4,80
Clustering,1510,80,0.0,0.0,0.0,4,80
Clustering,4664,5,0.0,0.0,0.0,7,80
Clustering,4664,10,0.0,0.0,0.0,7,80
Clustering,4664,20,0.0,0.0,0.0,7,80
Clustering,4664,40,0.0,0.0,0.0,7,80
Clustering,4664,80,0.0,0.0,0.0,7,80
Clustering,3169,5,0.0,0.0,0.0,13,80
Clustering,3169,10,0.0,0.0,0.0,13,80
Clustering,3169,20,0.0,0.0,0.0,13,80
Clustering,3169,40,0.0,0.0,0.0,13,80
Clustering,3169,80,0.0,0.0,0.0,13,80
Clustering,229,5,0.0,0.0,0.0,20,80
Clustering,229,10,0.0,0.0,0.0,20,80
Clustering,229,20,0.0,0.0,0.0,20,80
Clustering,229,40,0.0,0.0,0.0,20,80
Clustering,229,80,0.0,0.0,0.0,20,80
Clustering,531,5,0.0,0.0,0.0,59,80
Clustering,531,10,0.0,0.0,0.0,59,80
Clustering,531,20,0.0,0.0,0.0,59,80
Clustering,531,40,0.0,0.0,0.0,59,80
Clustering,531,80,0.0,0.0,0.0,59,80
Clustering,2379,5,0.0,0.0,0.0,4,80
Clustering,2379,10,0.0,0.0,0.0,4,80
Clustering,2379,20,0.0,0.0,0.0,4,80
Clustering,2379,40,0.0,0.0,0.0,4,80
Clustering,2379,80,0.0,0.0,0.0,4,80
Clustering,1372,5,0.0,0.0,0.0,6,80
Clustering,1372,10,0.0,0.0,0.0,6,80
Clustering,1372,20,0.0,0.0,0.0,6,80
Clustering,1372,40,0.0,0.0,0.0,6,80
Clustering,1372,80,0.0,0.0,0.0,6,80
Clustering,4871,5,0.0,0.0,0.0,1,80
Clustering,4871,10,0.0,0.0,0.0,1,80
Clustering,4871,20,0.0,0.0,0.0,1,80
Clustering,4871,40,0.0,0.0,0.0,1,80
Clustering,4871,80,0.0,0.0,0.0,1,80
Clustering,85,5,0.0,0.0,0.0,3,80
Clustering,85,10,0.0,0.0,0.0,3,80
Clustering,85,20,0.0,0.0,0.0,3,80
Clustering,85,40,0.0,0.0,0.0,3,80
Clustering,85,80,0.0,0.0,0.0,3,80
Clustering,3929,5,0.0,0.0,0.0,31,80
Clustering,3929,10,0.0,0.0,0.0,31,80
Clustering,3929,20,0.0,0.0,0.0,31,80
Clustering,3929,40,0.0,0.0,0.0,31,80
Clustering,3929,80,0.0,0.0,0.0,31,80
Clustering,1023,5,0.0,0.0,0.0,7,80
Clustering,1023,10,0.0,0.0,0.0,7,80
Clustering,1023,20,0.0,0.0,0.0,7,80
Clustering,1023,40,0.0,0.0,0.0,7,80
Clustering,1023,80,0.0,0.0,0.0,7,80
Clustering,4821,5,0.0,0.0,0.0,27,80
Clustering,4821,10,0.0,0.0,0.0,27,80
Clustering,4821,20,0.0,0.0,0.0,27,80
Clustering,4821,40,0.0,0.0,0.0,27,80
Clustering,4821,80,0.0,0.0,0.0,27,80
Clustering,677,5,0.0,0.0,0.0,32,80
Clustering,677,10,0.0,0.0,0.0,32,80
Clustering,677,20,0.0,0.0,0.0,32,80
Clustering,677,40,0.0,0.0,0.0,32,80
Clustering,677,80,0.0,0.0,0.0,32,80
Clustering,5904,5,0.0,0.0,0.0,2,80
Clustering,5904,10,0.0,0.0,0.0,2,80
Clustering,5904,20,0.0,0.0,0.0,2,80
Clustering,5904,40,0.0,0.0,0.0,2,80
Clustering,5904,80,0.0,0.0,0.0,2,80
Clustering,5821,5,0.0,0.0,0.0,11,80
Clustering,5821,10,0.0,0.0,0.0,11,80
Clustering,5821,20,0.0,0.0,0.0,11,80
Clustering,5821,40,0.0,0.0,0.0,11,80
Clustering,5821,80,0.0,0.0,0.0,11,80
Clustering,1449,5,0.0,0.0,0.0,76,80
Clustering,1449,10,0.0,0.0,0.0,76,80
Clustering,1449,20,0.0,0.0,0.0,76,80
Clustering,1449,40,0.0,0.0,0.0,76,80
Clustering,1449,80,0.0,0.0,0.0,76,80
Clustering,1658,5,0.0,0.0,0.0,55,80
Clustering,1658,10,0.0,0.0,0.0,55,80
Clustering,1658,20,0.0,0.0,0.0,55,80
Clustering,1658,40,0.0,0.0,0.0,55,80
Clustering,1658,80,0.0,0.0,0.0,55,80
Clustering,1696,5,0.0,0.0,0.0,24,80
Clustering,1696,10,0.0,0.0,0.0,24,80
Clustering,1696,20,0.0,0.0,0.0,24,80
Clustering,1696,40,0.0,0.0,0.0,24,80
Clustering,1696,80,0.0,0.0,0.0,24,80
Clustering,1670,5,0.0,0.0,0.0,7,80
Clustering,1670,10,0.0,0.0,0.0,7,80
Clustering,1670,20,0.0,0.0,0.0,7,80
Clustering,1670,40,0.0,0.0,0.0,7,80
Clustering,1670,80,0.0,0.0,0.0,7,80
Clustering,5207,5,0.0,0.0,0.0,3,80
Clustering,5207,10,0.0,0.0,0.0,3,80
Clustering,5207,20,0.0,0.0,0.0,3,80
Clustering,5207,40,0.0,0.0,0.0,3,80
Clustering,5207,80,0.0,0.0,0.0,3,80
Clustering,4330,5,0.0,0.0,0.0,8,80
Clustering,4330,10,0.0,0.0,0.0,8,80
Clustering,4330,20,0.0,0.0,0.0,8,80
Clustering,4330,40,0.0,0.0,0.0,8,80
Clustering,4330,80,0.0,0.0,0.0,8,80
Clustering,1617,5,0.0,0.0,0.0,13,80
Clustering,1617,10,0.0,0.0,0.0,13,80
Clustering,1617,20,0.0,0.0,0.0,13,80
Clustering,1617,40,0.0,0.0,0.0,13,80
Clustering,1617,80,0.0,0.0,0.0,13,80
Clustering,1098,5,0.0,0.0,0.0,5,80
Clustering,1098,10,0.0,0.0,0.0,5,80
Clustering,1098,20,0.0,0.0,0.0,5,80
Clustering,1098,40,0.0,0.0,0.0,5,80
Clustering,1098,80,0.0,0.0,0.0,5,80
Clustering,3518,5,0.0,0.0,0.0,56,80
Clustering,3518,10,0.0,0.0,0.0,56,80
Clustering,3518,20,0.0,0.0,0.0,56,80
Clustering,3518,40,0.0,0.0,0.0,56,80
Clustering,3518,80,0.0,0.0,0.0,56,80
Clustering,3105,5,0.0,0.0,0.0,10,80
Clustering,3105,10,0.0,0.0,0.0,10,80
Clustering,3105,20,0.0,0.0,0.0,10,80
Clustering,3105,40,0.0,0.0,0.0,10,80
Clustering,3105,80,0.0,0.0,0.0,10,80
Clustering,4638,5,0.0,0.0,0.0,2,80
Clustering,4638,10,0.0,0.0,0.0,2,80
Clustering,4638,20,0.0,0.0,0.0,2,80
Clustering,4638,40,0.0,0.0,0.0,2,80
Clustering,4638,80,0.0,0.0,0.0,2,80
Clustering,4573,5,0.0,0.0,0.0,21,80
Clustering,4573,10,0.1,0.047619047619047616,0.2890648263178879,21,80
Clustering,4573,20,0.05,0.047619047619047616,0.2890648263178879,21,80
Clustering,4573,40,0.05,0.09523809523809523,0.302195647807096,21,80
Clustering,4573,80,0.025,0.09523809523809523,0.302195647807096,21,80
Clustering,38,5,0.0,0.0,0.0,12,80
Clustering,38,10,0.0,0.0,0.0,12,80
Clustering,38,20,0.0,0.0,0.0,12,80
Clustering,38,40,0.0,0.0,0.0,12,80
Clustering,38,80,0.0,0.0,0.0,12,80
Clustering,1499,5,0.0,0.0,0.0,20,80
Clustering,1499,10,0.0,0.0,0.0,20,80
Clustering,1499,20,0.0,0.0,0.0,20,80
Clustering,1499,40,0.0,0.0,0.0,20,80
Clustering,1499,80,0.0,0.0,0.0,20,80
Clustering,3649,5,0.0,0.0,0.0,6,80
Clustering,3649,10,0.0,0.0,0.0,6,80
Clustering,3649,20,0.0,0.0,0.0,6,80
Clustering,3649,40,0.0,0.0,0.0,6,80
Clustering,3649,80,0.0125,0.16666666666666666,0.17219543379409813,6,80
Clustering,1455,5,0.0,0.0,0.0,9,80
Clustering,1455,10,0.0,0.0,0.0,9,80
Clustering,1455,20,0.0,0.0,0.0,9,80
Clustering,1455,40,0.0,0.0,0.0,9,80
Clustering,1455,80,0.0,0.0,0.0,9,80
Clustering,2458,5,0.0,0.0,0.0,20,80
Clustering,2458,10,0.0,0.0,0.0,20,80
Clustering,2458,20,0.0,0.0,0.0,20,80
Clustering,2458,40,0.0,0.0,0.0,20,80
Clustering,2458,80,0.0125,0.05,0.15909880786929415,20,80
Clustering,692,5,0.0,0.0,0.0,103,80
Clustering,692,10,0.0,0.0,0.0,103,80
Clustering,692,20,0.0,0.0,0.0,103,80
Clustering,692,40,0.0,0.0,0.0,103,80
Clustering,692,80,0.0,0.0,0.0,103,80
Clustering,2197,5,0.0,0.0,0.0,9,80
Clustering,2197,10,0.0,0.0,0.0,9,80
Clustering,2197,20,0.05,0.1111111111111111,0.227670248696953,9,80
Clustering,2197,40,0.025,0.1111111111111111,0.227670248696953,9,80
Clustering,2197,80,0.0125,0.1111111111111111,0.227670248696953,9,80
Clustering,3494,5,0.0,0.0,0.0,6,80
Clustering,3494,10,0.0,0.0,0.0,6,80
Clustering,3494,20,0.0,0.0,0.0,6,80
Clustering,3494,40,0.0,0.0,0.0,6,80
Clustering,3494,80,0.0125,0.16666666666666666,0.17219543379409813,6,80
Clustering,707,5,0.0,0.0,0.0,7,80
Clustering,707,10,0.0,0.0,0.0,7,80
Clustering,707,20,0.0,0.0,0.0,7,80
Clustering,707,40,0.0,0.0,0.0,7,80
Clustering,707,80,0.0,0.0,0.0,7,80
Clustering,1221,5,0.0,0.0,0.0,38,80
Clustering,1221,10,0.0,0.0,0.0,38,80
Clustering,1221,20,0.05,0.02631578947368421,0.27023815442731974,38,80
Clustering,1221,40,0.025,0.02631578947368421,0.27023815442731974,38,80
Clustering,1221,80,0.0125,0.02631578947368421,0.27023815442731974,38,80
Clustering,5963,5,0.0,0.0,0.0,18,80
Clustering,5963,10,0.0,0.0,0.0,18,80
Clustering,5963,20,0.0,0.0,0.0,18,80
Clustering,5963,40,0.0,0.0,0.0,18,80
Clustering,5963,80,0.0,0.0,0.0,18,80
Clustering,2452,5,0.0,0.0,0.0,7,80
Clustering,2452,10,0.0,0.0,0.0,7,80
Clustering,2452,20,0.0,0.0,0.0,7,80
Clustering,2452,40,0.0,0.0,0.0,7,80
Clustering,2452,80,0.0,0.0,0.0,7,80
Clustering,1407,5,0.0,0.0,0.0,23,80
Clustering,1407,10,0.0,0.0,0.0,23,80
Clustering,1407,20,0.0,0.0,0.0,23,80
Clustering,1407,40,0.0,0.0,0.0,23,80
Clustering,1407,80,0.0,0.0,0.0,23,80
Clustering,4769,5,0.0,0.0,0.0,7,80
Clustering,4769,10,0.0,0.0,0.0,7,80
Clustering,4769,20,0.0,0.0,0.0,7,80
Clustering,4769,40,0.0,0.0,0.0,7,80
Clustering,4769,80,0.0,0.0,0.0,7,80
Clustering,5208,5,0.0,0.0,0.0,11,80
Clustering,5208,10,0.0,0.0,0.0,11,80
Clustering,5208,20,0.0,0.0,0.0,11,80
Clustering,5208,40,0.0,0.0,0.0,11,80
Clustering,5208,80,0.0,0.0,0.0,11,80
Clustering,4603,5,0.0,0.0,0.0,8,80
Clustering,4603,10,0.0,0.0,0.0,8,80
Clustering,4603,20,0.0,0.0,0.0,8,80
Clustering,4603,40,0.0,0.0,0.0,8,80
Clustering,4603,80,0.0125,0.125,0.16260831227163416,8,80
Clustering,1894,5,0.0,0.0,0.0,32,80
Clustering,1894,10,0.0,0.0,0.0,32,80
Clustering,1894,20,0.0,0.0,0.0,32,80
Clustering,1894,40,0.0,0.0,0.0,32,80
Clustering,1894,80,0.0,0.0,0.0,32,80
Clustering,1515,5,0.0,0.0,0.0,5,80
Clustering,1515,10,0.0,0.0,0.0,5,80
Clustering,1515,20,0.0,0.0,0.0,5,80
Clustering,1515,40,0.0,0.0,0.0,5,80
Clustering,1515,80,0.0,0.0,0.0,5,80
Clustering,4031,5,0.0,0.0,0.0,6,80
Clustering,4031,10,0.0,0.0,0.0,6,80
Clustering,4031,20,0.0,0.0,0.0,6,80
Clustering,4031,40,0.0,0.0,0.0,6,80
Clustering,4031,80,0.0,0.0,0.0,6,80
Clustering,507,5,0.0,0.0,0.0,6,80
Clustering,507,10,0.0,0.0,0.0,6,80
Clustering,507,20,0.0,0.0,0.0,6,80
Clustering,507,40,0.0,0.0,0.0,6,80
Clustering,507,80,0.0,0.0,0.0,6,80
Clustering,3756,5,0.0,0.0,0.0,52,80
Clustering,3756,10,0.0,0.0,0.0,52,80
Clustering,3756,20,0.0,0.0,0.0,52,80
Clustering,3756,40,0.0,0.0,0.0,52,80
Clustering,3756,80,0.0,0.0,0.0,52,80
Clustering,1567,5,0.0,0.0,0.0,9,80
Clustering,1567,10,0.0,0.0,0.0,9,80
Clustering,1567,20,0.0,0.0,0.0,9,80
Clustering,1567,40,0.0,0.0,0.0,9,80
Clustering,1567,80,0.0,0.0,0.0,9,80
Clustering,3343,5,0.0,0.0,0.0,6,80
Clustering,3343,10,0.0,0.0,0.0,6,80
Clustering,3343,20,0.0,0.0,0.0,6,80
Clustering,3343,40,0.0,0.0,0.0,6,80
Clustering,3343,80,0.0,0.0,0.0,6,80
Clustering,94,5,0.0,0.0,0.0,4,80
Clustering,94,10,0.0,0.0,0.0,4,80
Clustering,94,20,0.0,0.0,0.0,4,80
Clustering,94,40,0.0,0.0,0.0,4,80
Clustering,94,80,0.0,0.0,0.0,4,80
Clustering,4648,5,0.0,0.0,0.0,6,80
Clustering,4648,10,0.0,0.0,0.0,6,80
Clustering,4648,20,0.0,0.0,0.0,6,80
Clustering,4648,40,0.0,0.0,0.0,6,80
Clustering,4648,80,0.0,0.0,0.0,6,80
Clustering,2121,5,0.0,0.0,0.0,23,80
Clustering,2121,10,0.0,0.0,0.0,23,80
Clustering,2121,20,0.0,0.0,0.0,23,80
Clustering,2121,40,0.0,0.0,0.0,23,80
Clustering,2121,80,0.0,0.0,0.0,23,80
Clustering,2325,5,0.0,0.0,0.0,1,80
Clustering,2325,10,0.0,0.0,0.0,1,80
Clustering,2325,20,0.0,0.0,0.0,1,80
Clustering,2325,40,0.0,0.0,0.0,1,80
Clustering,2325,80,0.0,0.0,0.0,1,80
Clustering,5398,5,0.0,0.0,0.0,2,80
Clustering,5398,10,0.0,0.0,0.0,2,80
Clustering,5398,20,0.0,0.0,0.0,2,80
Clustering,5398,40,0.0,0.0,0.0,2,80
Clustering,5398,80,0.0,0.0,0.0,2,80
Clustering,3890,5,0.0,0.0,0.0,15,80
Clustering,3890,10,0.0,0.0,0.0,15,80
Clustering,3890,20,0.0,0.0,0.0,15,80
Clustering,3890,40,0.0,0.0,0.0,15,80
Clustering,3890,80,0.0,0.0,0.0,15,80
Clustering,3026,5,0.0,0.0,0.0,23,80
Clustering,3026,10,0.0,0.0,0.0,23,80
Clustering,3026,20,0.0,0.0,0.0,23,80
Clustering,3026,40,0.025,0.043478260869565216,0.22106472945750374,23,80
Clustering,3026,80,0.05,0.17391304347826086,0.285976675087604,23,80
Clustering,1739,5,0.0,0.0,0.0,8,80
Clustering,1739,10,0.0,0.0,0.0,8,80
Clustering,1739,20,0.0,0.0,0.0,8,80
Clustering,1739,40,0.0,0.0,0.0,8,80
Clustering,1739,80,0.0,0.0,0.0,8,80
Clustering,2308,5,0.0,0.0,0.0,13,80
Clustering,2308,10,0.0,0.0,0.0,13,80
Clustering,2308,20,0.0,0.0,0.0,13,80
Clustering,2308,40,0.0,0.0,0.0,13,80
Clustering,2308,80,0.0,0.0,0.0,13,80
Clustering,1700,5,0.0,0.0,0.0,1,80
Clustering,1700,10,0.0,0.0,0.0,1,80
Clustering,1700,20,0.0,0.0,0.0,1,80
Clustering,1700,40,0.0,0.0,0.0,1,80
Clustering,1700,80,0.0,0.0,0.0,1,80
Clustering,5580,5,0.0,0.0,0.0,46,80
Clustering,5580,10,0.0,0.0,0.0,46,80
Clustering,5580,20,0.0,0.0,0.0,46,80
Clustering,5580,40,0.0,0.0,0.0,46,80
Clustering,5580,80,0.0,0.0,0.0,46,80
Clustering,2382,5,0.0,0.0,0.0,7,80
Clustering,2382,10,0.0,0.0,0.0,7,80
Clustering,2382,20,0.0,0.0,0.0,7,80
Clustering,2382,40,0.0,0.0,0.0,7,80
Clustering,2382,80,0.0,0.0,0.0,7,80
Clustering,3875,5,0.0,0.0,0.0,2,80
Clustering,3875,10,0.0,0.0,0.0,2,80
Clustering,3875,20,0.0,0.0,0.0,2,80
Clustering,3875,40,0.0,0.0,0.0,2,80
Clustering,3875,80,0.0,0.0,0.0,2,80
Clustering,784,5,0.0,0.0,0.0,5,80
Clustering,784,10,0.0,0.0,0.0,5,80
Clustering,784,20,0.0,0.0,0.0,5,80
Clustering,784,40,0.0,0.0,0.0,5,80
Clustering,784,80,0.0,0.0,0.0,5,80
Clustering,536,5,0.0,0.0,0.0,23,80
Clustering,536,10,0.0,0.0,0.0,23,80
Clustering,536,20,0.0,0.0,0.0,23,80
Clustering,536,40,0.025,0.043478260869565216,0.19823986317056053,23,80
Clustering,536,80,0.0375,0.13043478260869565,0.2597849733820052,23,80
Clustering,4148,5,0.0,0.0,0.0,13,80
Clustering,4148,10,0.0,0.0,0.0,13,80
Clustering,4148,20,0.0,0.0,0.0,13,80
Clustering,4148,40,0.0,0.0,0.0,13,80
Clustering,4148,80,0.0,0.0,0.0,13,80
Clustering,1781,5,0.0,0.0,0.0,7,80
Clustering,1781,10,0.0,0.0,0.0,7,80
Clustering,1781,20,0.0,0.0,0.0,7,80
Clustering,1781,40,0.025,0.14285714285714285,0.21533827903669653,7,80
Clustering,1781,80,0.0125,0.14285714285714285,0.21533827903669653,7,80
Clustering,5834,5,0.0,0.0,0.0,1,80
Clustering,5834,10,0.0,0.0,0.0,1,80
Clustering,5834,20,0.0,0.0,0.0,1,80
Clustering,5834,40,0.0,0.0,0.0,1,80
Clustering,5834,80,0.0,0.0,0.0,1,80
Clustering,1195,5,0.0,0.0,0.0,10,80
Clustering,1195,10,0.0,0.0,0.0,10,80
Clustering,1195,20,0.0,0.0,0.0,10,80
Clustering,1195,40,0.0,0.0,0.0,10,80
Clustering,1195,80,0.0,0.0,0.0,10,80
Clustering,3608,5,0.0,0.0,0.0,12,80
Clustering,3608,10,0.0,0.0,0.0,12,80
Clustering,3608,20,0.0,0.0,0.0,12,80
Clustering,3608,40,0.0,0.0,0.0,12,80
Clustering,3608,80,0.025,0.16666666666666666,0.19510734529719423,12,80
Clustering,5786,5,0.0,0.0,0.0,32,80
Clustering,5786,10,0.0,0.0,0.0,32,80
Clustering,5786,20,0.0,0.0,0.0,32,80
Clustering,5786,40,0.0,0.0,0.0,32,80
Clustering,5786,80,0.0,0.0,0.0,32,80
Clustering,1596,5,0.0,0.0,0.0,6,80
Clustering,1596,10,0.0,0.0,0.0,6,80
Clustering,1596,20,0.0,0.0,0.0,6,80
Clustering,1596,40,0.0,0.0,0.0,6,80
Clustering,1596,80,0.0,0.0,0.0,6,80
Clustering,1738,5,0.0,0.0,0.0,8,80
Clustering,1738,10,0.0,0.0,0.0,8,80
Clustering,1738,20,0.0,0.0,0.0,8,80
Clustering,1738,40,0.025,0.125,0.21810429198553155,8,80
Clustering,1738,80,0.0125,0.125,0.21810429198553155,8,80
Clustering,1534,5,0.0,0.0,0.0,2,80
Clustering,1534,10,0.0,0.0,0.0,2,80
Clustering,1534,20,0.0,0.0,0.0,2,80
Clustering,1534,40,0.0,0.0,0.0,2,80
Clustering,1534,80,0.0,0.0,0.0,2,80
Clustering,5524,5,0.0,0.0,0.0,28,80
Clustering,5524,10,0.0,0.0,0.0,28,80
Clustering,5524,20,0.0,0.0,0.0,28,80
Clustering,5524,40,0.0,0.0,0.0,28,80
Clustering,5524,80,0.025,0.07142857142857142,0.20562713405709326,28,80
Clustering,4056,5,0.0,0.0,0.0,1,80
Clustering,4056,10,0.0,0.0,0.0,1,80
Clustering,4056,20,0.0,0.0,0.0,1,80
Clustering,4056,40,0.0,0.0,0.0,1,80
Clustering,4056,80,0.0,0.0,0.0,1,80
Clustering,5412,5,0.0,0.0,0.0,46,80
Clustering,5412,10,0.0,0.0,0.0,46,80
Clustering,5412,20,0.0,0.0,0.0,46,80
Clustering,5412,40,0.0,0.0,0.0,46,80
Clustering,5412,80,0.0,0.0,0.0,46,80
Clustering,264,5,0.0,0.0,0.0,15,80
Clustering,264,10,0.0,0.0,0.0,15,80
Clustering,264,20,0.0,0.0,0.0,15,80
Clustering,264,40,0.0,0.0,0.0,15,80
Clustering,264,80,0.0,0.0,0.0,15,80
Clustering,626,5,0.2,0.1111111111111111,0.43067655807339306,9,80
Clustering,626,10,0.1,0.1111111111111111,0.43067655807339306,9,80
Clustering,626,20,0.05,0.1111111111111111,0.43067655807339306,9,80
Clustering,626,40,0.025,0.1111111111111111,0.43067655807339306,9,80
Clustering,626,80,0.0125,0.1111111111111111,0.43067655807339306,9,80
Clustering,3206,5,0.0,0.0,0.0,7,80
Clustering,3206,10,0.0,0.0,0.0,7,80
Clustering,3206,20,0.0,0.0,0.0,7,80
Clustering,3206,40,0.0,0.0,0.0,7,80
Clustering,3206,80,0.0,0.0,0.0,7,80
Clustering,4907,5,0.0,0.0,0.0,24,80
Clustering,4907,10,0.0,0.0,0.0,24,80
Clustering,4907,20,0.0,0.0,0.0,24,80
Clustering,4907,40,0.0,0.0,0.0,24,80
Clustering,4907,80,0.0,0.0,0.0,24,80
Clustering,178,5,0.0,0.0,0.0,16,80
Clustering,178,10,0.0,0.0,0.0,16,80
Clustering,178,20,0.0,0.0,0.0,16,80
Clustering,178,40,0.0,0.0,0.0,16,80
Clustering,178,80,0.0,0.0,0.0,16,80
Clustering,1173,5,0.0,0.0,0.0,23,80
Clustering,1173,10,0.0,0.0,0.0,23,80
Clustering,1173,20,0.0,0.0,0.0,23,80
Clustering,1173,40,0.0,0.0,0.0,23,80
Clustering,1173,80,0.0,0.0,0.0,23,80
Clustering,2943,5,0.0,0.0,0.0,24,80
Clustering,2943,10,0.1,0.041666666666666664,0.2890648263178879,24,80
Clustering,2943,20,0.05,0.041666666666666664,0.2890648263178879,24,80
Clustering,2943,40,0.025,0.041666666666666664,0.2890648263178879,24,80
Clustering,2943,80,0.0125,0.041666666666666664,0.2890648263178879,24,80
Clustering,5171,5,0.0,0.0,0.0,6,80
Clustering,5171,10,0.0,0.0,0.0,6,80
Clustering,5171,20,0.0,0.0,0.0,6,80
Clustering,5171,40,0.0,0.0,0.0,6,80
Clustering,5171,80,0.0,0.0,0.0,6,80
Clustering,2828,5,0.0,0.0,0.0,7,80
Clustering,2828,10,0.0,0.0,0.0,7,80
Clustering,2828,20,0.0,0.0,0.0,7,80
Clustering,2828,40,0.0,0.0,0.0,7,80
Clustering,2828,80,0.0,0.0,0.0,7,80
Clustering,157,5,0.0,0.0,0.0,49,80
Clustering,157,10,0.0,0.0,0.0,49,80
Clustering,157,20,0.0,0.0,0.0,49,80
Clustering,157,40,0.0,0.0,0.0,49,80
Clustering,157,80,0.0,0.0,0.0,49,80
Clustering,3621,5,0.0,0.0,0.0,30,80
Clustering,3621,10,0.0,0.0,0.0,30,80
Clustering,3621,20,0.0,0.0,0.0,30,80
Clustering,3621,40,0.0,0.0,0.0,30,80
Clustering,3621,80,0.0,0.0,0.0,30,80
Clustering,2144,5,0.0,0.0,0.0,10,80
Clustering,2144,10,0.0,0.0,0.0,10,80
Clustering,2144,20,0.0,0.0,0.0,10,80
Clustering,2144,40,0.0,0.0,0.0,10,80
Clustering,2144,80,0.0,0.0,0.0,10,80
Clustering,1544,5,0.0,0.0,0.0,23,80
Clustering,1544,10,0.0,0.0,0.0,23,80
Clustering,1544,20,0.0,0.0,0.0,23,80
Clustering,1544,40,0.0,0.0,0.0,23,80
Clustering,1544,80,0.0,0.0,0.0,23,80
Clustering,1774,5,0.0,0.0,0.0,2,80
Clustering,1774,10,0.0,0.0,0.0,2,80
Clustering,1774,20,0.0,0.0,0.0,2,80
Clustering,1774,40,0.0,0.0,0.0,2,80
Clustering,1774,80,0.0,0.0,0.0,2,80
Clustering,32,5,0.0,0.0,0.0,6,80
Clustering,32,10,0.0,0.0,0.0,6,80
Clustering,32,20,0.0,0.0,0.0,6,80
Clustering,32,40,0.0,0.0,0.0,6,80
Clustering,32,80,0.0,0.0,0.0,6,80
Clustering,1673,5,0.0,0.0,0.0,16,80
Clustering,1673,10,0.0,0.0,0.0,16,80
Clustering,1673,20,0.0,0.0,0.0,16,80
Clustering,1673,40,0.0,0.0,0.0,16,80
Clustering,1673,80,0.0,0.0,0.0,16,80
Clustering,6033,5,0.0,0.0,0.0,3,80
Clustering,6033,10,0.0,0.0,0.0,3,80
Clustering,6033,20,0.0,0.0,0.0,3,80
Clustering,6033,40,0.0,0.0,0.0,3,80
Clustering,6033,80,0.0,0.0,0.0,3,80
Clustering,5611,5,0.0,0.0,0.0,8,80
Clustering,5611,10,0.0,0.0,0.0,8,80
Clustering,5611,20,0.0,0.0,0.0,8,80
Clustering,5611,40,0.025,0.125,0.2,8,80
Clustering,5611,80,0.0125,0.125,0.2,8,80
Clustering,3767,5,0.0,0.0,0.0,3,80
Clustering,3767,10,0.0,0.0,0.0,3,80
Clustering,3767,20,0.0,0.0,0.0,3,80
Clustering,3767,40,0.0,0.0,0.0,3,80
Clustering,3767,80,0.0,0.0,0.0,3,80
Clustering,5997,5,0.0,0.0,0.0,13,80
Clustering,5997,10,0.0,0.0,0.0,13,80
Clustering,5997,20,0.0,0.0,0.0,13,80
Clustering,5997,40,0.0,0.0,0.0,13,80
Clustering,5997,80,0.0125,0.07692307692307693,0.1631512196835108,13,80
Clustering,309,5,0.0,0.0,0.0,20,80
Clustering,309,10,0.0,0.0,0.0,20,80
Clustering,309,20,0.0,0.0,0.0,20,80
Clustering,309,40,0.0,0.0,0.0,20,80
Clustering,309,80,0.0,0.0,0.0,20,80
Clustering,811,5,0.0,0.0,0.0,11,80
Clustering,811,10,0.0,0.0,0.0,11,80
Clustering,811,20,0.0,0.0,0.0,11,80
Clustering,811,40,0.0,0.0,0.0,11,80
Clustering,811,80,0.0,0.0,0.0,11,80
Clustering,4307,5,0.0,0.0,0.0,3,80
Clustering,4307,10,0.0,0.0,0.0,3,80
Clustering,4307,20,0.0,0.0,0.0,3,80
Clustering,4307,40,0.0,0.0,0.0,3,80
Clustering,4307,80,0.0,0.0,0.0,3,80
Clustering,809,5,0.0,0.0,0.0,15,80
Clustering,809,10,0.0,0.0,0.0,15,80
Clustering,809,20,0.0,0.0,0.0,15,80
Clustering,809,40,0.0,0.0,0.0,15,80
Clustering,809,80,0.0,0.0,0.0,15,80
Clustering,1184,5,0.0,0.0,0.0,31,80
Clustering,1184,10,0.0,0.0,0.0,31,80
Clustering,1184,20,0.0,0.0,0.0,31,80
Clustering,1184,40,0.05,0.06451612903225806,0.2515803742979389,31,80
Clustering,1184,80,0.0375,0.0967741935483871,0.2688583371500494,31,80
Clustering,2146,5,0.0,0.0,0.0,7,80
Clustering,2146,10,0.0,0.0,0.0,7,80
Clustering,2146,20,0.0,0.0,0.0,7,80
Clustering,2146,40,0.025,0.14285714285714285,0.20584683246043448,7,80
Clustering,2146,80,0.0125,0.14285714285714285,0.20584683246043448,7,80
Clustering,4386,5,0.0,0.0,0.0,100,80
Clustering,4386,10,0.0,0.0,0.0,100,80
Clustering,4386,20,0.0,0.0,0.0,100,80
Clustering,4386,40,0.0,0.0,0.0,100,80
Clustering,4386,80,0.0,0.0,0.0,100,80
Clustering,4835,5,0.0,0.0,0.0,12,80
Clustering,4835,10,0.0,0.0,0.0,12,80
Clustering,4835,20,0.0,0.0,0.0,12,80
Clustering,4835,40,0.0,0.0,0.0,12,80
Clustering,4835,80,0.0,0.0,0.0,12,80
Clustering,3200,5,0.0,0.0,0.0,15,80
Clustering,3200,10,0.0,0.0,0.0,15,80
Clustering,3200,20,0.0,0.0,0.0,15,80
Clustering,3200,40,0.0,0.0,0.0,15,80
Clustering,3200,80,0.0,0.0,0.0,15,80
Clustering,2939,5,0.0,0.0,0.0,16,80
Clustering,2939,10,0.0,0.0,0.0,16,80
Clustering,2939,20,0.0,0.0,0.0,16,80
Clustering,2939,40,0.0,0.0,0.0,16,80
Clustering,2939,80,0.0,0.0,0.0,16,80
Clustering,5853,5,0.0,0.0,0.0,11,80
Clustering,5853,10,0.0,0.0,0.0,11,80
Clustering,5853,20,0.0,0.0,0.0,11,80
Clustering,5853,40,0.025,0.09090909090909091,0.2,11,80
Clustering,5853,80,0.025,0.18181818181818182,0.21989601828665323,11,80
Clustering,4865,5,0.0,0.0,0.0,24,80
Clustering,4865,10,0.0,0.0,0.0,24,80
Clustering,4865,20,0.0,0.0,0.0,24,80
Clustering,4865,40,0.025,0.041666666666666664,0.22106472945750374,24,80
Clustering,4865,80,0.0125,0.041666666666666664,0.22106472945750374,24,80
Clustering,3408,5,0.0,0.0,0.0,13,80
Clustering,3408,10,0.0,0.0,0.0,13,80
Clustering,3408,20,0.0,0.0,0.0,13,80
Clustering,3408,40,0.0,0.0,0.0,13,80
Clustering,3408,80,0.0,0.0,0.0,13,80
Clustering,5188,5,0.0,0.0,0.0,19,80
Clustering,5188,10,0.0,0.0,0.0,19,80
Clustering,5188,20,0.0,0.0,0.0,19,80
Clustering,5188,40,0.025,0.05263157894736842,0.19823986317056053,19,80
Clustering,5188,80,0.0125,0.05263157894736842,0.19823986317056053,19,80
Clustering,3355,5,0.0,0.0,0.0,6,80
Clustering,3355,10,0.0,0.0,0.0,6,80
Clustering,3355,20,0.0,0.0,0.0,6,80
Clustering,3355,40,0.0,0.0,0.0,6,80
Clustering,3355,80,0.0,0.0,0.0,6,80
Clustering,4483,5,0.0,0.0,0.0,14,80
Clustering,4483,10,0.0,0.0,0.0,14,80
Clustering,4483,20,0.0,0.0,0.0,14,80
Clustering,4483,40,0.0,0.0,0.0,14,80
Clustering,4483,80,0.0,0.0,0.0,14,80
Clustering,539,5,0.0,0.0,0.0,20,80
Clustering,539,10,0.0,0.0,0.0,20,80
Clustering,539,20,0.0,0.0,0.0,20,80
Clustering,539,40,0.0,0.0,0.0,20,80
Clustering,539,80,0.0,0.0,0.0,20,80
Clustering,2624,5,0.2,0.017543859649122806,1.0,57,80
Clustering,2624,10,0.1,0.017543859649122806,1.0,57,80
Clustering,2624,20,0.05,0.017543859649122806,1.0,57,80
Clustering,2624,40,0.05,0.03508771929824561,0.732685769743933,57,80
Clustering,2624,80,0.0875,0.12280701754385964,0.5585068852274213,57,80
Clustering,1087,5,0.0,0.0,0.0,45,80
Clustering,1087,10,0.0,0.0,0.0,45,80
Clustering,1087,20,0.0,0.0,0.0,45,80
Clustering,1087,40,0.0,0.0,0.0,45,80
Clustering,1087,80,0.0,0.0,0.0,45,80
Clustering,4400,5,0.0,0.0,0.0,1,80
Clustering,4400,10,0.0,0.0,0.0,1,80
Clustering,4400,20,0.0,0.0,0.0,1,80
Clustering,4400,40,0.0,0.0,0.0,1,80
Clustering,4400,80,0.0,0.0,0.0,1,80
Clustering,3754,5,0.0,0.0,0.0,38,80
Clustering,3754,10,0.1,0.02631578947368421,0.3562071871080222,38,80
Clustering,3754,20,0.05,0.02631578947368421,0.3562071871080222,38,80
Clustering,3754,40,0.025,0.02631578947368421,0.3562071871080222,38,80
Clustering,3754,80,0.0125,0.02631578947368421,0.3562071871080222,38,80
Clustering,81,5,0.0,0.0,0.0,16,80
Clustering,81,10,0.0,0.0,0.0,16,80
Clustering,81,20,0.0,0.0,0.0,16,80
Clustering,81,40,0.0,0.0,0.0,16,80
Clustering,81,80,0.0,0.0,0.0,16,80
Clustering,3247,5,0.0,0.0,0.0,2,80
Clustering,3247,10,0.0,0.0,0.0,2,80
Clustering,3247,20,0.0,0.0,0.0,2,80
Clustering,3247,40,0.0,0.0,0.0,2,80
Clustering,3247,80,0.0,0.0,0.0,2,80
Clustering,1973,5,0.0,0.0,0.0,2,80
Clustering,1973,10,0.0,0.0,0.0,2,80
Clustering,1973,20,0.0,0.0,0.0,2,80
Clustering,1973,40,0.0,0.0,0.0,2,80
Clustering,1973,80,0.0,0.0,0.0,2,80
Clustering,3862,5,0.0,0.0,0.0,5,80
Clustering,3862,10,0.0,0.0,0.0,5,80
Clustering,3862,20,0.0,0.0,0.0,5,80
Clustering,3862,40,0.0,0.0,0.0,5,80
Clustering,3862,80,0.0,0.0,0.0,5,80
Clustering,502,5,0.0,0.0,0.0,2,80
Clustering,502,10,0.0,0.0,0.0,2,80
Clustering,502,20,0.0,0.0,0.0,2,80
Clustering,502,40,0.0,0.0,0.0,2,80
Clustering,502,80,0.0,0.0,0.0,2,80
Clustering,3135,5,0.0,0.0,0.0,18,80
Clustering,3135,10,0.0,0.0,0.0,18,80
Clustering,3135,20,0.0,0.0,0.0,18,80
Clustering,3135,40,0.0,0.0,0.0,18,80
Clustering,3135,80,0.0125,0.05555555555555555,0.1686130986895011,18,80
SVD Matrix Factorization,5531,5,0.4,0.08695652173913043,1.0,23,80
SVD Matrix Factorization,5531,10,0.4,0.17391304347826086,0.8932547230000344,23,80
SVD Matrix Factorization,5531,20,0.2,0.17391304347826086,0.8932547230000344,23,80
SVD Matrix Factorization,5531,40,0.175,0.30434782608695654,0.7969981548820246,23,80
SVD Matrix Factorization,5531,80,0.1375,0.4782608695652174,0.7459683889012247,23,80
SVD Matrix Factorization,711,5,0.2,0.05263157894736842,0.43067655807339306,19,80
SVD Matrix Factorization,711,10,0.2,0.10526315789473684,0.44130740935663865,19,80
SVD Matrix Factorization,711,20,0.1,0.10526315789473684,0.44130740935663865,19,80
SVD Matrix Factorization,711,40,0.1,0.21052631578947367,0.4424253334505623,19,80
SVD Matrix Factorization,711,80,0.05,0.21052631578947367,0.4424253334505623,19,80
SVD Matrix Factorization,4925,5,0.2,0.09090909090909091,1.0,11,80
SVD Matrix Factorization,4925,10,0.1,0.09090909090909091,1.0,11,80
SVD Matrix Factorization,4925,20,0.05,0.09090909090909091,1.0,11,80
SVD Matrix Factorization,4925,40,0.025,0.09090909090909091,1.0,11,80
SVD Matrix Factorization,4925,80,0.025,0.18181818181818182,0.7235328953148507,11,80
SVD Matrix Factorization,2155,5,0.0,0.0,0.0,13,80
SVD Matrix Factorization,2155,10,0.0,0.0,0.0,13,80
SVD Matrix Factorization,2155,20,0.0,0.0,0.0,13,80
SVD Matrix Factorization,2155,40,0.0,0.0,0.0,13,80
SVD Matrix Factorization,2155,80,0.025,0.15384615384615385,0.20383773522697368,13,80
SVD Matrix Factorization,1273,5,0.6,0.061224489795918366,0.9674679834891693,49,80
SVD Matrix Factorization,1273,10,0.5,0.10204081632653061,0.9042472380494709,49,80
SVD Matrix Factorization,1273,20,0.4,0.16326530612244897,0.8622045160906059,49,80
SVD Matrix Factorization,1273,40,0.25,0.20408163265306123,0.8384049937061407,49,80
SVD Matrix Factorization,1273,80,0.175,0.2857142857142857,0.8029261642723792,49,80
SVD Matrix Factorization,2318,5,0.0,0.0,0.0,2,80
SVD Matrix Factorization,2318,10,0.0,0.0,0.0,2,80
SVD Matrix Factorization,2318,20,0.0,0.0,0.0,2,80
SVD Matrix Factorization,2318,40,0.0,0.0,0.0,2,80
SVD Matrix Factorization,2318,80,0.0,0.0,0.0,2,80
SVD Matrix Factorization,2096,5,0.2,0.047619047619047616,0.6309297535714575,21,80
SVD Matrix Factorization,2096,10,0.1,0.047619047619047616,0.6309297535714575,21,80
SVD Matrix Factorization,2096,20,0.05,0.047619047619047616,0.6309297535714575,21,80
SVD Matrix Factorization,2096,40,0.05,0.09523809523809523,0.5188868685208371,21,80
SVD Matrix Factorization,2096,80,0.0625,0.23809523809523808,0.4670237242250238,21,80
SVD Matrix Factorization,3129,5,0.2,0.02127659574468085,0.5,47,80
SVD Matrix Factorization,3129,10,0.3,0.06382978723404255,0.5391065605018963,47,80
SVD Matrix Factorization,3129,20,0.35,0.14893617021276595,0.595497432894156,47,80
SVD Matrix Factorization,3129,40,0.275,0.23404255319148937,0.6230725650003922,47,80
SVD Matrix Factorization,3129,80,0.2,0.3404255319148936,0.6281374172124065,47,80
SVD Matrix Factorization,743,5,0.0,0.0,0.0,14,80
SVD Matrix Factorization,743,10,0.0,0.0,0.0,14,80
SVD Matrix Factorization,743,20,0.0,0.0,0.0,14,80
SVD Matrix Factorization,743,40,0.025,0.07142857142857142,0.21274605355336318,14,80
SVD Matrix Factorization,743,80,0.025,0.14285714285714285,0.23964836391725658,14,80
SVD Matrix Factorization,297,5,0.4,0.13333333333333333,0.8503449055347546,15,80
SVD Matrix Factorization,297,10,0.2,0.13333333333333333,0.8503449055347546,15,80
SVD Matrix Factorization,297,20,0.1,0.13333333333333333,0.8503449055347546,15,80
SVD Matrix Factorization,297,40,0.05,0.13333333333333333,0.8503449055347546,15,80
SVD Matrix Factorization,297,80,0.05,0.26666666666666666,0.668150150988772,15,80
SVD Matrix Factorization,3697,5,0.2,0.06666666666666667,1.0,15,80
SVD Matrix Factorization,3697,10,0.3,0.2,0.7529716549381368,15,80
SVD Matrix Factorization,3697,20,0.25,0.3333333333333333,0.7074569570617475,15,80
SVD Matrix Factorization,3697,40,0.175,0.4666666666666667,0.6799917499261681,15,80
SVD Matrix Factorization,3697,80,0.1125,0.6,0.6608269777803678,15,80
SVD Matrix Factorization,1143,5,0.0,0.0,0.0,11,80
SVD Matrix Factorization,1143,10,0.0,0.0,0.0,11,80
SVD Matrix Factorization,1143,20,0.05,0.09090909090909091,0.23137821315975915,11,80
SVD Matrix Factorization,1143,40,0.025,0.09090909090909091,0.23137821315975915,11,80
SVD Matrix Factorization,1143,80,0.0125,0.09090909090909091,0.23137821315975915,11,80
SVD Matrix Factorization,409,5,0.4,0.043478260869565216,0.8772153153380493,46,80
SVD Matrix Factorization,409,10,0.5,0.10869565217391304,0.80737248436437,46,80
SVD Matrix Factorization,409,20,0.5,0.21739130434782608,0.7989726357078252,46,80
SVD Matrix Factorization,409,40,0.325,0.2826086956521739,0.7971575085369912,46,80
SVD Matrix Factorization,409,80,0.2125,0.3695652173913043,0.7820948732270607,46,80
SVD Matrix Factorization,5287,5,0.0,0.0,0.0,22,80
SVD Matrix Factorization,5287,10,0.1,0.045454545454545456,0.2890648263178879,22,80
SVD Matrix Factorization,5287,20,0.1,0.09090909090909091,0.3429350525492773,22,80
SVD Matrix Factorization,5287,40,0.075,0.13636363636363635,0.36620996487322394,22,80
SVD Matrix Factorization,5287,80,0.0875,0.3181818181818182,0.4015716738515091,22,80
SVD Matrix Factorization,3952,5,0.0,0.0,0.0,9,80
SVD Matrix Factorization,3952,10,0.0,0.0,0.0,9,80
SVD Matrix Factorization,3952,20,0.0,0.0,0.0,9,80
SVD Matrix Factorization,3952,40,0.025,0.1111111111111111,0.19342640361727081,9,80
SVD Matrix Factorization,3952,80,0.0125,0.1111111111111111,0.19342640361727081,9,80
SVD Matrix Factorization,1621,5,0.0,0.0,0.0,1,80
SVD Matrix Factorization,1621,10,0.0,0.0,0.0,1,80
SVD Matrix Factorization,1621,20,0.0,0.0,0.0,1,80
SVD Matrix Factorization,1621,40,0.0,0.0,0.0,1,80
SVD Matrix Factorization,1621,80,0.0,0.0,0.0,1,80
SVD Matrix Factorization,2055,5,0.0,0.0,0.0,26,80
SVD Matrix Factorization,2055,10,0.1,0.038461538461538464,0.2890648263178879,26,80
SVD Matrix Factorization,2055,20,0.1,0.07692307692307693,0.3482723708517659,26,80
SVD Matrix Factorization,2055,40,0.175,0.2692307692307692,0.4340495045704317,26,80
SVD Matrix Factorization,2055,80,0.1125,0.34615384615384615,0.44818105708165307,26,80
SVD Matrix Factorization,5749,5,0.4,0.05128205128205128,0.6509209298071326,39,80
SVD Matrix Factorization,5749,10,0.2,0.05128205128205128,0.6509209298071326,39,80
SVD Matrix Factorization,5749,20,0.1,0.05128205128205128,0.6509209298071326,39,80
SVD Matrix Factorization,5749,40,0.05,0.05128205128205128,0.6509209298071326,39,80
SVD Matrix Factorization,5749,80,0.0625,0.1282051282051282,0.5372922487353026,39,80
SVD Matrix Factorization,5830,5,0.0,0.0,0.0,10,80
SVD Matrix Factorization,5830,10,0.0,0.0,0.0,10,80
SVD Matrix Factorization,5830,20,0.0,0.0,0.0,10,80
SVD Matrix Factorization,5830,40,0.0,0.0,0.0,10,80
SVD Matrix Factorization,5830,80,0.0125,0.1,0.17376534287144002,10,80
SVD Matrix Factorization,866,5,0.2,0.3333333333333333,1.0,3,80
SVD Matrix Factorization,866,10,0.1,0.3333333333333333,1.0,3,80
SVD Matrix Factorization,866,20,0.05,0.3333333333333333,1.0,3,80
SVD Matrix Factorization,866,40,0.025,0.3333333333333333,1.0,3,80
SVD Matrix Factorization,866,80,0.0125,0.3333333333333333,1.0,3,80
SVD Matrix Factorization,806,5,0.0,0.0,0.0,13,80
SVD Matrix Factorization,806,10,0.0,0.0,0.0,13,80
SVD Matrix Factorization,806,20,0.0,0.0,0.0,13,80
SVD Matrix Factorization,806,40,0.025,0.07692307692307693,0.1965616322328226,13,80
SVD Matrix Factorization,806,80,0.0125,0.07692307692307693,0.1965616322328226,13,80
SVD Matrix Factorization,656,5,0.2,0.04,1.0,25,80
SVD Matrix Factorization,656,10,0.3,0.12,0.7669719408901708,25,80
SVD Matrix Factorization,656,20,0.15,0.12,0.7669719408901708,25,80
SVD Matrix Factorization,656,40,0.125,0.2,0.6988247612468502,25,80
SVD Matrix Factorization,656,80,0.0875,0.28,0.6599021355744144,25,80
SVD Matrix Factorization,4820,5,0.0,0.0,0.0,6,80
SVD Matrix Factorization,4820,10,0.1,0.16666666666666666,0.2890648263178879,6,80
SVD Matrix Factorization,4820,20,0.05,0.16666666666666666,0.2890648263178879,6,80
SVD Matrix Factorization,4820,40,0.05,0.3333333333333333,0.30768393229222224,6,80
SVD Matrix Factorization,4820,80,0.025,0.3333333333333333,0.30768393229222224,6,80
SVD Matrix Factorization,2517,5,0.0,0.0,0.0,5,80
SVD Matrix Factorization,2517,10,0.0,0.0,0.0,5,80
SVD Matrix Factorization,2517,20,0.0,0.0,0.0,5,80
SVD Matrix Factorization,2517,40,0.0,0.0,0.0,5,80
SVD Matrix Factorization,2517,80,0.0125,0.2,0.15863495891559604,5,80
SVD Matrix Factorization,5672,5,0.0,0.0,0.0,3,80
SVD Matrix Factorization,5672,10,0.0,0.0,0.0,3,80
SVD Matrix Factorization,5672,20,0.0,0.0,0.0,3,80
SVD Matrix Factorization,5672,40,0.025,0.3333333333333333,0.18920035951687003,3,80
SVD Matrix Factorization,5672,80,0.0125,0.3333333333333333,0.18920035951687003,3,80
SVD Matrix Factorization,24,5,0.2,0.045454545454545456,1.0,22,80
SVD Matrix Factorization,24,10,0.2,0.09090909090909091,0.8175295903539445,22,80
SVD Matrix Factorization,24,20,0.1,0.09090909090909091,0.8175295903539445,22,80
SVD Matrix Factorization,24,40,0.125,0.22727272727272727,0.6492204512455836,22,80
SVD Matrix Factorization,24,80,0.1125,0.4090909090909091,0.6135149267232167,22,80
SVD Matrix Factorization,1422,5,0.6,0.08571428571428572,0.7328286204777911,35,80
SVD Matrix Factorization,1422,10,0.5,0.14285714285714285,0.7574391522808,35,80
SVD Matrix Factorization,1422,20,0.45,0.2571428571428571,0.7705333636993696,35,80
SVD Matrix Factorization,1422,40,0.325,0.37142857142857144,0.7694128023527361,35,80
SVD Matrix Factorization,1422,80,0.1875,0.42857142857142855,0.7633708387674958,35,80
SVD Matrix Factorization,5656,5,0.0,0.0,0.0,1,80
SVD Matrix Factorization,5656,10,0.0,0.0,0.0,1,80
SVD Matrix Factorization,5656,20,0.0,0.0,0.0,1,80
SVD Matrix Factorization,5656,40,0.025,1.0,0.20801459767650948,1,80
SVD Matrix Factorization,5656,80,0.0125,1.0,0.20801459767650948,1,80
SVD Matrix Factorization,5729,5,0.0,0.0,0.0,12,80
SVD Matrix Factorization,5729,10,0.0,0.0,0.0,12,80
SVD Matrix Factorization,5729,20,0.1,0.16666666666666666,0.29187569497433197,12,80
SVD Matrix Factorization,5729,40,0.05,0.16666666666666666,0.29187569497433197,12,80
SVD Matrix Factorization,5729,80,0.025,0.16666666666666666,0.29187569497433197,12,80
SVD Matrix Factorization,2438,5,0.0,0.0,0.0,18,80
SVD Matrix Factorization,2438,10,0.0,0.0,0.0,18,80
SVD Matrix Factorization,2438,20,0.0,0.0,0.0,18,80
SVD Matrix Factorization,2438,40,0.05,0.1111111111111111,0.24973301158516842,18,80
SVD Matrix Factorization,2438,80,0.0375,0.16666666666666666,0.265797502692553,18,80
SVD Matrix Factorization,4163,5,0.0,0.0,0.0,4,80
SVD Matrix Factorization,4163,10,0.0,0.0,0.0,4,80
SVD Matrix Factorization,4163,20,0.0,0.0,0.0,4,80
SVD Matrix Factorization,4163,40,0.0,0.0,0.0,4,80
SVD Matrix Factorization,4163,80,0.0,0.0,0.0,4,80
SVD Matrix Factorization,1631,5,0.0,0.0,0.0,22,80
SVD Matrix Factorization,1631,10,0.1,0.045454545454545456,0.31546487678572877,22,80
SVD Matrix Factorization,1631,20,0.05,0.045454545454545456,0.31546487678572877,22,80
SVD Matrix Factorization,1631,40,0.1,0.18181818181818182,0.3632007280032565,22,80
SVD Matrix Factorization,1631,80,0.0625,0.22727272727272727,0.37448123769076813,22,80
SVD Matrix Factorization,2519,5,0.0,0.0,0.0,6,80
SVD Matrix Factorization,2519,10,0.0,0.0,0.0,6,80
SVD Matrix Factorization,2519,20,0.05,0.16666666666666666,0.27894294565112987,6,80
SVD Matrix Factorization,2519,40,0.025,0.16666666666666666,0.27894294565112987,6,80
SVD Matrix Factorization,2519,80,0.0125,0.16666666666666666,0.27894294565112987,6,80
SVD Matrix Factorization,3588,5,0.6,0.075,0.7122630665145961,40,80
SVD Matrix Factorization,3588,10,0.4,0.1,0.715663226334951,40,80
SVD Matrix Factorization,3588,20,0.4,0.2,0.7292431974165142,40,80
SVD Matrix Factorization,3588,40,0.275,0.275,0.7226629847342664,40,80
SVD Matrix Factorization,3588,80,0.15,0.3,0.7207304126796614,40,80
SVD Matrix Factorization,2859,5,0.2,0.03571428571428571,0.43067655807339306,28,80
SVD Matrix Factorization,2859,10,0.2,0.07142857142857142,0.45749452618986164,28,80
SVD Matrix Factorization,2859,20,0.25,0.17857142857142858,0.5067731391272766,28,80
SVD Matrix Factorization,2859,40,0.125,0.17857142857142858,0.5067731391272766,28,80
SVD Matrix Factorization,2859,80,0.0875,0.25,0.497556924698752,28,80
SVD Matrix Factorization,5387,5,0.2,0.013157894736842105,0.38685280723454163,76,80
SVD Matrix Factorization,5387,10,0.2,0.02631578947368421,0.4415801103577823,76,80
SVD Matrix Factorization,5387,20,0.45,0.11842105263157894,0.586604236477577,76,80
SVD Matrix Factorization,5387,40,0.4,0.21052631578947367,0.6435101933194375,76,80
SVD Matrix Factorization,5387,80,0.275,0.2894736842105263,0.6589175847131115,76,80
SVD Matrix Factorization,5636,5,1.0,0.07352941176470588,1.0,68,80
SVD Matrix Factorization,5636,10,0.9,0.1323529411764706,0.9971876401972103,68,80
SVD Matrix Factorization,5636,20,0.6,0.17647058823529413,0.9787562336346649,68,80
SVD Matrix Factorization,5636,40,0.55,0.3235294117647059,0.942658720687855,68,80
SVD Matrix Factorization,5636,80,0.35,0.4117647058823529,0.9226183218267295,68,80
SVD Matrix Factorization,4492,5,0.0,0.0,0.0,3,80
SVD Matrix Factorization,4492,10,0.0,0.0,0.0,3,80
SVD Matrix Factorization,4492,20,0.0,0.0,0.0,3,80
SVD Matrix Factorization,4492,40,0.0,0.0,0.0,3,80
SVD Matrix Factorization,4492,80,0.0,0.0,0.0,3,80
SVD Matrix Factorization,4745,5,0.2,0.1111111111111111,0.38685280723454163,9,80
SVD Matrix Factorization,4745,10,0.2,0.2222222222222222,0.42177340954886444,9,80
SVD Matrix Factorization,4745,20,0.2,0.4444444444444444,0.46932842742111913,9,80
SVD Matrix Factorization,4745,40,0.125,0.5555555555555556,0.48272651374414915,9,80
SVD Matrix Factorization,4745,80,0.0625,0.5555555555555556,0.48272651374414915,9,80
SVD Matrix Factorization,2968,5,0.0,0.0,0.0,36,80
SVD Matrix Factorization,2968,10,0.1,0.027777777777777776,0.3333333333333333,36,80
SVD Matrix Factorization,2968,20,0.15,0.08333333333333333,0.3870142927647342,36,80
SVD Matrix Factorization,2968,40,0.075,0.08333333333333333,0.3870142927647342,36,80
SVD Matrix Factorization,2968,80,0.0625,0.1388888888888889,0.3878039008789672,36,80
SVD Matrix Factorization,255,5,0.2,0.02564102564102564,1.0,39,80
SVD Matrix Factorization,255,10,0.2,0.05128205128205128,0.7903864795495061,39,80
SVD Matrix Factorization,255,20,0.15,0.07692307692307693,0.7281865386479277,39,80
SVD Matrix Factorization,255,40,0.2,0.20512820512820512,0.6610670917648269,39,80
SVD Matrix Factorization,255,80,0.15,0.3076923076923077,0.639637987412623,39,80
SVD Matrix Factorization,2551,5,0.0,0.0,0.0,6,80
SVD Matrix Factorization,2551,10,0.0,0.0,0.0,6,80
SVD Matrix Factorization,2551,20,0.0,0.0,0.0,6,80
SVD Matrix Factorization,2551,40,0.0,0.0,0.0,6,80
SVD Matrix Factorization,2551,80,0.0125,0.16666666666666666,0.1729696904450771,6,80
SVD Matrix Factorization,1194,5,0.4,0.03389830508474576,0.9197207891481876,59,80
SVD Matrix Factorization,1194,10,0.3,0.05084745762711865,0.8519590445170673,59,80
SVD Matrix Factorization,1194,20,0.15,0.05084745762711865,0.8519590445170673,59,80
SVD Matrix Factorization,1194,40,0.125,0.0847457627118644,0.765760318171531,59,80
SVD Matrix Factorization,1194,80,0.15,0.2033898305084746,0.6763083855350261,59,80
SVD Matrix Factorization,222,5,0.2,0.08333333333333333,0.38685280723454163,12,80
SVD Matrix Factorization,222,10,0.3,0.25,0.4843542209360027,12,80
SVD Matrix Factorization,222,20,0.15,0.25,0.4843542209360027,12,80
SVD Matrix Factorization,222,40,0.1,0.3333333333333333,0.47843074820141873,12,80
SVD Matrix Factorization,222,80,0.05,0.3333333333333333,0.47843074820141873,12,80
SVD Matrix Factorization,1742,5,0.0,0.0,0.0,6,80
SVD Matrix Factorization,1742,10,0.0,0.0,0.0,6,80
SVD Matrix Factorization,1742,20,0.0,0.0,0.0,6,80
SVD Matrix Factorization,1742,40,0.0,0.0,0.0,6,80
SVD Matrix Factorization,1742,80,0.0,0.0,0.0,6,80
SVD Matrix Factorization,4251,5,0.4,0.2,0.9197207891481876,10,80
SVD Matrix Factorization,4251,10,0.3,0.3,0.8710785440003369,10,80
SVD Matrix Factorization,4251,20,0.15,0.3,0.8710785440003369,10,80
SVD Matrix Factorization,4251,40,0.075,0.3,0.8710785440003369,10,80
SVD Matrix Factorization,4251,80,0.0625,0.5,0.7502012175333546,10,80
SVD Matrix Factorization,4223,5,0.2,0.08333333333333333,0.6309297535714575,12,80
SVD Matrix Factorization,4223,10,0.1,0.08333333333333333,0.6309297535714575,12,80
SVD Matrix Factorization,4223,20,0.1,0.16666666666666666,0.5525485729997712,12,80
SVD Matrix Factorization,4223,40,0.075,0.25,0.5143890492192175,12,80
SVD Matrix Factorization,4223,80,0.075,0.5,0.4824575531898901,12,80
SVD Matrix Factorization,1162,5,0.0,0.0,0.0,19,80
SVD Matrix Factorization,1162,10,0.2,0.10526315789473684,0.41183384043543503,19,80
SVD Matrix Factorization,1162,20,0.2,0.21052631578947367,0.4765967191844832,19,80
SVD Matrix Factorization,1162,40,0.175,0.3684210526315789,0.495629913953275,19,80
SVD Matrix Factorization,1162,80,0.1,0.42105263157894735,0.49694563025355126,19,80
SVD Matrix Factorization,1401,5,0.0,0.0,0.0,9,80
SVD Matrix Factorization,1401,10,0.0,0.0,0.0,9,80
SVD Matrix Factorization,1401,20,0.0,0.0,0.0,9,80
SVD Matrix Factorization,1401,40,0.0,0.0,0.0,9,80
SVD Matrix Factorization,1401,80,0.0125,0.1111111111111111,0.15773243839286438,9,80
SVD Matrix Factorization,4354,5,0.4,0.0273972602739726,0.5012658353418871,73,80
SVD Matrix Factorization,4354,10,0.3,0.0410958904109589,0.5316900945208328,73,80
SVD Matrix Factorization,4354,20,0.3,0.0821917808219178,0.561080832416311,73,80
SVD Matrix Factorization,4354,40,0.25,0.136986301369863,0.58473211546988,73,80
SVD Matrix Factorization,4354,80,0.2,0.2191780821917808,0.600245406980082,73,80
SVD Matrix Factorization,882,5,0.4,0.16666666666666666,0.8772153153380493,12,80
SVD Matrix Factorization,882,10,0.2,0.16666666666666666,0.8772153153380493,12,80
SVD Matrix Factorization,882,20,0.1,0.16666666666666666,0.8772153153380493,12,80
SVD Matrix Factorization,882,40,0.075,0.25,0.7712232695011955,12,80
SVD Matrix Factorization,882,80,0.05,0.3333333333333333,0.7135020851825814,12,80
SVD Matrix Factorization,5336,5,0.0,0.0,0.0,2,80
SVD Matrix Factorization,5336,10,0.1,0.5,0.3562071871080222,2,80
SVD Matrix Factorization,5336,20,0.05,0.5,0.3562071871080222,2,80
SVD Matrix Factorization,5336,40,0.025,0.5,0.3562071871080222,2,80
SVD Matrix Factorization,5336,80,0.025,1.0,0.32263731913814847,2,80
SVD Matrix Factorization,4798,5,0.2,0.0625,0.38685280723454163,16,80
SVD Matrix Factorization,4798,10,0.2,0.125,0.45560514958746035,16,80
SVD Matrix Factorization,4798,20,0.15,0.1875,0.45554305176534515,16,80
SVD Matrix Factorization,4798,40,0.1,0.25,0.4570297308050319,16,80
SVD Matrix Factorization,4798,80,0.075,0.375,0.4551376534872919,16,80
SVD Matrix Factorization,566,5,0.2,0.05263157894736842,0.5,19,80
SVD Matrix Factorization,566,10,0.1,0.05263157894736842,0.5,19,80
SVD Matrix Factorization,566,20,0.05,0.05263157894736842,0.5,19,80
SVD Matrix Factorization,566,40,0.05,0.10526315789473684,0.4234096599896984,19,80
SVD Matrix Factorization,566,80,0.05,0.21052631578947367,0.40689362925611094,19,80
SVD Matrix Factorization,756,5,0.2,0.5,0.6309297535714575,2,80
SVD Matrix Factorization,756,10,0.1,0.5,0.6309297535714575,2,80
SVD Matrix Factorization,756,20,0.05,0.5,0.6309297535714575,2,80
SVD Matrix Factorization,756,40,0.025,0.5,0.6309297535714575,2,80
SVD Matrix Factorization,756,80,0.0125,0.5,0.6309297535714575,2,80
SVD Matrix Factorization,2501,5,0.6,0.2,0.6797310500037655,15,80
SVD Matrix Factorization,2501,10,0.4,0.26666666666666666,0.6886007376100176,15,80
SVD Matrix Factorization,2501,20,0.35,0.4666666666666667,0.6939203364786298,15,80
SVD Matrix Factorization,2501,40,0.175,0.4666666666666667,0.6939203364786298,15,80
SVD Matrix Factorization,2501,80,0.0875,0.4666666666666667,0.6939203364786298,15,80
SVD Matrix Factorization,3696,5,0.2,0.05263157894736842,0.6309297535714575,19,80
SVD Matrix Factorization,3696,10,0.1,0.05263157894736842,0.6309297535714575,19,80
SVD Matrix Factorization,3696,20,0.1,0.10526315789473684,0.5525485729997712,19,80
SVD Matrix Factorization,3696,40,0.1,0.21052631578947367,0.5122386756925754,19,80
SVD Matrix Factorization,3696,80,0.0875,0.3684210526315789,0.5065751699606652,19,80
SVD Matrix Factorization,1878,5,0.0,0.0,0.0,13,80
SVD Matrix Factorization,1878,10,0.0,0.0,0.0,13,80
SVD Matrix Factorization,1878,20,0.05,0.07692307692307693,0.227670248696953,13,80
SVD Matrix Factorization,1878,40,0.05,0.15384615384615385,0.263358574664837,13,80
SVD Matrix Factorization,1878,80,0.025,0.15384615384615385,0.263358574664837,13,80
SVD Matrix Factorization,80,5,0.0,0.0,0.0,4,80
SVD Matrix Factorization,80,10,0.0,0.0,0.0,4,80
SVD Matrix Factorization,80,20,0.0,0.0,0.0,4,80
SVD Matrix Factorization,80,40,0.0,0.0,0.0,4,80
SVD Matrix Factorization,80,80,0.0125,0.25,0.1810425967800402,4,80
SVD Matrix Factorization,2339,5,0.2,0.25,0.38685280723454163,4,80
SVD Matrix Factorization,2339,10,0.1,0.25,0.38685280723454163,4,80
SVD Matrix Factorization,2339,20,0.05,0.25,0.38685280723454163,4,80
SVD Matrix Factorization,2339,40,0.05,0.5,0.3577189257782478,4,80
SVD Matrix Factorization,2339,80,0.025,0.5,0.3577189257782478,4,80
SVD Matrix Factorization,5592,5,0.4,0.1,0.9197207891481876,20,80
SVD Matrix Factorization,5592,10,0.4,0.2,0.8332128630752801,20,80
SVD Matrix Factorization,5592,20,0.25,0.25,0.8107018810271341,20,80
SVD Matrix Factorization,5592,40,0.175,0.35,0.7656946454581289,20,80
SVD Matrix Factorization,5592,80,0.125,0.5,0.732975480282505,20,80
SVD Matrix Factorization,2805,5,0.0,0.0,0.0,15,80
SVD Matrix Factorization,2805,10,0.0,0.0,0.0,15,80
SVD Matrix Factorization,2805,20,0.0,0.0,0.0,15,80
SVD Matrix Factorization,2805,40,0.025,0.06666666666666667,0.22424382421757544,15,80
SVD Matrix Factorization,2805,80,0.05,0.26666666666666666,0.29402547822161856,15,80
SVD Matrix Factorization,764,5,0.2,0.045454545454545456,1.0,22,80
SVD Matrix Factorization,764,10,0.2,0.09090909090909091,0.7903864795495061,22,80
SVD Matrix Factorization,764,20,0.15,0.13636363636363635,0.7222503809608933,22,80
SVD Matrix Factorization,764,40,0.15,0.2727272727272727,0.6447643712907557,22,80
SVD Matrix Factorization,764,80,0.075,0.2727272727272727,0.6447643712907557,22,80
SVD Matrix Factorization,1600,5,0.6,0.07317073170731707,0.6797310500037655,41,80
SVD Matrix Factorization,1600,10,0.4,0.0975609756097561,0.6829656479960798,41,80
SVD Matrix Factorization,1600,20,0.35,0.17073170731707318,0.6884170048846122,41,80
SVD Matrix Factorization,1600,40,0.25,0.24390243902439024,0.6907242286751846,41,80
SVD Matrix Factorization,1600,80,0.15,0.2926829268292683,0.6843931679918122,41,80
SVD Matrix Factorization,2290,5,0.0,0.0,0.0,7,80
SVD Matrix Factorization,2290,10,0.0,0.0,0.0,7,80
SVD Matrix Factorization,2290,20,0.1,0.2857142857142857,0.31003608014795075,7,80
SVD Matrix Factorization,2290,40,0.05,0.2857142857142857,0.31003608014795075,7,80
SVD Matrix Factorization,2290,80,0.0375,0.42857142857142855,0.31739870651489194,7,80
SVD Matrix Factorization,5263,5,0.6,0.1875,1.0,16,80
SVD Matrix Factorization,5263,10,0.3,0.1875,1.0,16,80
SVD Matrix Factorization,5263,20,0.15,0.1875,1.0,16,80
SVD Matrix Factorization,5263,40,0.15,0.375,0.8165978348055594,16,80
SVD Matrix Factorization,5263,80,0.0875,0.4375,0.7867755056193032,16,80
SVD Matrix Factorization,5444,5,0.0,0.0,0.0,3,80
SVD Matrix Factorization,5444,10,0.0,0.0,0.0,3,80
SVD Matrix Factorization,5444,20,0.0,0.0,0.0,3,80
SVD Matrix Factorization,5444,40,0.0,0.0,0.0,3,80
SVD Matrix Factorization,5444,80,0.0,0.0,0.0,3,80
SVD Matrix Factorization,1885,5,0.2,0.14285714285714285,0.5,7,80
SVD Matrix Factorization,1885,10,0.1,0.14285714285714285,0.5,7,80
SVD Matrix Factorization,1885,20,0.05,0.14285714285714285,0.5,7,80
SVD Matrix Factorization,1885,40,0.05,0.2857142857142857,0.4217850727186257,7,80
SVD Matrix Factorization,1885,80,0.025,0.2857142857142857,0.4217850727186257,7,80
SVD Matrix Factorization,4735,5,0.4,0.13333333333333333,1.0,15,80
SVD Matrix Factorization,4735,10,0.5,0.3333333333333333,0.8891085695884217,15,80
SVD Matrix Factorization,4735,20,0.3,0.4,0.8632879143251744,15,80
SVD Matrix Factorization,4735,40,0.175,0.4666666666666667,0.843380172089879,15,80
SVD Matrix Factorization,4735,80,0.0875,0.4666666666666667,0.843380172089879,15,80
SVD Matrix Factorization,2193,5,0.0,0.0,0.0,4,80
SVD Matrix Factorization,2193,10,0.0,0.0,0.0,4,80
SVD Matrix Factorization,2193,20,0.05,0.25,0.26264953503719357,4,80
SVD Matrix Factorization,2193,40,0.025,0.25,0.26264953503719357,4,80
SVD Matrix Factorization,2193,80,0.0125,0.25,0.26264953503719357,4,80
SVD Matrix Factorization,5128,5,0.0,0.0,0.0,12,80
SVD Matrix Factorization,5128,10,0.1,0.08333333333333333,0.3333333333333333,12,80
SVD Matrix Factorization,5128,20,0.1,0.16666666666666666,0.3576691957798507,12,80
SVD Matrix Factorization,5128,40,0.05,0.16666666666666666,0.3576691957798507,12,80
SVD Matrix Factorization,5128,80,0.0625,0.4166666666666667,0.36889607939937696,12,80
SVD Matrix Factorization,2301,5,0.0,0.0,0.0,8,80
SVD Matrix Factorization,2301,10,0.0,0.0,0.0,8,80
SVD Matrix Factorization,2301,20,0.0,0.0,0.0,8,80
SVD Matrix Factorization,2301,40,0.0,0.0,0.0,8,80
SVD Matrix Factorization,2301,80,0.0125,0.125,0.16005307325482135,8,80
SVD Matrix Factorization,168,5,0.0,0.0,0.0,4,80
SVD Matrix Factorization,168,10,0.0,0.0,0.0,4,80
SVD Matrix Factorization,168,20,0.0,0.0,0.0,4,80
SVD Matrix Factorization,168,40,0.0,0.0,0.0,4,80
SVD Matrix Factorization,168,80,0.0,0.0,0.0,4,80
SVD Matrix Factorization,3252,5,0.0,0.0,0.0,3,80
SVD Matrix Factorization,3252,10,0.0,0.0,0.0,3,80
SVD Matrix Factorization,3252,20,0.0,0.0,0.0,3,80
SVD Matrix Factorization,3252,40,0.0,0.0,0.0,3,80
SVD Matrix Factorization,3252,80,0.0,0.0,0.0,3,80
SVD Matrix Factorization,5253,5,0.0,0.0,0.0,15,80
SVD Matrix Factorization,5253,10,0.0,0.0,0.0,15,80
SVD Matrix Factorization,5253,20,0.0,0.0,0.0,15,80
SVD Matrix Factorization,5253,40,0.0,0.0,0.0,15,80
SVD Matrix Factorization,5253,80,0.0,0.0,0.0,15,80
SVD Matrix Factorization,3453,5,0.8,0.18181818181818182,0.9828920819566879,22,80
SVD Matrix Factorization,3453,10,0.4,0.18181818181818182,0.9828920819566879,22,80
SVD Matrix Factorization,3453,20,0.25,0.22727272727272727,0.9369073782424125,22,80
SVD Matrix Factorization,3453,40,0.2,0.36363636363636365,0.8629348135218995,22,80
SVD Matrix Factorization,3453,80,0.125,0.45454545454545453,0.8294098323686945,22,80
SVD Matrix Factorization,1510,5,0.0,0.0,0.0,4,80
SVD Matrix Factorization,1510,10,0.0,0.0,0.0,4,80
SVD Matrix Factorization,1510,20,0.0,0.0,0.0,4,80
SVD Matrix Factorization,1510,40,0.025,0.25,0.21274605355336318,4,80
SVD Matrix Factorization,1510,80,0.025,0.5,0.23467452782815884,4,80
SVD Matrix Factorization,4664,5,0.0,0.0,0.0,7,80
SVD Matrix Factorization,4664,10,0.0,0.0,0.0,7,80
SVD Matrix Factorization,4664,20,0.05,0.14285714285714285,0.27894294565112987,7,80
SVD Matrix Factorization,4664,40,0.025,0.14285714285714285,0.27894294565112987,7,80
SVD Matrix Factorization,4664,80,0.025,0.2857142857142857,0.2700903654063027,7,80
SVD Matrix Factorization,3169,5,0.8,0.3076923076923077,1.0,13,80
SVD Matrix Factorization,3169,10,0.6,0.46153846153846156,0.9537123696623918,13,80
SVD Matrix Factorization,3169,20,0.45,0.6923076923076923,0.9224766459603674,13,80
SVD Matrix Factorization,3169,40,0.25,0.7692307692307693,0.9048686135226179,13,80
SVD Matrix Factorization,3169,80,0.125,0.7692307692307693,0.9048686135226179,13,80
SVD Matrix Factorization,229,5,0.2,0.05,0.43067655807339306,20,80
SVD Matrix Factorization,229,10,0.2,0.1,0.448643819352159,20,80
SVD Matrix Factorization,229,20,0.2,0.2,0.473049275258907,20,80
SVD Matrix Factorization,229,40,0.175,0.35,0.5082429005799887,20,80
SVD Matrix Factorization,229,80,0.1,0.4,0.513225503197959,20,80
SVD Matrix Factorization,531,5,0.8,0.06779661016949153,0.9828920819566879,59,80
SVD Matrix Factorization,531,10,0.7,0.11864406779661017,0.9531641314941091,59,80
SVD Matrix Factorization,531,20,0.6,0.2033898305084746,0.9228787988440067,59,80
SVD Matrix Factorization,531,40,0.5,0.3389830508474576,0.8969795104694351,59,80
SVD Matrix Factorization,531,80,0.325,0.4406779661016949,0.8807781282746215,59,80
SVD Matrix Factorization,2379,5,0.0,0.0,0.0,4,80
SVD Matrix Factorization,2379,10,0.0,0.0,0.0,4,80
SVD Matrix Factorization,2379,20,0.0,0.0,0.0,4,80
SVD Matrix Factorization,2379,40,0.0,0.0,0.0,4,80
SVD Matrix Factorization,2379,80,0.0,0.0,0.0,4,80
SVD Matrix Factorization,1372,5,0.4,0.3333333333333333,0.6934264036172708,6,80
SVD Matrix Factorization,1372,10,0.2,0.3333333333333333,0.6934264036172708,6,80
SVD Matrix Factorization,1372,20,0.1,0.3333333333333333,0.6934264036172708,6,80
SVD Matrix Factorization,1372,40,0.05,0.3333333333333333,0.6934264036172708,6,80
SVD Matrix Factorization,1372,80,0.05,0.6666666666666666,0.5796917481215403,6,80
SVD Matrix Factorization,4871,5,0.0,0.0,0.0,1,80
SVD Matrix Factorization,4871,10,0.0,0.0,0.0,1,80
SVD Matrix Factorization,4871,20,0.0,0.0,0.0,1,80
SVD Matrix Factorization,4871,40,0.0,0.0,0.0,1,80
SVD Matrix Factorization,4871,80,0.0,0.0,0.0,1,80
SVD Matrix Factorization,85,5,0.0,0.0,0.0,3,80
SVD Matrix Factorization,85,10,0.0,0.0,0.0,3,80
SVD Matrix Factorization,85,20,0.0,0.0,0.0,3,80
SVD Matrix Factorization,85,40,0.0,0.0,0.0,3,80
SVD Matrix Factorization,85,80,0.0125,0.3333333333333333,0.15909880786929415,3,80
SVD Matrix Factorization,3929,5,0.2,0.03225806451612903,1.0,31,80
SVD Matrix Factorization,3929,10,0.1,0.03225806451612903,1.0,31,80
SVD Matrix Factorization,3929,20,0.25,0.16129032258064516,0.6800869197880562,31,80
SVD Matrix Factorization,3929,40,0.275,0.3548387096774194,0.6654136930462455,31,80
SVD Matrix Factorization,3929,80,0.175,0.45161290322580644,0.6617943065035751,31,80
SVD Matrix Factorization,1023,5,0.0,0.0,0.0,7,80
SVD Matrix Factorization,1023,10,0.0,0.0,0.0,7,80
SVD Matrix Factorization,1023,20,0.0,0.0,0.0,7,80
SVD Matrix Factorization,1023,40,0.0,0.0,0.0,7,80
SVD Matrix Factorization,1023,80,0.0125,0.14285714285714285,0.17542506358195453,7,80
SVD Matrix Factorization,4821,5,0.2,0.037037037037037035,1.0,27,80
SVD Matrix Factorization,4821,10,0.2,0.07407407407407407,0.8315546295836225,27,80
SVD Matrix Factorization,4821,20,0.15,0.1111111111111111,0.7512484757149765,27,80
SVD Matrix Factorization,4821,40,0.125,0.18518518518518517,0.6920359924325561,27,80
SVD Matrix Factorization,4821,80,0.1,0.2962962962962963,0.6491321358719079,27,80
SVD Matrix Factorization,677,5,0.0,0.0,0.0,32,80
SVD Matrix Factorization,677,10,0.1,0.03125,0.3333333333333333,32,80
SVD Matrix Factorization,677,20,0.15,0.09375,0.37547951006771646,32,80
SVD Matrix Factorization,677,40,0.1,0.125,0.38908480493732345,32,80
SVD Matrix Factorization,677,80,0.05,0.125,0.38908480493732345,32,80
SVD Matrix Factorization,5904,5,0.0,0.0,0.0,2,80
SVD Matrix Factorization,5904,10,0.0,0.0,0.0,2,80
SVD Matrix Factorization,5904,20,0.0,0.0,0.0,2,80
SVD Matrix Factorization,5904,40,0.0,0.0,0.0,2,80
SVD Matrix Factorization,5904,80,0.0,0.0,0.0,2,80
SVD Matrix Factorization,5821,5,0.2,0.09090909090909091,0.38685280723454163,11,80
SVD Matrix Factorization,5821,10,0.1,0.09090909090909091,0.38685280723454163,11,80
SVD Matrix Factorization,5821,20,0.1,0.18181818181818182,0.3842380534357064,11,80
SVD Matrix Factorization,5821,40,0.075,0.2727272727272727,0.39169750672458886,11,80
SVD Matrix Factorization,5821,80,0.05,0.36363636363636365,0.39574078913761324,11,80
SVD Matrix Factorization,1449,5,0.8,0.05263157894736842,0.9047172294870751,76,80
SVD Matrix Factorization,1449,10,0.8,0.10526315789473684,0.9053568677805114,76,80
SVD Matrix Factorization,1449,20,0.65,0.17105263157894737,0.893754364368076,76,80
SVD Matrix Factorization,1449,40,0.5,0.2631578947368421,0.8761356514741154,76,80
SVD Matrix Factorization,1449,80,0.375,0.39473684210526316,0.8596042848253299,76,80
SVD Matrix Factorization,1658,5,0.8,0.07272727272727272,0.9047172294870751,55,80
SVD Matrix Factorization,1658,10,0.5,0.09090909090909091,0.8990671370233444,55,80
SVD Matrix Factorization,1658,20,0.4,0.14545454545454545,0.8571859168946289,55,80
SVD Matrix Factorization,1658,40,0.325,0.23636363636363636,0.8227142485490812,55,80
SVD Matrix Factorization,1658,80,0.2,0.2909090909090909,0.803448064523462,55,80
SVD Matrix Factorization,1696,5,0.6,0.125,0.7328286204777911,24,80
SVD Matrix Factorization,1696,10,0.3,0.125,0.7328286204777911,24,80
SVD Matrix Factorization,1696,20,0.25,0.20833333333333334,0.6994212215350875,24,80
SVD Matrix Factorization,1696,40,0.15,0.25,0.689193082364505,24,80
SVD Matrix Factorization,1696,80,0.1375,0.4583333333333333,0.6460823718019177,24,80
SVD Matrix Factorization,1670,5,0.2,0.14285714285714285,0.5,7,80
SVD Matrix Factorization,1670,10,0.1,0.14285714285714285,0.5,7,80
SVD Matrix Factorization,1670,20,0.1,0.2857142857142857,0.4722693621479587,7,80
SVD Matrix Factorization,1670,40,0.05,0.2857142857142857,0.4722693621479587,7,80
SVD Matrix Factorization,1670,80,0.0375,0.42857142857142855,0.4484836612943004,7,80
SVD Matrix Factorization,5207,5,0.0,0.0,0.0,3,80
SVD Matrix Factorization,5207,10,0.0,0.0,0.0,3,80
SVD Matrix Factorization,5207,20,0.0,0.0,0.0,3,80
SVD Matrix Factorization,5207,40,0.025,0.3333333333333333,0.21810429198553155,3,80
SVD Matrix Factorization,5207,80,0.0125,0.3333333333333333,0.21810429198553155,3,80
SVD Matrix Factorization,4330,5,0.0,0.0,0.0,8,80
SVD Matrix Factorization,4330,10,0.0,0.0,0.0,8,80
SVD Matrix Factorization,4330,20,0.0,0.0,0.0,8,80
SVD Matrix Factorization,4330,40,0.025,0.125,0.21810429198553155,8,80
SVD Matrix Factorization,4330,80,0.0125,0.125,0.21810429198553155,8,80
SVD Matrix Factorization,1617,5,0.4,0.15384615384615385,0.5706417189553201,13,80
SVD Matrix Factorization,1617,10,0.5,0.38461538461538464,0.6365964361332774,13,80
SVD Matrix Factorization,1617,20,0.25,0.38461538461538464,0.6365964361332774,13,80
SVD Matrix Factorization,1617,40,0.125,0.38461538461538464,0.6365964361332774,13,80
SVD Matrix Factorization,1617,80,0.0875,0.5384615384615384,0.6142088380284666,13,80
SVD Matrix Factorization,1098,5,0.0,0.0,0.0,5,80
SVD Matrix Factorization,1098,10,0.0,0.0,0.0,5,80
SVD Matrix Factorization,1098,20,0.0,0.0,0.0,5,80
SVD Matrix Factorization,1098,40,0.025,0.2,0.18790182470910757,5,80
SVD Matrix Factorization,1098,80,0.0125,0.2,0.18790182470910757,5,80
SVD Matrix Factorization,3518,5,0.6,0.05357142857142857,0.9674679834891693,56,80
SVD Matrix Factorization,3518,10,0.5,0.08928571428571429,0.9143656167316337,56,80
SVD Matrix Factorization,3518,20,0.3,0.10714285714285714,0.8932604360396874,56,80
SVD Matrix Factorization,3518,40,0.175,0.125,0.8659064983334386,56,80
SVD Matrix Factorization,3518,80,0.1375,0.19642857142857142,0.7988942779560325,56,80
SVD Matrix Factorization,3105,5,0.4,0.2,0.6509209298071326,10,80
SVD Matrix Factorization,3105,10,0.2,0.2,0.6509209298071326,10,80
SVD Matrix Factorization,3105,20,0.15,0.3,0.6067701305674463,10,80
SVD Matrix Factorization,3105,40,0.075,0.3,0.6067701305674463,10,80
SVD Matrix Factorization,3105,80,0.05,0.4,0.5680268051273706,10,80
SVD Matrix Factorization,4638,5,0.0,0.0,0.0,2,80
SVD Matrix Factorization,4638,10,0.0,0.0,0.0,2,80
SVD Matrix Factorization,4638,20,0.0,0.0,0.0,2,80
SVD Matrix Factorization,4638,40,0.0,0.0,0.0,2,80
SVD Matrix Factorization,4638,80,0.0125,0.5,0.1605440854340214,2,80
SVD Matrix Factorization,4573,5,0.0,0.0,0.0,21,80
SVD Matrix Factorization,4573,10,0.2,0.09523809523809523,0.41183384043543503,21,80
SVD Matrix Factorization,4573,20,0.2,0.19047619047619047,0.4614265733697627,21,80
SVD Matrix Factorization,4573,40,0.125,0.23809523809523808,0.4722138189560379,21,80
SVD Matrix Factorization,4573,80,0.0875,0.3333333333333333,0.47376434209359614,21,80
SVD Matrix Factorization,38,5,0.2,0.08333333333333333,0.5,12,80
SVD Matrix Factorization,38,10,0.2,0.16666666666666666,0.5109559939712153,12,80
SVD Matrix Factorization,38,20,0.2,0.3333333333333333,0.5244302952494582,12,80
SVD Matrix Factorization,38,40,0.125,0.4166666666666667,0.5202498338652747,12,80
SVD Matrix Factorization,38,80,0.0875,0.5833333333333334,0.5165202521420758,12,80
SVD Matrix Factorization,1499,5,0.2,0.05,0.43067655807339306,20,80
SVD Matrix Factorization,1499,10,0.3,0.15,0.49418556194058083,20,80
SVD Matrix Factorization,1499,20,0.2,0.2,0.49997728401878405,20,80
SVD Matrix Factorization,1499,40,0.15,0.3,0.510676830956853,20,80
SVD Matrix Factorization,1499,80,0.1,0.4,0.5149941936354385,20,80
SVD Matrix Factorization,3649,5,0.0,0.0,0.0,6,80
SVD Matrix Factorization,3649,10,0.0,0.0,0.0,6,80
SVD Matrix Factorization,3649,20,0.0,0.0,0.0,6,80
SVD Matrix Factorization,3649,40,0.0,0.0,0.0,6,80
SVD Matrix Factorization,3649,80,0.0125,0.16666666666666666,0.17629143438888212,6,80
SVD Matrix Factorization,1455,5,0.0,0.0,0.0,9,80
SVD Matrix Factorization,1455,10,0.0,0.0,0.0,9,80
SVD Matrix Factorization,1455,20,0.05,0.1111111111111111,0.27023815442731974,9,80
SVD Matrix Factorization,1455,40,0.075,0.3333333333333333,0.3129149543961174,9,80
SVD Matrix Factorization,1455,80,0.05,0.4444444444444444,0.32813985728815653,9,80
SVD Matrix Factorization,2458,5,0.0,0.0,0.0,20,80
SVD Matrix Factorization,2458,10,0.2,0.1,0.39780880120575696,20,80
SVD Matrix Factorization,2458,20,0.15,0.15,0.4113080017523083,20,80
SVD Matrix Factorization,2458,40,0.125,0.25,0.4348415700523289,20,80
SVD Matrix Factorization,2458,80,0.0625,0.25,0.4348415700523289,20,80
SVD Matrix Factorization,692,5,0.8,0.038834951456310676,0.9047172294870751,103,80
SVD Matrix Factorization,692,10,0.7,0.06796116504854369,0.8859509025892363,103,80
SVD Matrix Factorization,692,20,0.7,0.13592233009708737,0.8810007738645694,103,80
SVD Matrix Factorization,692,40,0.475,0.18446601941747573,0.8762960071623196,103,80
SVD Matrix Factorization,692,80,0.35,0.27184466019417475,0.8582251201344825,103,80
SVD Matrix Factorization,2197,5,0.2,0.1111111111111111,0.6309297535714575,9,80
SVD Matrix Factorization,2197,10,0.1,0.1111111111111111,0.6309297535714575,9,80
SVD Matrix Factorization,2197,20,0.05,0.1111111111111111,0.6309297535714575,9,80
SVD Matrix Factorization,2197,40,0.025,0.1111111111111111,0.6309297535714575,9,80
SVD Matrix Factorization,2197,80,0.0375,0.3333333333333333,0.4477548098010515,9,80
SVD Matrix Factorization,3494,5,0.0,0.0,0.0,6,80
SVD Matrix Factorization,3494,10,0.0,0.0,0.0,6,80
SVD Matrix Factorization,3494,20,0.1,0.3333333333333333,0.29187569497433197,6,80
SVD Matrix Factorization,3494,40,0.075,0.5,0.3156323601862239,6,80
SVD Matrix Factorization,3494,80,0.0375,0.5,0.3156323601862239,6,80
SVD Matrix Factorization,707,5,0.2,0.14285714285714285,0.5,7,80
SVD Matrix Factorization,707,10,0.1,0.14285714285714285,0.5,7,80
SVD Matrix Factorization,707,20,0.05,0.14285714285714285,0.5,7,80
SVD Matrix Factorization,707,40,0.05,0.2857142857142857,0.43552453212757636,7,80
SVD Matrix Factorization,707,80,0.025,0.2857142857142857,0.43552453212757636,7,80
SVD Matrix Factorization,1221,5,0.4,0.05263157894736842,0.5437713091520254,38,80
SVD Matrix Factorization,1221,10,0.3,0.07894736842105263,0.5833416105149332,38,80
SVD Matrix Factorization,1221,20,0.3,0.15789473684210525,0.60873545705502,38,80
SVD Matrix Factorization,1221,40,0.15,0.15789473684210525,0.60873545705502,38,80
SVD Matrix Factorization,1221,80,0.0875,0.18421052631578946,0.6036164389912603,38,80
SVD Matrix Factorization,5963,5,0.4,0.1111111111111111,0.5706417189553201,18,80
SVD Matrix Factorization,5963,10,0.2,0.1111111111111111,0.5706417189553201,18,80
SVD Matrix Factorization,5963,20,0.1,0.1111111111111111,0.5706417189553201,18,80
SVD Matrix Factorization,5963,40,0.125,0.2777777777777778,0.5216194273370764,18,80
SVD Matrix Factorization,5963,80,0.075,0.3333333333333333,0.5204947484319885,18,80
SVD Matrix Factorization,2452,5,0.0,0.0,0.0,7,80
SVD Matrix Factorization,2452,10,0.0,0.0,0.0,7,80
SVD Matrix Factorization,2452,20,0.0,0.0,0.0,7,80
SVD Matrix Factorization,2452,40,0.025,0.14285714285714285,0.19195872000656014,7,80
SVD Matrix Factorization,2452,80,0.05,0.5714285714285714,0.2766383708552809,7,80
SVD Matrix Factorization,1407,5,0.6,0.13043478260869565,0.9060254355346823,23,80
SVD Matrix Factorization,1407,10,0.3,0.13043478260869565,0.9060254355346823,23,80
SVD Matrix Factorization,1407,20,0.15,0.13043478260869565,0.9060254355346823,23,80
SVD Matrix Factorization,1407,40,0.075,0.13043478260869565,0.9060254355346823,23,80
SVD Matrix Factorization,1407,80,0.0875,0.30434782608695654,0.7165605039673703,23,80
SVD Matrix Factorization,4769,5,0.2,0.14285714285714285,0.5,7,80
SVD Matrix Factorization,4769,10,0.1,0.14285714285714285,0.5,7,80
SVD Matrix Factorization,4769,20,0.05,0.14285714285714285,0.5,7,80
SVD Matrix Factorization,4769,40,0.025,0.14285714285714285,0.5,7,80
SVD Matrix Factorization,4769,80,0.025,0.2857142857142857,0.40729654266678744,7,80
SVD Matrix Factorization,5208,5,0.6,0.2727272727272727,0.6797310500037655,11,80
SVD Matrix Factorization,5208,10,0.3,0.2727272727272727,0.6797310500037655,11,80
SVD Matrix Factorization,5208,20,0.25,0.45454545454545453,0.6613880022890152,11,80
SVD Matrix Factorization,5208,40,0.15,0.5454545454545454,0.6511775694719013,11,80
SVD Matrix Factorization,5208,80,0.0875,0.6363636363636364,0.6412774604519204,11,80
SVD Matrix Factorization,4603,5,0.0,0.0,0.0,8,80
SVD Matrix Factorization,4603,10,0.1,0.125,0.3562071871080222,8,80
SVD Matrix Factorization,4603,20,0.05,0.125,0.3562071871080222,8,80
SVD Matrix Factorization,4603,40,0.05,0.25,0.34885208232633863,8,80
SVD Matrix Factorization,4603,80,0.0375,0.375,0.34210715425714316,8,80
SVD Matrix Factorization,1894,5,0.4,0.0625,1.0,32,80
SVD Matrix Factorization,1894,10,0.2,0.0625,1.0,32,80
SVD Matrix Factorization,1894,20,0.15,0.09375,0.8962626271568189,32,80
SVD Matrix Factorization,1894,40,0.075,0.09375,0.8962626271568189,32,80
SVD Matrix Factorization,1894,80,0.075,0.1875,0.7326643088784865,32,80
SVD Matrix Factorization,1515,5,0.0,0.0,0.0,5,80
SVD Matrix Factorization,1515,10,0.1,0.2,0.31546487678572877,5,80
SVD Matrix Factorization,1515,20,0.05,0.2,0.31546487678572877,5,80
SVD Matrix Factorization,1515,40,0.025,0.2,0.31546487678572877,5,80
SVD Matrix Factorization,1515,80,0.0125,0.2,0.31546487678572877,5,80
SVD Matrix Factorization,4031,5,0.2,0.16666666666666666,1.0,6,80
SVD Matrix Factorization,4031,10,0.1,0.16666666666666666,1.0,6,80
SVD Matrix Factorization,4031,20,0.1,0.3333333333333333,0.7841802768331765,6,80
SVD Matrix Factorization,4031,40,0.075,0.5,0.6967802554838062,6,80
SVD Matrix Factorization,4031,80,0.05,0.6666666666666666,0.6491603975623419,6,80
SVD Matrix Factorization,507,5,0.2,0.16666666666666666,0.38685280723454163,6,80
SVD Matrix Factorization,507,10,0.1,0.16666666666666666,0.38685280723454163,6,80
SVD Matrix Factorization,507,20,0.05,0.16666666666666666,0.38685280723454163,6,80
SVD Matrix Factorization,507,40,0.025,0.16666666666666666,0.38685280723454163,6,80
SVD Matrix Factorization,507,80,0.025,0.3333333333333333,0.34142759508928056,6,80
SVD Matrix Factorization,3756,5,0.4,0.038461538461538464,0.5437713091520254,52,80
SVD Matrix Factorization,3756,10,0.3,0.057692307692307696,0.5518331289811786,52,80
SVD Matrix Factorization,3756,20,0.2,0.07692307692307693,0.5589756910939266,52,80
SVD Matrix Factorization,3756,40,0.2,0.15384615384615385,0.5660216022810666,52,80
SVD Matrix Factorization,3756,80,0.1375,0.21153846153846154,0.5651796483276103,52,80
SVD Matrix Factorization,1567,5,0.2,0.1111111111111111,0.43067655807339306,9,80
SVD Matrix Factorization,1567,10,0.1,0.1111111111111111,0.43067655807339306,9,80
SVD Matrix Factorization,1567,20,0.05,0.1111111111111111,0.43067655807339306,9,80
SVD Matrix Factorization,1567,40,0.05,0.2222222222222222,0.3800757918805752,9,80
SVD Matrix Factorization,1567,80,0.025,0.2222222222222222,0.3800757918805752,9,80
SVD Matrix Factorization,3343,5,0.0,0.0,0.0,6,80
SVD Matrix Factorization,3343,10,0.0,0.0,0.0,6,80
SVD Matrix Factorization,3343,20,0.0,0.0,0.0,6,80
SVD Matrix Factorization,3343,40,0.0,0.0,0.0,6,80
SVD Matrix Factorization,3343,80,0.0,0.0,0.0,6,80
SVD Matrix Factorization,94,5,0.0,0.0,0.0,4,80
SVD Matrix Factorization,94,10,0.0,0.0,0.0,4,80
SVD Matrix Factorization,94,20,0.0,0.0,0.0,4,80
SVD Matrix Factorization,94,40,0.0,0.0,0.0,4,80
SVD Matrix Factorization,94,80,0.0125,0.25,0.16207652439312228,4,80
SVD Matrix Factorization,4648,5,0.0,0.0,0.0,6,80
SVD Matrix Factorization,4648,10,0.0,0.0,0.0,6,80
SVD Matrix Factorization,4648,20,0.05,0.16666666666666666,0.25,6,80
SVD Matrix Factorization,4648,40,0.025,0.16666666666666666,0.25,6,80
SVD Matrix Factorization,4648,80,0.0125,0.16666666666666666,0.25,6,80
SVD Matrix Factorization,2121,5,0.2,0.043478260869565216,1.0,23,80
SVD Matrix Factorization,2121,10,0.1,0.043478260869565216,1.0,23,80
SVD Matrix Factorization,2121,20,0.15,0.13043478260869565,0.7042036765468256,23,80
SVD Matrix Factorization,2121,40,0.15,0.2608695652173913,0.6394498267022798,23,80
SVD Matrix Factorization,2121,80,0.1,0.34782608695652173,0.6241238844775551,23,80
SVD Matrix Factorization,2325,5,0.0,0.0,0.0,1,80
SVD Matrix Factorization,2325,10,0.0,0.0,0.0,1,80
SVD Matrix Factorization,2325,20,0.0,0.0,0.0,1,80
SVD Matrix Factorization,2325,40,0.0,0.0,0.0,1,80
SVD Matrix Factorization,2325,80,0.0125,1.0,0.18428883314870617,1,80
SVD Matrix Factorization,5398,5,0.0,0.0,0.0,2,80
SVD Matrix Factorization,5398,10,0.0,0.0,0.0,2,80
SVD Matrix Factorization,5398,20,0.0,0.0,0.0,2,80
SVD Matrix Factorization,5398,40,0.0,0.0,0.0,2,80
SVD Matrix Factorization,5398,80,0.0125,0.5,0.17219543379409813,2,80
SVD Matrix Factorization,3890,5,0.2,0.06666666666666667,0.38685280723454163,15,80
SVD Matrix Factorization,3890,10,0.2,0.13333333333333333,0.430624116386567,15,80
SVD Matrix Factorization,3890,20,0.2,0.26666666666666666,0.4581142537061565,15,80
SVD Matrix Factorization,3890,40,0.175,0.4666666666666667,0.48664233585194044,15,80
SVD Matrix Factorization,3890,80,0.0875,0.4666666666666667,0.48664233585194044,15,80
SVD Matrix Factorization,3026,5,0.4,0.08695652173913043,0.8503449055347546,23,80
SVD Matrix Factorization,3026,10,0.3,0.13043478260869565,0.7920874914199381,23,80
SVD Matrix Factorization,3026,20,0.2,0.17391304347826086,0.7644113572114445,23,80
SVD Matrix Factorization,3026,40,0.2,0.34782608695652173,0.7100784206103715,23,80
SVD Matrix Factorization,3026,80,0.1125,0.391304347826087,0.7016987387880581,23,80
SVD Matrix Factorization,1739,5,0.2,0.125,0.6309297535714575,8,80
SVD Matrix Factorization,1739,10,0.1,0.125,0.6309297535714575,8,80
SVD Matrix Factorization,1739,20,0.05,0.125,0.6309297535714575,8,80
SVD Matrix Factorization,1739,40,0.025,0.125,0.6309297535714575,8,80
SVD Matrix Factorization,1739,80,0.025,0.25,0.4929086873644509,8,80
SVD Matrix Factorization,2308,5,0.2,0.07692307692307693,0.6309297535714575,13,80
SVD Matrix Factorization,2308,10,0.3,0.23076923076923078,0.5730008572581421,13,80
SVD Matrix Factorization,2308,20,0.15,0.23076923076923078,0.5730008572581421,13,80
SVD Matrix Factorization,2308,40,0.075,0.23076923076923078,0.5730008572581421,13,80
SVD Matrix Factorization,2308,80,0.0375,0.23076923076923078,0.5730008572581421,13,80
SVD Matrix Factorization,1700,5,0.0,0.0,0.0,1,80
SVD Matrix Factorization,1700,10,0.0,0.0,0.0,1,80
SVD Matrix Factorization,1700,20,0.0,0.0,0.0,1,80
SVD Matrix Factorization,1700,40,0.0,0.0,0.0,1,80
SVD Matrix Factorization,1700,80,0.0,0.0,0.0,1,80
SVD Matrix Factorization,5580,5,0.4,0.043478260869565216,0.6509209298071326,46,80
SVD Matrix Factorization,5580,10,0.3,0.06521739130434782,0.6394562303262419,46,80
SVD Matrix Factorization,5580,20,0.15,0.06521739130434782,0.6394562303262419,46,80
SVD Matrix Factorization,5580,40,0.15,0.13043478260869565,0.5983755577289176,46,80
SVD Matrix Factorization,5580,80,0.15,0.2608695652173913,0.5942763147717129,46,80
SVD Matrix Factorization,2382,5,0.0,0.0,0.0,7,80
SVD Matrix Factorization,2382,10,0.0,0.0,0.0,7,80
SVD Matrix Factorization,2382,20,0.0,0.0,0.0,7,80
SVD Matrix Factorization,2382,40,0.0,0.0,0.0,7,80
SVD Matrix Factorization,2382,80,0.0,0.0,0.0,7,80
SVD Matrix Factorization,3875,5,0.2,0.5,0.6309297535714575,2,80
SVD Matrix Factorization,3875,10,0.1,0.5,0.6309297535714575,2,80
SVD Matrix Factorization,3875,20,0.05,0.5,0.6309297535714575,2,80
SVD Matrix Factorization,3875,40,0.025,0.5,0.6309297535714575,2,80
SVD Matrix Factorization,3875,80,0.0125,0.5,0.6309297535714575,2,80
SVD Matrix Factorization,784,5,0.0,0.0,0.0,5,80
SVD Matrix Factorization,784,10,0.1,0.2,0.3562071871080222,5,80
SVD Matrix Factorization,784,20,0.05,0.2,0.3562071871080222,5,80
SVD Matrix Factorization,784,40,0.075,0.6,0.34735307530035164,5,80
SVD Matrix Factorization,784,80,0.0375,0.6,0.34735307530035164,5,80
SVD Matrix Factorization,536,5,0.4,0.08695652173913043,0.8503449055347546,23,80
SVD Matrix Factorization,536,10,0.3,0.13043478260869565,0.8179809735263114,23,80
SVD Matrix Factorization,536,20,0.15,0.13043478260869565,0.8179809735263114,23,80
SVD Matrix Factorization,536,40,0.175,0.30434782608695654,0.7022968817494741,23,80
SVD Matrix Factorization,536,80,0.1125,0.391304347826087,0.678446286544746,23,80
SVD Matrix Factorization,4148,5,0.4,0.15384615384615385,0.5012658353418871,13,80
SVD Matrix Factorization,4148,10,0.3,0.23076923076923078,0.5508095940041026,13,80
SVD Matrix Factorization,4148,20,0.2,0.3076923076923077,0.5636989182448087,13,80
SVD Matrix Factorization,4148,40,0.1,0.3076923076923077,0.5636989182448087,13,80
SVD Matrix Factorization,4148,80,0.05,0.3076923076923077,0.5636989182448087,13,80
SVD Matrix Factorization,1781,5,0.0,0.0,0.0,7,80
SVD Matrix Factorization,1781,10,0.0,0.0,0.0,7,80
SVD Matrix Factorization,1781,20,0.0,0.0,0.0,7,80
SVD Matrix Factorization,1781,40,0.0,0.0,0.0,7,80
SVD Matrix Factorization,1781,80,0.0125,0.14285714285714285,0.18316925091363362,7,80
SVD Matrix Factorization,5834,5,0.0,0.0,0.0,1,80
SVD Matrix Factorization,5834,10,0.0,0.0,0.0,1,80
SVD Matrix Factorization,5834,20,0.0,0.0,0.0,1,80
SVD Matrix Factorization,5834,40,0.0,0.0,0.0,1,80
SVD Matrix Factorization,5834,80,0.0,0.0,0.0,1,80
SVD Matrix Factorization,1195,5,0.0,0.0,0.0,10,80
SVD Matrix Factorization,1195,10,0.0,0.0,0.0,10,80
SVD Matrix Factorization,1195,20,0.0,0.0,0.0,10,80
SVD Matrix Factorization,1195,40,0.0,0.0,0.0,10,80
SVD Matrix Factorization,1195,80,0.0125,0.1,0.15817959093978226,10,80
SVD Matrix Factorization,3608,5,0.2,0.08333333333333333,1.0,12,80
SVD Matrix Factorization,3608,10,0.1,0.08333333333333333,1.0,12,80
SVD Matrix Factorization,3608,20,0.05,0.08333333333333333,1.0,12,80
SVD Matrix Factorization,3608,40,0.025,0.08333333333333333,1.0,12,80
SVD Matrix Factorization,3608,80,0.0375,0.25,0.6277672472907825,12,80
SVD Matrix Factorization,5786,5,0.2,0.03125,0.5,32,80
SVD Matrix Factorization,5786,10,0.3,0.09375,0.5391065605018963,32,80
SVD Matrix Factorization,5786,20,0.15,0.09375,0.5391065605018963,32,80
SVD Matrix Factorization,5786,40,0.15,0.1875,0.5278037606555896,32,80
SVD Matrix Factorization,5786,80,0.1,0.25,0.525819345488065,32,80
SVD Matrix Factorization,1596,5,0.0,0.0,0.0,6,80
SVD Matrix Factorization,1596,10,0.0,0.0,0.0,6,80
SVD Matrix Factorization,1596,20,0.0,0.0,0.0,6,80
SVD Matrix Factorization,1596,40,0.0,0.0,0.0,6,80
SVD Matrix Factorization,1596,80,0.0125,0.16666666666666666,0.18428883314870617,6,80
SVD Matrix Factorization,1738,5,0.4,0.25,1.0,8,80
SVD Matrix Factorization,1738,10,0.3,0.375,0.9325210919548239,8,80
SVD Matrix Factorization,1738,20,0.15,0.375,0.9325210919548239,8,80
SVD Matrix Factorization,1738,40,0.125,0.625,0.8051848734745634,8,80
SVD Matrix Factorization,1738,80,0.0625,0.625,0.8051848734745634,8,80
SVD Matrix Factorization,1534,5,0.0,0.0,0.0,2,80
SVD Matrix Factorization,1534,10,0.0,0.0,0.0,2,80
SVD Matrix Factorization,1534,20,0.0,0.0,0.0,2,80
SVD Matrix Factorization,1534,40,0.0,0.0,0.0,2,80
SVD Matrix Factorization,1534,80,0.0,0.0,0.0,2,80
SVD Matrix Factorization,5524,5,0.0,0.0,0.0,28,80
SVD Matrix Factorization,5524,10,0.0,0.0,0.0,28,80
SVD Matrix Factorization,5524,20,0.05,0.03571428571428571,0.2559580248098155,28,80
SVD Matrix Factorization,5524,40,0.025,0.03571428571428571,0.2559580248098155,28,80
SVD Matrix Factorization,5524,80,0.1,0.2857142857142857,0.35950370600748327,28,80
SVD Matrix Factorization,4056,5,0.0,0.0,0.0,1,80
SVD Matrix Factorization,4056,10,0.0,0.0,0.0,1,80
SVD Matrix Factorization,4056,20,0.0,0.0,0.0,1,80
SVD Matrix Factorization,4056,40,0.0,0.0,0.0,1,80
SVD Matrix Factorization,4056,80,0.0,0.0,0.0,1,80
SVD Matrix Factorization,5412,5,0.6,0.06521739130434782,0.7122630665145961,46,80
SVD Matrix Factorization,5412,10,0.4,0.08695652173913043,0.7100281367210132,46,80
SVD Matrix Factorization,5412,20,0.2,0.08695652173913043,0.7100281367210132,46,80
SVD Matrix Factorization,5412,40,0.2,0.17391304347826086,0.6643096969491326,46,80
SVD Matrix Factorization,5412,80,0.15,0.2608695652173913,0.6503785004148476,46,80
SVD Matrix Factorization,264,5,0.8,0.26666666666666666,1.0,15,80
SVD Matrix Factorization,264,10,0.5,0.3333333333333333,0.9708923176105698,15,80
SVD Matrix Factorization,264,20,0.35,0.4666666666666667,0.9294239148927332,15,80
SVD Matrix Factorization,264,40,0.175,0.4666666666666667,0.9294239148927332,15,80
SVD Matrix Factorization,264,80,0.1,0.5333333333333333,0.9021689396832695,15,80
SVD Matrix Factorization,626,5,0.2,0.1111111111111111,1.0,9,80
SVD Matrix Factorization,626,10,0.2,0.2222222222222222,0.8065735963827293,9,80
SVD Matrix Factorization,626,20,0.15,0.3333333333333333,0.7482216716738862,9,80
SVD Matrix Factorization,626,40,0.075,0.3333333333333333,0.7482216716738862,9,80
SVD Matrix Factorization,626,80,0.0375,0.3333333333333333,0.7482216716738862,9,80
SVD Matrix Factorization,3206,5,0.0,0.0,0.0,7,80
SVD Matrix Factorization,3206,10,0.1,0.14285714285714285,0.31546487678572877,7,80
SVD Matrix Factorization,3206,20,0.1,0.2857142857142857,0.3591221693825003,7,80
SVD Matrix Factorization,3206,40,0.075,0.42857142857142855,0.369581454515431,7,80
SVD Matrix Factorization,3206,80,0.0375,0.42857142857142855,0.369581454515431,7,80
SVD Matrix Factorization,4907,5,0.2,0.041666666666666664,0.38685280723454163,24,80
SVD Matrix Factorization,4907,10,0.1,0.041666666666666664,0.38685280723454163,24,80
SVD Matrix Factorization,4907,20,0.1,0.08333333333333333,0.37906661463529034,24,80
SVD Matrix Factorization,4907,40,0.05,0.08333333333333333,0.37906661463529034,24,80
SVD Matrix Factorization,4907,80,0.0625,0.20833333333333334,0.3823303733644618,24,80
SVD Matrix Factorization,178,5,0.2,0.0625,0.6309297535714575,16,80
SVD Matrix Factorization,178,10,0.1,0.0625,0.6309297535714575,16,80
SVD Matrix Factorization,178,20,0.1,0.125,0.5478956323237497,16,80
SVD Matrix Factorization,178,40,0.05,0.125,0.5478956323237497,16,80
SVD Matrix Factorization,178,80,0.025,0.125,0.5478956323237497,16,80
SVD Matrix Factorization,1173,5,0.4,0.08695652173913043,0.8772153153380493,23,80
SVD Matrix Factorization,1173,10,0.2,0.08695652173913043,0.8772153153380493,23,80
SVD Matrix Factorization,1173,20,0.15,0.13043478260869565,0.7818584674824014,23,80
SVD Matrix Factorization,1173,40,0.1,0.17391304347826086,0.733458344653658,23,80
SVD Matrix Factorization,1173,80,0.1,0.34782608695652173,0.6524236755989846,23,80
SVD Matrix Factorization,2943,5,0.4,0.08333333333333333,0.8503449055347546,24,80
SVD Matrix Factorization,2943,10,0.3,0.125,0.8179809735263114,24,80
SVD Matrix Factorization,2943,20,0.2,0.16666666666666666,0.7759625385933904,24,80
SVD Matrix Factorization,2943,40,0.125,0.20833333333333334,0.7502068950235448,24,80
SVD Matrix Factorization,2943,80,0.0875,0.2916666666666667,0.6975761763839103,24,80
SVD Matrix Factorization,5171,5,0.0,0.0,0.0,6,80
SVD Matrix Factorization,5171,10,0.0,0.0,0.0,6,80
SVD Matrix Factorization,5171,20,0.0,0.0,0.0,6,80
SVD Matrix Factorization,5171,40,0.025,0.16666666666666666,0.1905514124267734,6,80
SVD Matrix Factorization,5171,80,0.0125,0.16666666666666666,0.1905514124267734,6,80
SVD Matrix Factorization,2828,5,0.6,0.42857142857142855,1.0,7,80
SVD Matrix Factorization,2828,10,0.3,0.42857142857142855,1.0,7,80
SVD Matrix Factorization,2828,20,0.15,0.42857142857142855,1.0,7,80
SVD Matrix Factorization,2828,40,0.075,0.42857142857142855,1.0,7,80
SVD Matrix Factorization,2828,80,0.0375,0.42857142857142855,1.0,7,80
SVD Matrix Factorization,157,5,0.6,0.061224489795918366,1.0,49,80
SVD Matrix Factorization,157,10,0.5,0.10204081632653061,0.941577161175803,49,80
SVD Matrix Factorization,157,20,0.3,0.12244897959183673,0.9113206603969519,49,80
SVD Matrix Factorization,157,40,0.175,0.14285714285714285,0.879470264507914,49,80
SVD Matrix Factorization,157,80,0.15,0.24489795918367346,0.7971636954156825,49,80
SVD Matrix Factorization,3621,5,0.2,0.03333333333333333,1.0,30,80
SVD Matrix Factorization,3621,10,0.1,0.03333333333333333,1.0,30,80
SVD Matrix Factorization,3621,20,0.15,0.1,0.7019332706162754,30,80
SVD Matrix Factorization,3621,40,0.15,0.2,0.6327108216420371,30,80
SVD Matrix Factorization,3621,80,0.1,0.26666666666666666,0.6128404738817242,30,80
SVD Matrix Factorization,2144,5,0.0,0.0,0.0,10,80
SVD Matrix Factorization,2144,10,0.0,0.0,0.0,10,80
SVD Matrix Factorization,2144,20,0.0,0.0,0.0,10,80
SVD Matrix Factorization,2144,40,0.025,0.1,0.19342640361727081,10,80
SVD Matrix Factorization,2144,80,0.0125,0.1,0.19342640361727081,10,80
SVD Matrix Factorization,1544,5,0.2,0.043478260869565216,0.5,23,80
SVD Matrix Factorization,1544,10,0.3,0.13043478260869565,0.5374517914100283,23,80
SVD Matrix Factorization,1544,20,0.25,0.21739130434782608,0.5668954953319185,23,80
SVD Matrix Factorization,1544,40,0.175,0.30434782608695654,0.5646220889072731,23,80
SVD Matrix Factorization,1544,80,0.1125,0.391304347826087,0.5647790862783071,23,80
SVD Matrix Factorization,1774,5,0.0,0.0,0.0,2,80
SVD Matrix Factorization,1774,10,0.1,0.5,0.3010299956639812,2,80
SVD Matrix Factorization,1774,20,0.05,0.5,0.3010299956639812,2,80
SVD Matrix Factorization,1774,40,0.025,0.5,0.3010299956639812,2,80
SVD Matrix Factorization,1774,80,0.0125,0.5,0.3010299956639812,2,80
SVD Matrix Factorization,32,5,0.0,0.0,0.0,6,80
SVD Matrix Factorization,32,10,0.0,0.0,0.0,6,80
SVD Matrix Factorization,32,20,0.0,0.0,0.0,6,80
SVD Matrix Factorization,32,40,0.025,0.16666666666666666,0.20584683246043448,6,80
SVD Matrix Factorization,32,80,0.025,0.3333333333333333,0.23133334357788907,6,80
SVD Matrix Factorization,1673,5,0.0,0.0,0.0,16,80
SVD Matrix Factorization,1673,10,0.0,0.0,0.0,16,80
SVD Matrix Factorization,1673,20,0.0,0.0,0.0,16,80
SVD Matrix Factorization,1673,40,0.05,0.125,0.2695285326002927,16,80
SVD Matrix Factorization,1673,80,0.0625,0.3125,0.3136464415326218,16,80
SVD Matrix Factorization,6033,5,0.0,0.0,0.0,3,80
SVD Matrix Factorization,6033,10,0.0,0.0,0.0,3,80
SVD Matrix Factorization,6033,20,0.0,0.0,0.0,3,80
SVD Matrix Factorization,6033,40,0.0,0.0,0.0,3,80
SVD Matrix Factorization,6033,80,0.0,0.0,0.0,3,80
SVD Matrix Factorization,5611,5,0.0,0.0,0.0,8,80
SVD Matrix Factorization,5611,10,0.0,0.0,0.0,8,80
SVD Matrix Factorization,5611,20,0.05,0.125,0.23137821315975915,8,80
SVD Matrix Factorization,5611,40,0.05,0.25,0.2739029631522896,8,80
SVD Matrix Factorization,5611,80,0.0375,0.375,0.29080554232392364,8,80
SVD Matrix Factorization,3767,5,0.0,0.0,0.0,3,80
SVD Matrix Factorization,3767,10,0.0,0.0,0.0,3,80
SVD Matrix Factorization,3767,20,0.05,0.3333333333333333,0.23137821315975915,3,80
SVD Matrix Factorization,3767,40,0.025,0.3333333333333333,0.23137821315975915,3,80
SVD Matrix Factorization,3767,80,0.0125,0.3333333333333333,0.23137821315975915,3,80
SVD Matrix Factorization,5997,5,0.6,0.23076923076923078,0.6797310500037655,13,80
SVD Matrix Factorization,5997,10,0.3,0.23076923076923078,0.6797310500037655,13,80
SVD Matrix Factorization,5997,20,0.2,0.3076923076923077,0.6679826818578746,13,80
SVD Matrix Factorization,5997,40,0.1,0.3076923076923077,0.6679826818578746,13,80
SVD Matrix Factorization,5997,80,0.0625,0.38461538461538464,0.6398371628824031,13,80
SVD Matrix Factorization,309,5,0.2,0.05,0.38685280723454163,20,80
SVD Matrix Factorization,309,10,0.1,0.05,0.38685280723454163,20,80
SVD Matrix Factorization,309,20,0.05,0.05,0.38685280723454163,20,80
SVD Matrix Factorization,309,40,0.1,0.2,0.3810873001052991,20,80
SVD Matrix Factorization,309,80,0.0875,0.35,0.40351240517163117,20,80
SVD Matrix Factorization,811,5,0.4,0.18181818181818182,0.9197207891481876,11,80
SVD Matrix Factorization,811,10,0.2,0.18181818181818182,0.9197207891481876,11,80
SVD Matrix Factorization,811,20,0.1,0.18181818181818182,0.9197207891481876,11,80
SVD Matrix Factorization,811,40,0.05,0.18181818181818182,0.9197207891481876,11,80
SVD Matrix Factorization,811,80,0.025,0.18181818181818182,0.9197207891481876,11,80
SVD Matrix Factorization,4307,5,0.0,0.0,0.0,3,80
SVD Matrix Factorization,4307,10,0.0,0.0,0.0,3,80
SVD Matrix Factorization,4307,20,0.05,0.3333333333333333,0.2559580248098155,3,80
SVD Matrix Factorization,4307,40,0.025,0.3333333333333333,0.2559580248098155,3,80
SVD Matrix Factorization,4307,80,0.0125,0.3333333333333333,0.2559580248098155,3,80
SVD Matrix Factorization,809,5,0.0,0.0,0.0,15,80
SVD Matrix Factorization,809,10,0.0,0.0,0.0,15,80
SVD Matrix Factorization,809,20,0.05,0.06666666666666667,0.23981246656813146,15,80
SVD Matrix Factorization,809,40,0.025,0.06666666666666667,0.23981246656813146,15,80
SVD Matrix Factorization,809,80,0.0125,0.06666666666666667,0.23981246656813146,15,80
SVD Matrix Factorization,1184,5,0.4,0.06451612903225806,0.5012658353418871,31,80
SVD Matrix Factorization,1184,10,0.4,0.12903225806451613,0.5757194387661255,31,80
SVD Matrix Factorization,1184,20,0.4,0.25806451612903225,0.6357998793498136,31,80
SVD Matrix Factorization,1184,40,0.25,0.3225806451612903,0.6475158027615366,31,80
SVD Matrix Factorization,1184,80,0.1375,0.3548387096774194,0.6469940048077165,31,80
SVD Matrix Factorization,2146,5,0.0,0.0,0.0,7,80
SVD Matrix Factorization,2146,10,0.0,0.0,0.0,7,80
SVD Matrix Factorization,2146,20,0.05,0.14285714285714285,0.2559580248098155,7,80
SVD Matrix Factorization,2146,40,0.025,0.14285714285714285,0.2559580248098155,7,80
SVD Matrix Factorization,2146,80,0.025,0.2857142857142857,0.2645013296539074,7,80
SVD Matrix Factorization,4386,5,1.0,0.05,1.0,100,80
SVD Matrix Factorization,4386,10,0.9,0.09,0.9937947856332163,100,80
SVD Matrix Factorization,4386,20,0.75,0.15,0.9839159529361191,100,80
SVD Matrix Factorization,4386,40,0.625,0.25,0.9588843614278848,100,80
SVD Matrix Factorization,4386,80,0.5,0.4,0.9307148966922618,100,80
SVD Matrix Factorization,4835,5,0.2,0.08333333333333333,0.6309297535714575,12,80
SVD Matrix Factorization,4835,10,0.2,0.16666666666666666,0.5714285040141098,12,80
SVD Matrix Factorization,4835,20,0.1,0.16666666666666666,0.5714285040141098,12,80
SVD Matrix Factorization,4835,40,0.075,0.25,0.538402557075968,12,80
SVD Matrix Factorization,4835,80,0.0625,0.4166666666666667,0.5038364272273764,12,80
SVD Matrix Factorization,3200,5,0.4,0.13333333333333333,0.9197207891481876,15,80
SVD Matrix Factorization,3200,10,0.3,0.2,0.8395700624665824,15,80
SVD Matrix Factorization,3200,20,0.15,0.2,0.8395700624665824,15,80
SVD Matrix Factorization,3200,40,0.1,0.26666666666666666,0.7805160125839978,15,80
SVD Matrix Factorization,3200,80,0.05,0.26666666666666666,0.7805160125839978,15,80
SVD Matrix Factorization,2939,5,0.4,0.125,0.6934264036172708,16,80
SVD Matrix Factorization,2939,10,0.2,0.125,0.6934264036172708,16,80
SVD Matrix Factorization,2939,20,0.1,0.125,0.6934264036172708,16,80
SVD Matrix Factorization,2939,40,0.075,0.1875,0.634462248585626,16,80
SVD Matrix Factorization,2939,80,0.05,0.25,0.5919202049503818,16,80
SVD Matrix Factorization,5853,5,0.2,0.09090909090909091,0.6309297535714575,11,80
SVD Matrix Factorization,5853,10,0.2,0.18181818181818182,0.5802792108518124,11,80
SVD Matrix Factorization,5853,20,0.15,0.2727272727272727,0.5673787056415215,11,80
SVD Matrix Factorization,5853,40,0.1,0.36363636363636365,0.5560504898648756,11,80
SVD Matrix Factorization,5853,80,0.05,0.36363636363636365,0.5560504898648756,11,80
SVD Matrix Factorization,4865,5,0.4,0.08333333333333333,0.6934264036172708,24,80
SVD Matrix Factorization,4865,10,0.3,0.125,0.6871475159848289,24,80
SVD Matrix Factorization,4865,20,0.25,0.20833333333333334,0.66554137472811,24,80
SVD Matrix Factorization,4865,40,0.2,0.3333333333333333,0.6452590750254069,24,80
SVD Matrix Factorization,4865,80,0.1375,0.4583333333333333,0.6374908960171018,24,80
SVD Matrix Factorization,3408,5,0.4,0.15384615384615385,0.8503449055347546,13,80
SVD Matrix Factorization,3408,10,0.2,0.15384615384615385,0.8503449055347546,13,80
SVD Matrix Factorization,3408,20,0.15,0.23076923076923078,0.7776375353925027,13,80
SVD Matrix Factorization,3408,40,0.075,0.23076923076923078,0.7776375353925027,13,80
SVD Matrix Factorization,3408,80,0.0625,0.38461538461538464,0.6742833174071133,13,80
SVD Matrix Factorization,5188,5,0.0,0.0,0.0,19,80
SVD Matrix Factorization,5188,10,0.0,0.0,0.0,19,80
SVD Matrix Factorization,5188,20,0.0,0.0,0.0,19,80
SVD Matrix Factorization,5188,40,0.025,0.05263157894736842,0.22106472945750374,19,80
SVD Matrix Factorization,5188,80,0.05,0.21052631578947367,0.28655220912089224,19,80
SVD Matrix Factorization,3355,5,0.0,0.0,0.0,6,80
SVD Matrix Factorization,3355,10,0.1,0.16666666666666666,0.3333333333333333,6,80
SVD Matrix Factorization,3355,20,0.05,0.16666666666666666,0.3333333333333333,6,80
SVD Matrix Factorization,3355,40,0.05,0.3333333333333333,0.33059680505126315,6,80
SVD Matrix Factorization,3355,80,0.0375,0.5,0.3338334350982682,6,80
SVD Matrix Factorization,4483,5,0.2,0.07142857142857142,0.6309297535714575,14,80
SVD Matrix Factorization,4483,10,0.1,0.07142857142857142,0.6309297535714575,14,80
SVD Matrix Factorization,4483,20,0.1,0.14285714285714285,0.5401396054259062,14,80
SVD Matrix Factorization,4483,40,0.05,0.14285714285714285,0.5401396054259062,14,80
SVD Matrix Factorization,4483,80,0.05,0.2857142857142857,0.47286921991050945,14,80
SVD Matrix Factorization,539,5,0.4,0.1,0.5706417189553201,20,80
SVD Matrix Factorization,539,10,0.2,0.1,0.5706417189553201,20,80
SVD Matrix Factorization,539,20,0.1,0.1,0.5706417189553201,20,80
SVD Matrix Factorization,539,40,0.075,0.15,0.5314701917120307,20,80
SVD Matrix Factorization,539,80,0.05,0.2,0.5060228397346416,20,80
SVD Matrix Factorization,2624,5,0.2,0.017543859649122806,0.5,57,80
SVD Matrix Factorization,2624,10,0.1,0.017543859649122806,0.5,57,80
SVD Matrix Factorization,2624,20,0.25,0.08771929824561403,0.49303685259419133,57,80
SVD Matrix Factorization,2624,40,0.15,0.10526315789473684,0.49937285141855586,57,80
SVD Matrix Factorization,2624,80,0.175,0.24561403508771928,0.539450221253937,57,80
SVD Matrix Factorization,1087,5,0.2,0.022222222222222223,0.43067655807339306,45,80
SVD Matrix Factorization,1087,10,0.3,0.06666666666666667,0.5256940434743352,45,80
SVD Matrix Factorization,1087,20,0.25,0.1111111111111111,0.5384845879712461,45,80
SVD Matrix Factorization,1087,40,0.225,0.2,0.5604978438028977,45,80
SVD Matrix Factorization,1087,80,0.2125,0.37777777777777777,0.5905867620038422,45,80
SVD Matrix Factorization,4400,5,0.0,0.0,0.0,1,80
SVD Matrix Factorization,4400,10,0.0,0.0,0.0,1,80
SVD Matrix Factorization,4400,20,0.0,0.0,0.0,1,80
SVD Matrix Factorization,4400,40,0.0,0.0,0.0,1,80
SVD Matrix Factorization,4400,80,0.0,0.0,0.0,1,80
SVD Matrix Factorization,3754,5,0.2,0.02631578947368421,1.0,38,80
SVD Matrix Factorization,3754,10,0.2,0.05263157894736842,0.7977228895450266,38,80
SVD Matrix Factorization,3754,20,0.2,0.10526315789473684,0.6903920805041559,38,80
SVD Matrix Factorization,3754,40,0.175,0.18421052631578946,0.6517058559015196,38,80
SVD Matrix Factorization,3754,80,0.1375,0.2894736842105263,0.6325528027553727,38,80
SVD Matrix Factorization,81,5,0.2,0.0625,0.43067655807339306,16,80
SVD Matrix Factorization,81,10,0.1,0.0625,0.43067655807339306,16,80
SVD Matrix Factorization,81,20,0.2,0.25,0.4425224053953991,16,80
SVD Matrix Factorization,81,40,0.15,0.375,0.4741812372668987,16,80
SVD Matrix Factorization,81,80,0.1125,0.5625,0.4844572475108179,16,80
SVD Matrix Factorization,3247,5,0.0,0.0,0.0,2,80
SVD Matrix Factorization,3247,10,0.0,0.0,0.0,2,80
SVD Matrix Factorization,3247,20,0.0,0.0,0.0,2,80
SVD Matrix Factorization,3247,40,0.0,0.0,0.0,2,80
SVD Matrix Factorization,3247,80,0.0125,0.5,0.17718382013555792,2,80
SVD Matrix Factorization,1973,5,0.0,0.0,0.0,2,80
SVD Matrix Factorization,1973,10,0.0,0.0,0.0,2,80
SVD Matrix Factorization,1973,20,0.0,0.0,0.0,2,80
SVD Matrix Factorization,1973,40,0.0,0.0,0.0,2,80
SVD Matrix Factorization,1973,80,0.0,0.0,0.0,2,80
SVD Matrix Factorization,3862,5,0.0,0.0,0.0,5,80
SVD Matrix Factorization,3862,10,0.1,0.2,0.3562071871080222,5,80
SVD Matrix Factorization,3862,20,0.05,0.2,0.3562071871080222,5,80
SVD Matrix Factorization,3862,40,0.025,0.2,0.3562071871080222,5,80
SVD Matrix Factorization,3862,80,0.0125,0.2,0.3562071871080222,5,80
SVD Matrix Factorization,502,5,0.4,1.0,1.0,2,80
SVD Matrix Factorization,502,10,0.2,1.0,1.0,2,80
SVD Matrix Factorization,502,20,0.1,1.0,1.0,2,80
SVD Matrix Factorization,502,40,0.05,1.0,1.0,2,80
SVD Matrix Factorization,502,80,0.025,1.0,1.0,2,80
SVD Matrix Factorization,3135,5,0.2,0.05555555555555555,0.43067655807339306,18,80
SVD Matrix Factorization,3135,10,0.3,0.16666666666666666,0.5065745439910657,18,80
SVD Matrix Factorization,3135,20,0.2,0.2222222222222222,0.5133043573408376,18,80
SVD Matrix Factorization,3135,40,0.125,0.2777777777777778,0.5220108008014838,18,80
SVD Matrix Factorization,3135,80,0.0625,0.2777777777777778,0.5220108008014838,18,80
