tmdbId,poster_url
862,https://image.tmdb.org/t/p/w500/uXDfjJbdP4ijW5hWSBrPrlKpxab.jpg
8844,https://image.tmdb.org/t/p/w500/vgpXmVaVyUL7GGiDeiK1mKEKzcX.jpg
15602,https://image.tmdb.org/t/p/w500/1FSXpj5e8l4KH6nVFO5SPUeraOt.jpg
31357,https://image.tmdb.org/t/p/w500/qJU6rfil5xLVb5HpJsmmfeSK254.jpg
11862,https://image.tmdb.org/t/p/w500/rj4LBtwQ0uGrpBnCELr716Qo3mw.jpg
949,https://image.tmdb.org/t/p/w500/umSVjVdbVwtx5ryCA2QXL44Durm.jpg
11860,https://image.tmdb.org/t/p/w500/i8PbLJDPU7vCwwscWD625oHbJy.jpg
45325,https://image.tmdb.org/t/p/w500/bMY31ikEOIPOHqQwhPhII8UVBln.jpg
9091,https://image.tmdb.org/t/p/w500/1pylO6YX5XdOA6QCc5IRxrrffkg.jpg
710,https://image.tmdb.org/t/p/w500/z0ljRnNxIO7CRBhLEO0DvLgAFPR.jpg
9087,https://image.tmdb.org/t/p/w500/yObOAYFIHXHkFPQ3jhgkN2ezaD.jpg
12110,https://image.tmdb.org/t/p/w500/fwdXQU3Dbs2CMHu8K87bAxlWV0t.jpg
21032,https://image.tmdb.org/t/p/w500/dCVcdb5oxDizqFLz0F7TE60NoC9.jpg
10858,https://image.tmdb.org/t/p/w500/8O2sBYJq0K0EMpw67cU1PjVJ7w3.jpg
1408,https://image.tmdb.org/t/p/w500/cDYa1i5UzXWztO5ZUp4azv7ycPs.jpg
524,https://image.tmdb.org/t/p/w500/gziIkUSnYuj9ChCi8qOu2ZunpSC.jpg
4584,https://image.tmdb.org/t/p/w500/cBK2yL3HqhFvIVd7lLtazWlRZPR.jpg
5,https://image.tmdb.org/t/p/w500/75aHn1NOYXh4M7L5shoeQ6NGykP.jpg
9273,https://image.tmdb.org/t/p/w500/wcinCf1ov2D6M3P7BBZkzQFOiIb.jpg
11517,https://image.tmdb.org/t/p/w500/jWBDz6Mf9aQVBiUS76JQsEhvoJl.jpg
8012,https://image.tmdb.org/t/p/w500/r82SdPhg4fnIcLt0ogIjQxqjdcO.jpg
1710,https://image.tmdb.org/t/p/w500/oMgwJb016znNZcpDR20eXxZoW8A.jpg
9691,https://image.tmdb.org/t/p/w500/wPmZYnaQpxwoHmwNwVhZ2IY0UbF.jpg
12665,https://image.tmdb.org/t/p/w500/aQSA63T7zyzZxBZxr2MQaxt1gtO.jpg
451,https://image.tmdb.org/t/p/w500/wTrFpGe3U65kXTldIUxuM2hmOAK.jpg
16420,https://image.tmdb.org/t/p/w500/kyevuYzW36wKadiE8lftLac5VwQ.jpg
9263,https://image.tmdb.org/t/p/w500/q31Ks8oAmM4Nq2CcGjyYYpdBAmh.jpg
17015,https://image.tmdb.org/t/p/w500/10hycdhFLq3M3y0ONxIMSiY8Mrs.jpg
902,https://image.tmdb.org/t/p/w500/whwT3Q9JxbAYzEc3t7uYYcCbTMf.jpg
37557,https://image.tmdb.org/t/p/w500/tzG1UxUSfPACREjgBrsPDRUvneH.jpg
9909,https://image.tmdb.org/t/p/w500/yWHWC8fJRp2kLgiFrEa8o3krOH9.jpg
63,https://image.tmdb.org/t/p/w500/gt3iyguaCIw8DpQZI1LIN5TohM2.jpg
9598,https://image.tmdb.org/t/p/w500/zKuQMtnbVTz9DsOnOJmlW71v4qH.jpg
687,https://image.tmdb.org/t/p/w500/eShxyjhWoFl3BwsuEmVsr4nLaMZ.jpg
33689,https://image.tmdb.org/t/p/w500/4CptjFLiIJXtjc3dykS7vkEHMbw.jpg
9603,https://image.tmdb.org/t/p/w500/8AwVTcgpTnmeOs4TdTWqcFDXEsA.jpg
34615,https://image.tmdb.org/t/p/w500/96TZr6o4kuiIEryC5jkzaQoP6m5.jpg
31174,https://image.tmdb.org/t/p/w500/aN2BcIH6rvGbYiRQCS8lxOdeeVQ.jpg
11443,https://image.tmdb.org/t/p/w500/wRLepMZoUCwjLFb1WSbuUT6uVWR.jpg
35196,https://image.tmdb.org/t/p/w500/z1YM3WFZnF2NwHT5IRGYUcvZBSl.jpg
9312,https://image.tmdb.org/t/p/w500/fcK7tzSSXMYiMN8E9KlZJL1BYyp.jpg
577,https://image.tmdb.org/t/p/w500/whz4bwvqE1OmQHIyqHdZD8jU9CO.jpg
11861,https://image.tmdb.org/t/p/w500/pI9UAemlWgdrnjRgYJsbTk8BSJc.jpg
807,https://image.tmdb.org/t/p/w500/191nKfP0ehp3uIvWqgPbFmI4lv9.jpg
10530,https://image.tmdb.org/t/p/w500/kZ1ft0QZ4e3zDUPMBftEkwI9ftd.jpg
8391,https://image.tmdb.org/t/p/w500/6Ac5GLwJ01uli5mCXqXwquR36Y1.jpg
629,https://image.tmdb.org/t/p/w500/rWbsxdwF9qQzpTPCLmDfVnVqTK1.jpg
11448,https://image.tmdb.org/t/p/w500/ice135yQZp4iX2SgCmd90nKgS5j.jpg
49133,https://image.tmdb.org/t/p/w500/nnLpA4mqb3gvhNJQZ00cOyBmeq3.jpg
26441,https://image.tmdb.org/t/p/w500/gnOcJuyKWb3pR1lj4qpzSaThPrn.jpg
97406,https://image.tmdb.org/t/p/w500/uXjfK404xo7SiVlFcAoRyaFqXR4.jpg
9089,https://image.tmdb.org/t/p/w500/3zqlKdOttWyExzopVxglz50Vjxq.jpg
11010,https://image.tmdb.org/t/p/w500/cUaCpjVDefYShKyLmkcDsiPaBHn.jpg
11359,https://image.tmdb.org/t/p/w500/ozQAmW85tTJu2dhRe3evzyY03Nb.jpg
17182,https://image.tmdb.org/t/p/w500/y2lZSdJ1o0VvLegTw3ad6KFtxra.jpg
2054,https://image.tmdb.org/t/p/w500/jYEKdpVvRV3KdyHMUVYyg0KTVSY.jpg
10607,https://image.tmdb.org/t/p/w500/HZQBF7JDd2e9p4rPSbSHuWHaCC.jpg
19760,https://image.tmdb.org/t/p/w500/xSfqAMYqrTtDeAjPtYo0S8nc5Zz.jpg
9536,https://image.tmdb.org/t/p/w500/pjSkGZAvksrbO6tGain8PJ3rfC7.jpg
11525,https://image.tmdb.org/t/p/w500/aP8eGsCyZVCHgSMxhDa4KiC7H9B.jpg
4482,https://image.tmdb.org/t/p/w500/xlLnHizshGBwMiNrnop2kg2nYzE.jpg
10634,https://image.tmdb.org/t/p/w500/2lReF53F8trkC68piGSfk0JVwWU.jpg
755,https://image.tmdb.org/t/p/w500/uBoQytp3KTQFaVqTe6d0ECGaKh9.jpg
11859,https://image.tmdb.org/t/p/w500/qcxsWOzBaF7MZNNThtRQWQ9Wrdk.jpg
28387,https://image.tmdb.org/t/p/w500/ynAtSpTou7snNOq32djzILw9VCA.jpg
48750,https://image.tmdb.org/t/p/w500/toQ6BJCiKVSnklpsma2GnJ6KKah.jpg
20927,https://image.tmdb.org/t/p/w500/e0Eho8TETw1RhvX9MH9i19Xf1iM.jpg
36929,https://image.tmdb.org/t/p/w500/dws3JR4Yi325Tz33XnuXEB6XjGr.jpg
9102,https://image.tmdb.org/t/p/w500/eqgBf791rMZG7ywHfObpXeMpiRf.jpg
124626,https://image.tmdb.org/t/p/w500/w3oiJZTB1UP3lj0uSVLdsYfsBbC.jpg
27526,https://image.tmdb.org/t/p/w500/kogaCIIylHmWQo2gJrrdq8Br8b8.jpg
9623,https://image.tmdb.org/t/p/w500/31mRYhJvaknQx8PQnR2UV7YCkLT.jpg
46785,https://image.tmdb.org/t/p/w500/dbKUYArw1gD6Gw3GUpkkUpWwmul.jpg
400,https://image.tmdb.org/t/p/w500/rA4Jttg1kJvNhSv7wM0SNyXrqY0.jpg
880,https://image.tmdb.org/t/p/w500/nUCVi6bBIL7LGC61nYaCqikAhIA.jpg
146599,https://image.tmdb.org/t/p/w500/2qeQStLy1wiqDFa1Dnm02f5UacO.jpg
8447,https://image.tmdb.org/t/p/w500/w1i5JdddoLuzSmnKo5ORDoKdMm2.jpg
10534,https://image.tmdb.org/t/p/w500/muhTVa52IufjTaqNseXFQUAEuyG.jpg
17414,https://image.tmdb.org/t/p/w500/xR2cWC04kWNr7TBeXNOf4uOqn00.jpg
13997,https://image.tmdb.org/t/p/w500/bqIW5oE4WeHAvk1nh2Y6rfOLGrF.jpg
2086,https://image.tmdb.org/t/p/w500/A1FJwUVg84sQSjHVz5jVMXQvifJ.jpg
9095,https://image.tmdb.org/t/p/w500/cW5wTiv5fdtBOd22utmAIZBCMS3.jpg
12158,https://image.tmdb.org/t/p/w500/fodPA5x3REtOwColG17CucreZqM.jpg
9283,https://image.tmdb.org/t/p/w500/sHcx1fBmrtZYvFmUywU0d5cvIFd.jpg
9208,https://image.tmdb.org/t/p/w500/iBPMwYYJFvdCBkXrwV75peo5Lz2.jpg
40154,https://image.tmdb.org/t/p/w500/lam5mVjru6yhgG8N1MHCqAUrxzL.jpg
406,https://image.tmdb.org/t/p/w500/iH8saz6s0Z8SPPrKaMI2KrRzTED.jpg
63076,https://image.tmdb.org/t/p/w500/laPSb9I8TuYslOh1OcgaTByWKnw.jpg
11062,https://image.tmdb.org/t/p/w500/w7EkAl4Oi8Lc6VQKaqRHrOV3CxR.jpg
13685,https://image.tmdb.org/t/p/w500/6E7mJ5wpzTFbYFbJvTzzZ8Til9C.jpg
47475,https://image.tmdb.org/t/p/w500/csSkKS6rcGjG8jjpwKZPVCD7Kiq.jpg
2045,https://image.tmdb.org/t/p/w500/500Ne3EDn3HHpuCQWwGKR74r0cB.jpg
9614,https://image.tmdb.org/t/p/w500/4RnCeRzvI1xk5tuNWjpDKzSnJDk.jpg
688,https://image.tmdb.org/t/p/w500/8TfLAfIh5Qxp2J4ZjOafHYhWtDb.jpg
11907,https://image.tmdb.org/t/p/w500/vBDJPkoTOKT9F1zx0y9tT7G62vF.jpg
10874,https://image.tmdb.org/t/p/w500/8UL6EcZGO1ssD60azzOtUPjnOZI.jpg
89333,https://image.tmdb.org/t/p/w500/8Db2Tx2RkTUozzilF1SGMitcHLl.jpg
197,https://image.tmdb.org/t/p/w500/or1gBugydmjToAEq7OZY0owwFk.jpg
103,https://image.tmdb.org/t/p/w500/ekstpH614fwDX8DUln1a2Opz0N8.jpg
33542,https://image.tmdb.org/t/p/w500/1nAfchiXHQB3iyhK8fCJJEnNs5A.jpg
43566,https://image.tmdb.org/t/p/w500/oK8UKDrjFS14OFoihaQPfmmMOyI.jpg
51352,https://image.tmdb.org/t/p/w500/6nyhzrSGimCbdxiY8DEO7kI7xx4.jpg
16934,https://image.tmdb.org/t/p/w500/d3Lakfy0K1eRHUbay9kMeWdt7y6.jpg
10324,https://image.tmdb.org/t/p/w500/l3Bwmjdon6JBDzJUA3ZSdMZZ7lI.jpg
78406,https://image.tmdb.org/t/p/w500/83TvBaWt8wZHUZo8MKwE2cLRBiT.jpg
32119,https://image.tmdb.org/t/p/w500/cam0cG0UWdUVtQRvFHJXmNtL1hY.jpg
11066,https://image.tmdb.org/t/p/w500/cc9YAZq5NXiIEJsHjW7p2FaHQkp.jpg
11104,https://image.tmdb.org/t/p/w500/43I9DcNoCzpyzK8JCkJYpHqHqGG.jpg
2074,https://image.tmdb.org/t/p/w500/sRRdVLuxk8OLCDRd4u4xDrDdwv7.jpg
27793,https://image.tmdb.org/t/p/w500/o75HHfr23sgeqIeUPwjKY0V9Ppi.jpg
290157,https://image.tmdb.org/t/p/w500/2GIdaPLF7gYyXnlxGzTwV5fQGWy.jpg
110972,https://image.tmdb.org/t/p/w500/iZs2BzP1nbrcHCDX3QEHa3Nn0y4.jpg
11863,https://image.tmdb.org/t/p/w500/8KWiZKDYpAgh8n27lanvTuDquyX.jpg
9101,https://image.tmdb.org/t/p/w500/brleKcHsirTw7lFqcgUMOfgL2nl.jpg
5757,https://image.tmdb.org/t/p/w500/jVO3Gvsdqe5C9Jr7cE1fSOtW2Op.jpg
9302,https://image.tmdb.org/t/p/w500/6F7McoS8JI8eXW4Vcd7jtwZI6mB.jpg
11000,https://image.tmdb.org/t/p/w500/hU2XeckncHS61TWZKDtw1BrKmOO.jpg
16388,https://image.tmdb.org/t/p/w500/6oWsOJP0ed5gs8n2UywcailoxFN.jpg
9737,https://image.tmdb.org/t/p/w500/qKiLKvJaT6rRmd3IBsoVV58luXH.jpg
30765,https://image.tmdb.org/t/p/w500/tIK40vCE9i8g4VhyJ3LLr5y1ROJ.jpg
10474,https://image.tmdb.org/t/p/w500/AhvO1GGDPIgN0hOqZEgaFCbswMK.jpg
22279,https://image.tmdb.org/t/p/w500/tfXBuRBMbyu9IF9KCFz3kXeWQDT.jpg
30157,https://image.tmdb.org/t/p/w500/b9MEES9I2WNjEWULdKsqiHIGQlC.jpg
568,https://image.tmdb.org/t/p/w500/oYUZHYMwNKnE1ef4WE5Hw2a9OAY.jpg
11780,https://image.tmdb.org/t/p/w500/nl7Lg6VqR9h1Z9IKuUtttBB93wo.jpg
34996,https://image.tmdb.org/t/p/w500/1Yy8H2tKQ16mffLFRfxcBHKBdyF.jpg
414,https://image.tmdb.org/t/p/w500/l0wdmQl9TDhMgz1f822yjXHdtlf.jpg
649,https://image.tmdb.org/t/p/w500/iUAFECovwPA0cVV9bo4uNGLJSGL.jpg
1873,https://image.tmdb.org/t/p/w500/xTiy5kSP3Hetig7xB4E8INq5ron.jpg
5894,https://image.tmdb.org/t/p/w500/u0iwm9SDjlfFZDrSdSbcebX7VUG.jpg
1775,https://image.tmdb.org/t/p/w500/bzK2aQ8xUB67kwCR5LHTSY99HtT.jpg
8839,https://image.tmdb.org/t/p/w500/2ah8fNJFZVU3vcXhU5xfAYi2eym.jpg
20649,https://image.tmdb.org/t/p/w500/c79uqLJleho2a7OQayfrW5Ypphf.jpg
10329,https://image.tmdb.org/t/p/w500/hPNSToNIIpRO6y5Rh973leqQqNr.jpg
8963,https://image.tmdb.org/t/p/w500/21nqRJ6ofEgVvEl68J4O9V26Xzy.jpg
26564,https://image.tmdb.org/t/p/w500/9ocTHdBCJdwJ65Tubg3lYlfMxEY.jpg
8068,https://image.tmdb.org/t/p/w500/e3gwpBeXpvGZsxUya9zNym5QXrw.jpg
8512,https://image.tmdb.org/t/p/w500/5lcJhwKGavLbPva17QkTBhLfqEk.jpg
1572,https://image.tmdb.org/t/p/w500/buqmCdFQEWwEpL3agGgg2GVjN2d.jpg
13552,https://image.tmdb.org/t/p/w500/cRzRj2UBvIH8ryWhu5PNL2PzV7j.jpg
6520,https://image.tmdb.org/t/p/w500/xuXkCcrvUTkehVXuTGpnfySsx0Z.jpg
9073,https://image.tmdb.org/t/p/w500/3wpug3W5rYBdqeAnhc1UeXLE5ZF.jpg
10428,https://image.tmdb.org/t/p/w500/qfx2EENW1sOpKNVKLzr7VOhlxkt.jpg
17447,https://image.tmdb.org/t/p/w500/cacIqtIkUaD5xYqUUN1J7qJjciQ.jpg
9886,https://image.tmdb.org/t/p/w500/iH8Jgi8qvb7pnBfI8fVGaUbyRna.jpg
9482,https://image.tmdb.org/t/p/w500/cfSnKn8NDU3m8UxihjVcYprA0Aq.jpg
19326,https://image.tmdb.org/t/p/w500/DbKQDPqBE4kCaePj4CHu6r3ZAb.jpg
9344,https://image.tmdb.org/t/p/w500/8qV8hUVCUnFIQKewzlhaFWhdszK.jpg
9071,https://image.tmdb.org/t/p/w500/b54xDk98oWtEtAso9sj1wjaZDDH.jpg
8973,https://image.tmdb.org/t/p/w500/miQREwapDUNwfInokjeVLt8BiNM.jpg
15730,https://image.tmdb.org/t/p/w500/9QVw6cPXfsjr4PncE1TeWudeLmh.jpg
47608,https://image.tmdb.org/t/p/w500/glhctWoYw1jg8z0FUSwFD4UTNi4.jpg
2293,https://image.tmdb.org/t/p/w500/6K0cH551dIrBcD33kZtyugqmdJU.jpg
9070,https://image.tmdb.org/t/p/w500/pcLbHqs80dchv0byHivhdwHKEup.jpg
48787,https://image.tmdb.org/t/p/w500/kfCIZNpb2bWspnQNkIQftQlksCU.jpg
34574,https://image.tmdb.org/t/p/w500/sIZl6Oy5nn4kHKHamX50tSPF4Ob.jpg
1642,https://image.tmdb.org/t/p/w500/dtupntUFMD5iXBo8HLfALt2ET4R.jpg
11472,https://image.tmdb.org/t/p/w500/y3VwPenHpiuIGb0fhgyt7PXZKLB.jpg
36196,https://image.tmdb.org/t/p/w500/cfGEUftQVjvJHTTc3OKbzfsBamT.jpg
11980,https://image.tmdb.org/t/p/w500/4ZWFhQipzBHJze2llzCzhrSIZsn.jpg
58372,https://image.tmdb.org/t/p/w500/edNTtl2UuKcU8vXEaYgu76vISXw.jpg
32646,https://image.tmdb.org/t/p/w500/2O71QsBkbqdLqQdx2yuNpJ4pFPq.jpg
10533,https://image.tmdb.org/t/p/w500/8gIU7O3oV6NyWUjlL6ppbpnIZLW.jpg
10802,https://image.tmdb.org/t/p/w500/atjtGFIIt9QMGf9ELyboq5cl466.jpg
10149,https://image.tmdb.org/t/p/w500/1WMUaTQaj2dQrhsPI3Px0OR9eTF.jpg
18402,https://image.tmdb.org/t/p/w500/a52KpsmvLNdTdmDzw1fUrJONpfH.jpg
9348,https://image.tmdb.org/t/p/w500/cT5wdyo8kT7dycqjrolJ2sHWkFx.jpg
281,https://image.tmdb.org/t/p/w500/rY5BrDRcYAKE0BYmmT66YG6Uy5Q.jpg
5967,https://image.tmdb.org/t/p/w500/tAgTf64XKK5ir7w5C7dnB53jWWG.jpg
47939,https://image.tmdb.org/t/p/w500/8uzNbDH1b90DTsy38NPLqVIVpAH.jpg
36834,https://image.tmdb.org/t/p/w500/e0j1zDF3ITeTbGTXFGamosCxT4z.jpg
9090,https://image.tmdb.org/t/p/w500/xlRhO3TzTxCFn2s9LEcVi7s582t.jpg
3512,https://image.tmdb.org/t/p/w500/gElwFCQTbSK5hdK0PVyia547nst.jpg
52856,https://image.tmdb.org/t/p/w500/twnqc80AL55WYnCVz4nMGEGcL7.jpg
77350,https://image.tmdb.org/t/p/w500/dnIzv4rXr9FXkqW880E3rStYQA7.jpg
9560,https://image.tmdb.org/t/p/w500/xencQzZnUWDRAOUydjf9PWet8Ae.jpg
9804,https://image.tmdb.org/t/p/w500/pBjf3xzi6kClzWXiKMclMUX7dOP.jpg
31611,https://image.tmdb.org/t/p/w500/5MPatVYJXPYEGrd9RQiwldBBQvJ.jpg
65796,https://image.tmdb.org/t/p/w500/g5sQTDwc4BcvRCBAhnujhBPIEO1.jpg
49805,https://image.tmdb.org/t/p/w500/8My9Wnzu1zasVVzGdDj5y2dItuM.jpg
26258,https://image.tmdb.org/t/p/w500/j3H0POtvl0Tt4Meesvp7HX6JxAv.jpg
50797,https://image.tmdb.org/t/p/w500/jcpvnPSuRrynrgY7menuyZe7X4r.jpg
19155,https://image.tmdb.org/t/p/w500/e3oPylXb2nnoE5fVLaehi1Jaxsa.jpg
76,https://image.tmdb.org/t/p/w500/kf1Jb1c2JAOqjuzA3H4oDM263uB.jpg
11017,https://image.tmdb.org/t/p/w500/sOdgtJdFalL9kRKaeJItARLTAEq.jpg
37141,https://image.tmdb.org/t/p/w500/wOv6HKiKTcDiyZRXPOsjm2JhVZV.jpg
9382,https://image.tmdb.org/t/p/w500/2dhZnfBjiza5TupvOupRU4hFAcJ.jpg
6715,https://image.tmdb.org/t/p/w500/3WN1H5NzLOjhY9AP848v8WPc9uu.jpg
18256,https://image.tmdb.org/t/p/w500/rZv3aUkNngyZeiCgAjOEF5n0tve.jpg
22625,https://image.tmdb.org/t/p/w500/bnSBsGCIfGGiN68MSBIoviaoh9a.jpg
2292,https://image.tmdb.org/t/p/w500/9IiSgiq4h4siTIS9H3o4nZ3h5L9.jpg
1909,https://image.tmdb.org/t/p/w500/fe0TuYz9jCKUba2Omj48K8bWJ8z.jpg
8984,https://image.tmdb.org/t/p/w500/dnA4QkIZZCF9wRtF8HHxWwUXVMf.jpg
4954,https://image.tmdb.org/t/p/w500/bbveyfmq6pGrzKL0l4waeA2WHHp.jpg
62488,https://image.tmdb.org/t/p/w500/kd04IvuW1wvgGoB2HxSuFVIU9rU.jpg
10531,https://image.tmdb.org/t/p/w500/hlUXQ2aEuYDEE0ok7DORE4uffjl.jpg
11929,https://image.tmdb.org/t/p/w500/3RlG7uhJEqc5Ws2PIpNok0LuJ1I.jpg
8467,https://image.tmdb.org/t/p/w500/4LdpBXiCyGKkR8FGHgjKlphrfUc.jpg
10451,https://image.tmdb.org/t/p/w500/olhIWtIBFg6VWK59DEd4lAvgVgz.jpg
20156,https://image.tmdb.org/t/p/w500/pWcJdcIHjL3P6NaEJKeV6ONfAMV.jpg
18395,https://image.tmdb.org/t/p/w500/dUtpplO9K03uYCA71Vqj9ZRkVyA.jpg
522,https://image.tmdb.org/t/p/w500/2jjFN4BtTSz01J3ZD4iYjf26pWX.jpg
397,https://image.tmdb.org/t/p/w500/btmWbVB3x8nLJms1WHOEsqFka6N.jpg
10525,https://image.tmdb.org/t/p/w500/c2RwGHqWwvh7nmRKpdIyYUWMEvP.jpg
27985,https://image.tmdb.org/t/p/w500/bHtNHOiSmfX1KlJwc9Jvc8sYcjB.jpg
15789,https://image.tmdb.org/t/p/w500/2aLNp9HBPNj9mI5R2tFw4vcfbFL.jpg
27303,https://image.tmdb.org/t/p/w500/cYWjgxgIJrak0BTemkij3gOCbMa.jpg
21183,https://image.tmdb.org/t/p/w500/k7BHqoTWJPpoSpfCzzUjAduuIbX.jpg
10954,https://image.tmdb.org/t/p/w500/i5h0ZjYobco5HRPaAU6QTlrMYw0.jpg
47867,https://image.tmdb.org/t/p/w500/4sLmghaiAIYXh320qCvZWY4avVT.jpg
14275,https://image.tmdb.org/t/p/w500/gLzHl2XBtVwycl8DxdOXRHPm8G3.jpg
1024,https://image.tmdb.org/t/p/w500/uvb86wVCIqD3Rlbr0GTNgWDF7Zo.jpg
17207,https://image.tmdb.org/t/p/w500/3hmZfTBQHhcWUqPMTGlzgoHOSs6.jpg
13701,https://image.tmdb.org/t/p/w500/lkqz2R5pjXeDaiIjR3Z6JTGjtg6.jpg
14819,https://image.tmdb.org/t/p/w500/phjBzKsMySBz4NgKHPhPMTmIEjl.jpg
32631,https://image.tmdb.org/t/p/w500/luCVuKiRBcQjr9MuY9mRCTehjpY.jpg
11777,https://image.tmdb.org/t/p/w500/1dLR9LX4O8DSyaU5OR3N0472IR.jpg
628,https://image.tmdb.org/t/p/w500/2162lAT2MP36MyJd2sttmj5du5T.jpg
87729,https://image.tmdb.org/t/p/w500/vcZCvsm920LoNDb7pMibJkxIE4n.jpg
18713,https://image.tmdb.org/t/p/w500/yUbdqyZaeaoNKBQmnmtim1IIAf1.jpg
6280,https://image.tmdb.org/t/p/w500/swxxtzYc60qqnFhfWMFdmx9QXvY.jpg
9061,https://image.tmdb.org/t/p/w500/hbkS4UpgHcGhLlGy9YCX4WIJ4lu.jpg
37108,https://image.tmdb.org/t/p/w500/zSHC86UvVmunIs9Pf6jRZ12J6Dx.jpg
6071,https://image.tmdb.org/t/p/w500/2cCxEqeIy6Q8HgVjfT7obOnF5Zi.jpg
11,https://image.tmdb.org/t/p/w500/6FfCtAuVAW8XJjZ7eWeLibRLWTw.jpg
9587,https://image.tmdb.org/t/p/w500/1ZzH1XMcKAe5NdrKL5MfcqZHHsZ.jpg
19101,https://image.tmdb.org/t/p/w500/9V4bAVEskSNbEqjVI0YmeuB0n8I.jpg
49980,https://image.tmdb.org/t/p/w500/91KSK1xKdVEIDASKRo9ahBFCtM2.jpg
18183,https://image.tmdb.org/t/p/w500/itwUdMqLmPfhtGJ44hiDxkqZhiq.jpg
4476,https://image.tmdb.org/t/p/w500/t1KPGlW0UGd0m515LPQmk2F4nu1.jpg
11008,https://image.tmdb.org/t/p/w500/kWHx5eq7PELkF3If7LrrhuBskRG.jpg
32325,https://image.tmdb.org/t/p/w500/gtKIaHUqkNqdgVnMFosyVJXvKMC.jpg
43742,https://image.tmdb.org/t/p/w500/uPEh48HZN9qqewkF2Hsi9BD6oz7.jpg
28313,https://image.tmdb.org/t/p/w500/oHALKuPewtqIn2BcluZsGvcEG1P.jpg
11318,https://image.tmdb.org/t/p/w500/1dTSY023ZyBbgVSKDRuA6JLGSnZ.jpg
3036,https://image.tmdb.org/t/p/w500/bOwCAQsZlEKrwhPi1ejY6BS8jpL.jpg
40490,https://image.tmdb.org/t/p/w500/6bnOhhrrrq6RZhMgz4aGyqbJ9Wf.jpg
24070,https://image.tmdb.org/t/p/w500/rI5oZR0ov3ki72Gy1QDM8XJ43mo.jpg
8986,https://image.tmdb.org/t/p/w500/od8SCOMLDq4iRYaHNqihQVn1SNE.jpg
10510,https://image.tmdb.org/t/p/w500/iUTPKkljdEjPlcPPYgbUz7APnHu.jpg
17402,https://image.tmdb.org/t/p/w500/joturqaJfAJ8XHPadT8kibgSpS4.jpg
38722,https://image.tmdb.org/t/p/w500/i6t6QF5QyUd3UAQ8JM8eVU1169D.jpg
8438,https://image.tmdb.org/t/p/w500/sU37ONoL9qUyYXUhubJSYH9tEoc.jpg
11593,https://image.tmdb.org/t/p/w500/xyAXFy6mOfgZcVWbceCeuTYadeq.jpg
1945,https://image.tmdb.org/t/p/w500/aIDp3x2YfijtdherR28pIH6yenn.jpg
39310,https://image.tmdb.org/t/p/w500/9A2oQEjUlxBWYFs6CtPHYdbrFqq.jpg
109560,https://image.tmdb.org/t/p/w500/5kXO783UrTaKZE3wn0KZv3RubZc.jpg
56428,https://image.tmdb.org/t/p/w500/rqArVCgag2ng179rb3OXeEnS4Lo.jpg
131957,https://image.tmdb.org/t/p/w500/mSPoA8exUsNThCfBjjTug7V7wGJ.jpg
241,https://image.tmdb.org/t/p/w500/fEKZwT91gxvkAoyPgpNXo8W5fu0.jpg
9058,https://image.tmdb.org/t/p/w500/7mLLANXgUg3bibTiUitDlB0NZcU.jpg
527,https://image.tmdb.org/t/p/w500/1nd4SsytVc96hy92g8NNVPD3mzf.jpg
18220,https://image.tmdb.org/t/p/w500/jXLuQYRwWNuwW8dkx3zo5bWon2r.jpg
6950,https://image.tmdb.org/t/p/w500/4KymNvlWR0XF0sqX2BWRd9Z3yXR.jpg
101,https://image.tmdb.org/t/p/w500/yI6X2cCM5YPJtxMhUd3dPGqDAhw.jpg
63020,https://image.tmdb.org/t/p/w500/jxi3UDHf86kDk5hqJxnpEMzVch2.jpg
2307,https://image.tmdb.org/t/p/w500/9pU8aNS1wEXVGNR9WnsX2O3w9qF.jpg
680,https://image.tmdb.org/t/p/w500/vQWk5YBFWF4bZaofAbv0tShwBvQ.jpg
25296,https://image.tmdb.org/t/p/w500/46WdJMUhZpIsG5D7bb0lYjoE1Uu.jpg
40156,https://image.tmdb.org/t/p/w500/yCZ2eGJb78HzaYthNwVF8R0G6BG.jpg
11450,https://image.tmdb.org/t/p/w500/yoGJo1h3Hl2exXPVcG9UXWDENtX.jpg
30304,https://image.tmdb.org/t/p/w500/s1lUr4NWgOi4ftXLrUWGI49IvKK.jpg
10452,https://image.tmdb.org/t/p/w500/8uGkhBLiJMIkwohGPo3iB9AuwDg.jpg
12106,https://image.tmdb.org/t/p/w500/jhEmrXJpP6F3cqwyLjvgBgxxxFA.jpg
161495,https://image.tmdb.org/t/p/w500/ww737E66JgONeNCSZVuGRy7TvXI.jpg
3586,https://image.tmdb.org/t/p/w500/ehg1dTxsqx2eMZpd5Tio9JifwqB.jpg
110,https://image.tmdb.org/t/p/w500/JHmsBiX1tjCKqAul1lzC20WcAW.jpg
108,https://image.tmdb.org/t/p/w500/33wsWxzsNstI8N7dvuwzFmj1qBd.jpg
109,https://image.tmdb.org/t/p/w500/fdIet3NSa27gobMbaUml66oCQNT.jpg
36357,https://image.tmdb.org/t/p/w500/hnL5TxGumlBy68D4HovSlndEIkz.jpg
92769,https://image.tmdb.org/t/p/w500/wG6wdsB9lqCwxsRycnzzXZDSo6m.jpg
28033,https://image.tmdb.org/t/p/w500/80YaWpUokDoPynsJi0ittpts3J0.jpg
22586,https://image.tmdb.org/t/p/w500/tmpO3vk8WguFOE4UXESGdWwHQOX.jpg
14334,https://image.tmdb.org/t/p/w500/jjYHAhscWp3uWutHSvFaLC3vEEW.jpg
2636,https://image.tmdb.org/t/p/w500/9CVAjtkSaFs9FyddGfThj11ZuQq.jpg
2164,https://image.tmdb.org/t/p/w500/4T6Po0XnZlevmhfPh3ZfEs5butR.jpg
11395,https://image.tmdb.org/t/p/w500/hvV2rI60qOYELT7tHHLpxtafnBZ.jpg
278,https://image.tmdb.org/t/p/w500/9cqNxx0GxF0bflZmeSMuL5tnGzr.jpg
9905,https://image.tmdb.org/t/p/w500/gqvSKLbfIg1mja1ulVkVcLhdwWF.jpg
87078,https://image.tmdb.org/t/p/w500/8lbOpuNaJBNT1gXbIDDyYnDIYut.jpg
12527,https://image.tmdb.org/t/p/w500/tMwUsu080E4kS4rkHPffy1ugvaJ.jpg
20306,https://image.tmdb.org/t/p/w500/eMRiIJIEyMLjWjktIqjNfzs9jGX.jpg
36614,https://image.tmdb.org/t/p/w500/4rBI4KISTuMCsWGb0kurWxKjqPQ.jpg
27993,https://image.tmdb.org/t/p/w500/3QpB4KpMKRnZnsJOsemOZHDoQKw.jpg
31439,https://image.tmdb.org/t/p/w500/bv0qREWTw8TPAtgt22ELp1UlKVl.jpg
9067,https://image.tmdb.org/t/p/w500/qohdY3BcJ98sFneOUAWp0FmH4Z6.jpg
9059,https://image.tmdb.org/t/p/w500/1TekTWa1htkb554KDplTXskQupo.jpg
193,https://image.tmdb.org/t/p/w500/gh0ZZRwSmlzEZTIZee3ZCN9Jssx.jpg
25066,https://image.tmdb.org/t/p/w500/glPNCcI7V8zTTI3BG0iIUJJcwXN.jpg
46797,https://image.tmdb.org/t/p/w500/iw4ofGbX2AbJ4p17CixwnMjuoJ0.jpg
12122,https://image.tmdb.org/t/p/w500/vnK68SPMQTvLWVYaNMINJOismEr.jpg
11381,https://image.tmdb.org/t/p/w500/dTf5qp5Pe3W8VBwWchQR7CKA0X7.jpg
32636,https://image.tmdb.org/t/p/w500/sYkkHsqXyUcFoLbXt4WNwnRRpT1.jpg
36141,https://image.tmdb.org/t/p/w500/61yu1ejOBWUrrMRplRbjpvxgxVc.jpg
95963,https://image.tmdb.org/t/p/w500/c0RtcIN4oSzSZoNs0nJMevfGYS4.jpg
1587,https://image.tmdb.org/t/p/w500/8r9yts6XHbB1xNLaPC6ExNAK1Qu.jpg
9271,https://image.tmdb.org/t/p/w500/5emgnXYrXjqyiup2JsvtuENseiV.jpg
2064,https://image.tmdb.org/t/p/w500/qNGO3ETcNwlWqK2kNRpbJSJRlos.jpg
19855,https://image.tmdb.org/t/p/w500/eMJYqr5zs7rz54oZhiX4ez1BI5E.jpg
60855,https://image.tmdb.org/t/p/w500/5sbnCdiFoZLe4G27ERS7wtj1lCY.jpg
236,https://image.tmdb.org/t/p/w500/zJyTr8Fo412a2OIfJGXTRAm4IwX.jpg
48287,https://image.tmdb.org/t/p/w500/juT5eKRDhmluaiVhymjViyXArCq.jpg
3049,https://image.tmdb.org/t/p/w500/pqiRuETmuSybfnVZ7qyeoXhQyN1.jpg
2759,https://image.tmdb.org/t/p/w500/kJ7syYXEJgSBmBfSnF3Can9cK1J.jpg
12635,https://image.tmdb.org/t/p/w500/1BuFx7P8veAUUZDXqdMNhtdCUSM.jpg
10497,https://image.tmdb.org/t/p/w500/qU9hqUSGyQfbkEdqluX21nWVcp9.jpg
11382,https://image.tmdb.org/t/p/w500/mY9D1oCLeDKNMdUO8EV7MoCZ3up.jpg
9331,https://image.tmdb.org/t/p/w500/6xTM8FPxrLRYwz6I3fqtwh7xybs.jpg
10731,https://image.tmdb.org/t/p/w500/oLdkJ4ZjxPtFSUChdjDQvHM9l75.jpg
10464,https://image.tmdb.org/t/p/w500/xuEubxRGut2Yh118RyNa6ruXXCp.jpg
34152,https://image.tmdb.org/t/p/w500/iFqe07F78SO0SIBzWcK4I5MwNvP.jpg
9495,https://image.tmdb.org/t/p/w500/rMMB3v6jYHjsvXRNJYESacoTD7j.jpg
29973,https://image.tmdb.org/t/p/w500/clOqh9is8vWZvX6AUjF4HtLdQMj.jpg
888,https://image.tmdb.org/t/p/w500/ocsb0qiGlcn6UlcDRHa3xxSCc8Y.jpg
13,https://image.tmdb.org/t/p/w500/arw2vcBveWOVZr6pxd9XTd1TdQa.jpg
712,https://image.tmdb.org/t/p/w500/qa72G2VS0bpxms6yo0tI9vsHm2e.jpg
16295,https://image.tmdb.org/t/p/w500/tuud1Blsdwo1KQRdz5UVwjlLAWQ.jpg
48992,https://image.tmdb.org/t/p/w500/aCxh21UPLHi7Pxm9ykH1GNx39OW.jpg
10879,https://image.tmdb.org/t/p/w500/2uyytK3XFRPFXoTchFDtsWiSujn.jpg
10660,https://image.tmdb.org/t/p/w500/6UOaeLDOdwwTMQtbl5YL6EGjqy0.jpg
10714,https://image.tmdb.org/t/p/w500/rYoE6cuup9Ofam6AuYaiJLxF9OO.jpg
41647,https://image.tmdb.org/t/p/w500/pZnBH4ZJnHcVFgeuK81w2tcHvRD.jpg
8587,https://image.tmdb.org/t/p/w500/sKCr78MXSLixwmZ8DyJLrpMsd15.jpg
1689,https://image.tmdb.org/t/p/w500/xy70xtdoKZ3PxlKkakwdhL3UFDQ.jpg
11596,https://image.tmdb.org/t/p/w500/eN3UZUYapJ2CJCD9dN0LUZLouKa.jpg
854,https://image.tmdb.org/t/p/w500/xbbXp9px4o8Oe7IbGd0yIbla8mZ.jpg
9359,https://image.tmdb.org/t/p/w500/mTVbGGi5PIexmxVzeyFd2RYKwfM.jpg
23333,https://image.tmdb.org/t/p/w500/avTHiIim0Jm0rs4ehFLck8u3NFW.jpg
36593,https://image.tmdb.org/t/p/w500/p0AYsdgkudR9P5fNV5AjzbwQt8W.jpg
12280,https://image.tmdb.org/t/p/w500/pGPrFbucRLwVtCKCeinwAklAl0l.jpg
2788,https://image.tmdb.org/t/p/w500/qGDhodtpkpxkrFqokenGNJlzt6w.jpg
10427,https://image.tmdb.org/t/p/w500/ewofUEqU3Gpr7WSgSz3TEVPIfBg.jpg
11011,https://image.tmdb.org/t/p/w500/qgGh5d0IHAZRlHIdFS3XWVygumR.jpg
8987,https://image.tmdb.org/t/p/w500/cvnEUdVXeuiE1qUXsmMzs8IrNl7.jpg
1637,https://image.tmdb.org/t/p/w500/82PkCE4R95KhHICUDF7G4Ly2z3l.jpg
15128,https://image.tmdb.org/t/p/w500/bremBHwg2cAvFIGIRwlRtPMkgfL.jpg
8831,https://image.tmdb.org/t/p/w500/bgxP6ws8ErBiarnb4S93vv0lkf4.jpg
36955,https://image.tmdb.org/t/p/w500/pweFTnzzTfGK68woSVkiTgjLzWm.jpg
10449,https://image.tmdb.org/t/p/w500/cA1uMNX3sdWAWfMZbsgm1VIJYSY.jpg
10395,https://image.tmdb.org/t/p/w500/mchNkkjbETsa0tm6khKb7lotSJm.jpg
12160,https://image.tmdb.org/t/p/w500/51LItgyecu2KMAtIchYogEykCIu.jpg
40480,https://image.tmdb.org/t/p/w500/5q5r3cpaTDByz4qko9ZWHlK3gMF.jpg
52038,https://image.tmdb.org/t/p/w500/zKHmxia0cdXMmNu5LUEwiJQJQoa.jpg
29444,https://image.tmdb.org/t/p/w500/3bq91jWCReRrqlPn81alSoxeXoP.jpg
26352,https://image.tmdb.org/t/p/w500/v5XUfLrdoGfatObGXhqckYTNqFT.jpg
39953,https://image.tmdb.org/t/p/w500/jXKecGbSp36C486myi1pbe6EKAI.jpg
41580,https://image.tmdb.org/t/p/w500/Usaduh828gtYe6jw9DosnPJ7I9.jpg
315,https://image.tmdb.org/t/p/w500/usMyF96B9KzZHGlD8McyYfr1Pbw.jpg
22067,https://image.tmdb.org/t/p/w500/y3ZZJFdTYd4SezXv1gjRv19Jy32.jpg
11667,https://image.tmdb.org/t/p/w500/6yh95dD2Y6uWAlPfWCZZygBM1ec.jpg
8011,https://image.tmdb.org/t/p/w500/b16c3CIPoPmtZPZbTXl4MVGKXNj.jpg
171857,https://image.tmdb.org/t/p/w500/qChLfULhgAhWHG9LbcBIv80r32i.jpg
2654,https://image.tmdb.org/t/p/w500/msh4tEUzbnEqlHcFOUH4O0Zti8r.jpg
18069,https://image.tmdb.org/t/p/w500/wqKVkOveZrK6zwfrptGLVPmnMpR.jpg
19092,https://image.tmdb.org/t/p/w500/q7CCx8aj8uME1fBa4KzTMdeWxXu.jpg
2758,https://image.tmdb.org/t/p/w500/sdxT2VjVSx9DRicwnuECUdBHeE7.jpg
10436,https://image.tmdb.org/t/p/w500/5Tuyt26v7qNR8Cl3m7ZRx36rduf.jpg
13595,https://image.tmdb.org/t/p/w500/4xPG8pPMyeoec48gKWbbC85EC8j.jpg
46094,https://image.tmdb.org/t/p/w500/lY1yhtg0DRaMTzclYCXo0sP1kAV.jpg
9409,https://image.tmdb.org/t/p/w500/hBItFUmCrRS1mel0TM69ymBD79k.jpg
11853,https://image.tmdb.org/t/p/w500/cXY79luLXt2dzUP2Tx601zpZFzK.jpg
16771,https://image.tmdb.org/t/p/w500/7dgX3naR9EsFMvQhwHY8My6r5FR.jpg
46924,https://image.tmdb.org/t/p/w500/1OJilNyyJPH3es0HZzebJjuPJua.jpg
11041,https://image.tmdb.org/t/p/w500/refYLEQvzkY63i2IHronCPQODex.jpg
306,https://image.tmdb.org/t/p/w500/7vIpCkgGEfk5LZwm78nMxswLJRH.jpg
14522,https://image.tmdb.org/t/p/w500/5uH60FBDPQoyAnc4uvU0fIB8JXv.jpg
26203,https://image.tmdb.org/t/p/w500/z2gLlh5rCV67FVBJp4qn9A25vdq.jpg
178,https://image.tmdb.org/t/p/w500/pLmMaqMgJMOOtua41l7ocvzLS1t.jpg
19819,https://image.tmdb.org/t/p/w500/tO71i4Ob64tchCRBB5MoqonPKAF.jpg
57834,https://image.tmdb.org/t/p/w500/494spyPbDukk57ONXp10bfMyOY4.jpg
4722,https://image.tmdb.org/t/p/w500/s8WdtuOBvfEsuPtbQVpNfEgd5aR.jpg
18215,https://image.tmdb.org/t/p/w500/vgs0h94IllpZRheIjBTonjR7Zf2.jpg
1607,https://image.tmdb.org/t/p/w500/sDbO6LmLYtyqAoFTPpRcMgPSCEO.jpg
26391,https://image.tmdb.org/t/p/w500/xy2BzE3siqU67VQCQ2k4xideNNM.jpg
117553,https://image.tmdb.org/t/p/w500/ljSqZTl5oophHsH1Qtyv7AF2BW6.jpg
6075,https://image.tmdb.org/t/p/w500/g6D7mjQtndu768cusGmoEQY9fTB.jpg
11310,https://image.tmdb.org/t/p/w500/gh0lsyJARglhpbKmnY8i8M7V5bI.jpg
18658,https://image.tmdb.org/t/p/w500/kAYsvQvBVshLHGTIDGHcj9jTJq0.jpg
9350,https://image.tmdb.org/t/p/w500/8v2nPPLvhEVlfXu08UZ0djK31be.jpg
9612,https://image.tmdb.org/t/p/w500/4eHnstayi28SCHv8ATcISFEv1Rl.jpg
2124,https://image.tmdb.org/t/p/w500/w1OBPkf3BxeC7543YzFwiKIwBFJ.jpg
26261,https://image.tmdb.org/t/p/w500/wnkWgFU5UcLwbExCp1YtCg5Ox4E.jpg
19176,https://image.tmdb.org/t/p/w500/r7sckMs1xy4fXYGzzs6anofu10F.jpg
11566,https://image.tmdb.org/t/p/w500/wIUuf1NFchdCJe833JBTiSMzqfv.jpg
9571,https://image.tmdb.org/t/p/w500/msG9awbLhVZwv1Eh9Ge7SofMexW.jpg
9739,https://image.tmdb.org/t/p/w500/dq6AmlVFo92PRuoLCcIyFdoRuxf.jpg
34444,https://image.tmdb.org/t/p/w500/20x8nm0nPXkYv04COAHFA2AHyAl.jpg
26141,https://image.tmdb.org/t/p/w500/syewFnehGbbya5BdxoHLzrcm5Ne.jpg
10997,https://image.tmdb.org/t/p/w500/ySf9I93w6kJiaEb2T4zpoQjY8PR.jpg
10443,https://image.tmdb.org/t/p/w500/yiCAa85nJJDFiq0LmZ2Fgvu4RgY.jpg
20239,https://image.tmdb.org/t/p/w500/jiJp7B74GBKJK8yCqLjMaFu24nJ.jpg
16297,https://image.tmdb.org/t/p/w500/huC8dyYRTtubMDlHniz4VEKf8nb.jpg
18551,https://image.tmdb.org/t/p/w500/gNaZSODlVRiQltGWjS8vQZEYJTq.jpg
25440,https://image.tmdb.org/t/p/w500/xXyVUwvJesJJChzpvn7xj5cAOfm.jpg
9024,https://image.tmdb.org/t/p/w500/6qjr1LWkoJQJ1HXwYJj0edPk9EW.jpg
37233,https://image.tmdb.org/t/p/w500/kFexXCzidkm4LwlgZqxsJsDQB5v.jpg
1634,https://image.tmdb.org/t/p/w500/1WLTjNznfvr3bkHf4p9PR4ctBKK.jpg
13815,https://image.tmdb.org/t/p/w500/uXRIIUzjDZZdWR2cUzPJ9eAqaHv.jpg
5503,https://image.tmdb.org/t/p/w500/b3rEtLKyOnF89mcK75GXDXdmOEf.jpg
35588,https://image.tmdb.org/t/p/w500/9FNuwnhHngkblD6eVRXnmJN8kQq.jpg
2087,https://image.tmdb.org/t/p/w500/ftbdJTJi6mR5iZV5ESJWv8f8pWN.jpg
41579,https://image.tmdb.org/t/p/w500/txsmdQqbgSz5Zu3rgd9fglMqKA4.jpg
18620,https://image.tmdb.org/t/p/w500/4hczdEX2RmQTOmiIKygoOYCy0bI.jpg
2019,https://image.tmdb.org/t/p/w500/mXCM7pmUFUGp7QzSmare3RITe6n.jpg
9255,https://image.tmdb.org/t/p/w500/zh9EGK970GHo10ETclWBOjZVUOK.jpg
26271,https://image.tmdb.org/t/p/w500/vg9piYFtCTHep2V5EmLjwsYMzn2.jpg
10612,https://image.tmdb.org/t/p/w500/dnatrgiXFf6BLfb2IKHVmg9tCi7.jpg
2259,https://image.tmdb.org/t/p/w500/pS5xqILNBxcjRqLZROIkO4wszrU.jpg
16097,https://image.tmdb.org/t/p/w500/jLUgvHO3vVLkzKs3OcYksGPbLnA.jpg
11934,https://image.tmdb.org/t/p/w500/iIOHYWrRyxjUI6ry3fejIUSYfe5.jpg
106143,https://image.tmdb.org/t/p/w500/q7CFDCUNfuOxZssINLGkPE9m2l1.jpg
12475,https://image.tmdb.org/t/p/w500/cNIIDaJM9nsDP9tTmAN6sjKpeiN.jpg
9386,https://image.tmdb.org/t/p/w500/3NvOFpmyECI3DNExYMtFIRcGMsu.jpg
7984,https://image.tmdb.org/t/p/w500/7i1SObIa2MSJjgPcAcVsfSZhdKH.jpg
59930,https://image.tmdb.org/t/p/w500/b5qUq9l6ci9KzzAqYhpdxzjY7qi.jpg
15765,https://image.tmdb.org/t/p/w500/vNAYuA26Wtf7VfzZEaxZQmJTE4Z.jpg
31643,https://image.tmdb.org/t/p/w500/sTLLLD6shSp6lrbIKa4v5N4wDso.jpg
6,https://image.tmdb.org/t/p/w500/3rvvpS9YPM5HB2f4HYiNiJVtdam.jpg
329,https://image.tmdb.org/t/p/w500/b1xCNnyrPebIc7EWNZIa6jhb1Ww.jpg
10909,https://image.tmdb.org/t/p/w500/aXyA3UvVaXBoX2zq9zH7NcK5rKT.jpg
507,https://image.tmdb.org/t/p/w500/k3UEKMVnkljOlsO5sLmz87YGlaG.jpg
29918,https://image.tmdb.org/t/p/w500/5Tz2rzFivQKmMBz5T8Cj7M7CdnI.jpg
9593,https://image.tmdb.org/t/p/w500/vkhEaWAv5j3qgrOGp3BgMeiYPKj.jpg
42580,https://image.tmdb.org/t/p/w500/dKsvF5t5xsm17HG3GJzQQGJpJzP.jpg
22317,https://image.tmdb.org/t/p/w500/4YoRERjKWO2442ezcvgEjAZuxWP.jpg
1413,https://image.tmdb.org/t/p/w500/5r4bINTYOajV2rY4RQNbzVSImdV.jpg
12121,https://image.tmdb.org/t/p/w500/2frB553lKEm1q4dds5PUqLNQA3z.jpg
2246,https://image.tmdb.org/t/p/w500/6kcjUrhvHrXSLDLQHvcOvJmLSqs.jpg
10502,https://image.tmdb.org/t/p/w500/9dmH2jc6jwlZo90JQTFOx4XaBWt.jpg
10440,https://image.tmdb.org/t/p/w500/axriUXXcBVZMZT8I9boo07Jgptw.jpg
9516,https://image.tmdb.org/t/p/w500/nS7yqmSVeNoH22VXj69JoFCxW1h.jpg
2320,https://image.tmdb.org/t/p/w500/hLjXkFr9fHlWzRVwu1T31QSVHRq.jpg
5879,https://image.tmdb.org/t/p/w500/AiFQbgjgSXWPfbi9iIYT39iXWMW.jpg
83718,https://image.tmdb.org/t/p/w500/mke5aNX5cT6JIWk2ER4ng9dGNNL.jpg
11971,https://image.tmdb.org/t/p/w500/tvltGP6vYOkHdURag0jPSjhPUAV.jpg
31911,https://image.tmdb.org/t/p/w500/AtUjyMEXPR41JWZzGfHEzgmrrHq.jpg
788,https://image.tmdb.org/t/p/w500/shHrSmXS5140o6sQzgzXxn3KqSm.jpg
21450,https://image.tmdb.org/t/p/w500/xMYP4uaNeyPmX4FQ2xxWk2eIN6K.jpg
11231,https://image.tmdb.org/t/p/w500/wI3gCi9w1cuUJCiwhviAy46we9Q.jpg
10447,https://image.tmdb.org/t/p/w500/jRwMdEb5bxwVARU2VmOADTflLfZ.jpg
31586,https://image.tmdb.org/t/p/w500/e4JEG7dstmurXMUPOW9Jy6UDR9F.jpg
9300,https://image.tmdb.org/t/p/w500/otSCGdKzEeVgbfNl0YslOpRZHgk.jpg
9559,https://image.tmdb.org/t/p/w500/1II9kMjOuho3pnEvxkpx7e3ozOO.jpg
9800,https://image.tmdb.org/t/p/w500/tFe5Yoo5zT495okA49bq1vPPkiV.jpg
713,https://image.tmdb.org/t/p/w500/rx8RKXn8OtuS6lqloYsjyrGOUp4.jpg
8291,https://image.tmdb.org/t/p/w500/fOtMHxhYaCQcu3dwWpg7lz4Bqo0.jpg
18133,https://image.tmdb.org/t/p/w500/4pdbutHc9SLEPmdLKtlVffiLByP.jpg
25557,https://image.tmdb.org/t/p/w500/mzq5uA0P5nfTH8Fl7OESeuDop8P.jpg
22588,https://image.tmdb.org/t/p/w500/l9pvl3AH4UsUvLn4yUP0RR4pltx.jpg
10872,https://image.tmdb.org/t/p/w500/ym7Kx3iDmalK8kXKvVQwnFYABEV.jpg
1245,https://image.tmdb.org/t/p/w500/uDGDtqSvuch324WnM7Ukdp1bCAQ.jpg
11858,https://image.tmdb.org/t/p/w500/iPRtaSfN8gNWFclgrcg5oD3V41i.jpg
7007,https://image.tmdb.org/t/p/w500/jVWEeZ383peKxwE284AdyHqq6GH.jpg
10467,https://image.tmdb.org/t/p/w500/zh7OVdFMpqpZ027z9RgVIwzxYjZ.jpg
5550,https://image.tmdb.org/t/p/w500/ppLSSwCuC5ERRWbu9H3R8SPL9AM.jpg
8005,https://image.tmdb.org/t/p/w500/woexOLEkUlYsPLLuZRK6LjZaF38.jpg
2088,https://image.tmdb.org/t/p/w500/ojXNRpHMXU99UFmF9MKKiJCymKr.jpg
10412,https://image.tmdb.org/t/p/w500/urE3Jzl3zuz2XUmAq2rXubYn3SD.jpg
47889,https://image.tmdb.org/t/p/w500/gk0vbIVYwpXxSf1wQbS2r9IsBoV.jpg
14534,https://image.tmdb.org/t/p/w500/fAbfTCRpjHe2rprXBly55KL1dL9.jpg
41878,https://image.tmdb.org/t/p/w500/5Onj1lmo28QklT5iiEdYlKygO7h.jpg
424,https://image.tmdb.org/t/p/w500/sF1U4EUQS8YHUYjNl3pMGNIQyr0.jpg
35233,https://image.tmdb.org/t/p/w500/a5b1k4wmZShLu1Fo19SzcOJKRlD.jpg
14291,https://image.tmdb.org/t/p/w500/oAJpHkMpfXiFY9F3HocIz9fhHLc.jpg
11236,https://image.tmdb.org/t/p/w500/zf6h5dJ7wVG7LqMO9dhHGHVejzj.jpg
11592,https://image.tmdb.org/t/p/w500/vAZkFho9YdIXPmMdHMwr10Go2FF.jpg
8850,https://image.tmdb.org/t/p/w500/xAbFJH3vQYZvUyzzGAtG4OLy492.jpg
10445,https://image.tmdb.org/t/p/w500/5jTWY1M2O4Zhid4rLOpftzazRGn.jpg
695,https://image.tmdb.org/t/p/w500/mbNTvbtWfV4soyErimDTdX67OAr.jpg
43535,https://image.tmdb.org/t/p/w500/2Jorj80Y4EVEAPDRVVdDXKSVUTw.jpg
12519,https://image.tmdb.org/t/p/w500/bOUDHgOlxANs1KsYZEsLSjZBTkd.jpg
23210,https://image.tmdb.org/t/p/w500/oH0bl69uZZA6dAclgFRkm1Vwcry.jpg
858,https://image.tmdb.org/t/p/w500/jAXfku1u1uaLGh4cUmK0ESf1pPu.jpg
867,https://image.tmdb.org/t/p/w500/g7PC2e2KqDkIfOoJx9iXJJez99d.jpg
78,https://image.tmdb.org/t/p/w500/63N9uy8nd9j7Eog2axPQ8lbr3Wj.jpg
13203,https://image.tmdb.org/t/p/w500/gj4afHL9bMQ18opZzMp77tlPkAq.jpg
10442,https://image.tmdb.org/t/p/w500/nBvz8zE0uxMSQXWhMlyBoreDFiW.jpg
11074,https://image.tmdb.org/t/p/w500/1bLazrQWJQhO6u58vJZXJZ3ZFDh.jpg
9607,https://image.tmdb.org/t/p/w500/yt5bbMfKpg1nRr4k5edxs7tPK2m.jpg
17585,https://image.tmdb.org/t/p/w500/wRtpJFGney5gqHmMb3JjT5WN3FH.jpg
9057,https://image.tmdb.org/t/p/w500/jmxE6kKhXaqD2ZKJQO8FYDaLgQ5.jpg
20967,https://image.tmdb.org/t/p/w500/gIvypJ6N8aUN9DoeRY1siPDF9AW.jpg
10635,https://image.tmdb.org/t/p/w500/vR6qwjChOV4Z9940VA9chucNpne.jpg
9479,https://image.tmdb.org/t/p/w500/oQffRNjK8e19rF7xVYEN8ew0j7b.jpg
10057,https://image.tmdb.org/t/p/w500/mk8UH7JRmK8adcqJJpB1ygP7B1C.jpg
11969,https://image.tmdb.org/t/p/w500/wGFCvylul8iEQhJOKfwZGGvXMzA.jpg
319,https://image.tmdb.org/t/p/w500/39lXk6ud6KiJgGbbWI2PUKS7y2.jpg
26408,https://image.tmdb.org/t/p/w500/qDNOzfkgneIkJHQmP2Bk68LSDqR.jpg
15139,https://image.tmdb.org/t/p/w500/1NM0W9fwe2IZ4SPdN5OCNKjkrqN.jpg
11446,https://image.tmdb.org/t/p/w500/fsMMOVto87pvUQyozOF9CaT9aMR.jpg
51980,https://image.tmdb.org/t/p/w500/cizv23RUxcpTrQt4kcOz7Sv6YJl.jpg
24405,https://image.tmdb.org/t/p/w500/mEG6fTyTjsA1vzTTqCXsiJzjdQ5.jpg
8223,https://image.tmdb.org/t/p/w500/jUEBKaMqcvrz0HHF8Cei8asjRWr.jpg
14587,https://image.tmdb.org/t/p/w500/jq27h7iCkqwBP3Dd9DQnWdgfGGV.jpg
31504,https://image.tmdb.org/t/p/w500/ps0GapKs4vuV38XX6VUbTZm8QS6.jpg
23637,https://image.tmdb.org/t/p/w500/bwjmjCQBSwwXskE5pNMJfApZBl3.jpg
17600,https://image.tmdb.org/t/p/w500/fuID31Ft8nWLcFRSQ7qZRlu49o7.jpg
10897,https://image.tmdb.org/t/p/w500/qI7PKX2JSw4yD2iQm3pyHvKir28.jpg
21352,https://image.tmdb.org/t/p/w500/uo5BozBpQfKXGLPUeUkwBGLG0XW.jpg
68806,https://image.tmdb.org/t/p/w500/3R7E9fuuu3kftGXkNibWDejRO0K.jpg
37345,https://image.tmdb.org/t/p/w500/tdT3DD1XrzdusPSunmQt3BncmKS.jpg
32562,https://image.tmdb.org/t/p/w500/x0DSh3uMeQk6EG1DHjGJUywN7C0.jpg
25403,https://image.tmdb.org/t/p/w500/3BV4iLXqPdcQzfKpLVaLuWdRY25.jpg
9066,https://image.tmdb.org/t/p/w500/kbJfBJh5vEf5356Jlm6P37H48hD.jpg
771,https://image.tmdb.org/t/p/w500/onTSipZ8R3bliBdKfPtsDuHTdlL.jpg
251,https://image.tmdb.org/t/p/w500/w9RaPHov8oM5cnzeE27isnFMsvS.jpg
812,https://image.tmdb.org/t/p/w500/eLFfl7vS8dkeG1hKp5mwbm37V83.jpg
280,https://image.tmdb.org/t/p/w500/5M0j0B18abtBI5gi2RhfjjurTqb.jpg
581,https://image.tmdb.org/t/p/w500/hw0ZEHAaTqTxSXGVwUFX7uvanSA.jpg
268,https://image.tmdb.org/t/p/w500/cij4dd21v2Rk2YtUQbV5kW69WB2.jpg
274,https://image.tmdb.org/t/p/w500/uS9m8OBk1A8eM9I042bx8XXpqAq.jpg
408,https://image.tmdb.org/t/p/w500/3VAHfuNb6Z7UiW12iYKANSPBl8m.jpg
10020,https://image.tmdb.org/t/p/w500/hUJ0UvQ5tgE2Z9WpfuduVSdiCiU.jpg
10895,https://image.tmdb.org/t/p/w500/bnZJrLRnoQHpzEJdka1KYfsAF3N.jpg
114,https://image.tmdb.org/t/p/w500/hVHUfT801LQATGd26VPzhorIYza.jpg
576,https://image.tmdb.org/t/p/w500/8j9yEC3xjy1PJDSizIbaxcHaSph.jpg
15477,https://image.tmdb.org/t/p/w500/xz7rXuL1lkc6tkt1rS0N05rxtRX.jpg
124472,https://image.tmdb.org/t/p/w500/606IorDjRMQZYaEdPBvjM8uI6qm.jpg
7300,https://image.tmdb.org/t/p/w500/Ao6OFtTH93p0yZ4vFNjHz5QgPrB.jpg
10824,https://image.tmdb.org/t/p/w500/2scgM9dFaHEppWb3tS99gCAh8KX.jpg
275,https://image.tmdb.org/t/p/w500/rUjUCT6GvFS475sKJVfHWZUdnv5.jpg
25059,https://image.tmdb.org/t/p/w500/kfYawa9SF9MQ3ae0TXAfhDLFGv7.jpg
11827,https://image.tmdb.org/t/p/w500/h7j6uKamzHH9p7muvIYnln621IE.jpg
8766,https://image.tmdb.org/t/p/w500/tCQsVackQil2fl5TzOYrCAI6All.jpg
23570,https://image.tmdb.org/t/p/w500/zwHI9B3kcj3WqZoE2LaLDi6ZeAO.jpg
47333,https://image.tmdb.org/t/p/w500/2vyt97wy8dEJYILoDoiPwTzLnzK.jpg
51242,https://image.tmdb.org/t/p/w500/24D3e6xBPEvqlFoq4tSMVqVQ3TO.jpg
10112,https://image.tmdb.org/t/p/w500/1BVOSmQUhphMgnTxnXyfQ9tL1Sc.jpg
4307,https://image.tmdb.org/t/p/w500/u172NHV9SvqgVDSyRayJIPK2Brl.jpg
46029,https://image.tmdb.org/t/p/w500/65WB70Jhi3G2c5C41PyL5pl9L9p.jpg
32308,https://image.tmdb.org/t/p/w500/oSNX3zyTpRMN0ExtOobt7eaJfPD.jpg
28121,https://image.tmdb.org/t/p/w500/wo9AGi5LlFXZUj8MDPq3eKCUMpd.jpg
12520,https://image.tmdb.org/t/p/w500/oIgPiiM0qD1mCo1SYG3Sd0vmKTa.jpg
1592,https://image.tmdb.org/t/p/w500/qJf2TzE8nRTFbFMPJNW6c8mI0KU.jpg
19042,https://image.tmdb.org/t/p/w500/kNmIJILOW9qF2F1Z0qOXkadaS50.jpg
38884,https://image.tmdb.org/t/p/w500/u5QRqW0vFYMHFzeQJ4oFgJtu5Xp.jpg
47449,https://image.tmdb.org/t/p/w500/ab8iYcRfEAFwzcrkYP8tJBISX1E.jpg
36259,https://image.tmdb.org/t/p/w500/fUUbOE91SK4GCpiyftEY5USjCh1.jpg
41852,https://image.tmdb.org/t/p/w500/v6BAse5R1jaTgxXNKMpdphVFZTh.jpg
40926,https://image.tmdb.org/t/p/w500/2BsmfL2wr4sAjrsBFePewmslnXO.jpg
9099,https://image.tmdb.org/t/p/w500/q4zmVdQq35ZBj8uyxsU2RCPOQxo.jpg
2021,https://image.tmdb.org/t/p/w500/yWMj1KMfnixB35qa2IZKniHF4sn.jpg
61752,https://image.tmdb.org/t/p/w500/1SSYCOTrHucd9aBCyTfbLWcJ2zD.jpg
10988,https://image.tmdb.org/t/p/w500/zSW4A35r7Vpz0ainYJGb2QVwCh0.jpg
12652,https://image.tmdb.org/t/p/w500/87kKTPi9r7YIVrlo9Z42NwTXBVi.jpg
10684,https://image.tmdb.org/t/p/w500/vDJurMJkrx049AiXa3DJx5Zx7a4.jpg
954,https://image.tmdb.org/t/p/w500/l5uxY5m5OInWpcExIpKG6AR3rgL.jpg
68445,https://image.tmdb.org/t/p/w500/hFqI4uEViGZWPzebAm0gFs63Ewp.jpg
18989,https://image.tmdb.org/t/p/w500/lHVpzsvjLU7qSCB8UWFqIAavSRu.jpg
8840,https://image.tmdb.org/t/p/w500/5ciO16x4LQ7uhy854YHvQuQvHU9.jpg
11107,https://image.tmdb.org/t/p/w500/jM4cIH8C7t2cZlw6OimbIxggutq.jpg
10539,https://image.tmdb.org/t/p/w500/hCcndEHrNcfkDGcGgqcVGBgcBCA.jpg
10543,https://image.tmdb.org/t/p/w500/ut8snuINzOibbKnvpTnsGWQr4Nl.jpg
18414,https://image.tmdb.org/t/p/w500/j7LYkIa2KC98ZqZmFIjEmtvlv87.jpg
11902,https://image.tmdb.org/t/p/w500/h8N6y13t4VusrDdH5PzTkwvBvgN.jpg
25087,https://image.tmdb.org/t/p/w500/4yHbsdHLHapmWaOcOcRShqWbr4s.jpg
5801,https://image.tmdb.org/t/p/w500/frZj5djlU9hFEjMcL21RJZVuG5O.jpg
896,https://image.tmdb.org/t/p/w500/6Tz1Q69o2n3Zwb0ZffzPL0nFt2T.jpg
3065,https://image.tmdb.org/t/p/w500/tlakU3uwNiUgd7aOlb2RoAsGTnY.jpg
2300,https://image.tmdb.org/t/p/w500/4RN5El3Pj2W4gpwgiAGLVfSJv2g.jpg
8069,https://image.tmdb.org/t/p/w500/dIAhaCiP7CiyVqZdIkc5UiFEjzX.jpg
27768,https://image.tmdb.org/t/p/w500/zP5jcbckIq4yWzGq6n2TkCPIGIC.jpg
221917,https://image.tmdb.org/t/p/w500/ArlhiYSVjDeJKSl1qfCNdQH3DMW.jpg
8072,https://image.tmdb.org/t/p/w500/fFJP3D5fJDFxN7ChqSye1DZ0fTL.jpg
33245,https://image.tmdb.org/t/p/w500/ltrjg99gc3bA3P5E6WaIbGMxWHS.jpg
27281,https://image.tmdb.org/t/p/w500/qIJlpbMCKg9O1C7gaiyDFaUWf9b.jpg
40001,https://image.tmdb.org/t/p/w500/ppHqVo9uAFZYMvRm9x0XUtnyQPR.jpg
29621,https://image.tmdb.org/t/p/w500/hmlQkosTapaJfcjQwFzlKslloZt.jpg
20762,https://image.tmdb.org/t/p/w500/jlhe2SKWqW3F7BEQl3sOkgXLtkW.jpg
37144,https://image.tmdb.org/t/p/w500/nPYe83tWVSwVFRyWa6f5aaE7bbu.jpg
12656,https://image.tmdb.org/t/p/w500/fCJ5eUZw6mGS53spQxGUu7rzFm1.jpg
38867,https://image.tmdb.org/t/p/w500/j43W5XkXR7u7uVAvfniEXiQ3Bpv.jpg
25969,https://image.tmdb.org/t/p/w500/x1Py4TB8Y0Wx9IZ62derpSDqwjd.jpg
43634,https://image.tmdb.org/t/p/w500/kxpLUlvqptToQbLZJbQ7YO4MUAe.jpg
9103,https://image.tmdb.org/t/p/w500/xMDo0ewl6XMZei44UNGMfho6eBq.jpg
29649,https://image.tmdb.org/t/p/w500/rkt8cYfOV6vcqlDbut7jak9qaPh.jpg
10990,https://image.tmdb.org/t/p/w500/tT5rYDXloX5ZxISr8HdlRC9TBcP.jpg
8866,https://image.tmdb.org/t/p/w500/iECTzpGdAMrkEeoYvuYsCxdmW2G.jpg
12233,https://image.tmdb.org/t/p/w500/x8XqdiZ0Oxu5iXF9SiFub9Lae8J.jpg
23449,https://image.tmdb.org/t/p/w500/5P3p9I2ADnTbBdIAl4ZUeUXGuIi.jpg
36355,https://image.tmdb.org/t/p/w500/Aivc5cbCTLcTOjHlOwOQux0WBcV.jpg
922,https://image.tmdb.org/t/p/w500/jX3wGBVoYoAY3IixBpwYk1fjT4z.jpg
11876,https://image.tmdb.org/t/p/w500/tsmwnxi8hGXQTNVqBRCAVsfeGON.jpg
11687,https://image.tmdb.org/t/p/w500/iBsuPhz0pwWgtOhe4ysqFjwNk3t.jpg
9304,https://image.tmdb.org/t/p/w500/t3CUIrzJwxIS7uS1YDJdfSJuPAo.jpg
503475,https://image.tmdb.org/t/p/w500/tWkYclnnChwoMMBFECsEjd5hb77.jpg
73183,https://image.tmdb.org/t/p/w500/1iHw2fqWftJDtIGgos2aiOR8anm.jpg
9100,https://image.tmdb.org/t/p/w500/8bW2RdRkloYtEPhbQZN4wcdmJP4.jpg
20759,https://image.tmdb.org/t/p/w500/yEPiu0mC4NqMHOoFLsC6CxQW34d.jpg
46063,https://image.tmdb.org/t/p/w500/hsMe9TYfPs1VfpZs9xVLZBVGcES.jpg
32513,https://image.tmdb.org/t/p/w500/fkPm7MQhn3YqcRDM9qFDKNHiw7D.jpg
36915,https://image.tmdb.org/t/p/w500/yUWVNHA3dVc1CmxNIcXZWqbqWc8.jpg
9802,https://image.tmdb.org/t/p/w500/j5mxLNWjUlXUUk8weFBtnF4afIR.jpg
21588,https://image.tmdb.org/t/p/w500/cI5AV3jCuxmoQp0N7Z16SI2b7Xk.jpg
664,https://image.tmdb.org/t/p/w500/d4ie3f6QTvNw40V770Uzo87SDZn.jpg
11867,https://image.tmdb.org/t/p/w500/jW5TLptY7PL1Mllq1g1uMjwXLXT.jpg
9323,https://image.tmdb.org/t/p/w500/9gC88zYUBARRSThcG93MvW14sqx.jpg
10280,https://image.tmdb.org/t/p/w500/nXqHqsQXA0jJpCaUsyre1Yw18oV.jpg
10535,https://image.tmdb.org/t/p/w500/yoegp9XEG4YCbJJKR0wvm0BGYpG.jpg
532,https://image.tmdb.org/t/p/w500/qKvN2z4ZcnWkMv6cMNC1Z26lEen.jpg
16299,https://image.tmdb.org/t/p/w500/uR0EPkE66y2DU21NOZAu6xtfpQL.jpg
10547,https://image.tmdb.org/t/p/w500/3051CM0SZfZJ3oOJG8P0YERQl1w.jpg
935,https://image.tmdb.org/t/p/w500/6x7MzQ6BOMlRzam1StcmPO9v61g.jpg
40751,https://image.tmdb.org/t/p/w500/2MvwmEDXm0Mp5gC67jDLxqgmHUK.jpg
85778,https://image.tmdb.org/t/p/w500/fqYvHdWNV84yF7zPV3ENHOZ2Jow.jpg
11101,https://image.tmdb.org/t/p/w500/rB78VDAOK94KJWp9ofgE3GSQEor.jpg
9826,https://image.tmdb.org/t/p/w500/8k8RSMkmGR9Lp6FbKtithM3KIQb.jpg
9879,https://image.tmdb.org/t/p/w500/4zMy6R7acotCmGoDk4sjzRtDwKn.jpg
22621,https://image.tmdb.org/t/p/w500/xo2KsY7hOHDqpgYlDStL56zmgaq.jpg
7095,https://image.tmdb.org/t/p/w500/9W6UI8UQ4YdLCAaPFd0lcKJ1tX4.jpg
26890,https://image.tmdb.org/t/p/w500/eF4iTAjunicLQyc6AdF7JNwSBOC.jpg
77771,https://image.tmdb.org/t/p/w500/kcBYKHyg9GcQqa6DWq0AuQDhtPI.jpg
41225,https://image.tmdb.org/t/p/w500/9HmCwfPG7URPSXSrmEAFN65VoWE.jpg
627,https://image.tmdb.org/t/p/w500/1jUC02qsqS2NxBMFarbIhcQtazV.jpg
32872,https://image.tmdb.org/t/p/w500/ndbW89bKquf5gMXgncY2fCkrIa.jpg
602,https://image.tmdb.org/t/p/w500/p0BPQGSPoSa8Ml0DAf2mB2kCU0R.jpg
14553,https://image.tmdb.org/t/p/w500/5ugxnyVmBK952bwOcE4M0szNimx.jpg
9566,https://image.tmdb.org/t/p/w500/lu7CjP8YES5dJMCFg5O9o9jCkjl.jpg
10545,https://image.tmdb.org/t/p/w500/7k0fr2xLCTChjN8MnGNThTP9uEB.jpg
9894,https://image.tmdb.org/t/p/w500/YJt9l3RdrRohI95btQKPXwpdii.jpg
11543,https://image.tmdb.org/t/p/w500/lVpejjxzBujSjLpxQ7hGe1s0wP2.jpg
9268,https://image.tmdb.org/t/p/w500/uu2gBpFElDfxTI6BI9bT4pZ4kvw.jpg
9327,https://image.tmdb.org/t/p/w500/fMtb5aZoLRNbMnCkatFsTmPRfl5.jpg
81949,https://image.tmdb.org/t/p/w500/aQeuQzrl1bU4lSz7qklkJEnZTAx.jpg
44535,https://image.tmdb.org/t/p/w500/9ShSfdYCbDoPtgZpZ1MbkrexuIQ.jpg
11228,https://image.tmdb.org/t/p/w500/7XL0WcNx1AuFLR96vka3cHOgy7a.jpg
10779,https://image.tmdb.org/t/p/w500/2ZwWDOoU1yy9qyhLEatcgI94ESy.jpg
26748,https://image.tmdb.org/t/p/w500/lBxY8znsRoqa9Dy2NCe8I6GPsRm.jpg
38223,https://image.tmdb.org/t/p/w500/spTUUMgIVm4gOdWL35IoYWEuZQl.jpg
9294,https://image.tmdb.org/t/p/w500/5eK1HNf0Kl2vDPOeqf1kX4SKxrw.jpg
49963,https://image.tmdb.org/t/p/w500/m8JMJQUfGwGt7gse8aoduAcTYE.jpg
11363,https://image.tmdb.org/t/p/w500/wNd6qM8Qa8tLFOiUOiEivh0qBkH.jpg
1645,https://image.tmdb.org/t/p/w500/w8UCke112E9jrhjKcwG32kyhTx5.jpg
31546,https://image.tmdb.org/t/p/w500/tkIMquxwzMzZUrnAv43e3w0eX0F.jpg
36344,https://image.tmdb.org/t/p/w500/8TtnhRd4ls1xWzz3h9F5AyJuxil.jpg
18550,https://image.tmdb.org/t/p/w500/5oGdTgWXCOKerrfdBxJrOlFyifL.jpg
11511,https://image.tmdb.org/t/p/w500/k6kXq27UVxf7zGCWSvygYYIp9eP.jpg
34170,https://image.tmdb.org/t/p/w500/jdpEVxE5IUQv1qEBxWcQM49qDF9.jpg
12606,https://image.tmdb.org/t/p/w500/7xqOkzAQvXCLkDtmlWU6HZnOhru.jpg
4837,https://image.tmdb.org/t/p/w500/zErPp680oDKX3IILQqOgkeeaxWr.jpg
12632,https://image.tmdb.org/t/p/w500/7gA2f8X9bim0905iC5NMXCJh7OS.jpg
18975,https://image.tmdb.org/t/p/w500/rGPFPkUmPam6arT22ey8jWpKzL2.jpg
11962,https://image.tmdb.org/t/p/w500/a06jrMRurcq7sYdhFK2LNs8bRt8.jpg
2925,https://image.tmdb.org/t/p/w500/2ApifgYnfdJUSmCKzTBrWOYYWsn.jpg
3595,https://image.tmdb.org/t/p/w500/4nmOA5ZOY2VlHzwSlKY03sF2JUz.jpg
9308,https://image.tmdb.org/t/p/w500/y8xLC2EpknonqkSZzVwjikH5yVS.jpg
18555,https://image.tmdb.org/t/p/w500/ywrSScJT43HerqWPlMu8nigLFzg.jpg
12123,https://image.tmdb.org/t/p/w500/4ahjVHwXXsq5zK57ds8FwWY73MS.jpg
10830,https://image.tmdb.org/t/p/w500/wYoDpWInsBEVSmWStnRH06ddoyk.jpg
3573,https://image.tmdb.org/t/p/w500/40ud17T4tDbILNjcVSAbj8F4Z2E.jpg
10546,https://image.tmdb.org/t/p/w500/wcWXBujfOUKYbWRnfnAUJaqxRrn.jpg
18862,https://image.tmdb.org/t/p/w500/mpQg8IgbmrMY0skgpTXBA9EhiWy.jpg
31417,https://image.tmdb.org/t/p/w500/8y7Z9Gvcq52uOlJlUWyn2epGGRd.jpg
9431,https://image.tmdb.org/t/p/w500/aKkUQ0Zd9TFlqfcMMHFKQBB15wZ.jpg
47907,https://image.tmdb.org/t/p/w500/8msETDMD6sxIkN3YtIFbCy23CBP.jpg
10061,https://image.tmdb.org/t/p/w500/3L9lL2eUsmLNNfENPwNOc82Hzpw.jpg
549,https://image.tmdb.org/t/p/w500/hNjjGGnHrLILwFiEwGESWD6QRCy.jpg
10478,https://image.tmdb.org/t/p/w500/rB7OvMmjcBFoogleORaUqrRgp8g.jpg
238,https://image.tmdb.org/t/p/w500/3bhkrj58Vtu7enYsRolD1fZdja1.jpg
11134,https://image.tmdb.org/t/p/w500/vquualEWaVJdvsu9jRdOfSki2Z2.jpg
9303,https://image.tmdb.org/t/p/w500/nfXU25TsAUsLMTJ6oHlgxPUcUOF.jpg
23945,https://image.tmdb.org/t/p/w500/rYoZR4EtrfziT5WXhZzcNbH5GuE.jpg
22479,https://image.tmdb.org/t/p/w500/deD8SAbQYGvzcpRr50HUb9uj8xJ.jpg
9054,https://image.tmdb.org/t/p/w500/lGRHE7s2iGgJ0JNO9gxm8BJKelt.jpg
410921,https://image.tmdb.org/t/p/w500/obRFIwQWBieexkUQtZBNROeZTcR.jpg
38955,https://image.tmdb.org/t/p/w500/wYGXe2BRIyNX2z7Y6UdQoiw8yfk.jpg
11015,https://image.tmdb.org/t/p/w500/fAG4nKPUWEIwGBpP38H64GGV8kl.jpg
9306,https://image.tmdb.org/t/p/w500/hOJeQXve8W9rNRhdgC1WV3GQJyA.jpg
12559,https://image.tmdb.org/t/p/w500/t7yTkuXQpnougXmRIqgfT32axZi.jpg
58770,https://image.tmdb.org/t/p/w500/9LZLXVwhhmkdye4JXoLP06fm5G2.jpg
3587,https://image.tmdb.org/t/p/w500/unp3wg7uzIV3HikMexGQJpO0OHc.jpg
10723,https://image.tmdb.org/t/p/w500/iI7G9YXxodrqkQPKis1y3EKP8wJ.jpg
19004,https://image.tmdb.org/t/p/w500/abcJUBDHi6hxibSgm2bxYK1wAZK.jpg
101230,https://image.tmdb.org/t/p/w500/lSf3TgDjG7gPoAp3lfpOE6mVPjl.jpg
10987,https://image.tmdb.org/t/p/w500/noCnM8nEI2bEDSdKHh0RKbwBwbC.jpg
44705,https://image.tmdb.org/t/p/w500/uMvHIh50LqWJxUK26eYWV10epdq.jpg
20318,https://image.tmdb.org/t/p/w500/xooxiCcc4hdBz7Glf3qwZhvoBaF.jpg
26933,https://image.tmdb.org/t/p/w500/yTBEcAsD8OoIs8thYXl7FZuUXN3.jpg
27854,https://image.tmdb.org/t/p/w500/4GuMovYLNkugU945CNsfwzmYfts.jpg
981,https://image.tmdb.org/t/p/w500/dKUubjvxO78XDts6VP1Ggcp4R9O.jpg
872,https://image.tmdb.org/t/p/w500/w03EiJVHP8Un77boQeE7hg9DVdU.jpg
2769,https://image.tmdb.org/t/p/w500/lyDXkvG53ldz6Cf7dbjJl7TaoP5.jpg
13320,https://image.tmdb.org/t/p/w500/7yFRrAAClKMycrOB4500hqQEx53.jpg
164,https://image.tmdb.org/t/p/w500/79xm4gXw4l7A5D0XukUOJRocFYQ.jpg
426,https://image.tmdb.org/t/p/w500/15uOEfqBNTVtDUT7hGBVCka0rZz.jpg
567,https://image.tmdb.org/t/p/w500/ILVF0eJxHMddjxeQhswFtpMtqx.jpg
3078,https://image.tmdb.org/t/p/w500/2PNUGWAflH6UUumas0POMmokHlc.jpg
13528,https://image.tmdb.org/t/p/w500/gXKszCl5Q1KrgWRWpPcqn94CP58.jpg
28288,https://image.tmdb.org/t/p/w500/8kTPsctFZVLktaZbCN7isYFfb4T.jpg
213,https://image.tmdb.org/t/p/w500/kNOFPQrel9YFCVzI0DF8FnCEpCw.jpg
284,https://image.tmdb.org/t/p/w500/hhSRt1KKfRT0yEhEtRW3qp31JFU.jpg
239,https://image.tmdb.org/t/p/w500/hVIKyTK13AvOGv7ICmJjK44DTzp.jpg
4808,https://image.tmdb.org/t/p/w500/qqaPjC5FQidtKY65jbAKZPiOTaS.jpg
289,https://image.tmdb.org/t/p/w500/oyGRZVIthHJjc98ekKpeWpDh8Ws.jpg
963,https://image.tmdb.org/t/p/w500/bf4o6Uzw5wqLjdKwRuiDrN1xyvl.jpg
11113,https://image.tmdb.org/t/p/w500/bTXVc29lGSNclf94VIZ49W4gGKl.jpg
6620,https://image.tmdb.org/t/p/w500/8vvgKw3DbEPNlJAdHe7xXzhb2gN.jpg
804,https://image.tmdb.org/t/p/w500/8lI9dmz1RH20FAqltkGelY1v4BE.jpg
26531,https://image.tmdb.org/t/p/w500/cnMSURyv7R6gjmUm5SYdTxXLzIO.jpg
909,https://image.tmdb.org/t/p/w500/ekVeUvG81pidsv2LMtWf5yYcNbq.jpg
630,https://image.tmdb.org/t/p/w500/pfAZFD7I2hxW9HCChTuAzsdE6UX.jpg
770,https://image.tmdb.org/t/p/w500/lNz2Ow0wGCAvzckW7EOjE03KcYv.jpg
31044,https://image.tmdb.org/t/p/w500/xksAhZJx1WmHM03OaePNe9IiEBt.jpg
599,https://image.tmdb.org/t/p/w500/sC4Dpmn87oz9AuxZ15Lmip0Ftgr.jpg
15,https://image.tmdb.org/t/p/w500/sav0jxhqiH0bPr2vZFU0Kjt2nZL.jpg
62,https://image.tmdb.org/t/p/w500/ve72VxNqjGM69Uky4WTo2bK6rfq.jpg
705,https://image.tmdb.org/t/p/w500/blBzZaatPWVuWpXEnPscMA4Xp6m.jpg
22490,https://image.tmdb.org/t/p/w500/wMTbDI60uvt7ecLZ301XEE8mAOo.jpg
223,https://image.tmdb.org/t/p/w500/1qz3qUOHnVy7dL7M7G8jSErxE4b.jpg
25670,https://image.tmdb.org/t/p/w500/n0WX6eIdIliKB66MI2MWZ3wHsoJ.jpg
303,https://image.tmdb.org/t/p/w500/yUjKnpColooH88BFQJwwgNOQ56N.jpg
4174,https://image.tmdb.org/t/p/w500/dPAox7jGScLBvxKLeRptJIBF7v.jpg
8356,https://image.tmdb.org/t/p/w500/jwbWglYHbjqUu8M9DjTYzTOFklt.jpg
381,https://image.tmdb.org/t/p/w500/9UdAlTenWqxj2l5oFExkjuVHmKO.jpg
20758,https://image.tmdb.org/t/p/w500/sygyqqXq41SBZiYjY8nuQRAcuUv.jpg
29376,https://image.tmdb.org/t/p/w500/j4bJuDATaM7IQYuXPzx7tWsLvEQ.jpg
1859,https://image.tmdb.org/t/p/w500/v4MkgNqZyodYwBDNbZ64MF9tVEL.jpg
18299,https://image.tmdb.org/t/p/w500/jCHVviBhRQ7OkJFQfziO2N2ZJmh.jpg
17281,https://image.tmdb.org/t/p/w500/v4jPy20pdYIFiqtsNvrek7l6ALl.jpg
10907,https://image.tmdb.org/t/p/w500/4mazyXEMkmLw5h6076yyNSm9uv0.jpg
32093,https://image.tmdb.org/t/p/w500/bJDonmAPnDV8jDv9jLlsejAdAoL.jpg
1939,https://image.tmdb.org/t/p/w500/j0zEiFFrdbZnMXqD3piOtZBJeNB.jpg
22292,https://image.tmdb.org/t/p/w500/idoD3cwfwj86BPvVoWVgWhnT2xq.jpg
3598,https://image.tmdb.org/t/p/w500/jCY8uJ80xlO2ApfrsB8s2gzyiBX.jpg
3080,https://image.tmdb.org/t/p/w500/qoPBiN6PBs2NsP7BNOJGCnmwruG.jpg
198,https://image.tmdb.org/t/p/w500/dDQRpEoyjHT4fzw9cNklIvZuXYg.jpg
13562,https://image.tmdb.org/t/p/w500/wtfOW7fIxBZWY78rvUoPpWhMSiR.jpg
1712,https://image.tmdb.org/t/p/w500/oQ1Arue52pFLSvvwfcNTy16hTCG.jpg
220,https://image.tmdb.org/t/p/w500/xv1MZVIop0SQqwLUymgE5eb2LFl.jpg
3529,https://image.tmdb.org/t/p/w500/6cL89ok9t8xEKboOjOVga2W66jj.jpg
3085,https://image.tmdb.org/t/p/w500/lu86Y9zTPH3neCiUzLzHCEFHf7f.jpg
2897,https://image.tmdb.org/t/p/w500/kk6Rrwh0toMz9tjuUHdS4O3v2Rk.jpg
1585,https://image.tmdb.org/t/p/w500/bSqt9rhDZx1Q7UZ86dBPKdNomp2.jpg
3083,https://image.tmdb.org/t/p/w500/nDjg1fbNyq15excNDl3acd2IqAk.jpg
900,https://image.tmdb.org/t/p/w500/vTNNOtemaYmtx3k2NpsLMRJKEwZ.jpg
43795,https://image.tmdb.org/t/p/w500/7MC1fE5FSEIP9xf0N2VD68zRKv2.jpg
43905,https://image.tmdb.org/t/p/w500/cpGAPsHnCpifmLKeiLnwNgT157y.jpg
23114,https://image.tmdb.org/t/p/w500/ukqJhdNjBrJwozFikJylEuEx8Dz.jpg
40206,https://image.tmdb.org/t/p/w500/pEseNGrq1lSdomjayEflNn0xjaZ.jpg
260,https://image.tmdb.org/t/p/w500/yRnl3nTtKVTIBcLHHyXrrXPZWVS.jpg
10331,https://image.tmdb.org/t/p/w500/inNUOa9WZGdyRXQlt7eqmHtCttl.jpg
488,https://image.tmdb.org/t/p/w500/2Ypg0KhQfFYWILelvHGtSHHR0dk.jpg
22733,https://image.tmdb.org/t/p/w500/qT0JvypXSChjCnGvPXMVmQ1EqXm.jpg
261,https://image.tmdb.org/t/p/w500/reO2NXIYPeBqehTsmia0P9rSMDv.jpg
32574,https://image.tmdb.org/t/p/w500/dnBZbFE2OGlTGNGBVTn6t83tJtd.jpg
22649,https://image.tmdb.org/t/p/w500/eNmPByGZJqlp60nCZRhsAlVAb3F.jpg
125587,https://image.tmdb.org/t/p/w500/mvQ6sXAftEX1UsFvvNKF89ubd6F.jpg
52855,https://image.tmdb.org/t/p/w500/3oFap1KH6zTTP1w0iQ6uQZrzKU4.jpg
39940,https://image.tmdb.org/t/p/w500/aKCSA9JUp9JkztAjzODPTrtZmzC.jpg
85328,https://image.tmdb.org/t/p/w500/i94UXzKj8OF1hUyXlT4BHvfgJZI.jpg
11076,https://image.tmdb.org/t/p/w500/obcQJkZB2OsRxd5GWIcQ5Qjv4YW.jpg
63945,https://image.tmdb.org/t/p/w500/zGdGINvf9oSysprbWnu85dIM7rc.jpg
58985,https://image.tmdb.org/t/p/w500/fkgVjmbN9VdBxguNi6tz6lb3sDu.jpg
10861,https://image.tmdb.org/t/p/w500/18HVWwyLihWJPzGpSVl3omRRMyL.jpg
1770,https://image.tmdb.org/t/p/w500/brIBbU6t9glEGAKRTJ4PMj9OiDC.jpg
2033,https://image.tmdb.org/t/p/w500/45cU6BNyRGKhDQZKzVSll4eTgwh.jpg
18203,https://image.tmdb.org/t/p/w500/8AJGSDyrj3Dz2B57n1ZB4qNPbmJ.jpg
9333,https://image.tmdb.org/t/p/w500/m8bVMFAN18H7qmwn2KOWWjDQnbC.jpg
9400,https://image.tmdb.org/t/p/w500/wpiARyUqTfabzakAXHMIUY6Tl1A.jpg
9401,https://image.tmdb.org/t/p/w500/kKSr1PP7IVJek8heFWbSrmJXVMZ.jpg
11306,https://image.tmdb.org/t/p/w500/uowP2Nw2mLpQni1vtbUb1LUSiP0.jpg
9625,https://image.tmdb.org/t/p/w500/fMXc2nf3iZFsVbNNmJ5MCtjcwlk.jpg
10680,https://image.tmdb.org/t/p/w500/wltMr1loUKSCaEV4EDgh21eCRI3.jpg
6346,https://image.tmdb.org/t/p/w500/dHwB9Fn2uBEkxkMZZxWpxMGrhL3.jpg
18660,https://image.tmdb.org/t/p/w500/cSbRtW2rSpz6AxS4BwtunpFHma.jpg
35115,https://image.tmdb.org/t/p/w500/7IFRrsQdaaUJaemg2z35fshzswd.jpg
14821,https://image.tmdb.org/t/p/w500/cXicoCiCfO6FDfv6ozwcfQCnhVW.jpg
14136,https://image.tmdb.org/t/p/w500/9Lc1efdYZUZia2zsRWcUkiD1KdN.jpg
10869,https://image.tmdb.org/t/p/w500/1k14PPykkUQfhjn3xXDrc55lfHl.jpg
22660,https://image.tmdb.org/t/p/w500/Xe7AB0ffhGPSdBZ4qJ9AKJfllL.jpg
19186,https://image.tmdb.org/t/p/w500/jaZFWy6ZAvQoMW2mo9xP5gx4URo.jpg
31102,https://image.tmdb.org/t/p/w500/9lWkRXg35SjUZXLr10ez8DERvRv.jpg
6878,https://image.tmdb.org/t/p/w500/el6dJEpK97OJRQiQhuiSGk2jkV5.jpg
15944,https://image.tmdb.org/t/p/w500/x0fTvnnRIZNyTne2BrcS8I5X20e.jpg
18444,https://image.tmdb.org/t/p/w500/3ZItm1RcdwNuPnCaaqEFGrbVlcO.jpg
20723,https://image.tmdb.org/t/p/w500/by92HEWg2d4WrkgbUIPEA0ufsHI.jpg
173,https://image.tmdb.org/t/p/w500/heAEH85fdxEgV98LizHbQCL95iZ.jpg
864,https://image.tmdb.org/t/p/w500/6fXuGEb7EqGmAeUodxm7l5ELPZ.jpg
24795,https://image.tmdb.org/t/p/w500/7WRt6l7tiXVPG9zLco1rwy5Ffw9.jpg
11224,https://image.tmdb.org/t/p/w500/4nssBcQUBadCTBjrAkX46mVEKts.jpg
81310,https://image.tmdb.org/t/p/w500/5kNFx8GW0zgtLDkhfNBOMMVmJTX.jpg
15947,https://image.tmdb.org/t/p/w500/nMfScRxw9wVLoO7LiEjziFAKLSK.jpg
9078,https://image.tmdb.org/t/p/w500/7lyeeuhGAJSNXYEW34S8mJ1bwI8.jpg
8367,https://image.tmdb.org/t/p/w500/hbRnWUNJkKKVN5mkcuC5ooqjE4e.jpg
433,https://image.tmdb.org/t/p/w500/ei8hhYCMfURfPOXKBnyl61be2iV.jpg
11360,https://image.tmdb.org/t/p/w500/hKDdllslMtsU9JixAv5HR9biXlp.jpg
11114,https://image.tmdb.org/t/p/w500/rueMBfMGbzUxpbU0ALcFK0UxMvn.jpg
12335,https://image.tmdb.org/t/p/w500/1BBzsThIZ06UmjZ3rChYGZhJtFQ.jpg
12092,https://image.tmdb.org/t/p/w500/20cvfwfaFqNbe9Fc3VEHJuPRxmn.jpg
10948,https://image.tmdb.org/t/p/w500/aC3k6XBaYnulGSkK8263ABjU3Md.jpg
11229,https://image.tmdb.org/t/p/w500/m0pAARUq3foDWFsrUmlYDHtNPE9.jpg
15121,https://image.tmdb.org/t/p/w500/nv8bcyqXJh2tijWLa3MoUktlVZZ.jpg
562,https://image.tmdb.org/t/p/w500/aJCpHDC6RoGz7d1Fzayl019xnxX.jpg
10163,https://image.tmdb.org/t/p/w500/1VLqWcel87oYVmN383FgSH0mCTY.jpg
47199,https://image.tmdb.org/t/p/w500/6DO2BO3qp5QAyd91se4h22qifj.jpg
11159,https://image.tmdb.org/t/p/w500/zQBuRQ3hrLhkEsXcxteUxuxLrvs.jpg
9591,https://image.tmdb.org/t/p/w500/9RmZu33qHdyZFGLfhEOmkTjdNEu.jpg
30500,https://image.tmdb.org/t/p/w500/7HGWS6WlsPzBsB7NG5JM4P8NrIv.jpg
10938,https://image.tmdb.org/t/p/w500/Jwhonh2EzmjuLwlvXK12Nh2wcG.jpg
11412,https://image.tmdb.org/t/p/w500/yREdXX5lMFUKhTvb0ofI7mzUHlR.jpg
10586,https://image.tmdb.org/t/p/w500/3KEPs6RKlin9pT9fqjtW7MSLC8H.jpg
42314,https://image.tmdb.org/t/p/w500/qAYYZzO6q7prlt6bmIvqOOwKsXi.jpg
27845,https://image.tmdb.org/t/p/w500/2DtoVhI9RkArGbzkvctGxY578QN.jpg
23223,https://image.tmdb.org/t/p/w500/keQ3yXWkPN1tmKt45bFBtGVokSG.jpg
49471,https://image.tmdb.org/t/p/w500/12DglJ2V73pcrPpsvIKkGycVGJM.jpg
38153,https://image.tmdb.org/t/p/w500/m8dgxxCrpLhKjkjH2DPxkz0inoJ.jpg
25147,https://image.tmdb.org/t/p/w500/ud8YPgNwTDOCrB36gobLijDvNwO.jpg
9716,https://image.tmdb.org/t/p/w500/cFOZ4bNbWtnIIboc43M86yhwPBX.jpg
454,https://image.tmdb.org/t/p/w500/eLf4jclPijOqfEp6bDAmezRFxk5.jpg
10218,https://image.tmdb.org/t/p/w500/rRjWk68kU3a2so4lgr3TKB7Y5vA.jpg
819,https://image.tmdb.org/t/p/w500/yUpiEk2EojS9ZEXb3nIQonQCYYF.jpg
11238,https://image.tmdb.org/t/p/w500/kTH7qEyvdDYMoQraQZm3LFKCge3.jpg
31530,https://image.tmdb.org/t/p/w500/6anwn2NxTw7NwVEEU4qhVwN3Exi.jpg
28120,https://image.tmdb.org/t/p/w500/s3EFBiCsc4Ckc1tntoHAEnhZtSO.jpg
252,https://image.tmdb.org/t/p/w500/vmpsZkrs4Uvkp9r1atL8B3frA63.jpg
16372,https://image.tmdb.org/t/p/w500/idqvLBmlEHUITMnQ0EJ6Yb5TpVw.jpg
11561,https://image.tmdb.org/t/p/w500/vVpUfsHuZecO7FlCtDBQd2ullyq.jpg
11302,https://image.tmdb.org/t/p/w500/gK11RUXspxqty0Wq6KoV8J0crKO.jpg
623,https://image.tmdb.org/t/p/w500/hkSGFNVfEEUXFCxRZDITFHVhUlu.jpg
583,https://image.tmdb.org/t/p/w500/lSSA64WF0M0BXnjwr2quMh6shCl.jpg
12614,https://image.tmdb.org/t/p/w500/mCjXcPRM3Rc7gOCGeVrBdPvF2bk.jpg
21711,https://image.tmdb.org/t/p/w500/7g0WEMac9iKlhjmVEslIX8sIxCF.jpg
11575,https://image.tmdb.org/t/p/w500/9rL8GWuFdO3fLXcNV9rZRHskoOn.jpg
475,https://image.tmdb.org/t/p/w500/sCSQFK9kMsprT4jgWqgw82dT6WI.jpg
11331,https://image.tmdb.org/t/p/w500/6Q34dJL6m1vdzAr0jDDKDmNL52e.jpg
521,https://image.tmdb.org/t/p/w500/clyd4ONJgWYSw1a0UdlbZ6NYrNo.jpg
88,https://image.tmdb.org/t/p/w500/9Jw6jys7q9gjzVX5zm1z0gC8gY9.jpg
500,https://image.tmdb.org/t/p/w500/xi8Iu6qyTfyZVDVy60raIOYJJmk.jpg
792,https://image.tmdb.org/t/p/w500/m3mmFkPQKvPZq5exmh0bDuXlD9T.jpg
8491,https://image.tmdb.org/t/p/w500/4RtjBkBSqHG46uieHgTtM7oKlpo.jpg
402,https://image.tmdb.org/t/p/w500/76Ts0yoHk8kVQj9MMnoMixhRWoh.jpg
10537,https://image.tmdb.org/t/p/w500/x1LM3dzGuG6xOz0aT2e71o11vhu.jpg
11386,https://image.tmdb.org/t/p/w500/ea6HPVTlGa0MmtTrPud0UnP9wh.jpg
9504,https://image.tmdb.org/t/p/w500/nGZCeCfNseq1ee3cJLBp0rH0djT.jpg
15764,https://image.tmdb.org/t/p/w500/rZDPbPTFwuKgr5b9jixGFNYkGYt.jpg
601,https://image.tmdb.org/t/p/w500/an0nD6uq6byfxXCfk6lQBzdL2J1.jpg
25842,https://image.tmdb.org/t/p/w500/cvr7x3CjBMsHv2GptR0tcFddMSa.jpg
2119,https://image.tmdb.org/t/p/w500/4kHzXHRJGcRxxRvkCvb5yTxZwml.jpg
744,https://image.tmdb.org/t/p/w500/xUuHj3CgmZQ9P2cMaqQs4J0d4Zc.jpg
221,https://image.tmdb.org/t/p/w500/yHStsC8rRRfIjqRN38BQsLh6S7k.jpg
702,https://image.tmdb.org/t/p/w500/aicdlO5vt7z2ARm279eGzJeYCLQ.jpg
25750,https://image.tmdb.org/t/p/w500/tRjeV9AZgCXGTqyvlp7Ui55Yb3l.jpg
9305,https://image.tmdb.org/t/p/w500/OPoiGrzNr5FWoczXH5Gs1cReec.jpg
37616,https://image.tmdb.org/t/p/w500/vmlO5CbUKmqvn5BVtEprxAmNOkp.jpg
21612,https://image.tmdb.org/t/p/w500/nXYyoX8vXrTJLSjWsczgZyw3XoR.jpg
102461,https://image.tmdb.org/t/p/w500/8dFs6OW8T8Y1R56U2YdlDDBkUPj.jpg
36998,https://image.tmdb.org/t/p/w500/cgpJTvFcd0NJyJRTKYaBoLMuqdW.jpg
116844,https://image.tmdb.org/t/p/w500/lY5E0rjsgzlxUyMtUZRlzwHqLTA.jpg
1630,https://image.tmdb.org/t/p/w500/sAgHn7ys6TiVXBDTZ0UBEjinIUk.jpg
26626,https://image.tmdb.org/t/p/w500/mosH3RnC5wjcThd0DZq4ZqWkTPQ.jpg
124837,https://image.tmdb.org/t/p/w500/91XMadgfU6scOPYsDW8v4VJuJF3.jpg
11816,https://image.tmdb.org/t/p/w500/ic4f03J6pnf9cpQmVDABFhUpbCU.jpg
11843,https://image.tmdb.org/t/p/w500/cDi6lHXmY12SxtjcP6IdK7mB3W1.jpg
10379,https://image.tmdb.org/t/p/w500/v2kadCRcRdq8a0aRbQg4yVk3Xmd.jpg
2756,https://image.tmdb.org/t/p/w500/2dCit3XAtv9KWCJvRKdPkJ0FAkH.jpg
790,https://image.tmdb.org/t/p/w500/12EeSboRofP3CI4SPmMFNNXCbtY.jpg
1103,https://image.tmdb.org/t/p/w500/vH9llaphjAssRGi0k7e75tD40Ce.jpg
11298,https://image.tmdb.org/t/p/w500/nRTonikdpMUYr3y3RXESLBhRUov.jpg
4480,https://image.tmdb.org/t/p/w500/t4ObdDKWHEPvKIxMr6E8s4nrshV.jpg
4481,https://image.tmdb.org/t/p/w500/1qpu6Zc1PSDL3UbDNIZJ6YuhJDW.jpg
10765,https://image.tmdb.org/t/p/w500/maIiPNXddZXKHQCi0HyULd5kces.jpg
762,https://image.tmdb.org/t/p/w500/8AVb7tyxZRsbKJNOTJHQZl7JYWO.jpg
44497,https://image.tmdb.org/t/p/w500/pJef3yLy953wYtL1mrxQbEOpvnL.jpg
99479,https://image.tmdb.org/t/p/w500/jYDSEJYcvSI0LzwIEP1JWMMAbWh.jpg
124829,https://image.tmdb.org/t/p/w500/msLmn8QJLKpG8GHwbSbvX6iYmoB.jpg
10548,https://image.tmdb.org/t/p/w500/yBkZK1JZOOJ3q5Jj1H9UP9T8YuV.jpg
531,https://image.tmdb.org/t/p/w500/mV8SDTjkxrDxu0a0egvFz1lRPU7.jpg
4483,https://image.tmdb.org/t/p/w500/k6XfHExAs3bTZOCuQWqeVS7xiqu.jpg
18919,https://image.tmdb.org/t/p/w500/pyCHHLEdRJPx0BD22n9Cs7B78Wp.jpg
61461,https://image.tmdb.org/t/p/w500/vEkp2FoxUFpCGeioWdUS4wb7ezh.jpg
659,https://image.tmdb.org/t/p/w500/tm408GMyQqfqFJ7MKCkwc5uQ3wi.jpg
30892,https://image.tmdb.org/t/p/w500/29EZjwr3jDFWtdj9Lpq2BtCvKga.jpg
86369,https://image.tmdb.org/t/p/w500/hx9ocZaXDjXyo5VkPaSvtiTmIlL.jpg
38554,https://image.tmdb.org/t/p/w500/mHc6hY6Rv7S7kS50vW2vVdHWG79.jpg
36555,https://image.tmdb.org/t/p/w500/ynMnizF7mCmjDe4fXuZog6Vu8i5.jpg
10608,https://image.tmdb.org/t/p/w500/j4PokuSIrmbN5oCR54D8kiI0U6a.jpg
11216,https://image.tmdb.org/t/p/w500/gCI2AeMV4IHSewhJkzsur5MEp6R.jpg
7452,https://image.tmdb.org/t/p/w500/fNkl7o1VQQqy1nEX9x56CDHULmr.jpg
892,https://image.tmdb.org/t/p/w500/gNtOgQHxE5B8e08zuNRAdDpmK5Z.jpg
1600,https://image.tmdb.org/t/p/w500/oqRyO9xrNBRaxqF9pCHHgLuaATx.jpg
26561,https://image.tmdb.org/t/p/w500/b4Jrg23Q3y7p8GS7aMnPdFiEcnP.jpg
975,https://image.tmdb.org/t/p/w500/aAol0HgMU4HOqAeb1ebIGFJyk7L.jpg
18129,https://image.tmdb.org/t/p/w500/zMpGfkiDIdg5bB7WGcAT3Fdrfpt.jpg
54405,https://image.tmdb.org/t/p/w500/xD8hh10Atodan4tzYg3K2QFCrJ1.jpg
409,https://image.tmdb.org/t/p/w500/8eHHqMg8qEYtVw8LQLygsHXSR2q.jpg
38251,https://image.tmdb.org/t/p/w500/omFU47TZSR7xAAZcDHKM48SmVwe.jpg
10161,https://image.tmdb.org/t/p/w500/GRAAl0bMQFoFIjV3aunc5jsM5u.jpg
1412,https://image.tmdb.org/t/p/w500/pj1uKm07svgXZDHbYE8AzRfNHcu.jpg
41768,https://image.tmdb.org/t/p/w500/g60GELLr2oGnlJX5Yidkl9ufFYv.jpg
10409,https://image.tmdb.org/t/p/w500/f6vs4DQGuNpLuA5Z7k69uuKpbVG.jpg
14285,https://image.tmdb.org/t/p/w500/4w4BJk3l8y9gYwPPLRs6uPHOmGL.jpg
2469,https://image.tmdb.org/t/p/w500/gSZ8wkZ443tmK9rvaX7g7Ap9tuv.jpg
10174,https://image.tmdb.org/t/p/w500/kJHCqwDgS9MEhdChIkGn7QAUoyL.jpg
31225,https://image.tmdb.org/t/p/w500/90rCWH41mj9hjHUEy2SOHfuAOl3.jpg
510,https://image.tmdb.org/t/p/w500/65TsQckNLdSDZZCm9WTgF0omCyr.jpg
11455,https://image.tmdb.org/t/p/w500/lKXINU3ApbhFPQJ3pqgMzGPCYnH.jpg
1891,https://image.tmdb.org/t/p/w500/nNAeTmF4CtdSgMDplXTDPOpYzsX.jpg
2493,https://image.tmdb.org/t/p/w500/dvjqlp2sAhUeFjUOfQDgqwpphHj.jpg
85,https://image.tmdb.org/t/p/w500/ceG9VzoRAVGwivFU403Wc3AHRys.jpg
68,https://image.tmdb.org/t/p/w500/2w09J0KUnVtJvqPYu8N63XjAyCR.jpg
679,https://image.tmdb.org/t/p/w500/r1x5JGpyqZU8PYhbs4UcrO1Xb6x.jpg
429,https://image.tmdb.org/t/p/w500/bX2xnavhMYjWDoZp1VM6VnU1xwe.jpg
13446,https://image.tmdb.org/t/p/w500/i18cIp8A10A2JgByrfA9oIC9299.jpg
389,https://image.tmdb.org/t/p/w500/ow3wq89wM8qd5X7hWKxiRfsFf9C.jpg
947,https://image.tmdb.org/t/p/w500/AiAm0EtDvyGqNpVoieRw4u65vD1.jpg
185,https://image.tmdb.org/t/p/w500/4sHeTAp65WrSSuc05nRBKddhBxO.jpg
595,https://image.tmdb.org/t/p/w500/gZycFUMLx2110dzK3nBNai7gfpM.jpg
28,https://image.tmdb.org/t/p/w500/gQB8Y5RCMkv2zwzFHbUJX3kAhvA.jpg
335,https://image.tmdb.org/t/p/w500/qbYgqOczabWNn2XKwgMtVrntD6P.jpg
1892,https://image.tmdb.org/t/p/w500/jQYlydvHm3kUix1f8prMucrplhm.jpg
144,https://image.tmdb.org/t/p/w500/iZQs2vUeCzvS1KfZJ6uYNCGJBBV.jpg
1092,https://image.tmdb.org/t/p/w500/rO2Fq0AZZx9obs52KJdx4mRE8p5.jpg
769,https://image.tmdb.org/t/p/w500/aKuFiU82s5ISJpGZp7YkIr3kCUd.jpg
348,https://image.tmdb.org/t/p/w500/vfrQk5IPloGg1v9Rzbh2Eg3VGyM.jpg
766,https://image.tmdb.org/t/p/w500/9CLjbmB4X7e97CLqZxRhZhPkjqw.jpg
175,https://image.tmdb.org/t/p/w500/3t5t7yaFiTJQlqxiTkXJMFZdkh3.jpg
11645,https://image.tmdb.org/t/p/w500/iYQcDhuHrdPOHLUUxXaFChFrc97.jpg
10835,https://image.tmdb.org/t/p/w500/8hTxlSqMAHBXAh1eB69ir0BXhzE.jpg
539,https://image.tmdb.org/t/p/w500/yz4QVqPx3h1hD1DfqqQkCq3rmxW.jpg
525,https://image.tmdb.org/t/p/w500/rhYJKOt6UrQq7JQgLyQcSWW5R86.jpg
240,https://image.tmdb.org/t/p/w500/hek3koDUyRQk7FIhPXsa6mT2Zc3.jpg
600,https://image.tmdb.org/t/p/w500/kMKyx1k8hWWscYFnPbnxxN4Eqo4.jpg
530,https://image.tmdb.org/t/p/w500/h5e3r12VwfUotN36fBr1DNeCD4n.jpg
10705,https://image.tmdb.org/t/p/w500/w9R2HsYNnfF3m9uEo2UAmPNJr8a.jpg
279,https://image.tmdb.org/t/p/w500/1n5VUlCqgmVax1adxGZm8oCFaKc.jpg
3109,https://image.tmdb.org/t/p/w500/u3B1hVKHE56yBRoxF3Nk9uxHdYN.jpg
311,https://image.tmdb.org/t/p/w500/i0enkzsL5dPeneWnjl1fCWm6L7k.jpg
1578,https://image.tmdb.org/t/p/w500/1WV7WlTS8LI1L5NkCgjWT9GSW3O.jpg
703,https://image.tmdb.org/t/p/w500/dEtjPywhDbAXYjoFfhBC4U9unU7.jpg
9549,https://image.tmdb.org/t/p/w500/btqTjNRxecYgQ1FGfVlLqSSNjz.jpg
1398,https://image.tmdb.org/t/p/w500/1qhOyf5C4s9ZdvY8d5JDx9DFMeT.jpg
387,https://image.tmdb.org/t/p/w500/u8FhQPncOAkwcei2OI9orPWhV6K.jpg
9277,https://image.tmdb.org/t/p/w500/ckmYng37zey8INYf6d10cVgIG93.jpg
343,https://image.tmdb.org/t/p/w500/t7qEuGwDjcYu8ajaKZ68DeDnOxw.jpg
37291,https://image.tmdb.org/t/p/w500/9wE7LuIkvuPfr4Ye6fMqPXHqaiE.jpg
490,https://image.tmdb.org/t/p/w500/wcZ21zrOsy0b52AfAF50XpTiv75.jpg
11235,https://image.tmdb.org/t/p/w500/jqxD0H9a1rg5bXftsm6gsNOjt4n.jpg
218,https://image.tmdb.org/t/p/w500/hzXSE66v6KthZ8nPoLZmsi2G05j.jpg
763,https://image.tmdb.org/t/p/w500/pa39D8TQs6aNw3hiUs4jLjHVUB0.jpg
9665,https://image.tmdb.org/t/p/w500/pGDzBjZvzmSCIEduQBfESLMiwtp.jpg
18971,https://image.tmdb.org/t/p/w500/6RI9sYpRxIdqlmsF6kBOiF7Bxug.jpg
696,https://image.tmdb.org/t/p/w500/k4eT3EvfxW1L9Wmt04UqJqCvCR6.jpg
379,https://image.tmdb.org/t/p/w500/ab3pnsTKp3BgcAFy0FgWBFBg9FL.jpg
207,https://image.tmdb.org/t/p/w500/erzbMlcNHOdx24AXOcn2ZKA7R1q.jpg
37247,https://image.tmdb.org/t/p/w500/znN9T8QHkwOAHIEtLB6bC9pNd8k.jpg
1480,https://image.tmdb.org/t/p/w500/1pvRgmfBaoMczIJBOi9gCOZ4FMC.jpg
9322,https://image.tmdb.org/t/p/w500/1ulQDewUG4KKHOhpXdGKm3GdLFq.jpg
826,https://image.tmdb.org/t/p/w500/7paXMt2e3Tr5dLmEZOGgFEn2Vo7.jpg
422,https://image.tmdb.org/t/p/w500/2cPK4xKtccKmYsCSpaFGWnfEsZX.jpg
829,https://image.tmdb.org/t/p/w500/kZRSP3FmOcq0xnBulqpUQngJUXY.jpg
828,https://image.tmdb.org/t/p/w500/eslDNzf0LF1m9GsgUXlmyfTcC6Y.jpg
3090,https://image.tmdb.org/t/p/w500/pWcst7zVbi8Z8W6GFrdNE7HHRxL.jpg
9964,https://image.tmdb.org/t/p/w500/msttMX3undIiaeJLZbMRq94v1bw.jpg
3063,https://image.tmdb.org/t/p/w500/31t63plEGKHhYuuCpC9bFWO9SBS.jpg
13667,https://image.tmdb.org/t/p/w500/pHmbSkpxdB7jXozrovEfacArtW0.jpg
694,https://image.tmdb.org/t/p/w500/xazWoLealQwEgqZ89MLZklLZD3k.jpg
235,https://image.tmdb.org/t/p/w500/vz0w9BSehcqjDcJOjRaCk7fgJe7.jpg
832,https://image.tmdb.org/t/p/w500/bTdZk3q2DWpBRnLiaaItKFWOVhI.jpg
765,https://image.tmdb.org/t/p/w500/4zqCKJVHUolGs6C5AZwAZqLWixW.jpg
5925,https://image.tmdb.org/t/p/w500/gBH4H8UMFxl139HaLz6lRuvsel8.jpg
11778,https://image.tmdb.org/t/p/w500/bbGtogDZOg09bm42KIpCXUXICkh.jpg
4485,https://image.tmdb.org/t/p/w500/L6ZrY3vU8o5GhRgQGV2MZ9AhmA.jpg
137,https://image.tmdb.org/t/p/w500/gCgt1WARPZaXnq523ySQEUKinCs.jpg
33,https://image.tmdb.org/t/p/w500/54roTwbX9fltg85zjsmrooXAs12.jpg
982,https://image.tmdb.org/t/p/w500/h0mkK00GjBCJoBYm3yvPdkzlIyV.jpg
8428,https://image.tmdb.org/t/p/w500/s1SyKrARJG2R7FyS4zkNdaekLAW.jpg
212,https://image.tmdb.org/t/p/w500/xG1GEEQGgExKl0WT5sRo1Arst5D.jpg
105,https://image.tmdb.org/t/p/w500/vN5B5WgYscRGcQpVhHl6p9DDTP0.jpg
1633,https://image.tmdb.org/t/p/w500/g71l1vbJwyAAYk8zKCkIQQ58qcb.jpg
11202,https://image.tmdb.org/t/p/w500/rLM7jIEPTjj4CF7F1IrzzNjLUCu.jpg
1554,https://image.tmdb.org/t/p/w500/4IyxoUQ7BB5kcSd7gASe2dTyWu7.jpg
149,https://image.tmdb.org/t/p/w500/neZ0ykEsPqxamsX6o5QNUFILQrz.jpg
8009,https://image.tmdb.org/t/p/w500/8Z8dptJEypuLoOQro1WugD855YE.jpg
903,https://image.tmdb.org/t/p/w500/4ykzTiHKLamh3eZJ8orVICtU2Jp.jpg
11673,https://image.tmdb.org/t/p/w500/80XJ5UkGuYTKDuALeG03BLk1OT1.jpg
3034,https://image.tmdb.org/t/p/w500/tQJAWbIjvvqVKLLbIZHtwGw2HTf.jpg
339,https://image.tmdb.org/t/p/w500/ktejUHCo6c8DekpOtR3uSb6oDXr.jpg
10404,https://image.tmdb.org/t/p/w500/j6MGZpg55cTqlHHwahBtzI2qQg1.jpg
914,https://image.tmdb.org/t/p/w500/nhMXB8GTdswYMCL9nepDZymJCOr.jpg
756,https://image.tmdb.org/t/p/w500/5m9njnidjR0syG2gpVPVgcEMB2X.jpg
288,https://image.tmdb.org/t/p/w500/qETSMQ4IXBSAS409Z9OL0ppXWTW.jpg
910,https://image.tmdb.org/t/p/w500/lraHo9D8c0YWfxsKqT5P5sVqMKN.jpg
2640,https://image.tmdb.org/t/p/w500/dGbVfM4WlM7uvIbyRehfPZUIgp2.jpg
16633,https://image.tmdb.org/t/p/w500/hmdegiSwVYUNvEfihaE3HRM3Sos.jpg
665,https://image.tmdb.org/t/p/w500/m4WQ1dBIrEIHZNCoAjdpxwSKWyH.jpg
11031,https://image.tmdb.org/t/p/w500/z2LA8eBTSuuPC4NBhIZRNIwpimH.jpg
11314,https://image.tmdb.org/t/p/w500/6zCNciRcob8lwuydVXgq0esla8L.jpg
15143,https://image.tmdb.org/t/p/w500/6z6ZUrwbAJl9Nq43OY77O7iY80x.jpg
89,https://image.tmdb.org/t/p/w500/sizg1AU8f8JDZX4QIgE4pjUMBvx.jpg
10322,https://image.tmdb.org/t/p/w500/3RO3jbCKEey2T9bYFkYt9xpwen9.jpg
783,https://image.tmdb.org/t/p/w500/rOXftt7SluxskrFrvU7qFJa5zeN.jpg
10644,https://image.tmdb.org/t/p/w500/g1kPEwATsCI8DnGx6ViAhUVKQSI.jpg
11257,https://image.tmdb.org/t/p/w500/5xRAqywVo6tNUNQbAESGVP930la.jpg
14370,https://image.tmdb.org/t/p/w500/5mVimQD1XOMLzbO2Qug0JQxh70S.jpg
12104,https://image.tmdb.org/t/p/w500/aElHyIdF5jmctFGhlhhaPFsbBJC.jpg
625,https://image.tmdb.org/t/p/w500/cX6Bv7natnZwQjsV9bLL8mmWjkS.jpg
8816,https://image.tmdb.org/t/p/w500/eVg9IsX2HtR1BNYH0UAhF4JPHi7.jpg
830,https://image.tmdb.org/t/p/w500/aq0OQfRS7hDDI8vyD0ICbH9eguC.jpg
2323,https://image.tmdb.org/t/p/w500/vL7F8T9B6r4Uztpe1Hw4o63I1m1.jpg
983,https://image.tmdb.org/t/p/w500/gc5fS9UfNrGm5cBlbAI560YbDSF.jpg
642,https://image.tmdb.org/t/p/w500/gFmmykF1Ym3OGzENo50nZQaD1dx.jpg
655,https://image.tmdb.org/t/p/w500/mYYdCi54E2xVbUxCr03tMookv9Z.jpg
10341,https://image.tmdb.org/t/p/w500/sDpYWgYkBlrVnpySXQNsxVvDAAG.jpg
639,https://image.tmdb.org/t/p/w500/rFOiFUhTMtDetqCGClC9PIgnC1P.jpg
30180,https://image.tmdb.org/t/p/w500/vfR9veCwZMZXfpCF5QlnaLFoSr1.jpg
41801,https://image.tmdb.org/t/p/w500/5vqRaOZBqBL1YXukRv6zI6Y4pxC.jpg
18762,https://image.tmdb.org/t/p/w500/9cGEpHyiPk1qRuY1Kv57RGkyesr.jpg
8077,https://image.tmdb.org/t/p/w500/xh5wI0UoW7DfS1IyLy3d2CgrCEP.jpg
814,https://image.tmdb.org/t/p/w500/hVEqUASJmCQaolkKFEySCHZ8uKG.jpg
41671,https://image.tmdb.org/t/p/w500/4seZ7wJsRHUK3m7I18bnnir594Q.jpg
27214,https://image.tmdb.org/t/p/w500/gYvFL6REedBvjTSzVAhyk5imJgq.jpg
52263,https://image.tmdb.org/t/p/w500/pPNjxj2MKDLQOFOzmsdOlmHJzz2.jpg
33519,https://image.tmdb.org/t/p/w500/jjWkIHRRj2kOgVMXpK8im4KOcTu.jpg
16235,https://image.tmdb.org/t/p/w500/xx9K2m2Arr5EZUQtmggKtEK1f2a.jpg
11449,https://image.tmdb.org/t/p/w500/7VMscq0659xKmcXzd86de1DGV4W.jpg
41848,https://image.tmdb.org/t/p/w500/bGTF4uusklWxN0kBBe3msPKPCrb.jpg
25944,https://image.tmdb.org/t/p/w500/cLyCHzPT5kLBEPn4DMcqgNbjwke.jpg
24913,https://image.tmdb.org/t/p/w500/zNx2tNRzRyPsBSHX1VF2c7U0UyW.jpg
49126,https://image.tmdb.org/t/p/w500/omtHuaCwKRX20x5R8xnqxWYq8Xp.jpg
32076,https://image.tmdb.org/t/p/w500/wMDOgjHoDdKKj3UNZzjP8AW0wxR.jpg
571,https://image.tmdb.org/t/p/w500/eClg8QPg8mwB6INIC4pyR5pAbDr.jpg
8851,https://image.tmdb.org/t/p/w500/ctOwn1Ibg3SjDG4WulvFvSH0PRT.jpg
37843,https://image.tmdb.org/t/p/w500/3BfSQmwTm8LGv2KZKcDJnFuBbIC.jpg
32146,https://image.tmdb.org/t/p/w500/8hFSFiLMy0wnyVaaJ4EHFlPD1yf.jpg
30346,https://image.tmdb.org/t/p/w500/1dOCP2ahMVlA95SivxhEdVvcXZE.jpg
6114,https://image.tmdb.org/t/p/w500/scFDS0U5uYAjcVTyjNc7GmcZw1q.jpg
229,https://image.tmdb.org/t/p/w500/5241zUwe7rC17MNc2QpCBKKdp1N.jpg
13549,https://image.tmdb.org/t/p/w500/2ipG69lXOjGMX7F7qxJQzUoiUsd.jpg
9529,https://image.tmdb.org/t/p/w500/n38YbNqUf5KWpMJFc4X3t0rlhg5.jpg
1598,https://image.tmdb.org/t/p/w500/meJZAAuVcjic2ipvbOPz5UlE4P9.jpg
11349,https://image.tmdb.org/t/p/w500/xDqaHjMbnebtB05QWgAR8wW86sb.jpg
7340,https://image.tmdb.org/t/p/w500/8tT1rqlsTguyfUBMrbHR9cv1rxM.jpg
6217,https://image.tmdb.org/t/p/w500/nYcQnkbTD4LDmp11HCReQuUoMKD.jpg
377,https://image.tmdb.org/t/p/w500/wGTpGGRMZmyFCcrY2YoxVTIBlli.jpg
653,https://image.tmdb.org/t/p/w500/zv7J85D8CC9qYagAEhPM63CIG6j.jpg
28198,https://image.tmdb.org/t/p/w500/9WoZrEl55sPbyd1OKieidPa1CRR.jpg
794,https://image.tmdb.org/t/p/w500/mDcjjEu1fMNmsXi4l4D8IftlTix.jpg
31640,https://image.tmdb.org/t/p/w500/diFSUAvHZE6rkKqfP3J3qf19Z2X.jpg
8744,https://image.tmdb.org/t/p/w500/jOyV5Rb1MaMUl6XrWWossVTm7BA.jpg
25189,https://image.tmdb.org/t/p/w500/ekk8MKMp3tlJjcMuhOgKsMCRrvR.jpg
145,https://image.tmdb.org/t/p/w500/dQWMcdHXUOSHtr7ypOCa5T79JMS.jpg
2212,https://image.tmdb.org/t/p/w500/2ueCI9QX9AGa4SzJgrvK1fONCa5.jpg
199,https://image.tmdb.org/t/p/w500/iqhHe893Vcf07jNkNQ31tu85dKG.jpg
7863,https://image.tmdb.org/t/p/w500/cbmThowj2XAW7lKlMAXmnhZvjGI.jpg
12498,https://image.tmdb.org/t/p/w500/ivBIBd1LNaozcmytZUyE1yIXZms.jpg
9279,https://image.tmdb.org/t/p/w500/lHLOUt0ZIQLC5asHdIQBoTUvaEp.jpg
17204,https://image.tmdb.org/t/p/w500/h65fwEQTv9zRNyEuExE1wAk5CQ2.jpg
21539,https://image.tmdb.org/t/p/w500/z1mU4g9poAgoDQRNLcfNdj3iiMs.jpg
12709,https://image.tmdb.org/t/p/w500/j78rRskAapKtILalcxAmdskGtzb.jpg
20539,https://image.tmdb.org/t/p/w500/zv69Rev43me5gQ68x7fk1mQzhHn.jpg
11674,https://image.tmdb.org/t/p/w500/8o2ADoAyG796UwTjwBFjPyBz0yG.jpg
1573,https://image.tmdb.org/t/p/w500/lDFO7D4MdbhjOwaPwe18QG69Rt0.jpg
152,https://image.tmdb.org/t/p/w500/wfiAfNwH6CMKxz4vRaW8CPTabtk.jpg
174,https://image.tmdb.org/t/p/w500/tvTOJD7Gz668GLy2nNdLRQvpPsv.jpg
172,https://image.tmdb.org/t/p/w500/uiXr41VLYsuug3CZbFrKLSNahuZ.jpg
154,https://image.tmdb.org/t/p/w500/uPyLsKl8Z0LOoxeaFXsY5MxhR5s.jpg
157,https://image.tmdb.org/t/p/w500/yqEj0oPfKBMCz7YcCARHDgH7VFm.jpg
168,https://image.tmdb.org/t/p/w500/xY5TzGXJOB3L9rhZ1MbbPyVlW5J.jpg
364,https://image.tmdb.org/t/p/w500/uEIvgvxzK08922iU61OvO3ORs0s.jpg
11967,https://image.tmdb.org/t/p/w500/stvh1A3mj8NYyczE7RvwdtDRCo2.jpg
9086,https://image.tmdb.org/t/p/w500/7kMjla98srGHlFzAEmoGRcr6GN1.jpg
621,https://image.tmdb.org/t/p/w500/czVhhAaSBFpakur7U8pOIDV9NUG.jpg
9037,https://image.tmdb.org/t/p/w500/ufWc8AR5D66lwB2UZvZ9xvGcDSD.jpg
10173,https://image.tmdb.org/t/p/w500/xYaetJsSm5FC1zxhdW8UR1NVXzc.jpg
8845,https://image.tmdb.org/t/p/w500/myHxm9p8fhEsXyaLO6DawYJKolg.jpg
578,https://image.tmdb.org/t/p/w500/lxM6kqilAdpdhqUl2biYp5frUxE.jpg
579,https://image.tmdb.org/t/p/w500/cN3ijEwsn4kBaRuHfcJpAQJbeWe.jpg
17692,https://image.tmdb.org/t/p/w500/kqDXj53F9paqVGJLGfHtz7giJ3s.jpg
17795,https://image.tmdb.org/t/p/w500/5odQxB2kTRyPOJiMjYY1SYHLVHs.jpg
75,https://image.tmdb.org/t/p/w500/bGxhc8Cd908XbDxg5baDvbiVzUI.jpg
13891,https://image.tmdb.org/t/p/w500/hMGWyETjqWpfud4Cmeva6qfVogZ.jpg
9390,https://image.tmdb.org/t/p/w500/lABvGN7fDk5ifnwZoxij6G96t2w.jpg
378,https://image.tmdb.org/t/p/w500/m5Zp4K4hKdPhsBl3E0p8I7QomlT.jpg
10896,https://image.tmdb.org/t/p/w500/5rWE9ft0Uc2kuDWlkg5vQth58XZ.jpg
2322,https://image.tmdb.org/t/p/w500/l2pIGwCvpZEpBuMb55YBl6A04Jv.jpg
41240,https://image.tmdb.org/t/p/w500/jYFwFOkHwWxaStR21UIgdb96Gzh.jpg
26949,https://image.tmdb.org/t/p/w500/dpGzMgYkbl6vvn7NBMp2CMVRbcu.jpg
9819,https://image.tmdb.org/t/p/w500/lTHq1K5Y6EDRjxTBvReXHY6AKQ3.jpg
31908,https://image.tmdb.org/t/p/w500/gu81MbuLTPbw95xWuDuM7ddcCir.jpg
3179,https://image.tmdb.org/t/p/w500/vqdgQiRCSzgpFXLlbxbybfkleBM.jpg
1802,https://image.tmdb.org/t/p/w500/2bGGOa6JqwARffdzR6xUmUA0iHu.jpg
4232,https://image.tmdb.org/t/p/w500/lr9ZIrmuwVmZhpZuTCW8D9g0ZJe.jpg
9361,https://image.tmdb.org/t/p/w500/qzJMPWRtZveBkxXOv3ucWhoJuyj.jpg
2928,https://image.tmdb.org/t/p/w500/oprNZ2BvJG9ZV2g3JYeWQgsOZHe.jpg
10549,https://image.tmdb.org/t/p/w500/ilurgUOp6SCl4cuhfjctj1qxlfZ.jpg
58102,https://image.tmdb.org/t/p/w500/ngy7zafrXEDCUOPfolcbFofMDmI.jpg
18451,https://image.tmdb.org/t/p/w500/ajMk4ueXcOCbxwJjJecltiGhYrn.jpg
27265,https://image.tmdb.org/t/p/w500/mxJJ0IEOOdvMo5yO7rcJBqyZ11n.jpg
49935,https://image.tmdb.org/t/p/w500/meeBmnlkMP8UhrPvZKv83jjhd2E.jpg
8818,https://image.tmdb.org/t/p/w500/HOthGlLewarZA7AO9MLSYApLSj.jpg
36758,https://image.tmdb.org/t/p/w500/yoUuMtWTQXzfARYE0nF7Nn7gRuS.jpg
36040,https://image.tmdb.org/t/p/w500/24vooYt5StgtgcQObVr1GHuM5gy.jpg
9415,https://image.tmdb.org/t/p/w500/5S469MSJIzb6J0PIsghUn52uzfP.jpg
55146,https://image.tmdb.org/t/p/w500/74CK1qibFcIR45SAwLZ32cQjAZ6.jpg
12145,https://image.tmdb.org/t/p/w500/1Wl0zSEngmsTXjQMVE0GD5s85cM.jpg
42424,https://image.tmdb.org/t/p/w500/igyTJ9cFwjcuzMM5oa0lknRyvYv.jpg
34314,https://image.tmdb.org/t/p/w500/gnsxWkxWHPXMOAzXvS7aKMSKP0N.jpg
2892,https://image.tmdb.org/t/p/w500/bHu1frnmodEIszUUOwOJ5R1RRRt.jpg
9404,https://image.tmdb.org/t/p/w500/bRHbteT4IORJOXY0Qrnb4FPXRS0.jpg
85242,https://image.tmdb.org/t/p/w500/3kPjFZaGrxalI21CeFUNpNqjXpH.jpg
9622,https://image.tmdb.org/t/p/w500/kAUtHecWe0KS54jNggapnbHBGTI.jpg
8860,https://image.tmdb.org/t/p/w500/nvfyHYv1EDpYai5pCGqBeRf3tax.jpg
14832,https://image.tmdb.org/t/p/w500/vtaZ8nJ46UKkqlHOgcdeMoYr9N0.jpg
9619,https://image.tmdb.org/t/p/w500/6N73uiHHGDBoaAECYc0R39O3fre.jpg
40506,https://image.tmdb.org/t/p/w500/mD30gucf7NkKNFyqEMEag7l63VO.jpg
31000,https://image.tmdb.org/t/p/w500/IdhtO8iqvmyEJtcjThthZPOiaV.jpg
4104,https://image.tmdb.org/t/p/w500/7g7qYdUN9wDXJGIOj6U67RPIBHO.jpg
26306,https://image.tmdb.org/t/p/w500/3jtG9mgfiZRTRQf19BiUAY6QPN3.jpg
14908,https://image.tmdb.org/t/p/w500/tg9qzqF349j526pNZnjPB4p2UED.jpg
784,https://image.tmdb.org/t/p/w500/fB0cGiEOngfsfyDHXIpFOmEwFgi.jpg
12489,https://image.tmdb.org/t/p/w500/jlOL8fLsG0tGBtkj9qzHgqcHPVV.jpg
16448,https://image.tmdb.org/t/p/w500/zuArI6EBpV6mExrvfnyidoOtzdf.jpg
17894,https://image.tmdb.org/t/p/w500/s2RaTrqoPvD4eYEaZCyF0zFbbpV.jpg
28059,https://image.tmdb.org/t/p/w500/7PdRbG09K9JHYyOwwCSn3OdJb0N.jpg
17949,https://image.tmdb.org/t/p/w500/oWDSlZT7rvOBYccqrRxiZ7IfbhM.jpg
1968,https://image.tmdb.org/t/p/w500/14zKnK5ZB2kyYwLiij0ULN1HQ9.jpg
61563,https://image.tmdb.org/t/p/w500/4KEkCiId2lhKgSM6sAGSuG9BjdH.jpg
66,https://image.tmdb.org/t/p/w500/jiwy7YaPHLN8s1SuXWGgQLKKNKE.jpg
20735,https://image.tmdb.org/t/p/w500/6ePLTI633Qyb9iSylyObUPxnlYr.jpg
11419,https://image.tmdb.org/t/p/w500/jUOreo2AWDnPuRJsUp6T1i66tUe.jpg
638,https://image.tmdb.org/t/p/w500/fdTtij6H0sX9AzIjUeynh5zbfm7.jpg
25624,https://image.tmdb.org/t/p/w500/5EeTYDXdrpD9mZSSwsrFbqgok9U.jpg
9366,https://image.tmdb.org/t/p/w500/xtKLvpOfARi1XVm8u2FTdhY5Piq.jpg
21915,https://image.tmdb.org/t/p/w500/1pQpHVm3AXIwbBUnwGEQ0q95E0L.jpg
19952,https://image.tmdb.org/t/p/w500/dDutboDhQeIGZ0VOMI8RkM7MWm3.jpg
9446,https://image.tmdb.org/t/p/w500/xRKfvheWRfkirm0kzdBAydUjiK5.jpg
28005,https://image.tmdb.org/t/p/w500/sptijXzApZhbOyqYq9P7627RAYw.jpg
9403,https://image.tmdb.org/t/p/w500/8nCc9fhXCVvetlqpxkrCTc9NwOz.jpg
27322,https://image.tmdb.org/t/p/w500/7LdKsfON12uEyDEKY9mZASlx8Nf.jpg
10003,https://image.tmdb.org/t/p/w500/k43wPAVeepqzGwP52dKcknQjquj.jpg
9311,https://image.tmdb.org/t/p/w500/3eeCYGVWb4Ic8SFpARGWOjyl9Md.jpg
884,https://image.tmdb.org/t/p/w500/gpai5oUFyFGLHOCsYTvVMqlbY7A.jpg
49806,https://image.tmdb.org/t/p/w500/bDmconT9Fj0dnXdV5LaGAxXrVFN.jpg
1624,https://image.tmdb.org/t/p/w500/p1habYSdC7oD3WygQ5lynU5G5rV.jpg
16052,https://image.tmdb.org/t/p/w500/j8xX3yBAFOayfSaImgLZPnAcdWz.jpg
4477,https://image.tmdb.org/t/p/w500/3KIPu7H3tST0j4tpqdKpQZUBCQz.jpg
24662,https://image.tmdb.org/t/p/w500/yVeDxSPVh8r8dFqc5XSZ9T8xvHR.jpg
18423,https://image.tmdb.org/t/p/w500/yi40NrDfdv8vX0aoWvis3CnCVWj.jpg
76996,https://image.tmdb.org/t/p/w500/dhlW5z7HSFZDUIYu85PuPdriY4L.jpg
6499,https://image.tmdb.org/t/p/w500/4mau5EXQoKUTiS5wx3Wocwrh5hG.jpg
50512,https://image.tmdb.org/t/p/w500/3ICgdNGD3CE2QeAj1g3dzdLGyFb.jpg
9405,https://image.tmdb.org/t/p/w500/tUzF2S15iX4Hn6ikbFX1YP3SDEQ.jpg
12723,https://image.tmdb.org/t/p/w500/jeZcJcGTBrS7QYHA85OKAyT5r1O.jpg
9360,https://image.tmdb.org/t/p/w500/33NysOnLpLZY0ewHTcfpalzAsRG.jpg
9434,https://image.tmdb.org/t/p/w500/7lQ0MSNQqBTYpXTTZL82u1n95Z3.jpg
21626,https://image.tmdb.org/t/p/w500/sLHamI4Qrtg1YyUVsMbh1diCAyg.jpg
13982,https://image.tmdb.org/t/p/w500/dbjS5UH7JvsQwSLMYMY5GQOSwv1.jpg
77223,https://image.tmdb.org/t/p/w500/mEA7Iv1e6HqpSGMfVUdUfYOusNU.jpg
9611,https://image.tmdb.org/t/p/w500/dpX4AFvoCNr5dmqyTfJrOvSb8M4.jpg
47694,https://image.tmdb.org/t/p/w500/48KhZT4wwioPjAYz2LwX8nXt4UN.jpg
10357,https://image.tmdb.org/t/p/w500/5xIjktjXuro7anZ6AR58t5ZYWjQ.jpg
9977,https://image.tmdb.org/t/p/w500/jfL0X3Ym9R9QDkUQZufwzVq12F0.jpg
816,https://image.tmdb.org/t/p/w500/cCrwSLofFvxIKxiM7m0l2s1uKt2.jpg
2163,https://image.tmdb.org/t/p/w500/m3VB59ppr1RlpxNUYRUfZTgjgU.jpg
124680,https://image.tmdb.org/t/p/w500/137yYXxYLGvm6UrkQfkpdWCV83k.jpg
12499,https://image.tmdb.org/t/p/w500/834wRxQRbbctFupf8AES7CCeTSM.jpg
18,https://image.tmdb.org/t/p/w500/fPtlCO1yQtnoLHOwKtWz7db6RGU.jpg
1811,https://image.tmdb.org/t/p/w500/9CaVnvBRbzsM7mcJoIMncpHSBBN.jpg
105045,https://image.tmdb.org/t/p/w500/pa0g9SFf6LglgrIJ2niDL9v7r6O.jpg
11239,https://image.tmdb.org/t/p/w500/a3HQNANsAZ3zhKpHeWdznwBmJPF.jpg
2058,https://image.tmdb.org/t/p/w500/sRfuSc6E9GvVaOHdPv4vG3ywfMw.jpg
9450,https://image.tmdb.org/t/p/w500/q3NvEprPxGFrAAJ8AUsd0uZ4MET.jpg
330,https://image.tmdb.org/t/p/w500/jElpCJkSaRPYwIMwZY28gOKV7BK.jpg
38523,https://image.tmdb.org/t/p/w500/8R9DEGsD1DYKwCVeOuLjDIhAK5T.jpg
16375,https://image.tmdb.org/t/p/w500/9ASmg9EvWkt90dwW9YKO3NXQk8d.jpg
33660,https://image.tmdb.org/t/p/w500/rcgucx2QaFnqlIVLTQUSfi0js4r.jpg
45671,https://image.tmdb.org/t/p/w500/1ihrS8fbHnIvkcruSWBJSGiayh7.jpg
17770,https://image.tmdb.org/t/p/w500/menUTMx04eYe8EYKhJnGYA4gK6Q.jpg
15170,https://image.tmdb.org/t/p/w500/lYZJOzuUy4fBOBJOoPxkHpvLLkN.jpg
1701,https://image.tmdb.org/t/p/w500/kOKjgrEzGOP92rVQ6srA9jtp60l.jpg
26422,https://image.tmdb.org/t/p/w500/gQlv9t0522IBEOctwJph92amVyG.jpg
1639,https://image.tmdb.org/t/p/w500/gnK1ocpwUTj24zAktzomOJsD2bu.jpg
415,https://image.tmdb.org/t/p/w500/cGRDufDDSrFrv7VI4YnmWnslne0.jpg
65889,https://image.tmdb.org/t/p/w500/qaimjcQYua8UjnEJAx6UPjRRc3a.jpg
11103,https://image.tmdb.org/t/p/w500/snbpUmX63bbjko0j0NyugJPHd9b.jpg
11970,https://image.tmdb.org/t/p/w500/dK9rNoC97tgX3xXg5zdxFisdfcp.jpg
8874,https://image.tmdb.org/t/p/w500/b5g4bp8gS5ovMyR5439AII6zQ3n.jpg
11956,https://image.tmdb.org/t/p/w500/2WBQhh9HLm43t3ssK5aEaL97gNf.jpg
266,https://image.tmdb.org/t/p/w500/1WhhlenrLjO2XR6foiPWy8v3kI.jpg
754,https://image.tmdb.org/t/p/w500/69Xzn8UdPbVnmqSChKz2RTpoNfB.jpg
37567,https://image.tmdb.org/t/p/w500/4nRzyiVckWoqE9Vpm35yZTrfkJM.jpg
607,https://image.tmdb.org/t/p/w500/uLOmOF5IzWoyrgIF5MfUnh5pa1X.jpg
18080,https://image.tmdb.org/t/p/w500/de3GHQy3TJAVhgF6ys1aWpe5jWK.jpg
38225,https://image.tmdb.org/t/p/w500/m9VIy9qtq49EDwgYFg07ganUYg.jpg
17834,https://image.tmdb.org/t/p/w500/cfyJ7yIvNTlz2ooH8iU6r0pxAMj.jpg
686,https://image.tmdb.org/t/p/w500/bCpMIywuNZeWt3i5UMLEIc0VSwM.jpg
65046,https://image.tmdb.org/t/p/w500/fXBWYmK9MybKhqvmyj57KyFEcq3.jpg
4421,https://image.tmdb.org/t/p/w500/6yBgZJYqaR4XkxwjsB9tS4GK1ZN.jpg
9387,https://image.tmdb.org/t/p/w500/qw2A587Ee61IwcSOLNFRhuOACZZ.jpg
10603,https://image.tmdb.org/t/p/w500/lWp8hUqE4oLPxsYgilXoYoVThfU.jpg
2142,https://image.tmdb.org/t/p/w500/bUXaWZPj7qzXjKc2s3Pwdkhxh2o.jpg
8413,https://image.tmdb.org/t/p/w500/cHoeg3gAD5w63Et5DImY1Jb7HaO.jpg
10336,https://image.tmdb.org/t/p/w500/3svvunKXkhRvEKByGDua1Qu0otq.jpg
20737,https://image.tmdb.org/t/p/w500/kDfzh6QdX2tseTwwyB7lp2RP7iE.jpg
9413,https://image.tmdb.org/t/p/w500/xYnvr4o7GEaA2uyt4Q1ASUI5Obv.jpg
14585,https://image.tmdb.org/t/p/w500/1gPJ4H4TbGAiuEA6pFalFtqA0eL.jpg
49462,https://image.tmdb.org/t/p/w500/bV6ezK5Qcqv9ul9B6yGiKcfA0pG.jpg
8834,https://image.tmdb.org/t/p/w500/wj0n6gci4EMWRhV9ozCKTgESGdB.jpg
9458,https://image.tmdb.org/t/p/w500/74ibzyjLp2dizmiua5nHn4llG0l.jpg
8854,https://image.tmdb.org/t/p/w500/hbH8oXJZPwcYxaa1JrUMq4ogg7G.jpg
38295,https://image.tmdb.org/t/p/w500/nfwXLVvYNLVzrH99BmtI4z98LhD.jpg
22073,https://image.tmdb.org/t/p/w500/hZrwqVXLyxxsNJHVc6bJKSUDkXA.jpg
37244,https://image.tmdb.org/t/p/w500/zBe7rCrImp9XxSGWTWAmYlPEXeN.jpg
4961,https://image.tmdb.org/t/p/w500/ieRRo78f8JzEKxfiCKqJyFg6l8o.jpg
9416,https://image.tmdb.org/t/p/w500/bN57Rl003E9pYred5kw9Rp8h9Np.jpg
26180,https://image.tmdb.org/t/p/w500/dfKaCA32iSkEQiu37drvIAZWZFz.jpg
17832,https://image.tmdb.org/t/p/w500/cgKK2eCdb5LLaQBDQZbmR312q1O.jpg
9772,https://image.tmdb.org/t/p/w500/juRFEbyx5JlNuYrZM50vcZmtN78.jpg
6072,https://image.tmdb.org/t/p/w500/eNrG7Qs0Zh5EAZd4UE4rDepjs1S.jpg
1669,https://image.tmdb.org/t/p/w500/yVl7zidse4KiWtGMqHFtZCx4X3N.jpg
468,https://image.tmdb.org/t/p/w500/p9TF90Pb5yg2MNb2UztzyXktMm4.jpg
32519,https://image.tmdb.org/t/p/w500/3aFhsB4ez8ViUofXMaSI9k7bT1m.jpg
108401,https://image.tmdb.org/t/p/w500/jXt9Ww1pMKcS1n1uGg7QuGFVaCT.jpg
10806,https://image.tmdb.org/t/p/w500/jUTQp6cPgfOX4St2WfaeUvxZCts.jpg
9433,https://image.tmdb.org/t/p/w500/mwzaD2KmWzGUyVJtcUUilH9EbtL.jpg
6623,https://image.tmdb.org/t/p/w500/hc3p6pvIrfO4AmrVLb6qTviOwW2.jpg
2118,https://image.tmdb.org/t/p/w500/lWCgf5sD5FpMljjpkRhcC8pXcch.jpg
978,https://image.tmdb.org/t/p/w500/5euQXAgJ34TdUFl1t3O6Jw2lJAs.jpg
9437,https://image.tmdb.org/t/p/w500/25h5I3E3ydhazsPDnscWHivq5pn.jpg
29461,https://image.tmdb.org/t/p/w500/97t6YjxjTpwQ439MJcPiPDrMAg0.jpg
10351,https://image.tmdb.org/t/p/w500/t7rep7SCqiy4COUsq2cOcdQwzU0.jpg
66588,https://image.tmdb.org/t/p/w500/p7tsW4oUi7hHbpNtFZdMQEBj42g.jpg
2649,https://image.tmdb.org/t/p/w500/4UOa079915QjiTA2u5hT2yKVgUu.jpg
14289,https://image.tmdb.org/t/p/w500/nflONy2WMEui7uCGCAtkD1r9vnl.jpg
10155,https://image.tmdb.org/t/p/w500/lffvjJU8j7RLfz1SJVMfrn2wH6i.jpg
20457,https://image.tmdb.org/t/p/w500/3TlW75w0Lo4uT6l8WRf3pdxbHHs.jpg
18355,https://image.tmdb.org/t/p/w500/lhuV5cvxFhUrB6F4smVZGmdSwbT.jpg
55306,https://image.tmdb.org/t/p/w500/wMpZ7U7A0QHJptR9L573V3Y7SI0.jpg
68924,https://image.tmdb.org/t/p/w500/3a6uLta7K8Dzojps4RoJAPHD0km.jpg
2255,https://image.tmdb.org/t/p/w500/eFhPqkNmRDfRHyQiUzUdoQjpwgh.jpg
9427,https://image.tmdb.org/t/p/w500/crtSEBd4ya9r5oEFHRatAud6Id8.jpg
172545,https://image.tmdb.org/t/p/w500/uCWcDTik7uyrDwaIIwFGvkHBrrn.jpg
17589,https://image.tmdb.org/t/p/w500/zFLaeGWglaWfdLiUNcvmUeg0KRJ.jpg
3597,https://image.tmdb.org/t/p/w500/aYcLakDaAJtu2HtVvOXNx8inNlK.jpg
1813,https://image.tmdb.org/t/p/w500/5ZzBGpxy55OQzHxKVY11IpY6a0o.jpg
36797,https://image.tmdb.org/t/p/w500/laNJKezXJcWBZbKQFCtCAUl75fV.jpg
12628,https://image.tmdb.org/t/p/w500/gbxfRpEIpUfMVEv9M5TTGFGNHMt.jpg
33344,https://image.tmdb.org/t/p/w500/42mp1sJw6E7BDNMrF65IOZ4j4zq.jpg
25099,https://image.tmdb.org/t/p/w500/8uXV6w3ZQUtefqjCgxXswCwPSjk.jpg
45019,https://image.tmdb.org/t/p/w500/3LIn7bskDwsmyxMWTNWRIPSCm2X.jpg
62422,https://image.tmdb.org/t/p/w500/kLO7UAx8OalCeW2JqTAispzNBJr.jpg
782,https://image.tmdb.org/t/p/w500/eSKr5Fl1MEC7zpAXaLWBWSBjgJq.jpg
29911,https://image.tmdb.org/t/p/w500/5H86i0qE8zCAbg0vTBKG7S7I2Vi.jpg
9827,https://image.tmdb.org/t/p/w500/aWkmnhNBlQNIPNNz4r0PGksXgT1.jpg
1959,https://image.tmdb.org/t/p/w500/w5Or62J6mF099MQcn0Cq8ycIfqB.jpg
8067,https://image.tmdb.org/t/p/w500/tk7WNEwLZepFU2yPIIkRuQOO0Q9.jpg
125052,https://image.tmdb.org/t/p/w500/kI8WAtPfjiPygfdKcwYJUkMZyh4.jpg
45153,https://image.tmdb.org/t/p/w500/33yTPcGSv7eo3FVlb7XKACHl1M8.jpg
10871,https://image.tmdb.org/t/p/w500/3v4nX475G97Vd8XCapTKQ7NTqMs.jpg
14398,https://image.tmdb.org/t/p/w500/zvl4RYK5OHo2d9V1aUkHkxhh9Zv.jpg
10890,https://image.tmdb.org/t/p/w500/vP8tPOgmJSNOh4bpOv1bFjid3rZ.jpg
1281,https://image.tmdb.org/t/p/w500/IwrDPrB4d2DMcpnGkvan46yINL.jpg
9770,https://image.tmdb.org/t/p/w500/wXb9KGqxyrAHNygRRI1HW1BhcU.jpg
14905,https://image.tmdb.org/t/p/w500/bGdDqsFCF0v9M5mB77fAF8vJMsy.jpg
14583,https://image.tmdb.org/t/p/w500/1bxBZV0KsUolu7MddTXZ0Prac3Q.jpg
11975,https://image.tmdb.org/t/p/w500/twLGHXPjQtS8UyVGp5GXmhJiTM7.jpg
4995,https://image.tmdb.org/t/p/w500/6fzz3HkAGJxhGcwRZwpbEZxgZMu.jpg
9281,https://image.tmdb.org/t/p/w500/kOymD1rChAMykmDVEzJpIh4OYS7.jpg
45928,https://image.tmdb.org/t/p/w500/45idl65SLCipP1G1RMRVfkF4ldw.jpg
563,https://image.tmdb.org/t/p/w500/cxCmv23O7p3hyHwqoktHYkZcGsY.jpg
61337,https://image.tmdb.org/t/p/w500/p4UPT3vvdKHsv6PbhvvtFm8w5Zx.jpg
19931,https://image.tmdb.org/t/p/w500/s1Sk0hhVARNs7i9wqRHqbCriu8n.jpg
31535,https://image.tmdb.org/t/p/w500/1eGB1EjaUjGbiuPBAqndlO3khyn.jpg
10215,https://image.tmdb.org/t/p/w500/s8VOVTywXZIIHqdEjkCZziH0ebq.jpg
9823,https://image.tmdb.org/t/p/w500/ttryglcY2osWZE3sRYBf3ewTZsW.jpg
37165,https://image.tmdb.org/t/p/w500/vuza0WqY239yBXOadKlGwJsZJFE.jpg
45609,https://image.tmdb.org/t/p/w500/eb1ZnIEC8LMmMgwD2fIAmQOkcd.jpg
38904,https://image.tmdb.org/t/p/w500/kJURxFCyfqjTss7vTVMuUobHcye.jpg
45565,https://image.tmdb.org/t/p/w500/aesZ94JtQFiVdvNFNbO5CSeWms2.jpg
9407,https://image.tmdb.org/t/p/w500/xsIbKOO1CacqTagyJmEGGf4kOnn.jpg
4824,https://image.tmdb.org/t/p/w500/oXF26QmDEaRaH9Fbhs3NXtcnryx.jpg
9444,https://image.tmdb.org/t/p/w500/bppGWGA8zq1sRvTdDJnUzVW9GcH.jpg
9414,https://image.tmdb.org/t/p/w500/yVlIZa0u6CTN5LudxGX77Fk46iz.jpg
8078,https://image.tmdb.org/t/p/w500/9aRDMlU5Zwpysilm0WCWzU2PCFv.jpg
11831,https://image.tmdb.org/t/p/w500/6QqNyIHKow0jngiQgTNBOBrLILM.jpg
2895,https://image.tmdb.org/t/p/w500/9KqCzLhWbFMBPjqRpZ69izRiYgG.jpg
39177,https://image.tmdb.org/t/p/w500/5mMzt0Cw99wNk0xTT7YOdRxaqZp.jpg
19601,https://image.tmdb.org/t/p/w500/mTRIVPmRK01rgLlE6XJPGbbRdXb.jpg
22797,https://image.tmdb.org/t/p/w500/9KrClE5Ax6wzCAwgaGRhQI2Eolk.jpg
2639,https://image.tmdb.org/t/p/w500/i7Z5DdznqANJUjqWISEFu9bw6J7.jpg
9574,https://image.tmdb.org/t/p/w500/bnKvk04icAyCO1KjqhsaEXBO9aJ.jpg
10371,https://image.tmdb.org/t/p/w500/tPjqY9Qp5WOIBFKnyEpMBVwGr01.jpg
489,https://image.tmdb.org/t/p/w500/z2FnLKpFi1HPO7BEJxdkv6hpJSU.jpg
9714,https://image.tmdb.org/t/p/w500/6uOadrCfle0n2LOOxHbgWEdnrm2.jpg
8197,https://image.tmdb.org/t/p/w500/wjOZQfffXsNCV18vrXHLm8XUbPn.jpg
6283,https://image.tmdb.org/t/p/w500/aqBPrWOzXEO3rWEk3DYTHBjXNZb.jpg
4233,https://image.tmdb.org/t/p/w500/dORlVasiaDkJXTqt9bdH7nFNs6C.jpg
191874,https://image.tmdb.org/t/p/w500/iWD7fxQZpBw1AVfk0AOyqou1x26.jpg
10217,https://image.tmdb.org/t/p/w500/gJy7LMq4b5qO5fsSUSoBgm24BHf.jpg
597,https://image.tmdb.org/t/p/w500/9xjZS2rlVxm8SFx8kPC3aIGCOYQ.jpg
714,https://image.tmdb.org/t/p/w500/gZm002w7q9yLOkltxT76TWGfdZX.jpg
9922,https://image.tmdb.org/t/p/w500/piVzOuKFLHNGLxnjwNtibC26lTy.jpg
547,https://image.tmdb.org/t/p/w500/ptkDeHY2mRJVyNRyxb9TgyAjTYs.jpg
184,https://image.tmdb.org/t/p/w500/rOUx7qg4KmEh1juEDwqzbDSL1Nr.jpg
9746,https://image.tmdb.org/t/p/w500/yvdFRDoQIQ5PBk4u8x8gJT8NJAw.jpg
9438,https://image.tmdb.org/t/p/w500/zlsDfK40kky772prEMfYhKt54W8.jpg
115,https://image.tmdb.org/t/p/w500/9mprbw31MGdd66LR0AQKoDMoFRv.jpg
26941,https://image.tmdb.org/t/p/w500/c13Luo9O09ah6nMPrsr3zqlLyF9.jpg
27103,https://image.tmdb.org/t/p/w500/4SwZaSDy1DR80QXKdvp6iSTawK2.jpg
9410,https://image.tmdb.org/t/p/w500/djLsfl3lm7BZKWsKfVZ2wM1ZMrP.jpg
32302,https://image.tmdb.org/t/p/w500/hro6QSAQ9s8slnDtB7SzhjcmTet.jpg
12538,https://image.tmdb.org/t/p/w500/rqy7OFHWy1NMjmgjyI8XYcl0VU5.jpg
586,https://image.tmdb.org/t/p/w500/rYoEQzMBlB40ZlwVoe6y5s8B58z.jpg
2666,https://image.tmdb.org/t/p/w500/tNPEGju4DpTdbhBphNmZoEi9Bd3.jpg
11258,https://image.tmdb.org/t/p/w500/aOZ8iC7Zr8Eh4I9kdmEgxazq7qy.jpg
9490,https://image.tmdb.org/t/p/w500/14TmEac4bquNaEld9t0uIliYoKE.jpg
9411,https://image.tmdb.org/t/p/w500/nEDvTB9cP2oIKY0M1ZdDvuUEJ8d.jpg
25719,https://image.tmdb.org/t/p/w500/mGmKLFKD5FREXqIpxntNQic61vZ.jpg
11220,https://image.tmdb.org/t/p/w500/yyM9BPdwttK5LKZSLvHae7QPKo1.jpg
21253,https://image.tmdb.org/t/p/w500/zkA5riIdjtanpSoTNh3icKNjACZ.jpg
6116,https://image.tmdb.org/t/p/w500/vKiAnV1QAGIJP38vatwCZp4dCrH.jpg
9457,https://image.tmdb.org/t/p/w500/A1nOnrAlG3EbOvzgZt2ya11OmjQ.jpg
39424,https://image.tmdb.org/t/p/w500/zamhRB4bKVeRUW568lVSFeEbqVg.jpg
11702,https://image.tmdb.org/t/p/w500/5JAVd0lYhkB2dsDtt84Qt6grNIn.jpg
2923,https://image.tmdb.org/t/p/w500/80bQjfpH14P5p2TDnfWUukEkM55.jpg
12238,https://image.tmdb.org/t/p/w500/3bMb6CzdKfpw0pZWVW2RbQRneIC.jpg
11568,https://image.tmdb.org/t/p/w500/nCoY8UK2x4DWpICipL40Hg4cDmO.jpg
11003,https://image.tmdb.org/t/p/w500/zVvyTrcZQb7kC2DPDzyo25WcxXp.jpg
10153,https://image.tmdb.org/t/p/w500/reR7C7EYe3DiHm5OYpA0ACUMDld.jpg
30949,https://image.tmdb.org/t/p/w500/3R8At5ll1ZyCJT7FWbLmCjVqFlp.jpg
2898,https://image.tmdb.org/t/p/w500/xXxuJPNUDZ0vjsAXca0O5p3leVB.jpg
9558,https://image.tmdb.org/t/p/w500/1MyH4MJAJZJbb6wDVeOc2bTECtK.jpg
26269,https://image.tmdb.org/t/p/w500/ydzfDVuZer0tsnesfg2ql9CR5vc.jpg
11808,https://image.tmdb.org/t/p/w500/5ST0BydDSXtW5AtfDDhTVS13pTt.jpg
6970,https://image.tmdb.org/t/p/w500/2ek9pyqNFQbtwtXptRZxsIGkOuN.jpg
47452,https://image.tmdb.org/t/p/w500/6DTNKPlSZGwlsAibzhdeKSZ2K88.jpg
21736,https://image.tmdb.org/t/p/w500/a104Pkm7cHsztZK2wGiZFJmMqDs.jpg
17941,https://image.tmdb.org/t/p/w500/8MYep3CqMoPZPbuISXPqzIEpuPv.jpg
10668,https://image.tmdb.org/t/p/w500/rQ2Sidqubi7XiHDScFe1faIz3Uv.jpg
9313,https://image.tmdb.org/t/p/w500/zHE9yRURvA7DyhYtQxkGTfE1Ywi.jpg
42807,https://image.tmdb.org/t/p/w500/9o8TJ0omiRyqshRs5yLNwtarsYD.jpg
617,https://image.tmdb.org/t/p/w500/wrcTDD9T7Ga5c9MW7kaOo2qwIvW.jpg
36568,https://image.tmdb.org/t/p/w500/aiW8TWjIuFveTcA5BCU7KMjPaaW.jpg
37272,https://image.tmdb.org/t/p/w500/c1pyoTbc3xkLTIhPnj153CVUsRn.jpg
5910,https://image.tmdb.org/t/p/w500/bWIo1nDJnSyGJvVt8bRw8PHBqo4.jpg
9440,https://image.tmdb.org/t/p/w500/1FDR837wg7bi02F1R7JESCoPWBD.jpg
32911,https://image.tmdb.org/t/p/w500/xnqLUL2l71KVSaqiz9fbFpXtEFe.jpg
32456,https://image.tmdb.org/t/p/w500/9Hj90OgXLBReJCAGqOOzzxjZfCh.jpg
17127,https://image.tmdb.org/t/p/w500/7LlWOHxcDu0Qsf70LnKwMYV63kb.jpg
17133,https://image.tmdb.org/t/p/w500/feQeYHriKLCjzkUEjg4D81ggyYs.jpg
19848,https://image.tmdb.org/t/p/w500/zq6D4HBRK6GMaJj4w5n5QsKXkLF.jpg
17644,https://image.tmdb.org/t/p/w500/tSadXiI88soRyS4mcSr7PsKWaqN.jpg
1774,https://image.tmdb.org/t/p/w500/jodI8ifzMO2IvuE0oBnqLZ2LCgF.jpg
30265,https://image.tmdb.org/t/p/w500/uhBgCcj0rnqUevY4pRtIEbixhPf.jpg
2157,https://image.tmdb.org/t/p/w500/fCocPDUFuKswY2GxDdfYsT9BXMd.jpg
8838,https://image.tmdb.org/t/p/w500/uB8qfwqvJA2adiVOwsN5clZS4Lo.jpg
29193,https://image.tmdb.org/t/p/w500/cwkWlWfFrvH6WW6ovX5gfGHo7ks.jpg
795,https://image.tmdb.org/t/p/w500/iuzxpUjHsbQJXV3kB9ZAdCimM60.jpg
16980,https://image.tmdb.org/t/p/w500/lReaAZCsA0GXvJrxzSMsFxwgh6F.jpg
27472,https://image.tmdb.org/t/p/w500/aTajf9LOrL1pok7KnzoHKFJJyWD.jpg
47881,https://image.tmdb.org/t/p/w500/49ylsG7JJFjNRlKTOdMQTgcI7om.jpg
9469,https://image.tmdb.org/t/p/w500/kd8hRaysUQOz7AvSorZDJHuihcJ.jpg
12488,https://image.tmdb.org/t/p/w500/1bfWAXuFjsZAslkA2HqFU30OZ2b.jpg
267,https://image.tmdb.org/t/p/w500/7YPGYeamF6AuyxhKqbd5oNKKCCy.jpg
16148,https://image.tmdb.org/t/p/w500/yFALvZFwqnh5ESarNoVd5KtizCo.jpg
9449,https://image.tmdb.org/t/p/w500/kgaocWyuxihDe5aNqok6fORIHnY.jpg
31220,https://image.tmdb.org/t/p/w500/5mmGI4O1gWYrwpPQ22hgHu9PkIv.jpg
13907,https://image.tmdb.org/t/p/w500/367x8xNtI1FJUn6FeCSYTXyaa6R.jpg
29825,https://image.tmdb.org/t/p/w500/kJucBNGwwTT4n4pSHU1b44nyju4.jpg
10622,https://image.tmdb.org/t/p/w500/wAAt2gvbkbeefzjd06GPfkdfUho.jpg
30020,https://image.tmdb.org/t/p/w500/u6GYH4HyR0BVwpqFuTOc2g4KB1L.jpg
17139,https://image.tmdb.org/t/p/w500/v7TWGTZ6fNkY72IyoiVIcnlwniU.jpg
10216,https://image.tmdb.org/t/p/w500/fGBdqdQ7nUfEiPXJKTvZXYIbon.jpg
9771,https://image.tmdb.org/t/p/w500/bV0Dpx5zAy2TbOzOFSCEBSGcakJ.jpg
9448,https://image.tmdb.org/t/p/w500/7b1JP2WE0UrVAy34U7X4UngWtBi.jpg
38618,https://image.tmdb.org/t/p/w500/kp4gfmC7O10lAuBCDn1cbnPdudU.jpg
78373,https://image.tmdb.org/t/p/w500/khV9zPcvgOjrqwlk3dI1lGojZib.jpg
4415,https://image.tmdb.org/t/p/w500/3TOgmlIY8X3WjIjvU7Z0jqeNkyU.jpg
55561,https://image.tmdb.org/t/p/w500/dUCeH8FIsDOpjXQhOFIbP5DARQD.jpg
8656,https://image.tmdb.org/t/p/w500/a3vQS7JKqlOb3MdVJHuTCP9s7Mg.jpg
18937,https://image.tmdb.org/t/p/w500/pLfFEQ9HTw0HRvBkW3nI9RUze03.jpg
929,https://image.tmdb.org/t/p/w500/xJVl1I95StraYAwaNbBkVoWE2qA.jpg
9452,https://image.tmdb.org/t/p/w500/gR9jZ7W2d28aSa2Yimz797VNXRh.jpg
1878,https://image.tmdb.org/t/p/w500/tisNLcMkxryU2zxhi0PiyDFqhm0.jpg
9844,https://image.tmdb.org/t/p/w500/xpILzxKHywYngftBC8AmvsqUfBj.jpg
14342,https://image.tmdb.org/t/p/w500/qO1cfr4UxcwQ858Nxp470QNS3v8.jpg
9715,https://image.tmdb.org/t/p/w500/6PRFM09xjGSWpXObW87CT5JELGJ.jpg
26610,https://image.tmdb.org/t/p/w500/bMq1l0RUf7xr45yMRUKzkU5cDOQ.jpg
40961,https://image.tmdb.org/t/p/w500/vtwQ8oICMxscIpoL3bKcoKklcV2.jpg
1965,https://image.tmdb.org/t/p/w500/wC0ax12N9GQ8vMXPEs4nES5AAiB.jpg
312,https://image.tmdb.org/t/p/w500/bfNOcXDcwzKOlJoTtQM4lsEVxS1.jpg
6068,https://image.tmdb.org/t/p/w500/fzWrrCzRa16v51TXAUuT6Wendw7.jpg
15037,https://image.tmdb.org/t/p/w500/r3a5gGWfS0SDS9nriNrJzSSrErf.jpg
37636,https://image.tmdb.org/t/p/w500/qTg05RNJIvb9w4Z7XIcAZxuZmTn.jpg
21334,https://image.tmdb.org/t/p/w500/jWqh1CJWAEcxckMRrf6ARhIEh0R.jpg
32284,https://image.tmdb.org/t/p/w500/1hGRcEPnpmgAmfLObym3olCk6tM.jpg
37410,https://image.tmdb.org/t/p/w500/1Uun13GJi5U0gs303e7BnER6SpG.jpg
53765,https://image.tmdb.org/t/p/w500/eHKAQTwZOIzUvqz4pZ3Tj6JX3K1.jpg
10674,https://image.tmdb.org/t/p/w500/5TYgKxYhnhRNNwqnRAKHkgfqi2G.jpg
846,https://image.tmdb.org/t/p/w500/yLIw6shz2WC3W3iI0jROsF4B2ha.jpg
12655,https://image.tmdb.org/t/p/w500/2rApWxlYkiwNZBSC3KJ7WFWWq1T.jpg
3050,https://image.tmdb.org/t/p/w500/tLrchGMIkdo1KamQJA6fwvDQEy0.jpg
1389,https://image.tmdb.org/t/p/w500/v49q7AMR3pB4M762woWB1NYMCLF.jpg
11020,https://image.tmdb.org/t/p/w500/7BAXwmFN4pZDNb9N6kzmAAwdssi.jpg
20862,https://image.tmdb.org/t/p/w500/dZ6smtO2cEm3nxVhWscYfKS0mYX.jpg
9464,https://image.tmdb.org/t/p/w500/fxzXFzbSGNA52NHQCMqQiwzMIQw.jpg
95,https://image.tmdb.org/t/p/w500/eTM3qtGhDU8cvjpoa6KEt5E2auU.jpg
944,https://image.tmdb.org/t/p/w500/vl4n3uO602y8nDsqjE4RIMnSy8Q.jpg
35680,https://image.tmdb.org/t/p/w500/nAGRLwJC0jv7QlfJR6y32xRZqcF.jpg
11551,https://image.tmdb.org/t/p/w500/2nuUjSzHsoYlRvTPmLo7m7gCQry.jpg
473,https://image.tmdb.org/t/p/w500/fJA22FjlAW8rzrOw9Mwanl6oTc9.jpg
102304,https://image.tmdb.org/t/p/w500/50LDvIjveOcNeDDybh3HXUpNb9t.jpg
544,https://image.tmdb.org/t/p/w500/slJD1Dvnsf15LoeqhERsyzisAdn.jpg
10513,https://image.tmdb.org/t/p/w500/bmicZi7PvlnZ9rZqp6QXN2Db0pT.jpg
65203,https://image.tmdb.org/t/p/w500/giq8GJs8YGMzHxeKxNSuwzAdd1c.jpg
143,https://image.tmdb.org/t/p/w500/1wZUB08igw8iLUgF1r4T6aJD65b.jpg
42861,https://image.tmdb.org/t/p/w500/cqvfhi9s1VsTgXcV1B7vX0Cb1qA.jpg
33680,https://image.tmdb.org/t/p/w500/g8xrpXJWzz91R4jL8ybMKMValB2.jpg
12311,https://image.tmdb.org/t/p/w500/GD98ozz6F6tSu8BWGulpseEKhv.jpg
43277,https://image.tmdb.org/t/p/w500/7wkIYI2r0ICajBcCW0JlIT3zSwc.jpg
43278,https://image.tmdb.org/t/p/w500/gsEa6ZU1zHhjTYneNNBQApzl8Vu.jpg
34106,https://image.tmdb.org/t/p/w500/9JltqbDyWstYW6gnvqDO6L5bOrx.jpg
27367,https://image.tmdb.org/t/p/w500/fjPjx6FTaoTussbqoLj6OYTtUyi.jpg
17661,https://image.tmdb.org/t/p/w500/838yNJnOk6iZj5YK1MoKiN2n1hw.jpg
28580,https://image.tmdb.org/t/p/w500/8ggIOoCzt8xT2ePl8DdlRtXgcOh.jpg
887,https://image.tmdb.org/t/p/w500/gd5EoAU4MM57sW3vlWxJ0NMM8cV.jpg
33667,https://image.tmdb.org/t/p/w500/aCCRbcmigPk00f34hpJuWZuvABo.jpg
23383,https://image.tmdb.org/t/p/w500/woO9SgU2vTRMZeG0YqOLeoIqlzC.jpg
25430,https://image.tmdb.org/t/p/w500/ett22fgwPN4MvESKV1bttgdb8eu.jpg
11426,https://image.tmdb.org/t/p/w500/25Rm1YJSyhXAEu8abonZvW83aPL.jpg
654,https://image.tmdb.org/t/p/w500/fKjLZy9W8VxMOp5OoyWojmLVCQw.jpg
15919,https://image.tmdb.org/t/p/w500/8tnGO5VoAQII4DbE3hozWKhV4BY.jpg
1725,https://image.tmdb.org/t/p/w500/nzCMu6D5q60i2bVrIQ0DxlRSgCZ.jpg
5769,https://image.tmdb.org/t/p/w500/yKuZKLMhe74PJzaxYLh2s8h4P2P.jpg
874,https://image.tmdb.org/t/p/w500/wK0PqNYRAKKozQvi6M9e1HCH6LA.jpg
10633,https://image.tmdb.org/t/p/w500/fvqHTabYej3LwzKRRZCm6jV3g0O.jpg
17917,https://image.tmdb.org/t/p/w500/1XJgoaOWKrqxkKeBKWLKSigqG8c.jpg
3116,https://image.tmdb.org/t/p/w500/f7YLzOxwWzeEdo7RhAlPSBTYa8.jpg
1051,https://image.tmdb.org/t/p/w500/5XSGvIKl2yPvOkieFjc3rzLw7x0.jpg
1366,https://image.tmdb.org/t/p/w500/8kEun6U9hTddM7NEfLLCGQKU2Mp.jpg
12102,https://image.tmdb.org/t/p/w500/gmkGQQpvOq52icAer3vriT5S25O.jpg
16619,https://image.tmdb.org/t/p/w500/tJVETEDAKgD3fEh88SHOvMvOQue.jpg
9443,https://image.tmdb.org/t/p/w500/qnRaum8k0HqGRml2i7OawFqUtEb.jpg
11050,https://image.tmdb.org/t/p/w500/l77DRjJuykqKMtD9GTK4YT7qKHW.jpg
606,https://image.tmdb.org/t/p/w500/6oMKqh08TfxmvnoFR4mm1wZB67P.jpg
746,https://image.tmdb.org/t/p/w500/7TILJhdeJAaEyDiwvJZMo9SQBoe.jpg
380,https://image.tmdb.org/t/p/w500/iTNHwO896WKkaoPtpMMS74d8VNi.jpg
403,https://image.tmdb.org/t/p/w500/iaCzvcY42HihFxQBTZCTKMpsI0P.jpg
11485,https://image.tmdb.org/t/p/w500/dT7cKFxsuHzSnDBxKeP5acoIpWZ.jpg
466,https://image.tmdb.org/t/p/w500/tVyINAsNGSgD1OIstqwCcs7wyGH.jpg
13820,https://image.tmdb.org/t/p/w500/bjuu5UceuVUNUjnOC2fBzL3hZKC.jpg
15389,https://image.tmdb.org/t/p/w500/852ZwTRj9tRxkGOT0Pu0Ep8yimk.jpg
13597,https://image.tmdb.org/t/p/w500/hbSdA1DmNA9IlfVoqJkIWYF2oYm.jpg
2108,https://image.tmdb.org/t/p/w500/wM9ErA8UVdcce5P4oefQinN8VVV.jpg
10014,https://image.tmdb.org/t/p/w500/rvAmOv0sZcoQCyJjHPQN4wU8ut4.jpg
10072,https://image.tmdb.org/t/p/w500/qbtZewU6EGvxi8yFVzwZ31NijLX.jpg
10131,https://image.tmdb.org/t/p/w500/boStYG7jKdoIZTduiOOsUVknD13.jpg
10160,https://image.tmdb.org/t/p/w500/6Mrk5SK017PjjOIokUbmX8Qkzf1.jpg
11284,https://image.tmdb.org/t/p/w500/doyiGwpxbBs4G2og9G8gV7ZKoih.jpg
4488,https://image.tmdb.org/t/p/w500/uGGpnWHOmWTARVN9wbC1nPxNgps.jpg
9725,https://image.tmdb.org/t/p/w500/92rGctBMTv4uaSlIBVnhz01kRWL.jpg
9728,https://image.tmdb.org/t/p/w500/9kukTSlgFgXnQGdpcHvHcpTDiUc.jpg
9730,https://image.tmdb.org/t/p/w500/1J7zudfR3VLPwAf9lK5YPfSu0n6.jpg
9731,https://image.tmdb.org/t/p/w500/ewnIs4aCuWnKQ13Eaj8f3ybrQc8.jpg
10225,https://image.tmdb.org/t/p/w500/6vdUpHvkspQonXBdWcLWW5ciEPJ.jpg
10281,https://image.tmdb.org/t/p/w500/rUzk9Qnyz2FZGxHMBrq6DYIQZkO.jpg
10283,https://image.tmdb.org/t/p/w500/6ezOsZ9UzqGnbDokaatxdOWP6e9.jpg
948,https://image.tmdb.org/t/p/w500/wijlZ3HaYMvlDTPqJoTCWKFkCPU.jpg
11281,https://image.tmdb.org/t/p/w500/xyBX7rFmNB4nM2RBW3042RQPFG2.jpg
10676,https://image.tmdb.org/t/p/w500/WABfdeaThFYXCySGIOvRNv2sSW.jpg
11357,https://image.tmdb.org/t/p/w500/eFSOkXF9n9hsfGv45MDsPixiOyx.jpg
11361,https://image.tmdb.org/t/p/w500/rYvP6yMXCIVHnkVtwGaAXFmpzkB.jpg
36599,https://image.tmdb.org/t/p/w500/gSwKlSq9VXpy6e0gJkIzYBDlT0u.jpg
41769,https://image.tmdb.org/t/p/w500/tjq1iWClSBCfi3SjpVJblOU6q4F.jpg
10585,https://image.tmdb.org/t/p/w500/wvpgvcWNkF2HLuTEMIM7K83MvZ.jpg
11186,https://image.tmdb.org/t/p/w500/2tPQbPQeHEYAGoXFSW61IWNmoce.jpg
11187,https://image.tmdb.org/t/p/w500/6toMk9OCuDYEEf733Bzlq3yiw3z.jpg
609,https://image.tmdb.org/t/p/w500/4eMN3GANH5GG4kXdHkrTZEUuQ9M.jpg
11133,https://image.tmdb.org/t/p/w500/2r22KqmzWV48kF02GN78NaS3q0m.jpg
10306,https://image.tmdb.org/t/p/w500/pLewUibOJLGISvMqB94mAMdjz2q.jpg
9552,https://image.tmdb.org/t/p/w500/5x0CeVHJI8tcDx8tUUwYHQSNILq.jpg
11586,https://image.tmdb.org/t/p/w500/g9i3LTMYLRHvCYSKimZEfd1Vqy7.jpg
11587,https://image.tmdb.org/t/p/w500/bl6nSPcyqz6xD2Igd2VQvz8qWo0.jpg
941,https://image.tmdb.org/t/p/w500/fTq4ThIP3pQTYR9eDepsbDHqdcs.jpg
942,https://image.tmdb.org/t/p/w500/z35OkbOTfnalyx8LK5EPUrnKQhR.jpg
943,https://image.tmdb.org/t/p/w500/smzJxEnusgqv3bvHIWwf4cuwPcr.jpg
927,https://image.tmdb.org/t/p/w500/6m0F7fsXjQvUbCZrPWcJNrjvIui.jpg
928,https://image.tmdb.org/t/p/w500/35F5yD7MljvBE2AC0NHAVCoPGEi.jpg
9340,https://image.tmdb.org/t/p/w500/eBU7gCjTCj9n2LTxvCSIXXOvHkD.jpg
9342,https://image.tmdb.org/t/p/w500/bdMufwGDDzqu4kTSQwrKc5WR4bu.jpg
38509,https://image.tmdb.org/t/p/w500/36De1BxBBzXyJ1eYVQlIoTUIwQm.jpg
60033,https://image.tmdb.org/t/p/w500/vXO9T4rbJFVRF6BbABHe7VKJdj9.jpg
12101,https://image.tmdb.org/t/p/w500/5nbkShkOEXUoKVhaX0XG41wyBkq.jpg
19,https://image.tmdb.org/t/p/w500/vZIJxGnjcswPCAa52jhbl01FQkV.jpg
165,https://image.tmdb.org/t/p/w500/YBawEsTkUZBDajKbd5LiHkmMGf.jpg
196,https://image.tmdb.org/t/p/w500/crzoVQnMzIrRfHtQw0tLBirNfVg.jpg
551,https://image.tmdb.org/t/p/w500/6RGiA5BfhelU9zoD0b1GAG4GWWf.jpg
16084,https://image.tmdb.org/t/p/w500/ensFUbvS08uvG0xJze1MqhhjQJ1.jpg
17984,https://image.tmdb.org/t/p/w500/gCnuDDqoyaBdeeItQ4BjKtYpzF6.jpg
22328,https://image.tmdb.org/t/p/w500/pJwCIju0MVjDMlsgx6RWXpe7ks9.jpg
32611,https://image.tmdb.org/t/p/w500/pPNVXVQTCgdUiIiyxxYlTTqkgiZ.jpg
3170,https://image.tmdb.org/t/p/w500/wV9e2y4myJ4KMFsyFfWYcUOawyK.jpg
346,https://image.tmdb.org/t/p/w500/8OKmBV5BUFzmozIC3pPWKHy17kx.jpg
859,https://image.tmdb.org/t/p/w500/7etDozwd9Pf5oCcyo4h1Hki6U13.jpg
841,https://image.tmdb.org/t/p/w500/4kJmUCE7mkVJjXa7A0g2rY4IGTm.jpg
11051,https://image.tmdb.org/t/p/w500/7L4qwrC1mipZXJfU5oRgQWChLv1.jpg
242,https://image.tmdb.org/t/p/w500/lm3pQ2QoQ16pextRsmnUbG2onES.jpg
1411,https://image.tmdb.org/t/p/w500/4EkFm13ecqO0eszr7OKT8vf1YjJ.jpg
9769,https://image.tmdb.org/t/p/w500/6F4bV1DsCHjYCXRwIA6NZY7dcnD.jpg
9424,https://image.tmdb.org/t/p/w500/uAhvaueOUUQ6ORCRdsJr1WXz1w0.jpg
9835,https://image.tmdb.org/t/p/w500/gGgirOcInrfjWgemKMjvZc3fGtU.jpg
857,https://image.tmdb.org/t/p/w500/uqx37cS8cpHg8U35f9U5IBlrCV3.jpg
20173,https://image.tmdb.org/t/p/w500/l80GlJCOFM6rE2uwiW0EMD6jAPd.jpg
10957,https://image.tmdb.org/t/p/w500/ef11J5KGMp26kEzeg8ghAKeB65C.jpg
9570,https://image.tmdb.org/t/p/w500/92fghstMdnJQPxoqWPGtRhbUb8G.jpg
16249,https://image.tmdb.org/t/p/w500/bEMEjagTsdkUi7Jzxe0lQsquD7J.jpg
13962,https://image.tmdb.org/t/p/w500/qhsH1BGqeCDHoogt5ebxOgERJGb.jpg
14612,https://image.tmdb.org/t/p/w500/6Rq9u5fnS6PzWz9dgPQmBhgDvRJ.jpg
19378,https://image.tmdb.org/t/p/w500/okBmdBxptOwXS5FNauS3deFLnly.jpg
29228,https://image.tmdb.org/t/p/w500/vXfUKvAHTIifAU7IP17kl1ZBGh6.jpg
19379,https://image.tmdb.org/t/p/w500/wRe9kAvjN5IGAjPd0oCKhjyQDt0.jpg
11164,https://image.tmdb.org/t/p/w500/veGW1N6QUglP4osDdOUI6CZCcBI.jpg
18887,https://image.tmdb.org/t/p/w500/2SB5yYMIk3wIgkcJ3k2KwCrRtIB.jpg
40866,https://image.tmdb.org/t/p/w500/7FkUzAMDteozli8v0s2olmJ6ThX.jpg
10122,https://image.tmdb.org/t/p/w500/tdRgQWMximj0tL6OWu9kRTtePmI.jpg
9994,https://image.tmdb.org/t/p/w500/9uDr7vfjCFr39KGCcqrk44Cg7fQ.jpg
12129,https://image.tmdb.org/t/p/w500/7cBOYLDhHMA351ndLthSxBCwO5N.jpg
14140,https://image.tmdb.org/t/p/w500/4gMplOTJWAj1oNrv0QJG6SGhBNQ.jpg
10439,https://image.tmdb.org/t/p/w500/by4D4Q9NlUjFSEUA1yrxq6ksXmk.jpg
11158,https://image.tmdb.org/t/p/w500/4EGqDo2pP2ZL0TCcYDGnwsU8liQ.jpg
9354,https://image.tmdb.org/t/p/w500/omQOzahi2NIeiYznNxHFDvNbvo6.jpg
28736,https://image.tmdb.org/t/p/w500/fcV3wijcH4vInzsyM0yfwA6ZMaK.jpg
34774,https://image.tmdb.org/t/p/w500/27hbGwIAmvcB9X9FdXSwvU05frt.jpg
37969,https://image.tmdb.org/t/p/w500/zxYVFHsQGB2DALmIpTheXjTwFNi.jpg
9631,https://image.tmdb.org/t/p/w500/dUMHEymATOGbs2K3E4dmNSVBgFQ.jpg
9820,https://image.tmdb.org/t/p/w500/dNqgjqxHIdfsQRQL5XTujNfX9pj.jpg
14013,https://image.tmdb.org/t/p/w500/oKZdAUV9XSLp091f0GmtQEu0UZy.jpg
1779,https://image.tmdb.org/t/p/w500/nsLrWqKnyOKgtBMD6OYLk6fAyTG.jpg
10849,https://image.tmdb.org/t/p/w500/ccsint43E44B7NGceEhVimD93Yt.jpg
678,https://image.tmdb.org/t/p/w500/lnUK6Cg5ARM0qaq0B5SG20VAM0h.jpg
907,https://image.tmdb.org/t/p/w500/r0Iv2BiCFYDnzc6uU1q3AJ56igT.jpg
5961,https://image.tmdb.org/t/p/w500/q8jlA3Wc1Z987hNKRFA44g5OugC.jpg
47908,https://image.tmdb.org/t/p/w500/b92ktkXFciUPZdugRT6u87FbtC6.jpg
42121,https://image.tmdb.org/t/p/w500/fBP6uK0K4EnV8dtt4SJQrMdX0wb.jpg
2887,https://image.tmdb.org/t/p/w500/woHcFTdGGzeZdRlEPKMekdw0wll.jpg
11974,https://image.tmdb.org/t/p/w500/jwYKzJS0C3A711hmg1G4ptI0InF.jpg
20348,https://image.tmdb.org/t/p/w500/7hdQUp17uXp8tZJWB8eWh25DWbc.jpg
26648,https://image.tmdb.org/t/p/w500/zTUYhMdh2Jwk5s9jbrU4mCH3CY4.jpg
11911,https://image.tmdb.org/t/p/w500/SNJoUTU8PSxQlj3RkrwYGOQPyj.jpg
793,https://image.tmdb.org/t/p/w500/7hlgzJXLgyECS1mk3LSN3E72l5N.jpg
35144,https://image.tmdb.org/t/p/w500/kSAkhxgzSrdjiJzo9gXoqnY1d7R.jpg
9325,https://image.tmdb.org/t/p/w500/7a6VJd4TXNrTlY6MDvZL1kqPVg7.jpg
10340,https://image.tmdb.org/t/p/w500/340NcWz9SQXWQyf4oicMxjbrLOb.jpg
10144,https://image.tmdb.org/t/p/w500/plcZXvI310FkbwIptvd6rqk63LP.jpg
10414,https://image.tmdb.org/t/p/w500/zxaCHxKDFNi6frh1Q0dj19L216o.jpg
10437,https://image.tmdb.org/t/p/w500/ssrV29QSVVJuemBHho0Qx7pFYak.jpg
15300,https://image.tmdb.org/t/p/w500/8ykmCMHzkRSuJucPYeqGA2ampbp.jpg
12230,https://image.tmdb.org/t/p/w500/mRY84MJeWKnp9joev82QtslJFvk.jpg
10693,https://image.tmdb.org/t/p/w500/fJJOs1iyrhKfZceANxoPxPwNGF1.jpg
11335,https://image.tmdb.org/t/p/w500/hCCp4pESgYY6uTFARYf4UYV1BdU.jpg
11135,https://image.tmdb.org/t/p/w500/5koTDBmMAkJOgAe4PL4163UKjvG.jpg
11319,https://image.tmdb.org/t/p/w500/9jpDjrRyvv9Nw0piXOpHHQTfxw9.jpg
14822,https://image.tmdb.org/t/p/w500/47IiUhKdFWuvxcPIAEUC0vJ2h1K.jpg
15969,https://image.tmdb.org/t/p/w500/7SC793qtORB6YL4mu0F5o3hfjDQ.jpg
13155,https://image.tmdb.org/t/p/w500/prd9KCTa12RDnKgyfR9hWHbMzBI.jpg
10249,https://image.tmdb.org/t/p/w500/2tDFRESFwKww1LHRE8W1Exj9edH.jpg
15943,https://image.tmdb.org/t/p/w500/cSVu5gGSelx2QOykeEG5lEuzD1L.jpg
10882,https://image.tmdb.org/t/p/w500/dK4OZwFFxnfK7MvqfVqw94mavL7.jpg
24808,https://image.tmdb.org/t/p/w500/94dMO6kAawyFUk0sCDGIjAnchED.jpg
19762,https://image.tmdb.org/t/p/w500/9k3DwDpQeLN4sZ7hWnWII9DcQXA.jpg
13850,https://image.tmdb.org/t/p/w500/lFlWpfcw8TCmZ88jw6e943vEbtu.jpg
2619,https://image.tmdb.org/t/p/w500/7FutTsMWBwVhjk1Ujf1wtndUVZh.jpg
53565,https://image.tmdb.org/t/p/w500/ybR0RzVkF9OLEsQHfYMDVgjrmH8.jpg
41841,https://image.tmdb.org/t/p/w500/di43EvahPBbdTgZrBxx8yZjvFu8.jpg
27332,https://image.tmdb.org/t/p/w500/7WIIIZJ1iv2UCbYDiLHeGr1LOGV.jpg
97,https://image.tmdb.org/t/p/w500/zwSFEczP7AzqugAHHIX3zHniT0t.jpg
10419,https://image.tmdb.org/t/p/w500/o85xTgX5ByDewuYo5yOLIsP02CX.jpg
11675,https://image.tmdb.org/t/p/w500/lqLXUm3oK59sGJKRH2Zjj2m3iMg.jpg
2107,https://image.tmdb.org/t/p/w500/dVDCImNu9lM3MTYRaS0sWhDrm2m.jpg
6471,https://image.tmdb.org/t/p/w500/mIjOWtUofyt9Jawge7FbvITjU3D.jpg
9442,https://image.tmdb.org/t/p/w500/cwYwZBEE73PakUWzbICzxYKlXAz.jpg
11591,https://image.tmdb.org/t/p/w500/jSnGiPE17sgicRyTPrE6UB0pnEU.jpg
13697,https://image.tmdb.org/t/p/w500/gpqLukoUXAXkyMZ0jPSuAbWf5Nx.jpg
227,https://image.tmdb.org/t/p/w500/pl8Tf36TAOb2i561yPbQ9xl4P4D.jpg
87,https://image.tmdb.org/t/p/w500/t7Pv44sBcxhc47kNNDDafNAgr7Y.jpg
123,https://image.tmdb.org/t/p/w500/liW0mjvTyLs7UCumaHhx3PpU4VT.jpg
9314,https://image.tmdb.org/t/p/w500/hrdQlicxuyTg3zyVqq78EsA4Z6J.jpg
11336,https://image.tmdb.org/t/p/w500/9yTVaeS8eIkOpbwIycVFm7EQrgF.jpg
9980,https://image.tmdb.org/t/p/w500/sUC3o1BWQ8QhrwZcDj7x2VsWjtG.jpg
10657,https://image.tmdb.org/t/p/w500/9RxE6kd1ky4689WxqX6CHEpIWya.jpg
10489,https://image.tmdb.org/t/p/w500/uNBt2YxrQdyOjnm2rDQ5QiCmQ0K.jpg
10823,https://image.tmdb.org/t/p/w500/jJTrFHu3rjAgP1lryKGEsC9hqyM.jpg
11497,https://image.tmdb.org/t/p/w500/nmWh1NglDinfkHD9zCNqGWyhl7Q.jpg
2907,https://image.tmdb.org/t/p/w500/qFf8anju5f2epI0my8RdwwIXFIP.jpg
9454,https://image.tmdb.org/t/p/w500/9TspO5dThMBioF0DFrvy6YqrngH.jpg
8688,https://image.tmdb.org/t/p/w500/kdcLZmZdEWeuqJ4ed68CL7Bcd2R.jpg
23954,https://image.tmdb.org/t/p/w500/t7COhy9HkznR0gcdhTNwtHmBN31.jpg
12761,https://image.tmdb.org/t/p/w500/6beNbtCXv3GkzHkxkGYf38ib7v8.jpg
396,https://image.tmdb.org/t/p/w500/wF7ihB5V5gSm6zxjv3ZhHOpgREI.jpg
14367,https://image.tmdb.org/t/p/w500/8QiAj0Xw2UMeZMIIfZKeNoIsszs.jpg
11814,https://image.tmdb.org/t/p/w500/jaEauZd2joSAKn42D83gm3S0y3F.jpg
16081,https://image.tmdb.org/t/p/w500/rViuZo27U8wcZHGuRliv9LfmhjV.jpg
18331,https://image.tmdb.org/t/p/w500/a3lzU19j7WGfyXVDfPMdh8DAkru.jpg
15171,https://image.tmdb.org/t/p/w500/eLq5bed09bkNVjUfknlbSil2cfR.jpg
11837,https://image.tmdb.org/t/p/w500/q9ZcNxfquJbMTd6UfhAlJbmLBts.jpg
11704,https://image.tmdb.org/t/p/w500/prNrnOKlkV9wl5Sl3zwHu1f3t2z.jpg
11639,https://image.tmdb.org/t/p/w500/6g1Kh73qQRosyhRJpL3euQpMxOE.jpg
4978,https://image.tmdb.org/t/p/w500/wjhUy9af89vc9CviKcPgTNTrmIq.jpg
10380,https://image.tmdb.org/t/p/w500/k4aLupAkHWwHiEDwvqsZFAnUYF.jpg
11976,https://image.tmdb.org/t/p/w500/6n3PQSYpZRK5YPk2w8JEwED7AZk.jpg
15144,https://image.tmdb.org/t/p/w500/hgIDeDxu21fxoqfvBKMN0K7pLmU.jpg
11522,https://image.tmdb.org/t/p/w500/xbp6CXMBwO57mN8eVBMjkCcihHV.jpg
11557,https://image.tmdb.org/t/p/w500/g2SL3XHJas7hebZ2hhTrYLpKToD.jpg
13853,https://image.tmdb.org/t/p/w500/jbftdduVujKeoib5fwDBbEMamdj.jpg
11415,https://image.tmdb.org/t/p/w500/ysIPmxLVYYvTUaOwEsLjF7nEf4C.jpg
37530,https://image.tmdb.org/t/p/w500/o58So9NfjKPITUQhQdpCUdTi9Vn.jpg
8393,https://image.tmdb.org/t/p/w500/IgBfj5LfT7nwpodCZ34QCHp17x.jpg
11937,https://image.tmdb.org/t/p/w500/sxPpBTB2Rd5PHs97E2zn0t9GCSp.jpg
21661,https://image.tmdb.org/t/p/w500/y3ohh9NyWx2oj2op1dfrkwJMeFE.jpg
9320,https://image.tmdb.org/t/p/w500/1p5thyQ4pCy876HpdvFARqJ62N9.jpg
33644,https://image.tmdb.org/t/p/w500/ygmuaJDLYxWJo8eNhq0A63hagrQ.jpg
14662,https://image.tmdb.org/t/p/w500/bTY6I0Mju4vTRHGoTZrNtxtAlAO.jpg
125124,https://image.tmdb.org/t/p/w500/it3TqsjG19roZJTM1zbogEj10Mg.jpg
10692,https://image.tmdb.org/t/p/w500/diVMzTarVLgjc3jyODyhZMadfwD.jpg
805,https://image.tmdb.org/t/p/w500/nclYFGpVzfbiORO5ELVVdxzt9Vg.jpg
34584,https://image.tmdb.org/t/p/w500/ddYCa91iDXfJCxaqSYzwi2fjfnl.jpg
34636,https://image.tmdb.org/t/p/w500/bRSLCuO2B6owYBtUwGYGqWZCVo6.jpg
2182,https://image.tmdb.org/t/p/w500/4E0LaDOvjjz2k90EMlvP4kxnSPC.jpg
28070,https://image.tmdb.org/t/p/w500/gVECT5DHulQJyo9oqS1tdDSGowI.jpg
77469,https://image.tmdb.org/t/p/w500/aEocqXBt4P6E8cWH00nPNu1Wsfj.jpg
10278,https://image.tmdb.org/t/p/w500/dGUawoxSaLmexaJuMAPg0YEwzyi.jpg
36647,https://image.tmdb.org/t/p/w500/oWT70TvbsmQaqyphCZpsnQR7R32.jpg
14557,https://image.tmdb.org/t/p/w500/mTr7ARy7lj8ggvg6snLWDo3CnEu.jpg
9417,https://image.tmdb.org/t/p/w500/6FG3aldS4eVD4baKwmAi9P8kdRS.jpg
41469,https://image.tmdb.org/t/p/w500/e6bEY3XUUESEk8me3VUfMAOiLON.jpg
19381,https://image.tmdb.org/t/p/w500/cCr8mLqIVkbjBNs1uaZPvkXYnWA.jpg
4011,https://image.tmdb.org/t/p/w500/nnl6OWkyPpuMm595hmAxNW3rZFn.jpg
161795,https://image.tmdb.org/t/p/w500/1fAIdDUVhQaqBr4lVPOeEiNPA3l.jpg
1580,https://image.tmdb.org/t/p/w500/9ar6rxLDB8kagAnXZKn6h9smscr.jpg
5854,https://image.tmdb.org/t/p/w500/mOg42HWC5ew8D0uCjHUna2ISpeD.jpg
573,https://image.tmdb.org/t/p/w500/zDUR4PY5kyp2hpvbTvWSGiXVmgg.jpg
2370,https://image.tmdb.org/t/p/w500/8u7vxykCVZoaxNocLbpstv3IFNK.jpg
5780,https://image.tmdb.org/t/p/w500/7XC1l9eP2TBYMEdA4KRUqKAFmbm.jpg
506,https://image.tmdb.org/t/p/w500/nRRy4VO2A3Py7wiZBPz11PAlogp.jpg
22527,https://image.tmdb.org/t/p/w500/pO5XR2R56RAbVjdks9gGGn0fbOa.jpg
574,https://image.tmdb.org/t/p/w500/gy8YBRjCQRIT9x9G9F5fpnFD4xw.jpg
11219,https://image.tmdb.org/t/p/w500/uUXLq7fEG3hI46ZFMZzgHj11S6S.jpg
30159,https://image.tmdb.org/t/p/w500/5IYyJetEctAypFYIffqx55PXTPT.jpg
845,https://image.tmdb.org/t/p/w500/ihC083U7ef56Ui4x0P0dobojrZ1.jpg
1978,https://image.tmdb.org/t/p/w500/l43OTqhib8do1WwXig8JI8Y68Fd.jpg
3682,https://image.tmdb.org/t/p/w500/54IqhUALFHnNYiuHCYbldZSNJuM.jpg
46702,https://image.tmdb.org/t/p/w500/tSj2g6VdJ2UXeWk9wRa19SsxRFg.jpg
847,https://image.tmdb.org/t/p/w500/pAIRGMIdN7ZdZhflazdV2ezuJ9f.jpg
117,https://image.tmdb.org/t/p/w500/iK4twY48a1nVCez0qXE5w4JFvXw.jpg
14577,https://image.tmdb.org/t/p/w500/r6OcS6TQCHal2wHooJhHWSlFzfd.jpg
37498,https://image.tmdb.org/t/p/w500/hK7hKDA51FCbtFCuXZNiQ6gPq3S.jpg
31667,https://image.tmdb.org/t/p/w500/faUkygLOpVA8roEYNYyQTX3llnJ.jpg
13321,https://image.tmdb.org/t/p/w500/2QXpzBMJJtmH7JvVf0ZzENvgc1o.jpg
21734,https://image.tmdb.org/t/p/w500/ptyWagbWE8jSGyV2tGEzAdVbRCj.jpg
31997,https://image.tmdb.org/t/p/w500/iDKOOTymUZg0WAWPcbdP6nPZEFF.jpg
24197,https://image.tmdb.org/t/p/w500/lIFBvhh9EbQpwkYa135dQvMHXSj.jpg
11462,https://image.tmdb.org/t/p/w500/clWNlzlbyaEoIK63lcFjqBmXoQz.jpg
31995,https://image.tmdb.org/t/p/w500/qgeBF25h9MYoxJmKvlUj60IGDNz.jpg
940,https://image.tmdb.org/t/p/w500/c1t9LB76LvEARPanfEzXmkm7fwY.jpg
12684,https://image.tmdb.org/t/p/w500/A6cyOt9mhmvWA2uHcVsGkcCaHCz.jpg
2761,https://image.tmdb.org/t/p/w500/vHfEuqttHs2fXLGgkSxC5nh7AHz.jpg
8208,https://image.tmdb.org/t/p/w500/qghwbSfQblFYRFq675uK5qDGr3w.jpg
36056,https://image.tmdb.org/t/p/w500/VeNRpyspVlJzkrNAyszdGtmy9e.jpg
2760,https://image.tmdb.org/t/p/w500/tD84zwFeFRf3zG98x558N3PBMV.jpg
10220,https://image.tmdb.org/t/p/w500/oT6BtjgZj51kLH4z2MpgRtuZJJd.jpg
431,https://image.tmdb.org/t/p/w500/iNwm6fpDqQ4WjwhYI8EW6LPklod.jpg
22796,https://image.tmdb.org/t/p/w500/vRJcV9l3tLFoUWZel9RikS3nfJ6.jpg
37916,https://image.tmdb.org/t/p/w500/8bkEUeQWVFBk3HE4qhluDarTMDj.jpg
21873,https://image.tmdb.org/t/p/w500/agk3tSS6OLiSdyrieDhPpuQ7CEZ.jpg
21500,https://image.tmdb.org/t/p/w500/iDFeOVxNOSmAcsdmvtt4kZWB8GA.jpg
12626,https://image.tmdb.org/t/p/w500/kQNR1Lc0qAF5xuBySpDn481KVjb.jpg
37818,https://image.tmdb.org/t/p/w500/1ypV4mw030VxYEIA8jba3A7MMBv.jpg
3525,https://image.tmdb.org/t/p/w500/q2jfFzZvAzjTaArQR0tjilIZ5aJ.jpg
2321,https://image.tmdb.org/t/p/w500/gkOsxv1RvV5smRnm6wrmn2wDXyZ.jpg
2028,https://image.tmdb.org/t/p/w500/nkucKciFGSRalw6dJtsglWqOXMC.jpg
16384,https://image.tmdb.org/t/p/w500/ggk34Nr1e8LOeAdVncuYz6pyYDe.jpg
10699,https://image.tmdb.org/t/p/w500/wD7D0B9U9ooanxyhtgLKaqM7www.jpg
11597,https://image.tmdb.org/t/p/w500/l0YBVvOvOxoOkggTZ70tNGvGQo4.jpg
47947,https://image.tmdb.org/t/p/w500/9JTPSVDEFilY09hqtWPHrCDFneV.jpg
48311,https://image.tmdb.org/t/p/w500/4DGPORlVIDIQvsuSDnM4uXKMjWS.jpg
44772,https://image.tmdb.org/t/p/w500/vwtsHfe7zrkGFD10K7AkhEQk5cE.jpg
14347,https://image.tmdb.org/t/p/w500/yzNtmqL6HUFC7FZl9DnGmhnCQUL.jpg
41090,https://image.tmdb.org/t/p/w500/jJiKZG7vauFCeax5Aj5fahrcKUO.jpg
18282,https://image.tmdb.org/t/p/w500/hwrMVPwGFB3fouqD5PhhmbafB7G.jpg
18169,https://image.tmdb.org/t/p/w500/xbBaCfgUIIxYKrTTI7ZH1R23Hza.jpg
11082,https://image.tmdb.org/t/p/w500/vAgVzkPmfe2pcgzkpoz8cZ9i9wm.jpg
5971,https://image.tmdb.org/t/p/w500/5XBVURkON7jyzxr0cONWeTbgAov.jpg
11933,https://image.tmdb.org/t/p/w500/Apk5Hbby70diyeMHd2VhxUSHNW.jpg
20096,https://image.tmdb.org/t/p/w500/oKwvnb2bypMyXD2UraWdXxUoqLY.jpg
30815,https://image.tmdb.org/t/p/w500/3Py7bFBsRjMVdOI5IlNSz6aa385.jpg
881,https://image.tmdb.org/t/p/w500/rLOk4z9zL1tTukIYV56P94aZXKk.jpg
4478,https://image.tmdb.org/t/p/w500/a39WoiTJEG5kNLIrr3kOMwg3LFg.jpg
22318,https://image.tmdb.org/t/p/w500/wkoy7DQ1viN0EOtzw6v8W9y6UAr.jpg
53113,https://image.tmdb.org/t/p/w500/qu0vo8RIi4SoHXDWAYiunctiXPX.jpg
2109,https://image.tmdb.org/t/p/w500/3WsLE6FtxEPRa6U9sbY1ckrn39s.jpg
24746,https://image.tmdb.org/t/p/w500/4Lo0pT1gnDAL4hTVMYLwpVWcqR1.jpg
8195,https://image.tmdb.org/t/p/w500/AirrhRJjHwytOV0pdLu7YZ4DEyr.jpg
9877,https://image.tmdb.org/t/p/w500/dUvZDNU9G0njhM628NA5phASntq.jpg
26618,https://image.tmdb.org/t/p/w500/A6ebyxABDaLvOBaS6Q6MWCdOsY5.jpg
21132,https://image.tmdb.org/t/p/w500/2IpSjfTzEWlHGTHAWNMToqznYn1.jpg
11855,https://image.tmdb.org/t/p/w500/ox6Myr2r36zr7aqnisQGZp2EW33.jpg
24016,https://image.tmdb.org/t/p/w500/mcaypmWykltQMLjjSuD2vxylZHV.jpg
3486,https://image.tmdb.org/t/p/w500/cl1YGv5RQCWs8Tsc5SwBfPIfvMP.jpg
11071,https://image.tmdb.org/t/p/w500/tP352STF6BvSROi8K3CMM799TVo.jpg
1091,https://image.tmdb.org/t/p/w500/a9RjXOIIB56k2rGoL3Fk3nRHHHQ.jpg
10403,https://image.tmdb.org/t/p/w500/tZ3kDut2dhFVGkWNEn9xoCHCNAx.jpg
11337,https://image.tmdb.org/t/p/w500/y1EHgpL2hMVRcr6tIOy7VGLxaPs.jpg
162,https://image.tmdb.org/t/p/w500/e0FqKFvGPdQNWG8tF9cZBtev9Em.jpg
25723,https://image.tmdb.org/t/p/w500/2EuuBbK6HPbCZsrpsZAIMx2EVr.jpg
8916,https://image.tmdb.org/t/p/w500/pvpJfkzcqENTSlBKCSImi05WlXK.jpg
28134,https://image.tmdb.org/t/p/w500/p5eEqZxIcQsxIN4eKLqutyd5CKF.jpg
9429,https://image.tmdb.org/t/p/w500/7oZ5xE4AL4D5EbeQUaoRxahgzJX.jpg
12159,https://image.tmdb.org/t/p/w500/2gUfJKfJ6LwdqQebiAWuNzIWyp9.jpg
27791,https://image.tmdb.org/t/p/w500/AhQh5rtPymR1J8daZc0FNXiSkU.jpg
30197,https://image.tmdb.org/t/p/w500/5TYUsAygWKtufAC78ep2AiohEiR.jpg
10156,https://image.tmdb.org/t/p/w500/6iAl78qZHT65erPXr2YW6Y54wlY.jpg
10377,https://image.tmdb.org/t/p/w500/iwSURa8nS2ujwrU3s1lfxxX7voH.jpg
3121,https://image.tmdb.org/t/p/w500/twl4ovyjb8muFKvZmcCDzPR0hy1.jpg
4975,https://image.tmdb.org/t/p/w500/5zPTMTbYPhXXzAo5UQkeSpcmSMl.jpg
9713,https://image.tmdb.org/t/p/w500/sfJBsOdSbgLLarO6GIS0dWzFcCv.jpg
134368,https://image.tmdb.org/t/p/w500/h2qnLnrVD1cts0rCZcRjENVykNo.jpg
9821,https://image.tmdb.org/t/p/w500/m8wJa7LVixCtgcmCJX3eg7dxgJ7.jpg
4437,https://image.tmdb.org/t/p/w500/mEWKXuCMv7mFMxXVSTI3v8UOQuq.jpg
1890,https://image.tmdb.org/t/p/w500/tWMuw7YWWDpD9Iv652vfKELPZPR.jpg
1955,https://image.tmdb.org/t/p/w500/u0wpPYjuSt8DIe1Y3Vapnh8jcKE.jpg
39437,https://image.tmdb.org/t/p/w500/bLZo9tJijRBbxHAxMNXhs51pvC8.jpg
11932,https://image.tmdb.org/t/p/w500/mAGviFp1ufYM3EaZBSrjPiKPBt6.jpg
6435,https://image.tmdb.org/t/p/w500/AwmToSgf2IL3aHv0QRVsR5KvChv.jpg
10683,https://image.tmdb.org/t/p/w500/rYfUcEV88Z3gENrfYTE6i8yBkDr.jpg
9445,https://image.tmdb.org/t/p/w500/pU3fvfSvrs5pZFdODPCzoLk95Ws.jpg
2657,https://image.tmdb.org/t/p/w500/m1hhYP6OScjKU5Z9iZaWirSn4I6.jpg
9425,https://image.tmdb.org/t/p/w500/rYy5m4nnjdlvB6dyGkP9ELZbUZz.jpg
32326,https://image.tmdb.org/t/p/w500/2IRPFggk8kFls8bwCUl7I52zg4M.jpg
637,https://image.tmdb.org/t/p/w500/74hLDKjD5aGYOotO6esUVaeISa2.jpg
8675,https://image.tmdb.org/t/p/w500/irvFBOc33CHsioU6hqcu8ExymEa.jpg
20701,https://image.tmdb.org/t/p/w500/5q8WK4gW45Knxhpb29IVOCbbfI7.jpg
9945,https://image.tmdb.org/t/p/w500/4JhaFBPwyC5IM1rKaRR07Gzutse.jpg
73,https://image.tmdb.org/t/p/w500/euypWkaYFOLW3e5rLIcTAjWnhhT.jpg
18603,https://image.tmdb.org/t/p/w500/snyLQ21YGNWHNcDSNUIouzBFObh.jpg
46889,https://image.tmdb.org/t/p/w500/uegG68vP7leUDQbG8fP4ihgTo0i.jpg
12888,https://image.tmdb.org/t/p/w500/3h84eKRRK0SCW6LVRJ4cnQx4xD.jpg
3033,https://image.tmdb.org/t/p/w500/xhaZ2nKL9VtqfYQ9Ss4Azxc2E3F.jpg
9882,https://image.tmdb.org/t/p/w500/6aSo9FepBA6zNEHgA3bgqt3UaOk.jpg
10663,https://image.tmdb.org/t/p/w500/miT42qWYC4D0n2mXNzJ9VfhheWW.jpg
4518,https://image.tmdb.org/t/p/w500/yNDGST8cKQTRfqF8zgtSMeOUfkO.jpg
1808,https://image.tmdb.org/t/p/w500/bsuSac0PldPFcOtR1Vioe7VBF4l.jpg
3600,https://image.tmdb.org/t/p/w500/motBJIO921LFZkoGKCSbmSCVHBc.jpg
17037,https://image.tmdb.org/t/p/w500/vzxvMRJtXfqdiwBYzDJXDSIOYWi.jpg
297,https://image.tmdb.org/t/p/w500/fDPAjvfPMomkKF7cMRmL5Anak61.jpg
21589,https://image.tmdb.org/t/p/w500/xE6BqwOxHjjFniKXsW1Zg4F04RC.jpg
11893,https://image.tmdb.org/t/p/w500/A9pf9KjhqCGthu6PKAKE5E1qRNn.jpg
12223,https://image.tmdb.org/t/p/w500/5z1ogJJmQkCoU62VJmut4nnc2qs.jpg
32081,https://image.tmdb.org/t/p/w500/5U0HNeGoJVK3xic7hK9lz89Ki9i.jpg
14924,https://image.tmdb.org/t/p/w500/wHzCbMCfipDJ38GW5IyBTWDflMz.jpg
10002,https://image.tmdb.org/t/p/w500/geBGfbhkgKHld8rM9XuLfzPGZ6I.jpg
41817,https://image.tmdb.org/t/p/w500/2ApuvU24UEBlWeBiQGRyyOYFeqe.jpg
19426,https://image.tmdb.org/t/p/w500/xF4oCG3PLNbcrtPZbqB3BtkIbKg.jpg
12560,https://image.tmdb.org/t/p/w500/rU8kjMEL5Mn0EWm3gOShPHBEZ4l.jpg
9798,https://image.tmdb.org/t/p/w500/x9pXrMKLsBGGOFyyZ0Gwt9YpVub.jpg
14444,https://image.tmdb.org/t/p/w500/uZejGKCSd6nwfMx8U0Td37U2fTc.jpg
9487,https://image.tmdb.org/t/p/w500/Ah3J9OJVc2CNCuH2zMydXy9fmIC.jpg
9466,https://image.tmdb.org/t/p/w500/3pbcMORRjqYgfx87CXexLw32gk.jpg
666,https://image.tmdb.org/t/p/w500/zJvp7XjQ2LhPbDVYhFXyucs40vR.jpg
2042,https://image.tmdb.org/t/p/w500/7qMfDjUTEvLg5640CUAddk2BNpG.jpg
10162,https://image.tmdb.org/t/p/w500/bsxiOOKC40HlhdIJYCUE2BkpJv0.jpg
309,https://image.tmdb.org/t/p/w500/2LRzNq41yrY8EjCnD1S8sCCPvKk.jpg
692,https://image.tmdb.org/t/p/w500/5yCT7jpANI80dC7JdQCtdbmgszV.jpg
24018,https://image.tmdb.org/t/p/w500/uZir2hA6VOmVNS6JdKb6RiYghTA.jpg
1678,https://image.tmdb.org/t/p/w500/y1BdXaSvhpixJTotIc1vHVLHKEA.jpg
39256,https://image.tmdb.org/t/p/w500/blKtf1L6LA3mFW8aVJzxnaI8CLn.jpg
1680,https://image.tmdb.org/t/p/w500/akcfxp3tXJYfuro1XTgEFny9yzC.jpg
244,https://image.tmdb.org/t/p/w500/lHlnxKL5GbgRibyRFI7n1Ey850i.jpg
10730,https://image.tmdb.org/t/p/w500/paYKhEwUaxKA05vmOfU7FlleTln.jpg
31947,https://image.tmdb.org/t/p/w500/gI37vg2otF348OHxsx97hWCVvNI.jpg
8130,https://image.tmdb.org/t/p/w500/5vLHhO05KEBYVrCmp1bvI06r32t.jpg
11532,https://image.tmdb.org/t/p/w500/fdRlqPnPFaPyQqS3KiBLJwWQPBe.jpg
9749,https://image.tmdb.org/t/p/w500/nKDnMvVynvj7lwdv1iAZO1DzTYn.jpg
14628,https://image.tmdb.org/t/p/w500/A30iCFQVKXvQzGHEE4hyVC0QtrD.jpg
9626,https://image.tmdb.org/t/p/w500/qYJFrmSjy0HpzmvnIuGpuFUzXbs.jpg
13698,https://image.tmdb.org/t/p/w500/sxnlQEb8dugTFK2KyFrq3iv3bHn.jpg
10466,https://image.tmdb.org/t/p/w500/bohhidIi1WWU5NNYF9l5wLQu3Ii.jpg
707,https://image.tmdb.org/t/p/w500/arJF829RP9cYvh0NU70dC5TtXSa.jpg
11954,https://image.tmdb.org/t/p/w500/953hMDf9G2ZRIEs97M6iFIYWtWF.jpg
9336,https://image.tmdb.org/t/p/w500/m5a1U549gokC1kxsqgQoRb6XpFg.jpg
10157,https://image.tmdb.org/t/p/w500/cIyvBInW2aGms0zyV9Pgwp9UPJ4.jpg
12118,https://image.tmdb.org/t/p/w500/pBxGgWSR0CMaCVMA2kQS5MWU1z3.jpg
10587,https://image.tmdb.org/t/p/w500/vvk5aWBJE3EqDX2ln6M4J4UiUXr.jpg
11825,https://image.tmdb.org/t/p/w500/8w1SqGceTYHbVmXh8JHdWHza2SF.jpg
11895,https://image.tmdb.org/t/p/w500/gRFJ3xLewH1rwEplZBfKS4vGpFV.jpg
9447,https://image.tmdb.org/t/p/w500/glO6LcTWUZcbxWT2SB4eRDnFSsP.jpg
12257,https://image.tmdb.org/t/p/w500/rXEpaJIPlBqKq7QepB8uowmeAT2.jpg
10029,https://image.tmdb.org/t/p/w500/rYmyRxF5e9fBdgcQScKu0CUtMy5.jpg
27104,https://image.tmdb.org/t/p/w500/53Bs1CLJWDuomqdolXXWyso7cPf.jpg
11252,https://image.tmdb.org/t/p/w500/tY0OLFUsTXdvNppTpnNc4EVYy2z.jpg
8545,https://image.tmdb.org/t/p/w500/7VxdMxSa3BEAvGl5nLvsgpBwrZH.jpg
10223,https://image.tmdb.org/t/p/w500/iJYGDwZmVEYRkSPbWQdxzvBLTcK.jpg
9745,https://image.tmdb.org/t/p/w500/tdSyQJe7vEDcH9kEVqzVcr0O9lS.jpg
200,https://image.tmdb.org/t/p/w500/xQCMAHeg5M9HpDIqanYbWdr4brB.jpg
9837,https://image.tmdb.org/t/p/w500/2xUjYwL6Ol7TLJPPKs7sYW5PWLX.jpg
11545,https://image.tmdb.org/t/p/w500/hSJ6swahAuZ8wM96lHDTwQPXUvZ.jpg
1934,https://image.tmdb.org/t/p/w500/zdW7jdzPi4J9KZR3TyY2jn3Xh5e.jpg
11881,https://image.tmdb.org/t/p/w500/qyAc9X9XHloIqy3oJbbZ44Cw0Hm.jpg
13764,https://image.tmdb.org/t/p/w500/tZvGQF2623FD0MZgvOy18J5d7x5.jpg
24951,https://image.tmdb.org/t/p/w500/g3JfCGX9fgHwmmKFhRzu7BYc29d.jpg
8879,https://image.tmdb.org/t/p/w500/kpAN5WnDEVWYzMDPkXHTbrDQuak.jpg
1369,https://image.tmdb.org/t/p/w500/pzPdwOitmTleVE3YPMfIQgLh84p.jpg
1368,https://image.tmdb.org/t/p/w500/a9sa6ERZCpplbPEO7OMWE763CLD.jpg
1370,https://image.tmdb.org/t/p/w500/1eSQvGuD25ezKaiaQsyDDG3e9iN.jpg
10303,https://image.tmdb.org/t/p/w500/9YwcSWMseARiILBXJ1DAKvzmrq6.jpg
9326,https://image.tmdb.org/t/p/w500/qfIlVOYZH5RiZ0ndFKUpr5Zn2Bx.jpg
10328,https://image.tmdb.org/t/p/w500/wqNNm36j3nkucAucHEGAW5pNZcd.jpg
11285,https://image.tmdb.org/t/p/w500/xBsXdBl8qCXoQsWX6vfsVjWOMGk.jpg
1367,https://image.tmdb.org/t/p/w500/nMaiiu0CzT77U4JZkUYV7KqdAjK.jpg
1371,https://image.tmdb.org/t/p/w500/9jS3wG3cNSEu8sVUFAFQ8exyaaH.jpg
1374,https://image.tmdb.org/t/p/w500/2MHUit4H6OK5adcOjnCN6suCKOl.jpg
1375,https://image.tmdb.org/t/p/w500/tevHaVxtrMTaUi8f3YjLWYSSY8A.jpg
15196,https://image.tmdb.org/t/p/w500/aRxbYOYHS8T73nzR8hsLousoplR.jpg
11904,https://image.tmdb.org/t/p/w500/aOxVYvQoAfNSns4hW5Ah55GBzgq.jpg
215875,https://image.tmdb.org/t/p/w500/pOmri5BgiLGc0jieg0JhHjSWPDG.jpg
15596,https://image.tmdb.org/t/p/w500/bIQH3dptGaMBtwos7j9lEHt65BV.jpg
13818,https://image.tmdb.org/t/p/w500/pF1uPAi9TWRSRLf9SHfIDQle2NK.jpg
29968,https://image.tmdb.org/t/p/w500/m2G6Idl1CKJwOt8aFsnJk08sfDP.jpg
44326,https://image.tmdb.org/t/p/w500/zG2EsB1lw9uNRoYn6BQNUEFADZZ.jpg
1885,https://image.tmdb.org/t/p/w500/1mp4ViklKvA0WXXsNvNx0RBuiit.jpg
8856,https://image.tmdb.org/t/p/w500/7Lut6dOvB8wPRuHhHpJ3S3zXder.jpg
10495,https://image.tmdb.org/t/p/w500/lVZ3r0iDwGejlCvFEvXGzhQB9ds.jpg
5825,https://image.tmdb.org/t/p/w500/oat42hUw8XzKYUmfy0YLAxYd484.jpg
9489,https://image.tmdb.org/t/p/w500/e2uVtH6TpMfUl7WeOM70ezkcjsU.jpg
16885,https://image.tmdb.org/t/p/w500/3UUR2Evm2JtC2odd2UMYgs9Yi1x.jpg
8741,https://image.tmdb.org/t/p/w500/seMydAaoxQP6F0xbE1jOcTmn5Jr.jpg
9276,https://image.tmdb.org/t/p/w500/5XetJwmAiDC0EtH23NIXaqFn3Wl.jpg
9822,https://image.tmdb.org/t/p/w500/93oAWBl6UIEmeknmRKbUkVq4cKl.jpg
39314,https://image.tmdb.org/t/p/w500/tTTS9Bi7JReyGpCKyDuyZNSLTT4.jpg
10312,https://image.tmdb.org/t/p/w500/xN1aKur5ddWQSXTqvzDPJD2TCxe.jpg
9441,https://image.tmdb.org/t/p/w500/wMPv2Yz6QDzv6YhSbaqM48Medl1.jpg
9422,https://image.tmdb.org/t/p/w500/2AVF1cjRGOfaB4oteSzxvHiQ3hR.jpg
24525,https://image.tmdb.org/t/p/w500/wg7GBXBALHQ0tjmyMiwu5gcDss9.jpg
10368,https://image.tmdb.org/t/p/w500/i3rAPxhhDjqsL1rZJM57pyR7xFW.jpg
31662,https://image.tmdb.org/t/p/w500/hNu8ePwoRyXDQxhLY4iurCVXAQs.jpg
46992,https://image.tmdb.org/t/p/w500/aE2NJH2sllQTmbpN6laKuM7NXYy.jpg
825,https://image.tmdb.org/t/p/w500/v4hPpijZXdaNRn0WVtckFEs4wHm.jpg
15556,https://image.tmdb.org/t/p/w500/9nylrKj8zWxTor9BCy3umv6WHZe.jpg
28902,https://image.tmdb.org/t/p/w500/q3Q00fCgeZGjAYaiwbfTMuIrUb0.jpg
14709,https://image.tmdb.org/t/p/w500/g2jX2Xmx7drbc6J9MLJEBghR7Mg.jpg
9423,https://image.tmdb.org/t/p/w500/5Np88iigCfnXvMlMKmCcbPVIbYQ.jpg
10658,https://image.tmdb.org/t/p/w500/30tnH0hy6S5FjGCfCdnkBd3wqS2.jpg
6917,https://image.tmdb.org/t/p/w500/nl673OVQl4VZTDnugzCpDuOKQcC.jpg
24086,https://image.tmdb.org/t/p/w500/eYOc7glRhPhyTDKZ05FuT1IdVzj.jpg
11815,https://image.tmdb.org/t/p/w500/kXdBcDh2EbgSIf4Oo1dxKapZM2f.jpg
9426,https://image.tmdb.org/t/p/w500/8gZWMhJHRvaXdXsNhERtqNHYpH3.jpg
10344,https://image.tmdb.org/t/p/w500/gORksEPahEgO409HYJOZlNVyEpe.jpg
15698,https://image.tmdb.org/t/p/w500/tQshSrj0G5o9xElzEnBcMVHAutE.jpg
2620,https://image.tmdb.org/t/p/w500/28SqYDrMyF5EqXfSmRgoqdYzNz5.jpg
30497,https://image.tmdb.org/t/p/w500/mpgkRPH1GNkMCgdPk2OMyHzAks7.jpg
16337,https://image.tmdb.org/t/p/w500/cO1Dvg7k87lHSPOdumn3ddJEKdX.jpg
16780,https://image.tmdb.org/t/p/w500/e1ikqofvLBddrZJ73IjmJWhUYus.jpg
12151,https://image.tmdb.org/t/p/w500/fA3f8bsXoVbIALq4EdiAwptF1ws.jpg
33278,https://image.tmdb.org/t/p/w500/mz8dzZLHarPMiP71SiEbuSl3SWe.jpg
192,https://image.tmdb.org/t/p/w500/2BuVu0j6v2kNY2gGxtO3sDGyob2.jpg
10945,https://image.tmdb.org/t/p/w500/znVUM7RUBwQ16Q9lTmuMpaWJ7so.jpg
10013,https://image.tmdb.org/t/p/w500/iXXazXe6OtesOCDslyuccULgJlG.jpg
9671,https://image.tmdb.org/t/p/w500/pduPduL1ub5kok3lPYT15ryC9L6.jpg
9396,https://image.tmdb.org/t/p/w500/2Nf0xeDuToLHysdkWj3aT5r42rC.jpg
11038,https://image.tmdb.org/t/p/w500/eDp0MPUSCeXrIziaZC65iUHISLs.jpg
12278,https://image.tmdb.org/t/p/w500/d6jh6qiowC4QHePBgpy7Zrytbba.jpg
11873,https://image.tmdb.org/t/p/w500/dVdnHmdQu3JtLAAksjTmTEF76gD.jpg
18588,https://image.tmdb.org/t/p/w500/ru8dtoh6tNi7kKAbLgbaE9J5SGf.jpg
10015,https://image.tmdb.org/t/p/w500/aMr99UigkMCTSPnLTpkzJeLmpyc.jpg
12715,https://image.tmdb.org/t/p/w500/qFUBCOH0HxI9qRcjoG9xChfwEsk.jpg
8388,https://image.tmdb.org/t/p/w500/tKcOxhaBpLdvo8lExbz5AgpuGwc.jpg
8129,https://image.tmdb.org/t/p/w500/e9awu6tsCyWPAUA2eEoelFSTbcb.jpg
1618,https://image.tmdb.org/t/p/w500/o1k991eZm7iF8JUNiVdUZU44x5c.jpg
10722,https://image.tmdb.org/t/p/w500/yEXhgACPIV4PmTgHT2HS3Ko2oS3.jpg
10314,https://image.tmdb.org/t/p/w500/a0pepZNFCjggc7Na9gEwbTI1f46.jpg
11167,https://image.tmdb.org/t/p/w500/88ppZCVWGx41gzslcwiWfCVjFJk.jpg
2112,https://image.tmdb.org/t/p/w500/8Bqlv2kbOyZFqfiPNgzdBscqYPn.jpg
16172,https://image.tmdb.org/t/p/w500/zFsqqPQUz69wPaLBqQeiGbGiW7J.jpg
111794,https://image.tmdb.org/t/p/w500/79TTGQZrOAzwuWxcOy8y6k6Ldm0.jpg
9524,https://image.tmdb.org/t/p/w500/9jUWDGEOZ6MFy9gSfYZ69KLjPLY.jpg
20595,https://image.tmdb.org/t/p/w500/kWr6QDDcO2HHKqvJvgsJ1hQz4Gs.jpg
16306,https://image.tmdb.org/t/p/w500/prq0j1S0K07UjwLZLF6oMGflRUI.jpg
11622,https://image.tmdb.org/t/p/w500/qVN4bbVX2tzaNbAdEJT5eOPq26c.jpg
10207,https://image.tmdb.org/t/p/w500/ulUjszY6YJFsDUd0E3WolJg6sOp.jpg
9849,https://image.tmdb.org/t/p/w500/pOp4xriDEFUy2uN0BfnHJcjzqWt.jpg
18892,https://image.tmdb.org/t/p/w500/gwjJPAraQy5fDd3NJvK677uItU4.jpg
13466,https://image.tmdb.org/t/p/w500/1weUnrWqESWoLzMgSs64jd4GEwY.jpg
1542,https://image.tmdb.org/t/p/w500/v7fBXxHZ5WQn2PGgpXhTqHgtcJk.jpg
43978,https://image.tmdb.org/t/p/w500/2vCgV3503UfEDBFkXZnQ3UuyfAE.jpg
15256,https://image.tmdb.org/t/p/w500/ssbx2Mk5ZCJWpXALuP2AdG0GFIT.jpg
8224,https://image.tmdb.org/t/p/w500/mhr9xRpjOBqlBjgDwtiOx6FsLvV.jpg
18417,https://image.tmdb.org/t/p/w500/4rBrYRkB7btGex5Bs0yOpqBZgsR.jpg
1847,https://image.tmdb.org/t/p/w500/oBhUK54yBJ0aH6u9zCzSV5iV7OP.jpg
42113,https://image.tmdb.org/t/p/w500/ewYZmeoqzE5XsL0Jlcorlu9iwGe.jpg
8913,https://image.tmdb.org/t/p/w500/8ZtH1V4rhrtP53ezlEWrCaMALXF.jpg
10906,https://image.tmdb.org/t/p/w500/9g6ngNlHOfMfQnaKkw9468p67d4.jpg
25748,https://image.tmdb.org/t/p/w500/5UaH4zhfKT1taJGHUwPxm29ZENf.jpg
25749,https://image.tmdb.org/t/p/w500/xTNGI3MGTlOTiYU9ucfWd79kV2k.jpg
8769,https://image.tmdb.org/t/p/w500/bWi3Cjg8gkf5h3xgU91CVtxkjUc.jpg
14742,https://image.tmdb.org/t/p/w500/iS78MFtMDwWDP748juZQBK57C9o.jpg
10671,https://image.tmdb.org/t/p/w500/6iOKluJfyiU1SLZbGYrY7Z0i6k0.jpg
27932,https://image.tmdb.org/t/p/w500/o412xIEMJjlZa0SQ2nGCPVM2f7J.jpg
7227,https://image.tmdb.org/t/p/w500/m9b3frZR0Wu8I3ayN3QPrxfZMvC.jpg
10670,https://image.tmdb.org/t/p/w500/dy23SSGZDp3dftzhDvHXOEM6OaN.jpg
5919,https://image.tmdb.org/t/p/w500/mFM1GbrRrT3DWUFFo8koSITFnYe.jpg
33518,https://image.tmdb.org/t/p/w500/bWANAIIeNPzwEmrYUvZFECTbBX6.jpg
40160,https://image.tmdb.org/t/p/w500/xMUuS1KFHRTFSf3PAY2tsbBdqkL.jpg
2362,https://image.tmdb.org/t/p/w500/qNt29HzxwZ4jGTgSRxdA34ino9Q.jpg
10803,https://image.tmdb.org/t/p/w500/v3ILN8ROPcrNRJ8S7GH24JyihH8.jpg
871,https://image.tmdb.org/t/p/w500/2r9iKnlSYEk4daQadsXfcjHfIjQ.jpg
1685,https://image.tmdb.org/t/p/w500/xUuZXZlw9D29DfSutAQnBL3prio.jpg
1705,https://image.tmdb.org/t/p/w500/dP5dYjLp5p2CG103cJMio4Nj29d.jpg
1688,https://image.tmdb.org/t/p/w500/lZ1pUxJCO14ObrhDuxTBuYm0tjN.jpg
1687,https://image.tmdb.org/t/p/w500/AnbLVdUEroTfHTUVAJCxkL4R0IH.jpg
166680,https://image.tmdb.org/t/p/w500/zMORD6VDGIWo5thfMuA4Edb1mbj.jpg
11123,https://image.tmdb.org/t/p/w500/6hJorsInxNpj1dIekh6dK6Kh9S6.jpg
31638,https://image.tmdb.org/t/p/w500/wJOIXW4bjsXBPGzqojBV8laiLKM.jpg
113286,https://image.tmdb.org/t/p/w500/iR6z334jcMEv2hQoEu2xX0JzJMy.jpg
9535,https://image.tmdb.org/t/p/w500/eqa4TEgkx63WRhqyD8eTwmL7bUi.jpg
9455,https://image.tmdb.org/t/p/w500/ejbmUNVtqZIkZf2cE5Ws5c9FiWA.jpg
796,https://image.tmdb.org/t/p/w500/76cCsRtQ5MJBAqoigojXsLXLJwh.jpg
100,https://image.tmdb.org/t/p/w500/6pJB2t3MbQUy9m5pFIBHXLqnqNd.jpg
77936,https://image.tmdb.org/t/p/w500/esyIrOG6cjRYIAfjI3Sj9ijA8LQ.jpg
30943,https://image.tmdb.org/t/p/w500/4Q8g9CfW7EiwxRCpLSDpOmcaEZb.jpg
7341,https://image.tmdb.org/t/p/w500/jJmIf22gwwQPAFJfZ6Tr1MwSpRg.jpg
10350,https://image.tmdb.org/t/p/w500/e3p2vkA4mnFaBlyAIntkZWkzOJW.jpg
11772,https://image.tmdb.org/t/p/w500/fmpTnUKTcrpuxLSY23gQMUf9qu7.jpg
9540,https://image.tmdb.org/t/p/w500/ofXwDfM8uYAaftD7cBPcIWdCpMn.jpg
31503,https://image.tmdb.org/t/p/w500/euXyMbBT2QaxiYZf1jJrsa5yGon.jpg
11773,https://image.tmdb.org/t/p/w500/qcpXud1UjQzlSe9A062w8Wqgira.jpg
30202,https://image.tmdb.org/t/p/w500/ArhQBsOYnqQUUon7UNQHai2qu1R.jpg
22345,https://image.tmdb.org/t/p/w500/7zvPhjHkz5YEMUMPyvANCR96RJA.jpg
1567,https://image.tmdb.org/t/p/w500/4kMB2AAcDQ5diRuh7NTxuS90bx7.jpg
1641,https://image.tmdb.org/t/p/w500/etmjiee84g6G9WALmLkJ1DhenAu.jpg
47288,https://image.tmdb.org/t/p/w500/kbEA2LEFh1MX9EraNQSiq9ajs24.jpg
10212,https://image.tmdb.org/t/p/w500/6tJc9vIVYctNCajC1dU1oVcmIsD.jpg
10354,https://image.tmdb.org/t/p/w500/2VEqqlmSZ0VSr74XOTWUQUUGYWF.jpg
8583,https://image.tmdb.org/t/p/w500/7uHX8qIr8VYPwdpVv4TCjXcVxDo.jpg
16520,https://image.tmdb.org/t/p/w500/wUfaP0lLaMpZzp5CrHyII5Vd7cp.jpg
16508,https://image.tmdb.org/t/p/w500/hZduJdSSWCkmvnBpNyRaIszubVm.jpg
11374,https://image.tmdb.org/t/p/w500/xnnjoMONNamGU6ZX6acbcxyOKv1.jpg
16379,https://image.tmdb.org/t/p/w500/7c20VEblNKkDiBuA6bE6kbeHqHa.jpg
28029,https://image.tmdb.org/t/p/w500/n2he7n76HEgwdehI9XuDHHdlahv.jpg
603,https://image.tmdb.org/t/p/w500/dXNAPwY7VrqMAo51EKhhCJfaGb5.jpg
4951,https://image.tmdb.org/t/p/w500/ujERk3aKABXU3NDXOAxEQYTHe9A.jpg
65749,https://image.tmdb.org/t/p/w500/87Ze0JLbWYuYbWc1qf6aGxHipnI.jpg
8970,https://image.tmdb.org/t/p/w500/wOmLJYh7oOfATE236XpoDfcXhOh.jpg
9840,https://image.tmdb.org/t/p/w500/1yxr5KJHJk5aPCbapJaBS8Znx8V.jpg
30950,https://image.tmdb.org/t/p/w500/qUFYBfOY3Ec2S6PR6apgFwfR6je.jpg
11660,https://image.tmdb.org/t/p/w500/3bX6VVSMf0dvzk5pMT4ALG5A92d.jpg
9430,https://image.tmdb.org/t/p/w500/kP0OOAa4GTZSUPW8fgPbk1OmKEW.jpg
11355,https://image.tmdb.org/t/p/w500/6BngDhDNfbBjhVFWDT2yMve32vi.jpg
18764,https://image.tmdb.org/t/p/w500/oaOZv8aukq6U62NYYtfrQEgsm8.jpg
9465,https://image.tmdb.org/t/p/w500/tskbsm57aWqU4wsf8sX4ClM77Kf.jpg
1414,https://image.tmdb.org/t/p/w500/3UNof5FTy9VlWl5egg7nsjsk30m.jpg
49981,https://image.tmdb.org/t/p/w500/gWwdtbnObvajziUGvXoLYskNSDr.jpg
6522,https://image.tmdb.org/t/p/w500/saWYpX3ADdmdByQZVrSYUNbQ9GC.jpg
114719,https://image.tmdb.org/t/p/w500/5zh1PQPN7dl8BX2zdaEYyiNRNXp.jpg
10209,https://image.tmdb.org/t/p/w500/qupB9wwFZgjy7DHs9rvvloVZOUw.jpg
22826,https://image.tmdb.org/t/p/w500/6h6ahipPd84QcyFbnsEikLt7w3Z.jpg
1902,https://image.tmdb.org/t/p/w500/1NkQNM5bw3U7n3RCba8JKnb61Ds.jpg
6396,https://image.tmdb.org/t/p/w500/7u3IZPuIOPjICi55K7cJgzV3e3B.jpg
39964,https://image.tmdb.org/t/p/w500/jaylLo7TsJrJriNVGf72Asen1Fr.jpg
12596,https://image.tmdb.org/t/p/w500/61FWajJNKeS27DO4KgvS5LUgcHh.jpg
9451,https://image.tmdb.org/t/p/w500/5gPOFU6IPvDrx50XaPCK4twNw79.jpg
1946,https://image.tmdb.org/t/p/w500/kETKF0JhdTPn1knci8CAdYL0d79.jpg
1844,https://image.tmdb.org/t/p/w500/onEHQY4M22CluNfocJRGsVg0dK6.jpg
6552,https://image.tmdb.org/t/p/w500/mCO4gU1lkViGXTkoRBEYrvjDIJu.jpg
24584,https://image.tmdb.org/t/p/w500/k7KCBnt1VXFhPjoTSt4MePr1MpI.jpg
25471,https://image.tmdb.org/t/p/w500/w3fOMjcR74WdZlYOyug6Q7H1XmU.jpg
28519,https://image.tmdb.org/t/p/w500/qKUUT3QKsShXloZiF88IdT5g64N.jpg
3309,https://image.tmdb.org/t/p/w500/iSXi0xvPUPwEI2xxWZrcKJXpUYc.jpg
18462,https://image.tmdb.org/t/p/w500/xQIBwbwwKVjdkHurv3r82BUdNSq.jpg
28941,https://image.tmdb.org/t/p/w500/snm8tScFpHymRFA3cwHEHHLlEX1.jpg
18252,https://image.tmdb.org/t/p/w500/pKPdD20G8fvlY6tFVjmJYdbgqQf.jpg
8592,https://image.tmdb.org/t/p/w500/AonBXZe8GwnW8f1TWI2KcewOsfS.jpg
564,https://image.tmdb.org/t/p/w500/yhIsVvcUm7QxzLfT6HW2wLf5ajY.jpg
13852,https://image.tmdb.org/t/p/w500/9QgKh1Cxb3be3qmYucPVI4Jj2Jd.jpg
25232,https://image.tmdb.org/t/p/w500/xKOdv0qSUFLcMpHftpk19M0G5DA.jpg
10210,https://image.tmdb.org/t/p/w500/5KTYh2gXmsHUzsRsrstBGy0QfXf.jpg
53862,https://image.tmdb.org/t/p/w500/83I7V7uLTPoUYKKcfzeAH1I5pvm.jpg
17962,https://image.tmdb.org/t/p/w500/bs2M1hqAQl5LeAOPPRV4drwouZS.jpg
9460,https://image.tmdb.org/t/p/w500/eEmG43S9o5C6XeFschoFQU4Bcub.jpg
1893,https://image.tmdb.org/t/p/w500/6wkfovpn7Eq8dYNKaG5PY3q2oq6.jpg
31342,https://image.tmdb.org/t/p/w500/7w8QCvKDFn1cJ3sW3RGWcwlitgX.jpg
44297,https://image.tmdb.org/t/p/w500/ZV18CMRVkUT119mmkGCz6mj6AD.jpg
8785,https://image.tmdb.org/t/p/w500/r6LnCMQUwsHWPTNDuUuuKR5zgjt.jpg
15849,https://image.tmdb.org/t/p/w500/vSKpbZVvzqQcw6htiyEinbCY9vq.jpg
18990,https://image.tmdb.org/t/p/w500/w3XEtgi8W9tuPQnLVFCPVxtweyC.jpg
15660,https://image.tmdb.org/t/p/w500/3Amv5uQfadEonn7SmYLfNnoeOSu.jpg
1924,https://image.tmdb.org/t/p/w500/d7px1FQxW4tngdACVRsCSaZq0Xl.jpg
8536,https://image.tmdb.org/t/p/w500/3xk5cno9BHcnwc97XO9k21aI1Zi.jpg
9531,https://image.tmdb.org/t/p/w500/aac3vujaTWRLARNDEcMyGSvJfsx.jpg
11411,https://image.tmdb.org/t/p/w500/aQ1d9OB0xtAenIL0Ke3xV17St4S.jpg
138,https://image.tmdb.org/t/p/w500/ueVSPt7vAba0XScHWTDWS5tNxYX.jpg
3035,https://image.tmdb.org/t/p/w500/mu6wHwH0IwCCaEYtpqujuPJYat1.jpg
3076,https://image.tmdb.org/t/p/w500/eitxewmvmZXY7qoKpiVhdaFmwMz.jpg
3079,https://image.tmdb.org/t/p/w500/r9PDkqKhzdo54aqnOL88wUJY49B.jpg
13666,https://image.tmdb.org/t/p/w500/vG8fu5syTtQLzK1hQXyi3ugOPNF.jpg
29794,https://image.tmdb.org/t/p/w500/ffU0H9n2l8xkfHps7jDyysrLq1H.jpg
9077,https://image.tmdb.org/t/p/w500/gPjlVSys2CJP1aQKXnhj4kKDxrB.jpg
36685,https://image.tmdb.org/t/p/w500/3pyE6ZqDbuJi7zrNzzQzcKTWdmN.jpg
30168,https://image.tmdb.org/t/p/w500/jf65NC2N5JsKj5h8iM8bXRnVdI5.jpg
10785,https://image.tmdb.org/t/p/w500/rm2w8dEhOGDuckB6i0Spz9lTzpR.jpg
19483,https://image.tmdb.org/t/p/w500/zPXff8iRma28YQFApfzuWadZXzP.jpg
8974,https://image.tmdb.org/t/p/w500/gzc75Za4ArqfXIIr7STNnIE5rnA.jpg
11549,https://image.tmdb.org/t/p/w500/8BrMQmgwGzIHSyBjCDOLOdi79fJ.jpg
18158,https://image.tmdb.org/t/p/w500/qCOLglZvQgQAyWMCZodBo3wmgqp.jpg
17918,https://image.tmdb.org/t/p/w500/7BGaE9A7UeyxH29aeFbQfzEmIi0.jpg
37305,https://image.tmdb.org/t/p/w500/88LF3thfIx1BDqa5aErseoFXz58.jpg
18784,https://image.tmdb.org/t/p/w500/6pYDWEQjsx3R0A6Mk4Op4wnntWj.jpg
509,https://image.tmdb.org/t/p/w500/hHRIf2XHeQMbyRb3HUx19SF5Ujw.jpg
1090,https://image.tmdb.org/t/p/w500/7oaie3ZBc9UuWZLF24crro1pone.jpg
15059,https://image.tmdb.org/t/p/w500/eVg5oHFnzEE51cZ8Tq1qe8iWMZk.jpg
12117,https://image.tmdb.org/t/p/w500/8EKmzia6awjsqFxgBk5a82aTmb6.jpg
11779,https://image.tmdb.org/t/p/w500/b203Z3qwCRMLOY00XZh4qNQCwM4.jpg
13533,https://image.tmdb.org/t/p/w500/eH6wXfqBh56RReOnqbST3krGY3T.jpg
62676,https://image.tmdb.org/t/p/w500/1ytI3G3dT6j888ySOwYhpJHz8ED.jpg
817,https://image.tmdb.org/t/p/w500/wqcE8EAmVl5j3mLuIrHFG7RmQyg.jpg
14283,https://image.tmdb.org/t/p/w500/uPjq8PaNDhFQTzOu4Ce91f6BFgZ.jpg
37135,https://image.tmdb.org/t/p/w500/bTvHlcqiOjGa3lFtbrTLTM3zasY.jpg
2275,https://image.tmdb.org/t/p/w500/w8CMN81n7SON7ALPMlxZtOzBZB.jpg
24137,https://image.tmdb.org/t/p/w500/Aac3Kw7qAszSotkTNle4bvu3uuH.jpg
10376,https://image.tmdb.org/t/p/w500/iOcbJ5pxokOPDRgieVDbsFMrCc6.jpg
104,https://image.tmdb.org/t/p/w500/u34YzbFvX067IvJX1ocI4JBvYPa.jpg
15800,https://image.tmdb.org/t/p/w500/o6MYZAcI2A7VfJkcIvCDbFPISLP.jpg
9032,https://image.tmdb.org/t/p/w500/cqFnFg6YS8urJT6YC95IDkn0VHz.jpg
13821,https://image.tmdb.org/t/p/w500/jLyfVrwm5028RPhx5oXmJv01uSr.jpg
9421,https://image.tmdb.org/t/p/w500/jCOCdWIim6upzteYswh8BpcsKWg.jpg
55955,https://image.tmdb.org/t/p/w500/34rfjIEVqmzjN7HMZhrrPgPaHuE.jpg
67067,https://image.tmdb.org/t/p/w500/3Hful9RfqJm4M4swEnAAW89iZKt.jpg
6488,https://image.tmdb.org/t/p/w500/lHjpwv1Yv2RcGcTQb4Lc1cKw1y9.jpg
9473,https://image.tmdb.org/t/p/w500/tS0PedvA2mFO9VCHYwQpaU1K36U.jpg
8487,https://image.tmdb.org/t/p/w500/1AUzpDzJSecEBIgwUIPzL5KMuTQ.jpg
10279,https://image.tmdb.org/t/p/w500/yvGGA2CbT6xyFVTZUA9f2ok0q5V.jpg
2105,https://image.tmdb.org/t/p/w500/5P68by2Thn8wHAziyWGEw2O7hco.jpg
1073,https://image.tmdb.org/t/p/w500/4yYHyZuyTTQaEZuHKS7561jXjtR.jpg
10239,https://image.tmdb.org/t/p/w500/1DQYFB5DENLWKUYdz5ttaVbDYnk.jpg
10208,https://image.tmdb.org/t/p/w500/Aww9cF4uMsbald9ddhCYFoP4gBi.jpg
2667,https://image.tmdb.org/t/p/w500/9050VGrYjYrEjpOvDZVAngLbg1f.jpg
345,https://image.tmdb.org/t/p/w500/knEIz1eNGl5MQDbrEAVWA7iRqF9.jpg
9825,https://image.tmdb.org/t/p/w500/pEszakCP8j9E9S0UPLfEa3Cad3O.jpg
620,https://image.tmdb.org/t/p/w500/7E8nLijS9AwwUEPu2oFYOVKhdFA.jpg
2978,https://image.tmdb.org/t/p/w500/yObYPMA58DnTMvJooFW7GG6jWAt.jpg
10490,https://image.tmdb.org/t/p/w500/44eTdzCnb27urFheuhBdJxBhrwg.jpg
11618,https://image.tmdb.org/t/p/w500/xwLldS5JnB4441iS50ha9ZrkaA8.jpg
332,https://image.tmdb.org/t/p/w500/dDcsv1Lql5aM6H4JYfDHjBAXKgT.jpg
8914,https://image.tmdb.org/t/p/w500/fyn0zyCI4kIlbDoHH0Hzv09hDC5.jpg
9824,https://image.tmdb.org/t/p/w500/ciVSbFmDecOIwlxl9F6GhHVgCVJ.jpg
4806,https://image.tmdb.org/t/p/w500/wzivR0yWJStVdhcl0A5rQvVdTQ7.jpg
33430,https://image.tmdb.org/t/p/w500/boBbVY67YhGC4PWuqyQFysP3mN4.jpg
247,https://image.tmdb.org/t/p/w500/lnbuDjMNw2mUeJ2NsGF7HMMTWfU.jpg
10056,https://image.tmdb.org/t/p/w500/rLbad0lscycS4R3qTSrKguZ0Zz5.jpg
967,https://image.tmdb.org/t/p/w500/xLPpQlFWE12cbqNJQ5Vf4eJU8ij.jpg
802,https://image.tmdb.org/t/p/w500/8Puqbeh0D95DpXFWep1rmH78btu.jpg
3175,https://image.tmdb.org/t/p/w500/x2JQCgLjieWOwvImeGtLmuNgsrq.jpg
147,https://image.tmdb.org/t/p/w500/12PuU23kkDLvTd0nb8hMlE3oShB.jpg
1628,https://image.tmdb.org/t/p/w500/kuFjZlcZhQFDtIjuI3GQJjsQG03.jpg
21185,https://image.tmdb.org/t/p/w500/yAT8QJquco2dGBEwqQJBLfP7wtM.jpg
11120,https://image.tmdb.org/t/p/w500/8A1iDYSp8H5WORWZVCV3E3SpkGD.jpg
10136,https://image.tmdb.org/t/p/w500/9gPphtcGmna90U9CEsWlUVaSkAw.jpg
32060,https://image.tmdb.org/t/p/w500/gtaQOHgnGAOQdkLY57Mlu0ZdZA3.jpg
48686,https://image.tmdb.org/t/p/w500/5wGAfVATbWAL6g91XMnMZeMKz5F.jpg
48259,https://image.tmdb.org/t/p/w500/yet0Ww2A7f5qT7MisDuIBSXdV3r.jpg
873,https://image.tmdb.org/t/p/w500/6bvxkcTAXyqxGRwo38mxw92D6Xr.jpg
48660,https://image.tmdb.org/t/p/w500/bDMUr5IQWAwUpFZFFxltLuAIb7N.jpg
26789,https://image.tmdb.org/t/p/w500/e3GLsfBLy7fdM3dJKAkzQlTIqII.jpg
3934,https://image.tmdb.org/t/p/w500/dhgiWGxKnGRD4AD2bRrzc16UdTz.jpg
108312,https://image.tmdb.org/t/p/w500/5HNYDlnI145RJWA5BWeomtVZ4JM.jpg
198469,https://image.tmdb.org/t/p/w500/emPz3c9jQdH5oJbpSUN7zwXLkin.jpg
11416,https://image.tmdb.org/t/p/w500/6K9cG6LOOtySZF4D4xBu1MApC1N.jpg
10776,https://image.tmdb.org/t/p/w500/iKkbN17OmFosaW6asCNZTTsyvpu.jpg
24452,https://image.tmdb.org/t/p/w500/s9MrumN9oCfv1rFoEvMLwucWD7V.jpg
9710,https://image.tmdb.org/t/p/w500/fz9QrK7OF4EoQbdSO8KSPgJWiZB.jpg
31924,https://image.tmdb.org/t/p/w500/kxuR1RpAUWRHKzCwbjg2bw6RTGI.jpg
30890,https://image.tmdb.org/t/p/w500/ljZ3yyYznAiq1vF6nHITdJn6qXB.jpg
24081,https://image.tmdb.org/t/p/w500/jkwzakMmaasylJc2Uj9LvL8bSOk.jpg
20242,https://image.tmdb.org/t/p/w500/fBW8jvJZPergKfkkZYWk93cpJZ6.jpg
66194,https://image.tmdb.org/t/p/w500/5SZ3a2OCWd69m9bBe9FZd6HLCF7.jpg
3526,https://image.tmdb.org/t/p/w500/eyUq8VBgoHncr0cXFTKgg3VPyfi.jpg
16406,https://image.tmdb.org/t/p/w500/aBG4XoK5xkujl4crloPs6bStl4m.jpg
10386,https://image.tmdb.org/t/p/w500/ct04FCFLPImNG5thcPLRnVsZlmS.jpg
745,https://image.tmdb.org/t/p/w500/vOyfUXNFSnaTk7Vk5AjpsKTUWsu.jpg
913,https://image.tmdb.org/t/p/w500/5yqs1MVlqdIg1DY5adC5jFx3d7j.jpg
912,https://image.tmdb.org/t/p/w500/oODAwa2AK3fXvK93GCbq7dFLZPi.jpg
12229,https://image.tmdb.org/t/p/w500/o0KvKCgxMFccx3SzDI3p2218921.jpg
67323,https://image.tmdb.org/t/p/w500/isgUjJ9dlDyUJqEWtFrNeQe1wMg.jpg
19457,https://image.tmdb.org/t/p/w500/AtwXtU8CDWvVADgOwRkOSRZFPWI.jpg
11353,https://image.tmdb.org/t/p/w500/hwEnnlodAfs7peU1h3IoD76NeiI.jpg
17707,https://image.tmdb.org/t/p/w500/pWxoggA0KCS5oMPDOjIDYZYzryE.jpg
9781,https://image.tmdb.org/t/p/w500/jedOctnsD20K4IvOeh5jG811B8L.jpg
18212,https://image.tmdb.org/t/p/w500/7FC2UK7MyEwlmbJGCIIFg4U7VPU.jpg
13817,https://image.tmdb.org/t/p/w500/7kOpfb9oCiDP7LUWbthZhzjnh1J.jpg
12185,https://image.tmdb.org/t/p/w500/h1yOiO9cow6gwmGxSAWvPdY4lhJ.jpg
28501,https://image.tmdb.org/t/p/w500/6hOTmFaePluI5eicY4XTv6hg0T0.jpg
25319,https://image.tmdb.org/t/p/w500/sSYceyGZrWskWDsn3MHtipJ1wFM.jpg
24103,https://image.tmdb.org/t/p/w500/jBCucUiw7Incipok1xvUa9AVhW.jpg
10552,https://image.tmdb.org/t/p/w500/kKyq7izpMkmr8sT2nLic5qAuJPo.jpg
9267,https://image.tmdb.org/t/p/w500/ajbdFQLvJTlNu4LnVWGnNMb4mZ8.jpg
10766,https://image.tmdb.org/t/p/w500/nZBPvfAgy0GBTEw9YxAuWhoPj96.jpg
10768,https://image.tmdb.org/t/p/w500/jDW2C77QNMQe6Lp2jeqAQXe2uaX.jpg
813,https://image.tmdb.org/t/p/w500/7Q3efxd3AF1vQjlSxnlerSA7RzN.jpg
2665,https://image.tmdb.org/t/p/w500/zs7Pjyabt0fwe2XqIx0gnF9Q4np.jpg
9406,https://image.tmdb.org/t/p/w500/1NUOprbP7LLfKPArLJY7wziUiHT.jpg
11418,https://image.tmdb.org/t/p/w500/4IwFj1UWyZlMf8es2URyv6HWxMx.jpg
11153,https://image.tmdb.org/t/p/w500/q3DvoqY06yZnRp9faH6uge7n7VP.jpg
14170,https://image.tmdb.org/t/p/w500/tW6LGDEZrJpLbvEGkHk51MyQqJC.jpg
2280,https://image.tmdb.org/t/p/w500/eWhCDJiwxvx3YXkAFRiHjimnF0j.jpg
11077,https://image.tmdb.org/t/p/w500/kgckcpAiBrI5l78MrxCw2ZakycU.jpg
28597,https://image.tmdb.org/t/p/w500/npr7j2HuRgvsKrXLIxIiXevTH8A.jpg
22611,https://image.tmdb.org/t/p/w500/uVyqRtRaIGrHJvfxImrHHFaQNxM.jpg
39780,https://image.tmdb.org/t/p/w500/9naDX3u4hsRM8jZ0Y7k5e2HAKmY.jpg
10396,https://image.tmdb.org/t/p/w500/8LoG0GL5N5e7zvvXezwwGnUfRHL.jpg
9944,https://image.tmdb.org/t/p/w500/1V9B0fk3dh2Af2yUI5mAEETJNNT.jpg
850,https://image.tmdb.org/t/p/w500/34nSHYqmb7222tiqiuKqKJmZiQa.jpg
10154,https://image.tmdb.org/t/p/w500/gEnKsStQ27P0KCCIGtkYwvFQ0RX.jpg
10342,https://image.tmdb.org/t/p/w500/cGv0tkWZZSmoaPYiOsDcGmMhKq7.jpg
10366,https://image.tmdb.org/t/p/w500/qlcPJK0Me8aUtDPwk3TqN2RdKH4.jpg
9349,https://image.tmdb.org/t/p/w500/fp0mWrHl1SW9PhP8QcsgYPoVYFc.jpg
10494,https://image.tmdb.org/t/p/w500/6WTiOCfDPP8XV4jqfloiVWf7KHq.jpg
22314,https://image.tmdb.org/t/p/w500/mYteXffai9mmShyGCa4nPhfGCLQ.jpg
51679,https://image.tmdb.org/t/p/w500/cVWKNCnosCBfEmSDVNoxtrI8px0.jpg
11037,https://image.tmdb.org/t/p/w500/8NJrLRX1RdKUNU4mhRQ8nLr6bMX.jpg
11955,https://image.tmdb.org/t/p/w500/fWqhxzwGW45NO7PtJWQbiS8hO01.jpg
2038,https://image.tmdb.org/t/p/w500/ylvfsnacoqsTdZuLty2XVRolnNH.jpg
28737,https://image.tmdb.org/t/p/w500/11a0w12nHY7rVjYSbnAeABOsKF.jpg
11963,https://image.tmdb.org/t/p/w500/zinwtZqdb7gnc4zMu8dfkK1fMN3.jpg
141489,https://image.tmdb.org/t/p/w500/bPH2UXKNwfr8lIjUDTMuaa0Dsjq.jpg
9096,https://image.tmdb.org/t/p/w500/lkHqtViTG4Zzh7i9rrtHJGTnEUg.jpg
113273,https://image.tmdb.org/t/p/w500/yy4fFWLigLn6MKCqFIFMCjQJ7Ab.jpg
1911,https://image.tmdb.org/t/p/w500/pj1IQQ7ajwaOrjjTCxyM1L4mSnX.jpg
2900,https://image.tmdb.org/t/p/w500/54RGJ6INW9ERG8IaalmMKbbDgwH.jpg
17709,https://image.tmdb.org/t/p/w500/4LP5BieqdFNlCFjxsvaA3d6hGGd.jpg
37718,https://image.tmdb.org/t/p/w500/gmnHlJj1To7112PxZLehuwT9CaP.jpg
2162,https://image.tmdb.org/t/p/w500/t8Qn1iKnvVOttEqaj6hz9tKGBjD.jpg
14578,https://image.tmdb.org/t/p/w500/xSqewkFWR0zs7OkXLOd10VnxFPN.jpg
40694,https://image.tmdb.org/t/p/w500/1vgEn2ii7fMJ2XYLdGQDDSOfcPY.jpg
49184,https://image.tmdb.org/t/p/w500/djx4ceoh6o5kdLKRuPsMULNWvDl.jpg
10307,https://image.tmdb.org/t/p/w500/sKS1Vuqj7OQpOumfs6ArC0TICTN.jpg
11601,https://image.tmdb.org/t/p/w500/9CyJ5aYF27cITX1WSUTENeP4wBE.jpg
1075,https://image.tmdb.org/t/p/w500/gGtt1IQUAzEjOPS1xHoC9PDX2VT.jpg
21719,https://image.tmdb.org/t/p/w500/vrnI5WePtq2iXkcmeYnMrLCpI9B.jpg
47951,https://image.tmdb.org/t/p/w500/imHIqEfWRZuJ2vLow0UJ9aqjyEO.jpg
43832,https://image.tmdb.org/t/p/w500/lqcwiWancAkjtAQPHr9V3SfJjBM.jpg
47697,https://image.tmdb.org/t/p/w500/UBPF9ii1ema6XFmMiZcekNTDbM.jpg
26522,https://image.tmdb.org/t/p/w500/vSLrddsvH8bJzryOS5BD9qtTtFa.jpg
28295,https://image.tmdb.org/t/p/w500/aIf1QdKUUMjwzYj34YOccuGNZYD.jpg
12105,https://image.tmdb.org/t/p/w500/cjrGM2QYlwzV6vXz2yF7y6fdTRu.jpg
14,https://image.tmdb.org/t/p/w500/wby9315QzVKdW9BonAefg8jGTTb.jpg
24128,https://image.tmdb.org/t/p/w500/utNpurUe1MMjEaHqvpkfxgfpSnV.jpg
11001,https://image.tmdb.org/t/p/w500/jek2osBtFhzU6Hjj7yp1egOtbqO.jpg
10390,https://image.tmdb.org/t/p/w500/vkeKxoSXE1qMArcFNTNBBH8TjKZ.jpg
9453,https://image.tmdb.org/t/p/w500/vNXAY6r9Pb6WkMCGmNeW2PlznLQ.jpg
704,https://image.tmdb.org/t/p/w500/6Ulsccp2VkaVU5qbya3bxm9JG4x.jpg
142132,https://image.tmdb.org/t/p/w500/9VpZ9apNn5uym9TYEtYEhMYOTEX.jpg
24153,https://image.tmdb.org/t/p/w500/4Zu9YdN5O4jnXJmqBMHckkKpJ2S.jpg
11797,https://image.tmdb.org/t/p/w500/euIh75MwNDrYkTEVSkw7VXWGXoE.jpg
18086,https://image.tmdb.org/t/p/w500/prRLaaF59mE3Q2vGWaokgcCzArT.jpg
17887,https://image.tmdb.org/t/p/w500/qh64tAOmbQNoYMLTETkhmBQgSbu.jpg
10669,https://image.tmdb.org/t/p/w500/2TrAzNJlHyNYYSkQf6asg3rs2Xr.jpg
11527,https://image.tmdb.org/t/p/w500/cTWF6zkr5mUOnheowKODIijWYcN.jpg
40867,https://image.tmdb.org/t/p/w500/71Q9f7byPqH8trF4BvZOlXnhO2D.jpg
1049,https://image.tmdb.org/t/p/w500/tAgQKLv0GK97Tr0bvdI66oXlEVb.jpg
28032,https://image.tmdb.org/t/p/w500/eBvSSfwAKgcjF4eyaeNSzTCpfaF.jpg
11326,https://image.tmdb.org/t/p/w500/pAImVnqBJwoFAKrcpAe17JjLGUs.jpg
28377,https://image.tmdb.org/t/p/w500/gCUksQvJV6hoqvDDyLhxxxicRBd.jpg
10975,https://image.tmdb.org/t/p/w500/vkj5JxVgY1ZYhX4pBHHgwdRNEkl.jpg
10974,https://image.tmdb.org/t/p/w500/7H0Qp0EqFdBIChuXrR4kEyKZyzk.jpg
10398,https://image.tmdb.org/t/p/w500/dPd9QvEeMQpgHO6iLB1LqALTZl.jpg
2290,https://image.tmdb.org/t/p/w500/vvwsvPyQFuQbKKfzNgoRhAcL5ml.jpg
24071,https://image.tmdb.org/t/p/w500/a2uqenG3BZICDrcrr49IZwoHA8Y.jpg
62994,https://image.tmdb.org/t/p/w500/9B5ZKG8Ht1xacz61x3sRovY6glG.jpg
60994,https://image.tmdb.org/t/p/w500/1isgjzl3mwVoxlRd7sqJ7COzwZw.jpg
16112,https://image.tmdb.org/t/p/w500/u9i4frT1XPaTqJxRYLJ8j2r8LYO.jpg
32305,https://image.tmdb.org/t/p/w500/uJG7oSRQxacXC2GvzPF2nDoWXIW.jpg
14429,https://image.tmdb.org/t/p/w500/qq2jbAOw5yWTaSPJIRHxvTf0bND.jpg
15198,https://image.tmdb.org/t/p/w500/bmg4sjOQswcrP5mPL9YzNom9cXx.jpg
6415,https://image.tmdb.org/t/p/w500/fClJQW8xn8wHOFqoA4jUn0PZh1f.jpg
24066,https://image.tmdb.org/t/p/w500/iSEzKwTDQfmlIFJqKia2cSg88KH.jpg
21430,https://image.tmdb.org/t/p/w500/qxq6JeYxsUIqkEN1gef3ljcV68H.jpg
10381,https://image.tmdb.org/t/p/w500/9LASEwSyW2h7Zql0t1ksURC70MG.jpg
171982,https://image.tmdb.org/t/p/w500/hrXTHdoXr4SiP9Dvx1muQ1YCdus.jpg
60285,https://image.tmdb.org/t/p/w500/6kIcuVMyJJKmxy7bFbI9q1DWByR.jpg
5622,https://image.tmdb.org/t/p/w500/kAJEaXgZ5sO0tBaB9By260JZUQg.jpg
10349,https://image.tmdb.org/t/p/w500/uTzi0no438AjKELtJgTbipNxWGu.jpg
42518,https://image.tmdb.org/t/p/w500/fiwAJIAnSqWbU3JphqN8Y80mFM6.jpg
29787,https://image.tmdb.org/t/p/w500/zbxrAWN2Ss5RXK1uDvMW82xFh0n.jpg
9638,https://image.tmdb.org/t/p/w500/eR0uJ0Wje1lYJ4aHEpkcjgIM8d7.jpg
10576,https://image.tmdb.org/t/p/w500/sJAPRj3vHmjV4z97YK84iDovYlm.jpg
12662,https://image.tmdb.org/t/p/w500/Apzx9D0fNAj07c7KYSvjGax9R3.jpg
11712,https://image.tmdb.org/t/p/w500/zW47oIH3bc3ggmmmzTvKqM4Fqjk.jpg
12618,https://image.tmdb.org/t/p/w500/k7LoKDWDesvYD7DXDh9Ewlxtcx8.jpg
13824,https://image.tmdb.org/t/p/w500/vfBUCPe6wgt3SwNP7dKlqh8xeyO.jpg
226,https://image.tmdb.org/t/p/w500/eB505ycEhFVfMwGglIzXNUyKAIs.jpg
10388,https://image.tmdb.org/t/p/w500/efAnFInZYrenNvBlLIXN2oLYyNc.jpg
9346,https://image.tmdb.org/t/p/w500/82KOHShH9raGhkcAN3TztVjqjj3.jpg
861,https://image.tmdb.org/t/p/w500/wVbeL6fkbTKSmNfalj4VoAUUqJv.jpg
14412,https://image.tmdb.org/t/p/w500/5LipPcaW1J9IjAP7TOTesw8OcMS.jpg
9377,https://image.tmdb.org/t/p/w500/9LTQNCvoLsKXP0LtaKAaYVtRaQL.jpg
11541,https://image.tmdb.org/t/p/w500/y9GIM95xWWU4urqqu0kziby0Ykg.jpg
11901,https://image.tmdb.org/t/p/w500/AjkJCFkqanK1OZqiHxc6Kl2wPQO.jpg
4929,https://image.tmdb.org/t/p/w500/gFvRKgCAa1MKlcAKZfoDNdR2dgy.jpg
11230,https://image.tmdb.org/t/p/w500/cf43J2SH8tECZVl9N5n0Q6Ckche.jpg
8416,https://image.tmdb.org/t/p/w500/nLJjFRqIJAK8qz0OKYnpKCblZNK.jpg
11054,https://image.tmdb.org/t/p/w500/n78VVWG1jsEpMCtcye13wy1RiAx.jpg
851,https://image.tmdb.org/t/p/w500/jC9EwLJcGhYMSQAHu2LxkKN5v7O.jpg
24453,https://image.tmdb.org/t/p/w500/tBiw9KXH9agSgi4WhgVkFuEhYjO.jpg
18254,https://image.tmdb.org/t/p/w500/3XqGKUuqFxX9X61sXhe0T6ayAHa.jpg
56235,https://image.tmdb.org/t/p/w500/89289dPlOMOIWTZtIhy4qHhBQpb.jpg
20123,https://image.tmdb.org/t/p/w500/fF9kWNMjiXC6f4YrdVFA0ScnWgQ.jpg
16642,https://image.tmdb.org/t/p/w500/siE1XQ544MLO27geLYDbUDy3oTt.jpg
3086,https://image.tmdb.org/t/p/w500/lJYD3CMgKtv12hazSHc7xt3i2uq.jpg
16305,https://image.tmdb.org/t/p/w500/z5cqIM0ysVjkCmaDfyTQnlozdIp.jpg
32255,https://image.tmdb.org/t/p/w500/vl3MVnrUsCa0wRsFTVU0ohbtWy6.jpg
19997,https://image.tmdb.org/t/p/w500/wb9OBAiO3aUpY4UBkE07KscXSkA.jpg
3767,https://image.tmdb.org/t/p/w500/46eKPjoWEyNBAQKDoXEcDFBcaUw.jpg
17352,https://image.tmdb.org/t/p/w500/nYNltu2clFoRQGBz9BtZUTcCbUm.jpg
535,https://image.tmdb.org/t/p/w500/ziiy6ORt8BlxWFXskBChBMInvDA.jpg
2731,https://image.tmdb.org/t/p/w500/sAemRfr6mOSwtQ76e4yUQVImo8B.jpg
1654,https://image.tmdb.org/t/p/w500/tFWWsuhp22zJ6OG6QepJIiPUfeF.jpg
14831,https://image.tmdb.org/t/p/w500/nLvgIB3bVb8jyhls5W6B74Xt4Ei.jpg
658,https://image.tmdb.org/t/p/w500/laYAUz0xtIHpDYnE4fjUWpvaeX0.jpg
657,https://image.tmdb.org/t/p/w500/zx4V17FP8oclNvOpTgs2iCCtiYk.jpg
646,https://image.tmdb.org/t/p/w500/9zCOLJmLNst0sCPZlkW1IRoH65E.jpg
5689,https://image.tmdb.org/t/p/w500/k6KsThCeoxxHDbVnlHLdTlf5wsy.jpg
391,https://image.tmdb.org/t/p/w500/lBwOEpwVeUAmrmglcstnaGcJq3Y.jpg
8052,https://image.tmdb.org/t/p/w500/1l5UaoP25Ak8PWCKIULQz70yF03.jpg
772,https://image.tmdb.org/t/p/w500/uuitWHpJwxD1wruFl2nZHIb4UGN.jpg
31650,https://image.tmdb.org/t/p/w500/7Vqw29y8pkoHaVtwkQcQhBK9oTY.jpg
550,https://image.tmdb.org/t/p/w500/pB8BM7pdSp6B6Ih7QZ4DrQ3PmJK.jpg
12220,https://image.tmdb.org/t/p/w500/8rm0CZpHW1D7pIv8OguJNHF93LV.jpg
1610,https://image.tmdb.org/t/p/w500/xTpZGWVo5DDk1oQUrUJcRjqGzGg.jpg
42881,https://image.tmdb.org/t/p/w500/mK8pJA05Sdp3Hc4KWHMqhaMEbVW.jpg
29064,https://image.tmdb.org/t/p/w500/hIQyTUQ2b7U8YufIrDPtZpVwg9S.jpg
404,https://image.tmdb.org/t/p/w500/tT9cMiVDdtlcdZxOoFy3VRmEoKk.jpg
42196,https://image.tmdb.org/t/p/w500/iAgSkpZslQ2s3onL9TaHbyWygtC.jpg
36819,https://image.tmdb.org/t/p/w500/4VZtpwdhHQSa4LUkvujyGAHb1hG.jpg
42726,https://image.tmdb.org/t/p/w500/boDZQiubhyhksN8fcgM4sXZ2btW.jpg
9343,https://image.tmdb.org/t/p/w500/oBCnYEKcg1rMhr5JjDnrRpilvDd.jpg
16858,https://image.tmdb.org/t/p/w500/culCEdj4srLljefgn4XKd6k3C5t.jpg
42006,https://image.tmdb.org/t/p/w500/2CP2eazEBKJ3njm4HM63pMfs5tW.jpg
11562,https://image.tmdb.org/t/p/w500/6vC6MLYUICH57MmEVi1UaNaj2Qs.jpg
10496,https://image.tmdb.org/t/p/w500/pZRcf2BwcxWg594X6XT2jkR2qdb.jpg
16162,https://image.tmdb.org/t/p/w500/ub2Njdn4kq49ndyg7QglnE8PUqT.jpg
8649,https://image.tmdb.org/t/p/w500/gE2Q8mL0m0EA6HakRyc92uzSPJn.jpg
31306,https://image.tmdb.org/t/p/w500/bAlevqRg9KG9y725tt4YkNajLrk.jpg
10563,https://image.tmdb.org/t/p/w500/z2EhRgWvzNa2NgoX0uModV6mEb2.jpg
14484,https://image.tmdb.org/t/p/w500/1YihuAszdbPMPxK7k46UYLdP1mz.jpg
32043,https://image.tmdb.org/t/p/w500/yIVqiwhkWos3C9gt34ZeEQ0c3xm.jpg
15247,https://image.tmdb.org/t/p/w500/iCNRK7NVhBvNpiyMRmCpTBFNoLO.jpg
29251,https://image.tmdb.org/t/p/w500/5SXfbuEtAGFVAbY9uSPirfd8I8u.jpg
5548,https://image.tmdb.org/t/p/w500/esmAU0fCO28FbS6bUBKLAzJrohZ.jpg
5549,https://image.tmdb.org/t/p/w500/uL3Ab6SOcN35ZTF2XrE1NzFwXdl.jpg
856,https://image.tmdb.org/t/p/w500/lYfRc57Kx9VgLZ48iulu0HKnM15.jpg
38772,https://image.tmdb.org/t/p/w500/1oN3ZQPyJcSqoj0An39FSD8VFmC.jpg
699,https://image.tmdb.org/t/p/w500/xV4Nnr6DjjERlqNikqDQX8LUgua.jpg
709,https://image.tmdb.org/t/p/w500/8nzJve63EXA79HGAyidZwivZrQ2.jpg
253,https://image.tmdb.org/t/p/w500/39qkrjqMZs6utwNmihVImC3ghas.jpg
13511,https://image.tmdb.org/t/p/w500/vIEaIVlV5XRIUVoaptsymIexaL2.jpg
660,https://image.tmdb.org/t/p/w500/wCc4qllaTDsQN8zgGkAgQrKO6N9.jpg
11377,https://image.tmdb.org/t/p/w500/weiGTsZqBglKxkIn5xj1nEjxn81.jpg
26149,https://image.tmdb.org/t/p/w500/maqYjELEaeCr3EtN7KNLTAwycS5.jpg
492,https://image.tmdb.org/t/p/w500/xVSvIwRNzwXSs0CLefiiG6A96m4.jpg
128,https://image.tmdb.org/t/p/w500/cMYCDADoLKLbB83g4WnJegaZimC.jpg
8672,https://image.tmdb.org/t/p/w500/aipkPgZVlTqqACWHHeHbIHqoQbs.jpg
8056,https://image.tmdb.org/t/p/w500/anUwgyVrC7kUwN5OliazbC5qBfr.jpg
2020,https://image.tmdb.org/t/p/w500/lhDn0yzCDkVCzHEtoLdASSLDHxn.jpg
9481,https://image.tmdb.org/t/p/w500/7atMCqRaDpAOnGsteTRm17zmvN3.jpg
9008,https://image.tmdb.org/t/p/w500/jJCyIBPfvk41uETq6K6u4upyGO8.jpg
14242,https://image.tmdb.org/t/p/w500/qAoIbQDnbGgiLDBUtOh7JUe5XQX.jpg
16129,https://image.tmdb.org/t/p/w500/hlPBctls7n03GOj3qDjFWWzCiFt.jpg
11489,https://image.tmdb.org/t/p/w500/buwLjQPPA9FaATvKzeAppLXiGMB.jpg
28145,https://image.tmdb.org/t/p/w500/7wVLBgriOQpT5RrufAFCdCSUp7M.jpg
18111,https://image.tmdb.org/t/p/w500/7t9PmI65umna8yq0BPU9YoKn62I.jpg
31361,https://image.tmdb.org/t/p/w500/dOs3shYBvRjXG0XSdyKfh47iyYQ.jpg
11223,https://image.tmdb.org/t/p/w500/kNMfXPm1f8OgVYFU4aEhmP9TJzO.jpg
16281,https://image.tmdb.org/t/p/w500/4SoyTCEpsgLjX6yAyMsx3AsAyRQ.jpg
16288,https://image.tmdb.org/t/p/w500/x8vMzaVwjlVuf7eI0gTgf5i2Rfh.jpg
1694,https://image.tmdb.org/t/p/w500/1hY6AUl92cL9GdZx031UWFiGETt.jpg
476,https://image.tmdb.org/t/p/w500/2bQXK39axyedUL6DE1pzdMYgAw1.jpg
37094,https://image.tmdb.org/t/p/w500/7ujqyF96Zg3rfrsh9M0cEF0Yzqj.jpg
13555,https://image.tmdb.org/t/p/w500/wD4sFKDB9e5Sq3kfPhafCcYXdoS.jpg
961,https://image.tmdb.org/t/p/w500/nIp4gIXogCjfB1QABNsWwa9gSca.jpg
24831,https://image.tmdb.org/t/p/w500/oaz0Le3fT3R8jzlkXkNV7JAsd7x.jpg
25560,https://image.tmdb.org/t/p/w500/2LpU3kyg1PowiQoEHf7oUXOUmVa.jpg
21610,https://image.tmdb.org/t/p/w500/oqMl9RrdYerO1PYN6InmF91dahc.jpg
11878,https://image.tmdb.org/t/p/w500/tN7kYPjRhDolpui9sc9Eq9n5b2O.jpg
11510,https://image.tmdb.org/t/p/w500/muzfsLInuzjes8a9bOysc8gKGW6.jpg
11234,https://image.tmdb.org/t/p/w500/qlt65C43HeoDm5K5gYBtT20OeA1.jpg
957,https://image.tmdb.org/t/p/w500/cIbr9JRJX4jENulVETd4cAofTAA.jpg
11886,https://image.tmdb.org/t/p/w500/x9AvkYek0bGdxQSZ8W3lAjGrREm.jpg
37853,https://image.tmdb.org/t/p/w500/5B8Gc1N2S3CDWHBzm0VxaMPTyzJ.jpg
62204,https://image.tmdb.org/t/p/w500/tyzW1M00xfHKNtmTlT6wJ3F4pNr.jpg
11040,https://image.tmdb.org/t/p/w500/pLvUVqadEI9cPrRlTru6ee71EWU.jpg
21849,https://image.tmdb.org/t/p/w500/bjPvs6MY6Rv0DIiJ9rgx2TMEkAk.jpg
1621,https://image.tmdb.org/t/p/w500/8mBuLCOcpWnmYtZc4aqtvDXslv6.jpg
14035,https://image.tmdb.org/t/p/w500/eMU2jbtN9GEB2qPuzyA88XdOcCq.jpg
40771,https://image.tmdb.org/t/p/w500/uMhPQ6Nzt6TwqMvaBwRJz2b4t1a.jpg
40772,https://image.tmdb.org/t/p/w500/2N9rjuNg5vgQhKGrQJQLEDX7s70.jpg
40773,https://image.tmdb.org/t/p/w500/7FAaceddynGpLPXKTus6TSUP9YQ.jpg
11498,https://image.tmdb.org/t/p/w500/irEnDVtxox6gnRJuwtEZuxvl2vZ.jpg
11790,https://image.tmdb.org/t/p/w500/5HbfD84cSVKFL8Qz1oi0o7R6C1m.jpg
29371,https://image.tmdb.org/t/p/w500/dPbYJaH1j7sgj1NuA4VRyb7O4Mt.jpg
47941,https://image.tmdb.org/t/p/w500/mCdXzpghn4tPz6hbQcvS2UwOh1C.jpg
21349,https://image.tmdb.org/t/p/w500/2DNtxmXkotuaJexU57geTLIPnQf.jpg
1832,https://image.tmdb.org/t/p/w500/xI5beD8Td79E2uZNAxgd1gWWOEd.jpg
10047,https://image.tmdb.org/t/p/w500/rIvZPfts3aD4b5nROAysnOtSzlX.jpg
10228,https://image.tmdb.org/t/p/w500/xPW3AeK3iQi1Zd9dCbdNLijE48o.jpg
47692,https://image.tmdb.org/t/p/w500/itqEwiINuYvaqvFKw5YWitnqAUc.jpg
18561,https://image.tmdb.org/t/p/w500/9qejeCJ2lUevfwRdwdGADuoFX0X.jpg
144953,https://image.tmdb.org/t/p/w500/lBYQEQidyOkL5VI59FRHVmoMC4z.jpg
11663,https://image.tmdb.org/t/p/w500/iccBDq9aS1gwi6b8aJjBgPU4t2D.jpg
13485,https://image.tmdb.org/t/p/w500/7eZzwqLM1w1Mljg60rzB1zr27lu.jpg
9289,https://image.tmdb.org/t/p/w500/5zmvEofdIlgXrQl9A7e5IOzlnFU.jpg
9264,https://image.tmdb.org/t/p/w500/igwGf0qNka1qH1HPijgbABfUfB4.jpg
18222,https://image.tmdb.org/t/p/w500/l9Z43sz0qjTrmDjXRlChIVoH1JB.jpg
11165,https://image.tmdb.org/t/p/w500/aRR16lO2p2LXpxkEJUUW7LrgOLj.jpg
4203,https://image.tmdb.org/t/p/w500/8C5FJlUo96pj1xAs2BKnB58PYzi.jpg
24226,https://image.tmdb.org/t/p/w500/bAe0telFqAzdV8a7aUiIBMEy9d8.jpg
11379,https://image.tmdb.org/t/p/w500/jWZh2ChereoxKgTl3AmSAKNpnmO.jpg
29154,https://image.tmdb.org/t/p/w500/A9pfzwk02iNl6i9wyk8lNcBkvc.jpg
2039,https://image.tmdb.org/t/p/w500/2mnVWpvsHEHHnfvLn1NXYVvBGl5.jpg
77915,https://image.tmdb.org/t/p/w500/cOEIl9QjFe6Pt5W7hbkt2Hy7EfX.jpg
11943,https://image.tmdb.org/t/p/w500/732cOohUbdH3FCo7lPbYVtbgUot.jpg
11481,https://image.tmdb.org/t/p/w500/dtyCKEPLqv9wxyVazL4b843vtUb.jpg
2690,https://image.tmdb.org/t/p/w500/5TgL8ql6WwXWmX4EvBL4geJ7gx5.jpg
20565,https://image.tmdb.org/t/p/w500/fcOziYVE7iGW3H7tM4yLod4ExvK.jpg
27141,https://image.tmdb.org/t/p/w500/pFcUURqmwvvyq0eFzvDun8daPMX.jpg
10399,https://image.tmdb.org/t/p/w500/bRH3fDkBNAcgkCgQvA1YeZrWcN7.jpg
2668,https://image.tmdb.org/t/p/w500/1GuK965FLJxqUw9fd1pmvjbFAlv.jpg
36643,https://image.tmdb.org/t/p/w500/wCb2msgoZPK01WIqry24M4xsM73.jpg
99,https://image.tmdb.org/t/p/w500/hjQhzhkGYXPNM96k0mOgob6HMmn.jpg
25898,https://image.tmdb.org/t/p/w500/iN8B54ymwiLJmnbz5iluqbsit1e.jpg
9647,https://image.tmdb.org/t/p/w500/uO0znfB2ZzTXA1IS7jkrjNbpkYK.jpg
11787,https://image.tmdb.org/t/p/w500/dgd82hYmpiXDM1G867HqNaWe8wj.jpg
5156,https://image.tmdb.org/t/p/w500/abmxGiCV04NQj4jngbSQTGLgiC1.jpg
24276,https://image.tmdb.org/t/p/w500/cESTph19WGOoOPjpqjyl7mPdL3T.jpg
11953,https://image.tmdb.org/t/p/w500/fJgqj9s8HNZz9zwX6femVJn8HEB.jpg
29005,https://image.tmdb.org/t/p/w500/eQ9hDaTNpZ4wb7FWdqoJcOCJBve.jpg
26371,https://image.tmdb.org/t/p/w500/4MI2y8XViPrDiKs1p0QC4bTeZzf.jpg
596,https://image.tmdb.org/t/p/w500/eUcxMVBIA0Jg8l1RGUqycrc3eIQ.jpg
52470,https://image.tmdb.org/t/p/w500/9qXWyhDDoQH2WEc3KecjRmu6QC.jpg
20334,https://image.tmdb.org/t/p/w500/dZ1aEzGYRiqJwPfjS6VL7wUkHmF.jpg
11393,https://image.tmdb.org/t/p/w500/fwn1gYeOkS1XHKVFdNorKSIpix8.jpg
31121,https://image.tmdb.org/t/p/w500/6jmFvXPV6OhtX3AkAVnH7rwdeUJ.jpg
293,https://image.tmdb.org/t/p/w500/aVP45oS2cBL4WtZ1kB7r8uarruB.jpg
10998,https://image.tmdb.org/t/p/w500/vjB9XwJKnYqFKKjhWcE6WpAf5Ki.jpg
12235,https://image.tmdb.org/t/p/w500/wHYjo3NLc293ZEXVSGhRIUr3Iqi.jpg
36094,https://image.tmdb.org/t/p/w500/ydDNS3aCnBWOT9jQiEVmN56rk2i.jpg
9013,https://image.tmdb.org/t/p/w500/vT4hIPxQIfYPOwIQaTvOY2gHzJg.jpg
11005,https://image.tmdb.org/t/p/w500/9gztZXuHLG6AJ0fgqGd7Q43cWRI.jpg
59820,https://image.tmdb.org/t/p/w500/uBdJXVfcQkhKBg2SfydhoTqtcBr.jpg
2924,https://image.tmdb.org/t/p/w500/bymJtYNIdiAiBR1LRetaJXbfryc.jpg
177,https://image.tmdb.org/t/p/w500/hwIYw22HmAUMobV4zsX69MgfVUz.jpg
38557,https://image.tmdb.org/t/p/w500/bXIlE2QVIarVug9wpyPIz2xiWxf.jpg
13681,https://image.tmdb.org/t/p/w500/bmWg3uVn700inqOiadxeFTmiqmV.jpg
34760,https://image.tmdb.org/t/p/w500/qMUD4HGqjH1I8LBZI9kcT6Dxmyh.jpg
9946,https://image.tmdb.org/t/p/w500/pY8FbKKl3VD0jRI1iDFrwN6alLa.jpg
863,https://image.tmdb.org/t/p/w500/yFWQkz2ynjwsazT6xQiIXEUsyuh.jpg
31582,https://image.tmdb.org/t/p/w500/fkwkkUnaTmhaWt2OGBRepYr7yB5.jpg
22267,https://image.tmdb.org/t/p/w500/pH3J5IUzho4ZVaRuTuErzqHHovb.jpg
10411,https://image.tmdb.org/t/p/w500/ny722xPMhsY6JlRmQQjLZs7JP0S.jpg
20024,https://image.tmdb.org/t/p/w500/xTp5cyp6qG0YTdI4AEz4ytjODOQ.jpg
13787,https://image.tmdb.org/t/p/w500/utBNYz1cX43SQKZFH1JmMZU34Dy.jpg
9684,https://image.tmdb.org/t/p/w500/23S5qa8j3ajYnERcYCqMLfSeOvw.jpg
9586,https://image.tmdb.org/t/p/w500/pdrPrygZ5dVKi8UxrUXMmq1k2iO.jpg
70801,https://image.tmdb.org/t/p/w500/m3CF9lgC1mH1NWft43tgmyyOEdm.jpg
777,https://image.tmdb.org/t/p/w500/lWg41zE0FVixkNsFgxnlRyvDYv9.jpg
21887,https://image.tmdb.org/t/p/w500/xvoHFQlSAq0696rvONsEAWj1fcm.jpg
32331,https://image.tmdb.org/t/p/w500/pwl2DNSO4nnOYUTMubBC2DpMpOQ.jpg
32669,https://image.tmdb.org/t/p/w500/iOzcnFFsFG8XgZqiAO7EsJs6r14.jpg
18161,https://image.tmdb.org/t/p/w500/6wCNobX8pPdHF4zyzhuDKIem9Gx.jpg
31681,https://image.tmdb.org/t/p/w500/kEiJRrDP6m0o96v7n2UMtad4sAF.jpg
32274,https://image.tmdb.org/t/p/w500/d8LJWY8kaAIlfMiQLOGglL8VqVT.jpg
10402,https://image.tmdb.org/t/p/w500/w0UKAcY4fAPuQW2GhAoIMwutIA5.jpg
497,https://image.tmdb.org/t/p/w500/8VG8fDNiy50H4FedGwdSVUPoaJe.jpg
1715,https://image.tmdb.org/t/p/w500/qAECAgqjSFRVZzEEGbFAZqZNiDh.jpg
42739,https://image.tmdb.org/t/p/w500/k8ihC4NmbiIShEh2Q3ZUcHQeRQt.jpg
25188,https://image.tmdb.org/t/p/w500/7NYePZc0lZrRomtmQsjOJMePTEb.jpg
15515,https://image.tmdb.org/t/p/w500/rK5ceoe5d3K8cTzEoOnuRNA6Xt9.jpg
1439,https://image.tmdb.org/t/p/w500/PIlOkljucv7HnvATbn4JwrAvSn.jpg
2277,https://image.tmdb.org/t/p/w500/wrs23eO0VEWwOQpXoOasMnlW9Y4.jpg
10137,https://image.tmdb.org/t/p/w500/362lcwTJlNyAhitTlp2UraECISR.jpg
10387,https://image.tmdb.org/t/p/w500/hroNcPp2cn6mMWcYpkEud2GY78f.jpg
49948,https://image.tmdb.org/t/p/w500/5rwAtUaKEK48CPUijVfVU0IPKPZ.jpg
334,https://image.tmdb.org/t/p/w500/tpfC325Jk6S38VTe5dDWjWtoyxr.jpg
30237,https://image.tmdb.org/t/p/w500/wqI9NPJfTwD6ggEL7jdVCdJFc0m.jpg
50116,https://image.tmdb.org/t/p/w500/p6JglpvM6ERbZAYEW31gwvNprVZ.jpg
46435,https://image.tmdb.org/t/p/w500/mW7uANe68vhmk2j6Q74jPICmrEk.jpg
22213,https://image.tmdb.org/t/p/w500/81dDOnSj7sntDng0b7q39sqQQQI.jpg
36492,https://image.tmdb.org/t/p/w500/kwUOsLDIPuKhrtWeUmpR4dZ3MYu.jpg
624,https://image.tmdb.org/t/p/w500/mmGEB6ly9OG8SYVfvAoa6QqHNvN.jpg
26578,https://image.tmdb.org/t/p/w500/oDeaorrKpjzYgH1c9ePoJ3x9qvw.jpg
43103,https://image.tmdb.org/t/p/w500/uuyruoqh7oBtjwN1mJyOF04CPjO.jpg
9563,https://image.tmdb.org/t/p/w500/bysZeUvSPZPJnku4qkHF34CdgMG.jpg
1850,https://image.tmdb.org/t/p/w500/msOZS07xRIFnapwp3fprGbKEAfT.jpg
926,https://image.tmdb.org/t/p/w500/fZXSwgZknp81vmciTb86rw0MejV.jpg
1213,https://image.tmdb.org/t/p/w500/6ojHgqtIR41O2qLKa7LFUVj0cZa.jpg
10471,https://image.tmdb.org/t/p/w500/dP4fYCGQZzg17ta7FvLwJVCwwt9.jpg
10400,https://image.tmdb.org/t/p/w500/eOzbt7KsqTC8gcjJMxcQnr89cxJ.jpg
10397,https://image.tmdb.org/t/p/w500/3Zzcys11nAPP14sKW9l97fIHhkK.jpg
12524,https://image.tmdb.org/t/p/w500/82mCeQoeT2C7h7vR6Ot9MQotE1R.jpg
28216,https://image.tmdb.org/t/p/w500/buoMN4p95mvB2JgyglMb5gKxurV.jpg
36773,https://image.tmdb.org/t/p/w500/lkxqF5lQSVoLk9ikALSByJgBPoN.jpg
10219,https://image.tmdb.org/t/p/w500/h1CujbeKvwkR6LMr4jVuMM0C94X.jpg
3558,https://image.tmdb.org/t/p/w500/dOBdatHIVppvmRFw2z7bf9VKJr9.jpg
17908,https://image.tmdb.org/t/p/w500/44LHbH8pOxEBnSKDJsqTpKQ8jCI.jpg
10384,https://image.tmdb.org/t/p/w500/AmHGUjhgXnOYRYrF2ZYMtzfwxPe.jpg
48233,https://image.tmdb.org/t/p/w500/1gMccHZ6Ov37MphOE2w8C3V5pJp.jpg
10236,https://image.tmdb.org/t/p/w500/o5x563ze56iI4iNsCBxTnDkt28i.jpg
632,https://image.tmdb.org/t/p/w500/lfve9FDKjT7JPbWI9NCs5340F79.jpg
11851,https://image.tmdb.org/t/p/w500/pHYtq4wFaUy5Rfa8lRi24QMUwRY.jpg
5924,https://image.tmdb.org/t/p/w500/356oqQpug682OERsWV0bGZ0YxwQ.jpg
14886,https://image.tmdb.org/t/p/w500/zQoNkO99qfaBjh5aoA0pKau1prp.jpg
26617,https://image.tmdb.org/t/p/w500/AciLTjLqyHiEA0lq35CV4Atnm4v.jpg
10493,https://image.tmdb.org/t/p/w500/hXpav86ZX5N1YIfVfVtzuZLNrjW.jpg
16241,https://image.tmdb.org/t/p/w500/w7IZT1HJNmWcEj3Axwlwhya02OX.jpg
22160,https://image.tmdb.org/t/p/w500/Ac0m41QYoxYBfRoU4cL491vOfEv.jpg
9644,https://image.tmdb.org/t/p/w500/moP0nyVWVisqSeH6nMewWyIPV6z.jpg
13342,https://image.tmdb.org/t/p/w500/s1DA8H7qwoOcAEhow2rCzuQtpuO.jpg
35119,https://image.tmdb.org/t/p/w500/auyoK8OZh1sZldjJfy9RGzS6crV.jpg
14919,https://image.tmdb.org/t/p/w500/hT4ehUteagUrhUOHAtmYiY7mp5l.jpg
14040,https://image.tmdb.org/t/p/w500/sa8otETzs4ZJ77s7LypCmD0zzQe.jpg
22692,https://image.tmdb.org/t/p/w500/90EfCmXXWOs5dy7rHTNvGT9T8Kz.jpg
2990,https://image.tmdb.org/t/p/w500/9iHD6xIrGSuuMEFWhwSVGXSddY2.jpg
10831,https://image.tmdb.org/t/p/w500/ljeTWR2kowGXijMc8LMuy72ULM3.jpg
33078,https://image.tmdb.org/t/p/w500/55eiU0JNfNRqWbpabsf6NukntI2.jpg
16672,https://image.tmdb.org/t/p/w500/f0JpsMQ9oEjKBD66Ky3qK3z7LGT.jpg
10472,https://image.tmdb.org/t/p/w500/pqEEtX4S8j2XqZ9JAD97fz2DPkV.jpg
21489,https://image.tmdb.org/t/p/w500/j8uFsP2PxDMN3bdo5Ve6fYj0ebN.jpg
13005,https://image.tmdb.org/t/p/w500/vRMeb4LN416PGvSgG0n063bc5ez.jpg
18681,https://image.tmdb.org/t/p/w500/4eB1Gw5r3Etbe4su6PhOo6OAN9E.jpg
20468,https://image.tmdb.org/t/p/w500/i7HjSujyV4PpIcTzhlNxNGvMiRJ.jpg
14521,https://image.tmdb.org/t/p/w500/8yh2Pj4o92sF4ceTvzB5qP9szUy.jpg
10406,https://image.tmdb.org/t/p/w500/dR0YrVfaNDsirtatm7Uk8Z8e41K.jpg
14741,https://image.tmdb.org/t/p/w500/xdaPFRARLPJuSdQIfxKVJSCOsmD.jpg
1883,https://image.tmdb.org/t/p/w500/o2s9ow0uRRm1BcF3teznk5twd90.jpg
2005,https://image.tmdb.org/t/p/w500/xZvVSZ0RTxIjblLV87vs7ADM12m.jpg
6279,https://image.tmdb.org/t/p/w500/2jmPYqep3r2eumauyTauNIhSmR7.jpg
11087,https://image.tmdb.org/t/p/w500/1fBnyO3SbNBplck45js6O4pQaLw.jpg
7305,https://image.tmdb.org/t/p/w500/uQACcCZqd7WCTRin9xRIW5gr1bd.jpg
24735,https://image.tmdb.org/t/p/w500/m2QrxkojSmQb9k4DN6qhovDHLwD.jpg
9475,https://image.tmdb.org/t/p/w500/4adI7IaveWb7EidYXfLb3MK3CgO.jpg
8872,https://image.tmdb.org/t/p/w500/j2PXBHjYxg1PLBl0YQ8Tiblnqdn.jpg
8873,https://image.tmdb.org/t/p/w500/72TBNPN06oo1myHqihwcCQVDl48.jpg
11287,https://image.tmdb.org/t/p/w500/7xpFXAOjgzFPE3vyVerFGfrXhFK.jpg
9869,https://image.tmdb.org/t/p/w500/yToAJg67r3hk3Ux3sfXOdpiqxU.jpg
619,https://image.tmdb.org/t/p/w500/ihWF0uY1xnKqw9YK7ZHNLUZOhcO.jpg
9374,https://image.tmdb.org/t/p/w500/kkWxyyyWFK5KNk9WVwQuGEC9H9H.jpg
11259,https://image.tmdb.org/t/p/w500/rbxvGXcD7fixrAsbiAYl9R76uDs.jpg
8293,https://image.tmdb.org/t/p/w500/1009nhfj28VhhQnVadtjkOacduX.jpg
11068,https://image.tmdb.org/t/p/w500/4T7OKBdkNBorRKWw7VSeuA225z1.jpg
1923,https://image.tmdb.org/t/p/w500/rol5H6loAojd6tH2VXQYEXzGQk1.jpg
10158,https://image.tmdb.org/t/p/w500/jnI05Z2Cm9ACEJo8FGen7tdHKLl.jpg
10206,https://image.tmdb.org/t/p/w500/tcF3S4UdFpuoZEWovMDq5AXazNF.jpg
11782,https://image.tmdb.org/t/p/w500/mbA77wY7fjh2TSQ3FxEuqpKOOA8.jpg
10086,https://image.tmdb.org/t/p/w500/uRVI98a6MxdLkpsXM8LqIM9W7XZ.jpg
9367,https://image.tmdb.org/t/p/w500/zRh7K4SV1xQ419m8gzGITak51vc.jpg
9876,https://image.tmdb.org/t/p/w500/yCw4U5FK7C9hVWF2qcLO4EVvkCc.jpg
10326,https://image.tmdb.org/t/p/w500/eKbD77BEhhBmFD7ZE9VTi9o8r2K.jpg
16562,https://image.tmdb.org/t/p/w500/sx4qf2XoW0xaLITQLpajsYc4mcj.jpg
9609,https://image.tmdb.org/t/p/w500/qAHLUMZyoW3iwj2b01B2nKcePTA.jpg
12143,https://image.tmdb.org/t/p/w500/mVJ2mXykqq3t2v1nuouf1P10g0d.jpg
4234,https://image.tmdb.org/t/p/w500/qpH8ToZVlFD1bakL04LkEKodyDI.jpg
9605,https://image.tmdb.org/t/p/w500/2B6spN9XvzbK9hKDQtvTa4wVoys.jpg
8374,https://image.tmdb.org/t/p/w500/oCPwq7TVk8XZWDv1ErxyuR6Sn5n.jpg
29076,https://image.tmdb.org/t/p/w500/iMCuGjQu5LsS6hyr5KmRDNqcomy.jpg
28156,https://image.tmdb.org/t/p/w500/ovk7WxoO5Bu970qGCQuF6DgrwZw.jpg
113096,https://image.tmdb.org/t/p/w500/2VUVDdbInXCTn4X2ViCkIYE33r5.jpg
24349,https://image.tmdb.org/t/p/w500/pufOqUEeEzbUma3WfnLS0AHiMl5.jpg
27841,https://image.tmdb.org/t/p/w500/yzv8J2Vu63AQyEw5D9ckyBgn9Fo.jpg
1907,https://image.tmdb.org/t/p/w500/4y7LxD8TSi6AtsM2xSYqUm1gu7u.jpg
15489,https://image.tmdb.org/t/p/w500/myTnHKy178rrd1oUG3GkEvc641G.jpg
15655,https://image.tmdb.org/t/p/w500/9OdZKUdGfaBAUwRLbtWpFWKbILO.jpg
36210,https://image.tmdb.org/t/p/w500/y77YNEQeYld4JG2nF70grpTNk1y.jpg
30062,https://image.tmdb.org/t/p/w500/oBUx00YM5AUgWU6fHkRLVrc8DY8.jpg
62463,https://image.tmdb.org/t/p/w500/tkkfaTOTgeQ8iq0yQn4y8MvGkG8.jpg
25934,https://image.tmdb.org/t/p/w500/xMaVwTfgETmPs5yp3lNK5SeWCtB.jpg
14181,https://image.tmdb.org/t/p/w500/jFB5uvCZ3HXF00liAEAuOruCPs6.jpg
10385,https://image.tmdb.org/t/p/w500/lnnFFGhIXi6ZDU3r29eKHKTHdq0.jpg
2787,https://image.tmdb.org/t/p/w500/3AnlxZ5CZnhKKzjgFyY6EHxmOyl.jpg
2069,https://image.tmdb.org/t/p/w500/rDV7ntPLY0ZDBT722Odsi80nFrn.jpg
61416,https://image.tmdb.org/t/p/w500/t5s6oSCyA2tGf7J5ZJHii4eb2J2.jpg
79515,https://image.tmdb.org/t/p/w500/9xeGLoPEnrP92GfKLNJJxaz4RNn.jpg
28978,https://image.tmdb.org/t/p/w500/hWw9HfQmd4Rn1Et4vgZQsEf5tEZ.jpg
901,https://image.tmdb.org/t/p/w500/ugmakEL5y294I5bXgiBqApuZpwc.jpg
25010,https://image.tmdb.org/t/p/w500/hNCYkAXB9WIQBABXTV6Vs9kFrLY.jpg
10098,https://image.tmdb.org/t/p/w500/drgMcyTsySQBnUPGaBThCHGdlWT.jpg
33374,https://image.tmdb.org/t/p/w500/9Ci3ywt4fbrN6TP5iknNcQ1FHDf.jpg
127602,https://image.tmdb.org/t/p/w500/alnkjFvq0DC7IaS6QKJTYRlanQV.jpg
2155,https://image.tmdb.org/t/p/w500/5ZQpRgKgRIF0IgBx3kGYSNPRtvT.jpg
11004,https://image.tmdb.org/t/p/w500/5yvQe06HPNII2eZCJWTeMwqLWvR.jpg
20682,https://image.tmdb.org/t/p/w500/rUwl3cfSf60aP1uvfb4QIEVMHuq.jpg
25166,https://image.tmdb.org/t/p/w500/iuN2SXCGPIlC7pAPCOzqAdeaDji.jpg
1831,https://image.tmdb.org/t/p/w500/iYK1ZUtY4etcn91glUmrGuZRH6M.jpg
10416,https://image.tmdb.org/t/p/w500/2VtgMZPj3uDLz0zOQqZ74SUZGK4.jpg
14271,https://image.tmdb.org/t/p/w500/48AfKc79mpRcavpA5Hc7UW9Qqq6.jpg
4816,https://image.tmdb.org/t/p/w500/gkH4zOxIfbb4BEbk9Q4cVOEpDaY.jpg
19958,https://image.tmdb.org/t/p/w500/eThAKG78ypcpyZSysue7exgMuZS.jpg
28569,https://image.tmdb.org/t/p/w500/n6Kw8Ui93SMhrk1MupCFwUg04vq.jpg
2193,https://image.tmdb.org/t/p/w500/gMIEasZXQImHpRHos5XsVg80ERV.jpg
11016,https://image.tmdb.org/t/p/w500/rySfmQQZhS7RswOiJcJrww6FcHy.jpg
20423,https://image.tmdb.org/t/p/w500/7k8ylisWiEGxdRSlAf6v4PWiAjH.jpg
24481,https://image.tmdb.org/t/p/w500/hPiQUhnkgp2O9bQz9KhSyOjLvGl.jpg
11296,https://image.tmdb.org/t/p/w500/weIn0Huxx4SQU8PB5ZggzA4PLIE.jpg
28172,https://image.tmdb.org/t/p/w500/u6mWxgOrNAF3AaevaGEE4NqCwcQ.jpg
57855,https://image.tmdb.org/t/p/w500/7Nx00VscGdcPsa1PmjmwwMxLe3F.jpg
14280,https://image.tmdb.org/t/p/w500/e61tGxVtobTQuFPmAC7xWwdC4O1.jpg
29478,https://image.tmdb.org/t/p/w500/fxGAJFfryAgdi4ONkVyrBWKDBbI.jpg
73642,https://image.tmdb.org/t/p/w500/xeENuqgJtRcum0hJCrmUJ8HA4k8.jpg
2067,https://image.tmdb.org/t/p/w500/cTKWoBpN5Gvi0vpMb9mLtYlwXqT.jpg
622,https://image.tmdb.org/t/p/w500/iFDtmA8Bg9zE4NcsjcmGfqFN01H.jpg
28463,https://image.tmdb.org/t/p/w500/c1Uf4HC5WEcssVoOm48Bfzn7Wmk.jpg
12186,https://image.tmdb.org/t/p/w500/pkNIdL0fOENFBq3DdTb0M8FB26t.jpg
20283,https://image.tmdb.org/t/p/w500/k7b5GsVJK1hfdwoYqcczN9pBba6.jpg
5693,https://image.tmdb.org/t/p/w500/dHpjZQXEdoi1xNLubM1rPmTHJYz.jpg
287,https://image.tmdb.org/t/p/w500/q3T9bO6p74NcTxWOhdUA6fASQ5T.jpg
968,https://image.tmdb.org/t/p/w500/mavrhr0ig2aCRR8d48yaxtD5aMQ.jpg
838,https://image.tmdb.org/t/p/w500/1tjLivPad2PX8FAzWko7FPIb8d2.jpg
16958,https://image.tmdb.org/t/p/w500/8xsUnT0P2fJWQv9jGDhs3i9Zx2l.jpg
3114,https://image.tmdb.org/t/p/w500/jLBmgW0epNzJ1N9uzaVCjbyT94v.jpg
12501,https://image.tmdb.org/t/p/w500/aTjIUBmo7qbiu5FuvSoBA0UONWk.jpg
31618,https://image.tmdb.org/t/p/w500/eilzKLdafTPGZTq9BhHlsjM70JG.jpg
15873,https://image.tmdb.org/t/p/w500/d8kKzYlzTK73PVvEUJsUfc3VRUH.jpg
68427,https://image.tmdb.org/t/p/w500/sk5qednzLeDZMIhto6Oa9QFKOon.jpg
48213,https://image.tmdb.org/t/p/w500/ybLzxBiB9qiiqyANLj8RGs2Dkp3.jpg
35412,https://image.tmdb.org/t/p/w500/ma1WFq0Uxor6BHWSpWcITDiRtqu.jpg
8333,https://image.tmdb.org/t/p/w500/vNhywp9w1DVG6BytxKp4kjtaaGC.jpg
19259,https://image.tmdb.org/t/p/w500/35f6DPxoRswSTQickRVGe33i2cL.jpg
820,https://image.tmdb.org/t/p/w500/r0VWVTYlqdRCK5ZoOdNnHdqM2gt.jpg
11718,https://image.tmdb.org/t/p/w500/6iUoyyaMklULVoGJDyHcN4nGgSX.jpg
8989,https://image.tmdb.org/t/p/w500/5ZNWhOEsuNHIQ1gbtwdTGK7srCr.jpg
32031,https://image.tmdb.org/t/p/w500/qyKxAZbcnzmn24oATeUX7DqQ7aB.jpg
58048,https://image.tmdb.org/t/p/w500/8zsU3Vq9FG9Q0kTEYrl0CWDlvX2.jpg
26827,https://image.tmdb.org/t/p/w500/2Yu6ciKKgSWIZAzUg4IrrifO23z.jpg
11157,https://image.tmdb.org/t/p/w500/jWYAXtdYF804aT1muO0G6FuR2Fa.jpg
28370,https://image.tmdb.org/t/p/w500/g9CjIIyZdCybuCRkn4Ad8uWBclu.jpg
918,https://image.tmdb.org/t/p/w500/cLb3akSpZhU5qkmCO46IHfJtcs0.jpg
61178,https://image.tmdb.org/t/p/w500/mim8TLLXmD3ui03f9jVmOXGACv8.jpg
11176,https://image.tmdb.org/t/p/w500/8LUjnIW5ph6pHoXDE3Zg4iVi6BV.jpg
14900,https://image.tmdb.org/t/p/w500/6GQnfqebjz2aiQMlKngaAAFRJvC.jpg
11899,https://image.tmdb.org/t/p/w500/tUKxUiMXlfzMh4QvX8byJ7HRz1C.jpg
18890,https://image.tmdb.org/t/p/w500/iyFmhYlioe3PDZjSKWtcIhu5R02.jpg
19736,https://image.tmdb.org/t/p/w500/AvIT5XHXrxeNHxTHmyRalm7tfSM.jpg
123047,https://image.tmdb.org/t/p/w500/tY9j8r1dVVrATeThyro02ALmWwF.jpg
24575,https://image.tmdb.org/t/p/w500/XvukyvRCbkYKKv1TdtlyNxvzEl.jpg
16535,https://image.tmdb.org/t/p/w500/rEPzO9I6LCk6Mxg1X4BsBk6oA3V.jpg
10971,https://image.tmdb.org/t/p/w500/6fDhJAz6AuYWj3hAnvUL42Xlxfj.jpg
23928,https://image.tmdb.org/t/p/w500/oielnqLw4gVpaJDN6QTOapCqRXf.jpg
462,https://image.tmdb.org/t/p/w500/jEMvWBWVjndZT0vJnLrRWi9ajea.jpg
9532,https://image.tmdb.org/t/p/w500/1mXhlQMnlfvJ2frxTjZSQNnA9Vp.jpg
117259,https://image.tmdb.org/t/p/w500/eaOehKsttNGjoaUwVRvn7c6HMQ8.jpg
2383,https://image.tmdb.org/t/p/w500/ry4A1Y2udvqyDlVHLtSeP1u9qwJ.jpg
53879,https://image.tmdb.org/t/p/w500/a9aqlitzVeo5fq6UX5Ekl5kopco.jpg
1396,https://image.tmdb.org/t/p/w500/AttDP5OEsMxtHPPN7Z92p2Ntnmd.jpg
11570,https://image.tmdb.org/t/p/w500/lOSqs9ntb2wB7gveCx2l7cqC1nG.jpg
1541,https://image.tmdb.org/t/p/w500/y66rxathLobXk7xaUgPr4etBkRN.jpg
17443,https://image.tmdb.org/t/p/w500/AiAXiqN883MYQMzxeEzAtV9jkU0.jpg
8469,https://image.tmdb.org/t/p/w500/fWooBbipMRIKeSRhEzmeaDV0T8H.jpg
27995,https://image.tmdb.org/t/p/w500/qiJuXvPONqTSSnzhbCBqE7EotV.jpg
36739,https://image.tmdb.org/t/p/w500/vnfjKHcmah7ReMxLNF18JMXFgSZ.jpg
925,https://image.tmdb.org/t/p/w500/63rmSDPahrH7C1gEFYzRuIBAN9W.jpg
41823,https://image.tmdb.org/t/p/w500/223W6PWAiYb3BX2rbFvzjbDDIvz.jpg
1713,https://image.tmdb.org/t/p/w500/pw7cOdwCylBuiv6rvosBSkcgKEe.jpg
30547,https://image.tmdb.org/t/p/w500/8GyHL4TftI4SKVA8Jj9JpthhIu6.jpg
54825,https://image.tmdb.org/t/p/w500/Ap8XavPP8AyvW9TDQDAZzEGT200.jpg
13939,https://image.tmdb.org/t/p/w500/n0MJPBLSCtt7DBYZGFsOfQkZCWt.jpg
14373,https://image.tmdb.org/t/p/w500/90tc0EpC5H9JDpi9wLLE8o0tk8f.jpg
24873,https://image.tmdb.org/t/p/w500/mc33TytXxkC9cSKyztDJzwF3lbn.jpg
26263,https://image.tmdb.org/t/p/w500/r8HwJQJyKRyJ2JypwiVR5p0ZV84.jpg
34746,https://image.tmdb.org/t/p/w500/kFXm4aUMCrCtjP1nvp5gRPmseNe.jpg
996,https://image.tmdb.org/t/p/w500/rVNYZZgfhwqVMMWlBmxOfWqnwCj.jpg
9079,https://image.tmdb.org/t/p/w500/nLVV8TETjCxWQmIip6t3HO1znVJ.jpg
1498,https://image.tmdb.org/t/p/w500/shfAU6xIIEAEtsloIT3n9Fscz2E.jpg
1497,https://image.tmdb.org/t/p/w500/Hyvvz9Z3le1is8a0EeFJQm0aSC.jpg
1499,https://image.tmdb.org/t/p/w500/fwX5RdPDBFsbEAXc46DrvRz5Bca.jpg
1880,https://image.tmdb.org/t/p/w500/a2GkHcioc2QEFJbQk1NTB85u3vD.jpg
33762,https://image.tmdb.org/t/p/w500/ypfbaT6qB8cUfeflK7PO9F4hvsm.jpg
11690,https://image.tmdb.org/t/p/w500/kndxR9TRK0kJ5hxzDprRSS80F2W.jpg
29143,https://image.tmdb.org/t/p/w500/b6njtFr9IkmJGzwCkZWpDIYI1oC.jpg
35292,https://image.tmdb.org/t/p/w500/yGY053q9WlgaZzji50ZHK3p8VIy.jpg
36652,https://image.tmdb.org/t/p/w500/bPJe6d8etqVPyPYrNtE5rRNts9T.jpg
801,https://image.tmdb.org/t/p/w500/sreISlFUn5TyR41QNjlfAdX5SEW.jpg
104301,https://image.tmdb.org/t/p/w500/4BXVfarkduEvWVua2fDzN9CzSGD.jpg
11520,https://image.tmdb.org/t/p/w500/iMY7yFn4gMvGaQYMGWnyX2QgvHZ.jpg
1879,https://image.tmdb.org/t/p/w500/fkHeYWahNbhxhuLefaAg553lYo5.jpg
2085,https://image.tmdb.org/t/p/w500/zKrnaTWW63y4Q1XLrdZQyQmcRWd.jpg
13539,https://image.tmdb.org/t/p/w500/shvubL3pIrCyEK22ZHrx00oNtCY.jpg
16222,https://image.tmdb.org/t/p/w500/u9UtZNMj2m7dtOP6RcMAeRfqmnF.jpg
109479,https://image.tmdb.org/t/p/w500/3hLdv9aGXDTs95c0st9wBmaKpZR.jpg
17078,https://image.tmdb.org/t/p/w500/rQ1t23NAGJDv9oNfHEAsxhuiAOG.jpg
33516,https://image.tmdb.org/t/p/w500/xGXj6wpJimmWkQMahZryM7xB9EX.jpg
9960,https://image.tmdb.org/t/p/w500/3jhp9oxZpwcWCZ1vfn3PyMWovzq.jpg
3082,https://image.tmdb.org/t/p/w500/7uoiKOEjxBBW0AgDGQWrlfGQ90w.jpg
12187,https://image.tmdb.org/t/p/w500/ik6GtJXMoq5tA581IMeBHr7Wocf.jpg
24748,https://image.tmdb.org/t/p/w500/A168bF52vmAIGkC2Qafj7M2EmaE.jpg
990,https://image.tmdb.org/t/p/w500/snItsSViawjaadW9mlWUmGwR41R.jpg
1908,https://image.tmdb.org/t/p/w500/7oaHcF0gCOt2lKaT2zajhajP0Zo.jpg
9764,https://image.tmdb.org/t/p/w500/bIOrDQ3Gg68k3qJAnRU7nIZr0BW.jpg
840,https://image.tmdb.org/t/p/w500/yaPx3cK9zGFX3SbcKwxWM1QIbUh.jpg
42237,https://image.tmdb.org/t/p/w500/zwqnEiUygCOGRZJvbzaTRF6tbsC.jpg
26689,https://image.tmdb.org/t/p/w500/7kOHEXDUTyyQQmI1VES1JofgPbj.jpg
25673,https://image.tmdb.org/t/p/w500/3tKYbChwIRYCwFrMUDBkbZyDIoN.jpg
2291,https://image.tmdb.org/t/p/w500/ufLcHIi1aXjjH8MediAMvnwDsVI.jpg
13531,https://image.tmdb.org/t/p/w500/gQu0jeUNqVYICSHHJwT9k4Rcxz7.jpg
16620,https://image.tmdb.org/t/p/w500/6Znulqtc7cdqlUC69HGf26Ef5fi.jpg
526,https://image.tmdb.org/t/p/w500/l3nRJ9Cs7C1AZ7das8S76QqwqjI.jpg
13346,https://image.tmdb.org/t/p/w500/idewOpLosMvt2S0sCzcqoHhY8zk.jpg
243,https://image.tmdb.org/t/p/w500/e2LZGB62GMhv3Fo8tDZjY87I81a.jpg
10501,https://image.tmdb.org/t/p/w500/ryXm7xp4aqQyda0FU2eMfHehPBg.jpg
11478,https://image.tmdb.org/t/p/w500/pYuggibfzm8LWgjnUKMMtii2430.jpg
879,https://image.tmdb.org/t/p/w500/a6rB1lGXoGms7gWxRfJneQmAjNV.jpg
85689,https://image.tmdb.org/t/p/w500/yZib8tHbOHrSTSszif728VwU2L6.jpg
17529,https://image.tmdb.org/t/p/w500/lmexRC57l39elaIcnxhaHpcaIW2.jpg
118098,https://image.tmdb.org/t/p/w500/iXBUkgTfFzT9OC9B4egsF0rSAPr.jpg
1793,https://image.tmdb.org/t/p/w500/wYOmBIJwliiu43CwWqx79f8Zp8Z.jpg
11327,https://image.tmdb.org/t/p/w500/mW54BtqVRxrPnoO9gQQjTLJlnuU.jpg
1700,https://image.tmdb.org/t/p/w500/23Y65uWaVMpqfbZTN3CT0aei4D5.jpg
54087,https://image.tmdb.org/t/p/w500/tDAJzffAZyhpEsRiRCH3J9abTbZ.jpg
34322,https://image.tmdb.org/t/p/w500/hCl1X4Fh8LTQV283AJ5sKUanxV7.jpg
41659,https://image.tmdb.org/t/p/w500/eF8wNMMqY3kukUTTAVXLLx94UhB.jpg
593,https://image.tmdb.org/t/p/w500/pgqj7QoBPWFLLKtLEpPmFYFRMgB.jpg
10774,https://image.tmdb.org/t/p/w500/gZ8hhuVEQ78CLND09trZJ45Eiy8.jpg
10083,https://image.tmdb.org/t/p/w500/93CzsBvRhg035yvQosRtSsTL19v.jpg
29786,https://image.tmdb.org/t/p/w500/5e9IeZPFmApZZ37ixq9QhYZXURq.jpg
11356,https://image.tmdb.org/t/p/w500/d3dKPpzEi7WfgmoMnMwWyQnd2ja.jpg
10747,https://image.tmdb.org/t/p/w500/92BZIFPbyCPNhExyFScxA3xF1dy.jpg
10559,https://image.tmdb.org/t/p/w500/eu3Hrjj271dnBdNAF0HqfmwWASt.jpg
20697,https://image.tmdb.org/t/p/w500/rGbMrCUh6eRiWKsHNf5kqgPoliZ.jpg
2621,https://image.tmdb.org/t/p/w500/mtYZyZh7hSiTq3gAU0C8FlcMC5.jpg
10479,https://image.tmdb.org/t/p/w500/38iMM0sHOqNz315ApF9bEjT4rFA.jpg
125709,https://image.tmdb.org/t/p/w500/n7X4jmmRIRtqNQWXJt8LxZcS1Ja.jpg
49721,https://image.tmdb.org/t/p/w500/sI8AjPZMeRKn5mQ7LD4uYTStTMc.jpg
2006,https://image.tmdb.org/t/p/w500/z3MLtVFPT2wIkKCBSE2yBgDmeXI.jpg
17339,https://image.tmdb.org/t/p/w500/3bFRwivCZuXx7fHWt4SpYaiHkNL.jpg
11305,https://image.tmdb.org/t/p/w500/f11xq7dBGhz9UDc3dabldAGeXVH.jpg
13665,https://image.tmdb.org/t/p/w500/m8yOFRDVZPxtsr4D2hVdzls6q6t.jpg
12309,https://image.tmdb.org/t/p/w500/dZf3UpPZDvJYTODSUJQy7wYEop.jpg
1552,https://image.tmdb.org/t/p/w500/e51tNNQBJpJi9xkyuj0QFhyBcz7.jpg
106,https://image.tmdb.org/t/p/w500/k3mW4qfJo6SKqe6laRyNGnbB9n5.jpg
10333,https://image.tmdb.org/t/p/w500/ry9qfPhPcmXb3AuV1jLKNMqnXL1.jpg
11027,https://image.tmdb.org/t/p/w500/xH3sEe7AVQ1bevdKVoBqdXWu3f5.jpg
123757,https://image.tmdb.org/t/p/w500/sQmBGBIjDvX2nMwUHI3yQv4YAJ9.jpg
10468,https://image.tmdb.org/t/p/w500/tlgz7Shx0UavR5pyITeJ2mUHKFI.jpg
1359,https://image.tmdb.org/t/p/w500/9uGHEgsiUXjCNq8wdq4r49YL8A1.jpg
4967,https://image.tmdb.org/t/p/w500/wlgTrGGpz9I6XH2HJn8JJl2nv0W.jpg
31776,https://image.tmdb.org/t/p/w500/s6FODEWgJ9XDwKunGLWEmexguUs.jpg
10557,https://image.tmdb.org/t/p/w500/tDchJ4mB23vGgwdQCmq9FCQ4W23.jpg
27745,https://image.tmdb.org/t/p/w500/kdNkiqmMeJfaD8ybjiV6bVOrcQ8.jpg
13776,https://image.tmdb.org/t/p/w500/2vKIdZ6JkFIzcQeaHg3xtdvOyRO.jpg
26291,https://image.tmdb.org/t/p/w500/nfTWQ7GfH462FVmYEGQB1oHR6H4.jpg
10784,https://image.tmdb.org/t/p/w500/fMhOeJ2TvuY46iYGmsowhgRXfnr.jpg
10242,https://image.tmdb.org/t/p/w500/msGYzyWwtjAaA3DScdgmvJ5MReG.jpg
16347,https://image.tmdb.org/t/p/w500/uH810rwkYEbUaV6IlwTaAExbXUm.jpg
4825,https://image.tmdb.org/t/p/w500/mrSM6laJJLBVdMdWfeNRa1innnk.jpg
11654,https://image.tmdb.org/t/p/w500/fv83BVy6t1dcvPiBX5TBpgLZYcX.jpg
10518,https://image.tmdb.org/t/p/w500/uPNgubSiri2yvBQRPtP77ViYjN.jpg
11977,https://image.tmdb.org/t/p/w500/lXnNz7zOXCsftMDVoU3VSo0Eioi.jpg
18041,https://image.tmdb.org/t/p/w500/1fyQiQyBFlqjeqgT6sAEh5vo4Fe.jpg
14736,https://image.tmdb.org/t/p/w500/zNZWNX19FZ5QyedprVM0ldsXFiP.jpg
3536,https://image.tmdb.org/t/p/w500/yeUhRSrlFcXhsuUai2ozWH6rNnK.jpg
1443,https://image.tmdb.org/t/p/w500/1NCQtXPQnaHRjOZVmktA9BSM35F.jpg
10424,https://image.tmdb.org/t/p/w500/pMlk8spEliRD6hr4ILs5ubHeBGT.jpg
28971,https://image.tmdb.org/t/p/w500/tDD11x3ZWCXXXwdpbGEU9uU4kh1.jpg
9456,https://image.tmdb.org/t/p/w500/5JkLJ0HS1hGxZHok9pjBcLCpLuX.jpg
889,https://image.tmdb.org/t/p/w500/hJ0BqcVItbqe92LfsUC8zcNvwuc.jpg
10564,https://image.tmdb.org/t/p/w500/h8PBkTn6kDK9ZMCLj6jP6JnIBhY.jpg
15723,https://image.tmdb.org/t/p/w500/sMhWWdW6V3HXFanELFA1oHdvboS.jpg
19600,https://image.tmdb.org/t/p/w500/6JZi9v4ypDdvk3p03OpxmsZadbZ.jpg
125537,https://image.tmdb.org/t/p/w500/cGCNG3Md9t0Zvhksr27aqXa1AI9.jpg
452,https://image.tmdb.org/t/p/w500/rCzKe2A6GFIpyWnrdvDhUfCXp5H.jpg
36234,https://image.tmdb.org/t/p/w500/ptGDBAMfDOxr49RSTgMClxPiHjb.jpg
39283,https://image.tmdb.org/t/p/w500/jbPJ90UJBu908RFtXDsm4i6nuv5.jpg
65460,https://image.tmdb.org/t/p/w500/8dzRgDdbmEEolKPLpuScsMofHD3.jpg
55667,https://image.tmdb.org/t/p/w500/lPyp6ukHtpsOr4S0R4Pphgpp1IB.jpg
12476,https://image.tmdb.org/t/p/w500/ps7v0QHm9KRoEtMmcVu6eE6NQBJ.jpg
5241,https://image.tmdb.org/t/p/w500/tVYQhaYdUimvuXxWyqktTfe9qxJ.jpg
98,https://image.tmdb.org/t/p/w500/ty8TGRuvJLPUmAR1H1nRIsgwvim.jpg
47724,https://image.tmdb.org/t/p/w500/hkjBOhbNVCk6zbnC8Xo1cNYMmuA.jpg
11129,https://image.tmdb.org/t/p/w500/cHwnYGZh1fVuVWqT28GpCN0usYF.jpg
1058,https://image.tmdb.org/t/p/w500/AuDJp8BL25Yi7zBrg3wisVRIjJ4.jpg
42159,https://image.tmdb.org/t/p/w500/f2ZliAygp7xYA2ztWlP2MW8cAtk.jpg
16395,https://image.tmdb.org/t/p/w500/A92SmwJ4w2GSF6Mp2m8xE9GbG39.jpg
38925,https://image.tmdb.org/t/p/w500/zmXNjWFK4zlkStngN2qdVZ9Vprh.jpg
13105,https://image.tmdb.org/t/p/w500/QuTlgKKykL7j0PnZZd3LNFVhCX.jpg
22501,https://image.tmdb.org/t/p/w500/2brFFdhCSdcSzBbTOWg9VQra6QI.jpg
5491,https://image.tmdb.org/t/p/w500/wXCRuBHdJ5aTFQdsuGJFXNdo79T.jpg
10560,https://image.tmdb.org/t/p/w500/95Et0t08Nv6S8FD593HpXyvcRt8.jpg
19419,https://image.tmdb.org/t/p/w500/m6FfMbH1ga1Kp5QI9Nm0ETOIG64.jpg
23531,https://image.tmdb.org/t/p/w500/jIVMqADXH1fEAlf8K19FoDZYh0U.jpg
10688,https://image.tmdb.org/t/p/w500/yL1rYMHlqZtZVESxEWLsaneXq86.jpg
17889,https://image.tmdb.org/t/p/w500/sUWoYst249F6ctTXymuLktWEzmj.jpg
39391,https://image.tmdb.org/t/p/w500/qmeyhwe7pHJ30n6uLq8swyW1Juz.jpg
31516,https://image.tmdb.org/t/p/w500/lEU8QQmIayAtPZrCDf2czQgTjQ1.jpg
5683,https://image.tmdb.org/t/p/w500/414IUXc54mrhX88ZUQiRDLXn01i.jpg
113279,https://image.tmdb.org/t/p/w500/iXXj1IIQ1rqFiFHdbpOkvNU9MvN.jpg
12518,https://image.tmdb.org/t/p/w500/qZPay0VF5Bq2PiUvC09WwM5blmj.jpg
10567,https://image.tmdb.org/t/p/w500/rSje3FS7ycJSglowlngjsvDt7vO.jpg
10642,https://image.tmdb.org/t/p/w500/r6M5k3HHZEGwd4Mm4zvFAR6v9z6.jpg
9285,https://image.tmdb.org/t/p/w500/3jJYfq9Va7ZKFvSu2cJh7FTDJgB.jpg
10569,https://image.tmdb.org/t/p/w500/eIJRFZFDmh0xXPlKt3WwN5fiSLe.jpg
21879,https://image.tmdb.org/t/p/w500/nKTXjzFW52n61rlXT80MGIcnEG4.jpg
24918,https://image.tmdb.org/t/p/w500/qw0yZKqdWyakNRasQ3NvEiRyZpN.jpg
955,https://image.tmdb.org/t/p/w500/7us8nE3ldE0gX2cziUz4tKg0Go0.jpg
8584,https://image.tmdb.org/t/p/w500/b0WwWRcDiDahkah5vZ0KjB4N9ZZ.jpg
47295,https://image.tmdb.org/t/p/w500/3UUdjElayMyi6pSYq6SBLBRIKvG.jpg
11332,https://image.tmdb.org/t/p/w500/t7G0SA8cqrsu7XzzTL0ge54aw7L.jpg
16093,https://image.tmdb.org/t/p/w500/9ddPGH7kMe81xznwIKCt17VFUPi.jpg
29372,https://image.tmdb.org/t/p/w500/1Aee8HBwkq1yjKYMnL9YMPhXJZ.jpg
962,https://image.tmdb.org/t/p/w500/eQRFo1qwRREYwj47Yoe1PisgOle.jpg
30588,https://image.tmdb.org/t/p/w500/mUPXIinTQsBdLlDaWiSl7GwQXVs.jpg
668,https://image.tmdb.org/t/p/w500/tXlAyD3gduY9SJVIFnLAVCrXuAP.jpg
23518,https://image.tmdb.org/t/p/w500/fgMwyNl7uZeUrnIAqlX7htSQ2O2.jpg
691,https://image.tmdb.org/t/p/w500/3ZxHKFxMYvAko680DsRgAZKWcLi.jpg
44018,https://image.tmdb.org/t/p/w500/pHw4CHC389eWaUa83PZKOfv6OAt.jpg
698,https://image.tmdb.org/t/p/w500/6LrJdXNmu5uHOVALZxVYd44Lva0.jpg
682,https://image.tmdb.org/t/p/w500/xVkbKwGnBVNQ122GN5bCTMyPbWz.jpg
28973,https://image.tmdb.org/t/p/w500/e6KtBoiXa5D3LLZtiMCkiqIDnZv.jpg
28974,https://image.tmdb.org/t/p/w500/s24VgyvJliT7fUA909ZHJpoBx1D.jpg
22994,https://image.tmdb.org/t/p/w500/pfqahIjSJ8XkU1Pta2z9M9PuIJY.jpg
9600,https://image.tmdb.org/t/p/w500/5YoSFqpTz5qIxsX61CPMGKONQIY.jpg
38006,https://image.tmdb.org/t/p/w500/uVBy1rAxsdPqNtJx6U10SVhIdrx.jpg
2768,https://image.tmdb.org/t/p/w500/igXGCwti23PHOjLKQX6eGIGzQiJ.jpg
24920,https://image.tmdb.org/t/p/w500/8ymAiDW9ct2GSywWkqATEiKE8OB.jpg
21,https://image.tmdb.org/t/p/w500/hinHiXl8sOGIz2TLIZNpO5rhjND.jpg
10911,https://image.tmdb.org/t/p/w500/j6VSFnm20GlkUi8yb7hM5Qfc1fA.jpg
10102,https://image.tmdb.org/t/p/w500/g4wOgslrQKprlQl927h0lQQ3P99.jpg
26912,https://image.tmdb.org/t/p/w500/AvruSt4xRIbXO8gVxPzHupbf5A2.jpg
26953,https://image.tmdb.org/t/p/w500/6bcRspKbsM21HqLcxIBANbts3X7.jpg
26954,https://image.tmdb.org/t/p/w500/dy5tzZFWFTjbNyG4KNP6yMjZ6l9.jpg
26956,https://image.tmdb.org/t/p/w500/uSSZGAEnSJ8ov81i7UVYcFOeThP.jpg
26957,https://image.tmdb.org/t/p/w500/fRIpNpZVL73MGJ7E2ZYt03tggeX.jpg
26958,https://image.tmdb.org/t/p/w500/720enBtdvWBRLge8jlJubLTl9Sf.jpg
80287,https://image.tmdb.org/t/p/w500/mo76XEkMKR7nniJOdDIe9UVoaOj.jpg
6003,https://image.tmdb.org/t/p/w500/vaBQKLbSWkXGTOlsz9ARdJP4lvg.jpg
23939,https://image.tmdb.org/t/p/w500/yd2MN9zA30eGjf89DaaNoUXbRNp.jpg
11072,https://image.tmdb.org/t/p/w500/vNw1gOEDdYTDeNMuuq8OmiEHrfH.jpg
23069,https://image.tmdb.org/t/p/w500/aSowNmq4bZrmfazhQBePyNF8A2E.jpg
21299,https://image.tmdb.org/t/p/w500/g4mlRGzUKCXfRDUJqSRPY0mKPMC.jpg
38802,https://image.tmdb.org/t/p/w500/iqB2iwZnteFdWH9rL50objGwmNk.jpg
13368,https://image.tmdb.org/t/p/w500/A5kBQsHKbIptxJyELEpHQJROCRj.jpg
985,https://image.tmdb.org/t/p/w500/mxveW3mGVc0DzLdOmtkZsgd7c3B.jpg
14002,https://image.tmdb.org/t/p/w500/ldEuJQ4z7zEvL7iXraESWBUfQcz.jpg
541,https://image.tmdb.org/t/p/w500/3TUOhZhM5GCYIbxwFO3chpZ0DHx.jpg
21137,https://image.tmdb.org/t/p/w500/36YfDJQKZfoCn5NLJ7mcrekE511.jpg
36724,https://image.tmdb.org/t/p/w500/4XoeABOgfPzYIzv2UoGKAdZbbR7.jpg
938,https://image.tmdb.org/t/p/w500/ooqASvA7qxlTVKL3KwOzBwy57Dh.jpg
10648,https://image.tmdb.org/t/p/w500/1uX1uzn09seCftG3rTGLPyFXxV6.jpg
11368,https://image.tmdb.org/t/p/w500/svU6pu4lfHn0T5BVZchVxL58HB5.jpg
10875,https://image.tmdb.org/t/p/w500/mkAH0YaQT1PGkchOfLXvnYb3ejT.jpg
2075,https://image.tmdb.org/t/p/w500/5azGfZXuUFYjYfz6etYOdlyLXwL.jpg
1551,https://image.tmdb.org/t/p/w500/wda3j7p7YHXKpFIlSzoTCtP7myF.jpg
22500,https://image.tmdb.org/t/p/w500/lDM8fxNsu8oYRmM66kZrLQnPNyw.jpg
10246,https://image.tmdb.org/t/p/w500/AqCOt1cWfKqCepxK7LIdT812idH.jpg
19698,https://image.tmdb.org/t/p/w500/rZjSlaXM8Ez91ZV39frILApGuKg.jpg
23919,https://image.tmdb.org/t/p/w500/Ad3F9Fm7zdZmBqBSvJIAJRfac9m.jpg
18835,https://image.tmdb.org/t/p/w500/hZLpmALf3LRUnCb0JI2ZRa9IR1F.jpg
26554,https://image.tmdb.org/t/p/w500/2AljZDgKhzFaKO6i9tgmcytEA2b.jpg
15239,https://image.tmdb.org/t/p/w500/so0CGT1fZe2SlVdYXCewghxUgoj.jpg
28165,https://image.tmdb.org/t/p/w500/m5o7B3VSAjvinjtSYxXD38senvb.jpg
28169,https://image.tmdb.org/t/p/w500/yEOliKp5hZIBR0lDr9L3mJLijT0.jpg
15762,https://image.tmdb.org/t/p/w500/A3s2tQGNb6mhlr1hPZeE5F8IUwp.jpg
169,https://image.tmdb.org/t/p/w500/83X4VwY9sdSJykskmsplIVG0a4h.jpg
865,https://image.tmdb.org/t/p/w500/GTAUOhO4BN0peJVvxGEQydJvUO.jpg
9663,https://image.tmdb.org/t/p/w500/cgDeFWkYi6e9FT5RiQPCbQ9HlXZ.jpg
26889,https://image.tmdb.org/t/p/w500/woSsOJmx8lBD14wA4Jlmf4DrJXc.jpg
10128,https://image.tmdb.org/t/p/w500/2wEyQkFXX6ReyW44YQa1kLQYkCg.jpg
9659,https://image.tmdb.org/t/p/w500/5LrI4GiCSrChgkdskVZiwv643Kg.jpg
8810,https://image.tmdb.org/t/p/w500/l1KVEhkGDpWRzQ0VqIhZqDDuOim.jpg
9355,https://image.tmdb.org/t/p/w500/jJlxcEVVUHnrUeEkQ0077VeHQpb.jpg
1727,https://image.tmdb.org/t/p/w500/liMWv3o05MbXV0QoDdFNsincUxa.jpg
635,https://image.tmdb.org/t/p/w500/h5v3wjJQNB7q2RntEnKDLhKtTFE.jpg
10068,https://image.tmdb.org/t/p/w500/aE1iunrgO8UHfoXKJcjCy4Ih17n.jpg
11495,https://image.tmdb.org/t/p/w500/2ux5lqNuibd8eOkwwUhzfzAJBqD.jpg
11428,https://image.tmdb.org/t/p/w500/iiwplv5pET2HgMog6otunohIiSr.jpg
10117,https://image.tmdb.org/t/p/w500/vWBGkHT91My4T2iV3xgynpBTKtQ.jpg
35936,https://image.tmdb.org/t/p/w500/i52368CunnMFEQIgPmGDKSPLcKx.jpg
25562,https://image.tmdb.org/t/p/w500/o8nqC9ypXJtaRDnK1ocWsA2pWqU.jpg
51763,https://image.tmdb.org/t/p/w500/7T2oVjLHHIDY6FQH9e04oOgPWQa.jpg
73079,https://image.tmdb.org/t/p/w500/sb5fGw0l8PVFPL14lu2UN7Ibed0.jpg
38921,https://image.tmdb.org/t/p/w500/t3cRLXAdjsWQbXsiACosuTwrwmm.jpg
35463,https://image.tmdb.org/t/p/w500/fYCbwhIgjHWOr28kbKUdFz8z9PW.jpg
9679,https://image.tmdb.org/t/p/w500/fToQDmkBtiXYGh9xfgAh3gpo6GZ.jpg
51333,https://image.tmdb.org/t/p/w500/17IY8hHfDAxoqdAGOo3V3DKLEEs.jpg
17771,https://image.tmdb.org/t/p/w500/qcHDFrjClW35u0dSuLjsQEi8gDk.jpg
10264,https://image.tmdb.org/t/p/w500/ycM8gwwyOLXW4qxkcu6nhLlfgcA.jpg
31657,https://image.tmdb.org/t/p/w500/jBsYWNBYNEi5EhT1hC8iexcTsWT.jpg
29204,https://image.tmdb.org/t/p/w500/uJ3zi0dGXAMQicBLdxS1bXg5jdV.jpg
17814,https://image.tmdb.org/t/p/w500/RtGDEmXbSxE8NThCCY1SXFXLLw.jpg
11879,https://image.tmdb.org/t/p/w500/hVhFNn3IQxxARvnpLIKMx8ZfTtG.jpg
21128,https://image.tmdb.org/t/p/w500/x5xCkGw4jutMcc8nmWLKNzbDKht.jpg
482,https://image.tmdb.org/t/p/w500/yJChPuu2V339IiDPQDHeIh1SYpA.jpg
592,https://image.tmdb.org/t/p/w500/dHqVBwcv1SGymOpUueRoKzcmdes.jpg
31593,https://image.tmdb.org/t/p/w500/4Qsy3teeaBv3uH3vCVZPkbhyYih.jpg
12611,https://image.tmdb.org/t/p/w500/m4uTNlUZ1PhI4MZbVd6H118skNr.jpg
14328,https://image.tmdb.org/t/p/w500/xqdGdasqPEV1mtWGIA1x8mrWOAe.jpg
9040,https://image.tmdb.org/t/p/w500/pRagfd10PPWryFRSzLPIivfAXHJ.jpg
25364,https://image.tmdb.org/t/p/w500/gPVPzHEsJBX02HtBtIQgYnfeqNQ.jpg
43002,https://image.tmdb.org/t/p/w500/g6wKfhwGPsKgPI77ZiLhL6argMQ.jpg
5121,https://image.tmdb.org/t/p/w500/csahjHhtJ9NzFKcxVcw7S4Pyfj.jpg
195,https://image.tmdb.org/t/p/w500/FBxuoLRD3Biyul14unT5m3PYNS.jpg
6978,https://image.tmdb.org/t/p/w500/aeGy6SZua7eFXEZP9zAvrLkkbI2.jpg
3133,https://image.tmdb.org/t/p/w500/z81rBzHNgiNLean2JTGHgxjJ8nq.jpg
643,https://image.tmdb.org/t/p/w500/hZmsRLsCnE9Zshf1YJONUpCOhds.jpg
10571,https://image.tmdb.org/t/p/w500/zhmnHC76Dw1hje1ITtmEzsfkOYW.jpg
479,https://image.tmdb.org/t/p/w500/5ncvnNPaN73cOqD4muE413sSOyY.jpg
7450,https://image.tmdb.org/t/p/w500/el2iHk3LTJWfEnwrvcRkvWY501G.jpg
31023,https://image.tmdb.org/t/p/w500/iSyRibFKtZL0tvjh6tCxTb6o74s.jpg
25636,https://image.tmdb.org/t/p/w500/A2lVDbF1oTuCMlh69vLnqugWEAM.jpg
7443,https://image.tmdb.org/t/p/w500/8XgmIsbpVamdhwcNVsYzohFZTtT.jpg
2123,https://image.tmdb.org/t/p/w500/rvRrcbLbpn7UJGRH1JupgHOeJFq.jpg
2024,https://image.tmdb.org/t/p/w500/fWZd815QxUCUcrWQZwUkAp9ljG.jpg
17711,https://image.tmdb.org/t/p/w500/xCFSsftt2rglC81I6QLWcZSTCBM.jpg
2133,https://image.tmdb.org/t/p/w500/vJPoxqgpfFNbGi0HyoNsjFeLCio.jpg
29946,https://image.tmdb.org/t/p/w500/xgUcUWu7lirlZbMPz21qo8RhK57.jpg
28774,https://image.tmdb.org/t/p/w500/5WsMyE6wwY2QbM3fpAePOX3e7pZ.jpg
11598,https://image.tmdb.org/t/p/w500/qk0iXBQgP6b4xfS2bIUNBSENJAn.jpg
9702,https://image.tmdb.org/t/p/w500/gvP6R6juhe2IpCG7QGDgjyUvm0g.jpg
9873,https://image.tmdb.org/t/p/w500/nQuwGPekJ2AsaX8el9yWd7OT6xQ.jpg
16820,https://image.tmdb.org/t/p/w500/dxfR8JnfabPi7YUg4PFsuAa7geW.jpg
14864,https://image.tmdb.org/t/p/w500/iQCP69183K1QZo8bb23nkcLap3W.jpg
15379,https://image.tmdb.org/t/p/w500/nBrDcnNQca88ed1gRwZ1Q5cjNxE.jpg
12764,https://image.tmdb.org/t/p/w500/1Cfao3ZS1o4mhKVWyaSwsVdsbCF.jpg
27352,https://image.tmdb.org/t/p/w500/y8Gp0TAQr8Z2Cy4ROSYzvOiMEMf.jpg
8348,https://image.tmdb.org/t/p/w500/530RZ2HsxAgKVO4joNFjAgucbri.jpg
24099,https://image.tmdb.org/t/p/w500/gRLhwWhXS9asnE4c1mt84t1iEER.jpg
17897,https://image.tmdb.org/t/p/w500/1TAc85WyOpkaxSUver4lBg2xKSA.jpg
16094,https://image.tmdb.org/t/p/w500/hmUsEUI7RdgvTznkLCNSOHnjU4O.jpg
16096,https://image.tmdb.org/t/p/w500/4iKDkzUZtS6vzINfbwYHAb1bNbA.jpg
12706,https://image.tmdb.org/t/p/w500/7O9TEodTfWsXm9jpXFNv0DDkhYF.jpg
4244,https://image.tmdb.org/t/p/w500/kMRZhiF08nDiO5aRb81Np5a4d6p.jpg
4247,https://image.tmdb.org/t/p/w500/fVQFPRuw3yWXojYDJvA5EoFjUOY.jpg
20770,https://image.tmdb.org/t/p/w500/2MHbduHgcl70vwN0aw7x0YS3JOu.jpg
1050,https://image.tmdb.org/t/p/w500/wAEmh0m4RSDQrby64REzZJLCSH5.jpg
1052,https://image.tmdb.org/t/p/w500/iVtUdWsT6Ed2DK762zZxjaQAdHy.jpg
20540,https://image.tmdb.org/t/p/w500/o4CT5WPqmOLF2QfodAuGT7jQNn1.jpg
23655,https://image.tmdb.org/t/p/w500/sQEG8jyniHi7UY0s9pBbetU6cqi.jpg
1788,https://image.tmdb.org/t/p/w500/9JEDjBCXCx3eKTSkXwispf0UN3O.jpg
32275,https://image.tmdb.org/t/p/w500/dW479xuDWrcuFuxr7yfoReztlzF.jpg
36657,https://image.tmdb.org/t/p/w500/bRDAc4GogyS9ci3ow7UnInOcriN.jpg
44490,https://image.tmdb.org/t/p/w500/b7X3KHPIgRqXqOhr6XH4IuA74Je.jpg
47585,https://image.tmdb.org/t/p/w500/y4UjdQJYxQEhenI7DFIM301Df7d.jpg
36047,https://image.tmdb.org/t/p/w500/j77l405846qiLb8RGb1egu7ON3r.jpg
2655,https://image.tmdb.org/t/p/w500/2L3Cn0CizbSy2E9KJt1SiOSyb6p.jpg
12599,https://image.tmdb.org/t/p/w500/se72V9kyqmJYF1HLu5F7TEUU41g.jpg
93,https://image.tmdb.org/t/p/w500/b2G1QSAwtBv9luhEwErIgSRaU92.jpg
9278,https://image.tmdb.org/t/p/w500/lSN8lIX90Az0t1qvIXC4MlCvd9a.jpg
18118,https://image.tmdb.org/t/p/w500/uChjCbOKpoREb3yZrG1p8L3GyC7.jpg
11940,https://image.tmdb.org/t/p/w500/kMP5bg26ac1FmNCamOC5WZece6N.jpg
24167,https://image.tmdb.org/t/p/w500/biWDAUQD58enMEcyO2BqIVSycF4.jpg
10276,https://image.tmdb.org/t/p/w500/pFCrGGGhV5xeAdvEysv6aSv8T13.jpg
19380,https://image.tmdb.org/t/p/w500/jeOkfby3MMawUbZqBj7el4UePno.jpg
13783,https://image.tmdb.org/t/p/w500/Nr46BDNjBtz3s0wRvm84eK3PXl.jpg
11624,https://image.tmdb.org/t/p/w500/A1ZNhNd8FV8kCW39OeDelokT0tv.jpg
15867,https://image.tmdb.org/t/p/w500/sTPy6Kfa1FRED1eaZdVex8b2MdB.jpg
11686,https://image.tmdb.org/t/p/w500/oJXFd1UHZoOQ1UtoLxbyBLGJDox.jpg
29263,https://image.tmdb.org/t/p/w500/kkeUKaETggOrR0eW9nzPOIoZkZH.jpg
11830,https://image.tmdb.org/t/p/w500/2XLDb3RDQmtlxt5Snnig9W4moq4.jpg
12107,https://image.tmdb.org/t/p/w500/7HlhufckAoQb1yIu3FNu339Iuv4.jpg
10401,https://image.tmdb.org/t/p/w500/t5hKllCsmpWWA7XpxBXPjx0Gfct.jpg
32640,https://image.tmdb.org/t/p/w500/ddm9mDHoWP4bnzJ9pRgItKCvGh9.jpg
10641,https://image.tmdb.org/t/p/w500/avtPZ5vGvFugnY0NK8d3Przx6P7.jpg
6282,https://image.tmdb.org/t/p/w500/xYM0laKrEqjiRSQNvqRrXPXN3iL.jpg
9383,https://image.tmdb.org/t/p/w500/sd3qUIv5uoP2oTbqv66CzXSPjKG.jpg
5551,https://image.tmdb.org/t/p/w500/hPzt1bbA1sUDQOl6Vujmyz2hjLN.jpg
27723,https://image.tmdb.org/t/p/w500/qbWR0do4iIOpN5R1zNJfRt0WSz.jpg
2360,https://image.tmdb.org/t/p/w500/ml8XwUomPfisNsKmluP8TIZOR89.jpg
28043,https://image.tmdb.org/t/p/w500/oHd2kOCwIEsZtre00qQ2n9S3doa.jpg
33468,https://image.tmdb.org/t/p/w500/npg6NH4maZ4NTTWzA71KNCTvQNG.jpg
21866,https://image.tmdb.org/t/p/w500/qiWVmWUq4M9Hc2Ui4jPkAnX6oAz.jpg
33408,https://image.tmdb.org/t/p/w500/4B0eHFjUYYZlkE1fthC29KVC4CS.jpg
11589,https://image.tmdb.org/t/p/w500/hleMxFKSC42yT0TClS4G29HV11n.jpg
15158,https://image.tmdb.org/t/p/w500/cZ5mPtOXcvmg224oBM2k1db5Fnn.jpg
16139,https://image.tmdb.org/t/p/w500/uFv3H39YgyL568PTse5jGB6Ll8a.jpg
16146,https://image.tmdb.org/t/p/w500/isI9WcFizjHIF1ib2Ui6cbGFBVM.jpg
26515,https://image.tmdb.org/t/p/w500/gx7Gej5Srp3E13oqy1Kghtox2VZ.jpg
11856,https://image.tmdb.org/t/p/w500/2cVANiDU7AdSLGgs4T7dpgyU2SK.jpg
13567,https://image.tmdb.org/t/p/w500/sy2QoyiP58FhVSbyC8CQMPQ8lfn.jpg
10860,https://image.tmdb.org/t/p/w500/7ExUSN9s9gX9bhVM17zDLEizano.jpg
8420,https://image.tmdb.org/t/p/w500/viZwV6ji5txsyrDode5fK0EgsYo.jpg
18391,https://image.tmdb.org/t/p/w500/nREZhCfkUgl6XqMZAvd6DCbVj2c.jpg
20850,https://image.tmdb.org/t/p/w500/u0N1LnpRSR5sLmiLMgRv0mlTXk9.jpg
27452,https://image.tmdb.org/t/p/w500/4k0k9f59g901GWzw0gfFT7f5in.jpg
38548,https://image.tmdb.org/t/p/w500/7pFwrqCnjycoAvFnXVP6dexO3aC.jpg
20438,https://image.tmdb.org/t/p/w500/u9z4Qg0KGomhBUerbUzQXeO1ODs.jpg
46991,https://image.tmdb.org/t/p/w500/6VcPf4jOrlKcB4CDNZUHc36loSm.jpg
10391,https://image.tmdb.org/t/p/w500/s1RGEF8xIA6ecF8W4do8CaWI0yE.jpg
14195,https://image.tmdb.org/t/p/w500/gCXUA9BUOSDmOFVfkVBF4v15Td6.jpg
15665,https://image.tmdb.org/t/p/w500/r84Qve8mVeDXBKnSnBSQIS2OaD.jpg
10393,https://image.tmdb.org/t/p/w500/6qerI41HqkdRlio1sG0d5HLZcFN.jpg
18168,https://image.tmdb.org/t/p/w500/e4EkKwF0MTcG6lfysals7Nxeq0z.jpg
8843,https://image.tmdb.org/t/p/w500/kfYVxvDDAJoFq2knHUzAZP09pAc.jpg
10643,https://image.tmdb.org/t/p/w500/8zTfwYxFhSlqjtltkkhpsK6Eg2m.jpg
23618,https://image.tmdb.org/t/p/w500/vjbEcW9OqWoXKr9e2KySG1WZlNS.jpg
37136,https://image.tmdb.org/t/p/w500/zT0mhZqZQJE1gSY5Eg9qcGP4NYo.jpg
37137,https://image.tmdb.org/t/p/w500/v9niLQWVzVPB1cP1ThNdEaLZG1Q.jpg
23283,https://image.tmdb.org/t/p/w500/tXYWSUIUfiG06XzgSSkd4sQFOru.jpg
3110,https://image.tmdb.org/t/p/w500/svr5ADpjXTCOQv8hmuJnB7I14Qv.jpg
14698,https://image.tmdb.org/t/p/w500/igma0zn9J5srRvOMDRnxyUDQXJL.jpg
11694,https://image.tmdb.org/t/p/w500/3WJmB1F5z4mLwt84i1FuIrSYEe.jpg
9651,https://image.tmdb.org/t/p/w500/6OfuKKCPFclHOj4SSRRpLzF1lfP.jpg
11398,https://image.tmdb.org/t/p/w500/ydm2xhWosLF645oGSbQ7ImAbMho.jpg
1588,https://image.tmdb.org/t/p/w500/bnVby0qI0dS7YunbShP7mw68HY3.jpg
19150,https://image.tmdb.org/t/p/w500/kdQOz5enVVz113zZQcuoqh3oACy.jpg
41282,https://image.tmdb.org/t/p/w500/fnlTjsdjQysQ46IE3OMWeJtvP6e.jpg
12211,https://image.tmdb.org/t/p/w500/pFgdn4kwtgLjd73lXFtif7G2GWs.jpg
10480,https://image.tmdb.org/t/p/w500/1OCHR9z9k7go669AsShOkTj4CFb.jpg
80713,https://image.tmdb.org/t/p/w500/25T9uHXRIsHVbleeYo44H5danTv.jpg
10685,https://image.tmdb.org/t/p/w500/hsMvndtd3KPAvJ3q7zKZuNSB1R3.jpg
1619,https://image.tmdb.org/t/p/w500/wrjMMdgn1a4ChlaBmlzKnb78nr6.jpg
786,https://image.tmdb.org/t/p/w500/3rrkyLYbgLj84AYvjhdcJot4JPx.jpg
14805,https://image.tmdb.org/t/p/w500/jon5ux36iUn6GnntxkZaNtB6AZT.jpg
51179,https://image.tmdb.org/t/p/w500/ueuu6NbMuypthtEFXOM4hOIRpu7.jpg
46119,https://image.tmdb.org/t/p/w500/gA6FiAOm8De8v0RFOrdUPn9mgXX.jpg
18074,https://image.tmdb.org/t/p/w500/7NJAHYSeLr16cngz8f0BADQ3yIe.jpg
10562,https://image.tmdb.org/t/p/w500/2snkCKKthT5S8Ua0aMZkeaXkmBi.jpg
12212,https://image.tmdb.org/t/p/w500/9kjGrnhMz37RYEd5BFcrU1qkPkl.jpg
14629,https://image.tmdb.org/t/p/w500/7SGpW51PI09uG8WxKQn8K5PEJDn.jpg
16,https://image.tmdb.org/t/p/w500/9rsivF4sWfmBzrNr4LPu6TNJhXX.jpg
13785,https://image.tmdb.org/t/p/w500/qkYBCMN26SxkQww4gLxUXQm5vr4.jpg
34299,https://image.tmdb.org/t/p/w500/aTjJFrADfQhyp9gDgY71YSxf2Ks.jpg
22597,https://image.tmdb.org/t/p/w500/g9bqbopRZYy5Z2137zFoFQRXVEW.jpg
19348,https://image.tmdb.org/t/p/w500/oLi7gsiT29KH5OoDC3oNMROHxFI.jpg
10637,https://image.tmdb.org/t/p/w500/825ohvC4wZ3gCuncCaqkWeQnK8h.jpg
9003,https://image.tmdb.org/t/p/w500/3Z0oPHyLnk3Vx6ZMC1MiVwIrKhO.jpg
9064,https://image.tmdb.org/t/p/w500/auPOq1wgZuYSaADejOskBKG6fuV.jpg
11569,https://image.tmdb.org/t/p/w500/qnXEJp6KP6aIGWhNrg1fOKza4kp.jpg
10434,https://image.tmdb.org/t/p/w500/5VaPw0NgM4DloukmQTggzgvD4rb.jpg
39113,https://image.tmdb.org/t/p/w500/wKz35312Lzg8yCpcVpJ4xJbz78g.jpg
469,https://image.tmdb.org/t/p/w500/Q9wdlNjBOti4JhAjAQXphzShw3.jpg
2160,https://image.tmdb.org/t/p/w500/eBm2BUvRwGwxr3hfAaOJ8kVuuhw.jpg
2161,https://image.tmdb.org/t/p/w500/wNi1ZdAqor6DMoyMVTaUZfQodAQ.jpg
3073,https://image.tmdb.org/t/p/w500/ectRcq1y6EAmz2i72SCRHI6qUK2.jpg
911,https://image.tmdb.org/t/p/w500/3XrqHTrJpTaUeyqXqb4fVacYWpf.jpg
10973,https://image.tmdb.org/t/p/w500/euCzA2Exc70MpTDCVYih8tdE7z1.jpg
10787,https://image.tmdb.org/t/p/w500/ewfUA5pMEJrmQCdI4TsHmLlIUbf.jpg
43109,https://image.tmdb.org/t/p/w500/2agTmqPg2we1gd4Fr1p2UNAMORI.jpg
9507,https://image.tmdb.org/t/p/w500/8xMeKeXGHY2KbiMjSpEGqlIjAEp.jpg
27475,https://image.tmdb.org/t/p/w500/rh65oDy8CNJoEAOf7oudhIt3DM6.jpg
27764,https://image.tmdb.org/t/p/w500/n1j7gCi3g2puzqyn7A2rPntHqjx.jpg
27767,https://image.tmdb.org/t/p/w500/rtwbZi9dIs9pcTi2pQFtLxUUonB.jpg
40760,https://image.tmdb.org/t/p/w500/oU2i9iabbzBbDdKxv1PqQjoqSbw.jpg
40446,https://image.tmdb.org/t/p/w500/8x7CFIX8Xhbl4YfvnB3gGNH4RJJ.jpg
24664,https://image.tmdb.org/t/p/w500/oAg1mUUxdWJNLa6t1gctbQhXHVN.jpg
20455,https://image.tmdb.org/t/p/w500/tiH1muonzAWzlLjPhjAcAYVAjzm.jpg
10461,https://image.tmdb.org/t/p/w500/xGANaRWD6638ch1qQmqgRp395R6.jpg
1485,https://image.tmdb.org/t/p/w500/3AytAYzJuPmS4Wo8X3jcsaN4oM3.jpg
1597,https://image.tmdb.org/t/p/w500/5tXJ9ctuyEOMUFLaeqRisbXowWs.jpg
641,https://image.tmdb.org/t/p/w500/nOd6vjEmzCT0k4VYqsA2hwyi87C.jpg
10687,https://image.tmdb.org/t/p/w500/pnFdCvxxL44sPLkKEIJCUaIZa7M.jpg
63956,https://image.tmdb.org/t/p/w500/g4U84VFQDvJeTwiQDhpI6bHWtGT.jpg
6521,https://image.tmdb.org/t/p/w500/rpjiNEwl8FoCsygYmxrJkohBzWL.jpg
10763,https://image.tmdb.org/t/p/w500/vBtKoV5YU4lStxXyBQLvAdYgGej.jpg
16888,https://image.tmdb.org/t/p/w500/kKMhGSwydCVjrOWwggDlSvcgzCl.jpg
21142,https://image.tmdb.org/t/p/w500/2PuyJJB68xyRyeBUOY2SFhkzvWH.jpg
78140,https://image.tmdb.org/t/p/w500/dMli7OMZXDZqRC9M3SvUQc6WoNV.jpg
2134,https://image.tmdb.org/t/p/w500/x3BOzx2rUc5c3gG9UCelzSxv8n4.jpg
28605,https://image.tmdb.org/t/p/w500/1UlogpztvssNEjdIfs1MUiD0xM0.jpg
42797,https://image.tmdb.org/t/p/w500/f0hd12ajjQprxP3V90xfy0iqOvb.jpg
13465,https://image.tmdb.org/t/p/w500/o6GfVkgPaaHJnXNywDLpHJII2tW.jpg
27033,https://image.tmdb.org/t/p/w500/iUAq0UYHglCsnHVbBLcJvZ6KQN9.jpg
20367,https://image.tmdb.org/t/p/w500/gJb9HRAs1V4bA0VKsWpT6mhv2RT.jpg
71,https://image.tmdb.org/t/p/w500/nOr5diUZxphmAD3li9aiILyI28F.jpg
1636,https://image.tmdb.org/t/p/w500/sBV28EVvWsJRosMsEFCbVmpAZEl.jpg
10647,https://image.tmdb.org/t/p/w500/62OIokwaxFwBFWM147ijLJsaVJD.jpg
13762,https://image.tmdb.org/t/p/w500/sIG0xrld1OW1HavH03KACNTxz0w.jpg
12207,https://image.tmdb.org/t/p/w500/xqUBrSBtPYLvCtfqHF5sapU6Div.jpg
11531,https://image.tmdb.org/t/p/w500/l1jF93S9FYbzp3Byh5VUA1KApSJ.jpg
24100,https://image.tmdb.org/t/p/w500/zBGfZGKX3KJnljxsX6r24lzRe0i.jpg
4327,https://image.tmdb.org/t/p/w500/llwGYMS9UyPyKRusQVM4qTOQHMT.jpg
4958,https://image.tmdb.org/t/p/w500/fsvWRwcE8bD7WHo7BeF8HqWLbIh.jpg
9678,https://image.tmdb.org/t/p/w500/AudA8gnTWSBWXBHSBHnr3HHUXXM.jpg
11978,https://image.tmdb.org/t/p/w500/wNUAnXV1mzOOfvnVBIYsalkk078.jpg
8870,https://image.tmdb.org/t/p/w500/6svTVlVEJDoOOEz1G09HLeb7vtF.jpg
14295,https://image.tmdb.org/t/p/w500/7mGFmij1FZD5eUnNwvUjmpqrDl6.jpg
681,https://image.tmdb.org/t/p/w500/uajiHcFX5sOhYB2tBuWkmizbtuU.jpg
11372,https://image.tmdb.org/t/p/w500/dxLuj7VIv0ZRdvaIB6eY5fApONF.jpg
8452,https://image.tmdb.org/t/p/w500/rODFJOFiPk1UVCe4pmBza8T6feO.jpg
10862,https://image.tmdb.org/t/p/w500/w7X4M14WV7KrkkvXd64lcLh79sR.jpg
8871,https://image.tmdb.org/t/p/w500/52EpMoLTTbKAkM6rSrnNHV2mpLF.jpg
34045,https://image.tmdb.org/t/p/w500/vsxtkcidi7flgxWERBSnwtyH1JJ.jpg
16340,https://image.tmdb.org/t/p/w500/gsuoVtmQEuXFwoXEi9pSLW49umi.jpg
10481,https://image.tmdb.org/t/p/w500/ueE6u2GTECzGBtas6PFx7wwi9y0.jpg
10867,https://image.tmdb.org/t/p/w500/doFIkrkO2gsWFju3KpIY5xUhpgJ.jpg
10876,https://image.tmdb.org/t/p/w500/AvGdw3BpvJV2wHmK2qY0N7XHqET.jpg
9741,https://image.tmdb.org/t/p/w500/mLuehrGLiK5zFCyRmDDOH6gbfPf.jpg
146,https://image.tmdb.org/t/p/w500/iNDVBFNz4XyYzM9Lwip6atSTFqf.jpg
11849,https://image.tmdb.org/t/p/w500/jJCo92G0UMtO6qSjTxkKUiiyTgo.jpg
11983,https://image.tmdb.org/t/p/w500/87rc1kf1t1oiOTGhjBLNYcAFA6c.jpg
11678,https://image.tmdb.org/t/p/w500/kpqQUEi8eAyYHMDFACf6YlnPIu7.jpg
2669,https://image.tmdb.org/t/p/w500/hMFgXhUv5UWqgZckOtSmv1H0diS.jpg
2609,https://image.tmdb.org/t/p/w500/3RSucVsX96Ste8WDJfZP1hbNGqQ.jpg
12714,https://image.tmdb.org/t/p/w500/zYe2V6TYWRB4an52pemjvy9pHw6.jpg
708,https://image.tmdb.org/t/p/w500/1oRlmWX9hewpn2B44wawBjHd7dx.jpg
1857,https://image.tmdb.org/t/p/w500/j4HTorvJdGOuIgGyE56fMCLmcCg.jpg
10673,https://image.tmdb.org/t/p/w500/2tQYq9ntzn2dEwDIGLBSipYPenv.jpg
2604,https://image.tmdb.org/t/p/w500/8P2PlJL9MMR3X2wvFUcTD2Y5BJn.jpg
10132,https://image.tmdb.org/t/p/w500/u55LxmUditKH0UuQFmTV3qSzDnb.jpg
11064,https://image.tmdb.org/t/p/w500/t4p8r8kfB2jHiK8J36XnfSP8cRO.jpg
107,https://image.tmdb.org/t/p/w500/8KSDI7ijEv7QVZdIyrLw5Gnhhr8.jpg
40820,https://image.tmdb.org/t/p/w500/dgbLnnEJIGldXOMt6OWy3X1l0AC.jpg
392,https://image.tmdb.org/t/p/w500/pb2xpBtzkUBgBe4jdn0KVfEuaHt.jpg
8859,https://image.tmdb.org/t/p/w500/A5FBQplPsSVVvdYn4NHgtWYF8un.jpg
11688,https://image.tmdb.org/t/p/w500/xU635vn1lMD9DWDloeuKmuhxxnQ.jpg
12509,https://image.tmdb.org/t/p/w500/azsBSw2zw2uNHiCjTnbe9TJVEDB.jpg
3981,https://image.tmdb.org/t/p/w500/eqkBEMDk1316Yx5wVoabWY07JAi.jpg
711,https://image.tmdb.org/t/p/w500/chd9bCGNYtzDoJqGw5wUHlhrkOb.jpg
2046,https://image.tmdb.org/t/p/w500/c9mrttn6IpvO5dymlxqCDKklMYd.jpg
5001,https://image.tmdb.org/t/p/w500/kb2dqj73cfmt6qHAh1ySIlVm6v0.jpg
8358,https://image.tmdb.org/t/p/w500/7lLJgKnAicAcR5UEuo8xhSMj18w.jpg
5994,https://image.tmdb.org/t/p/w500/9wToOVsKuf0XeKhlauzCa3D8Gui.jpg
25520,https://image.tmdb.org/t/p/w500/gCEboOrNXFmqE5pKUn42fTHZx8R.jpg
1493,https://image.tmdb.org/t/p/w500/pat3vKaRlB70he4ghwTMydR4TvP.jpg
134,https://image.tmdb.org/t/p/w500/s9foMAcLg8GEzzQzer04qOGdD1k.jpg
21991,https://image.tmdb.org/t/p/w500/348hvpWeSGdAQlCrGvKbpC0FpQN.jpg
10577,https://image.tmdb.org/t/p/w500/jnAfl6GSZbBMigL98RJGbOSk4V1.jpg
21355,https://image.tmdb.org/t/p/w500/6E4E7wYXw1DE2321F2hVNryLSk7.jpg
29122,https://image.tmdb.org/t/p/w500/ozeKjgyCLOUufeqE0FqiuPO61Qv.jpg
11973,https://image.tmdb.org/t/p/w500/aLx9UXH9fK2v6NDMvMyW4X88K3u.jpg
1900,https://image.tmdb.org/t/p/w500/v6YrfR1e2OUAYbXrJ7hv3EiGNcg.jpg
44853,https://image.tmdb.org/t/p/w500/drpLBTmnMOzDUVAd3jqeLjdolcf.jpg
10873,https://image.tmdb.org/t/p/w500/nWm7DWi8X4D87XkM5qr9BhTJHq6.jpg
26719,https://image.tmdb.org/t/p/w500/kP3RVWf4N9WR2BLsiW1PkDvnQaV.jpg
15739,https://image.tmdb.org/t/p/w500/6dG7UTAISJGh6FqTKIwN7sR11w2.jpg
15413,https://image.tmdb.org/t/p/w500/wIYhjykSq0yumZWBisKlAa83bUe.jpg
2623,https://image.tmdb.org/t/p/w500/69adZbLeRk5TNQ3e0008dMnde9p.jpg
11209,https://image.tmdb.org/t/p/w500/54KNQfJnYZwhI3sPYyjXtptWGfg.jpg
13715,https://image.tmdb.org/t/p/w500/bOkXqMmLowHBZY9lptWi3ljOXx4.jpg
43258,https://image.tmdb.org/t/p/w500/mhsdObvFHoOfgaKAVJUOeK3LiOP.jpg
10655,https://image.tmdb.org/t/p/w500/566AVv5fwoQTdFy37JXc8QcyDSy.jpg
9989,https://image.tmdb.org/t/p/w500/9PXyfcJe53A9qFkcj5dkTJwIWoS.jpg
18828,https://image.tmdb.org/t/p/w500/gNyudcF4Z8LVJn4IxauOptG6dcb.jpg
9816,https://image.tmdb.org/t/p/w500/sV8GIxT3BjHIiwgKUNwk1S8VSLa.jpg
20637,https://image.tmdb.org/t/p/w500/gCaWBW6qQ0otWliRi0Gs4bAzgDX.jpg
5955,https://image.tmdb.org/t/p/w500/9QOzFL3FPMAUNNPrNiKC3mEDxco.jpg
17474,https://image.tmdb.org/t/p/w500/57r0TXlqV5GIn4h0Htgh81OZou9.jpg
11191,https://image.tmdb.org/t/p/w500/q87sZMQKzQK5YtZY486heEPAJM1.jpg
2613,https://image.tmdb.org/t/p/w500/2jircyuuGwx7OtFcSMVVXW0fNvv.jpg
22021,https://image.tmdb.org/t/p/w500/sN00Cvlahl6JLC2TAUBL0jZOqD3.jpg
22048,https://image.tmdb.org/t/p/w500/d0K6SWsZi1VrZm6nALMY4Y1PxZq.jpg
17006,https://image.tmdb.org/t/p/w500/4PZ0CED293fkLjwhPOQ6BpbUgU2.jpg
26333,https://image.tmdb.org/t/p/w500/2NTqe5MGx5YAXyQuMvwXSevNHeQ.jpg
16723,https://image.tmdb.org/t/p/w500/fN3xeuVsPaiEKYm65uHSO9JVmeb.jpg
2018,https://image.tmdb.org/t/p/w500/meq4bLUPcBlOG3Z5YdiWuBMlpO.jpg
10499,https://image.tmdb.org/t/p/w500/ktTH7ljXgDcczHY514X68HcCmbw.jpg
47943,https://image.tmdb.org/t/p/w500/dZV9UTyHJ4LD4ntWudWyqBNhb8I.jpg
74340,https://image.tmdb.org/t/p/w500/uEp2ZuH22RN4uPXRX6Y40XCcqWF.jpg
5709,https://image.tmdb.org/t/p/w500/p77UlHHzyBUCKgdbLosrAnltDgw.jpg
11215,https://image.tmdb.org/t/p/w500/4Jy5U4HITJWUDYJc1NGgJLIjbWz.jpg
26477,https://image.tmdb.org/t/p/w500/6LwAXK0nmeahNgoJz5sSigSwdwz.jpg
10937,https://image.tmdb.org/t/p/w500/A86h5a6T3vqZtSe8HB1EVkTtRNd.jpg
4639,https://image.tmdb.org/t/p/w500/gURIzutUWsQSed0jKodbRoeVVaR.jpg
96,https://image.tmdb.org/t/p/w500/egDakU8O5yUwpUJP9IMAUVtIDll.jpg
90,https://image.tmdb.org/t/p/w500/eBJEvKkhQ0tUt1dBAcTEYW6kCle.jpg
11028,https://image.tmdb.org/t/p/w500/h1zSdBuPRtKAD5R95dMQKMs5NyT.jpg
19324,https://image.tmdb.org/t/p/w500/iRNx11ooDfs6JjDnONFfrNZTzEi.jpg
19933,https://image.tmdb.org/t/p/w500/b3i8W7yhfrENlKUKT7oYUtDcUtt.jpg
12919,https://image.tmdb.org/t/p/w500/qK3yiqo84U3twOOKOx81c407Hpr.jpg
15785,https://image.tmdb.org/t/p/w500/t3uds00MHLsibhKLCL0BbCEGxXb.jpg
31701,https://image.tmdb.org/t/p/w500/gvk4Q4Txjegmup4A1QVyQm2Lb6d.jpg
17159,https://image.tmdb.org/t/p/w500/irVU3PHIdg36Rh8tSKnKCdmHLEO.jpg
10110,https://image.tmdb.org/t/p/w500/gEaCzjwHoPgyQFcwHql7o5YLHAU.jpg
18935,https://image.tmdb.org/t/p/w500/pMmIFo5roUZ6hNqHOINbkj6EREz.jpg
764,https://image.tmdb.org/t/p/w500/uYxQ6xhP3WjqPZtxyAOnZQWnZqn.jpg
15658,https://image.tmdb.org/t/p/w500/upcJxm5AquYh9lTPaJEQ6tgoVbg.jpg
4918,https://image.tmdb.org/t/p/w500/qh4JMlyWKttjTUvARdEfqpuvqP0.jpg
28368,https://image.tmdb.org/t/p/w500/bptiOG8kCoq1WUpWEwMyAIaMED4.jpg
52780,https://image.tmdb.org/t/p/w500/xgCHYg9WFkLBX8krXl70BbkIKyj.jpg
26156,https://image.tmdb.org/t/p/w500/jtGLfT8ckPmQgVhB3qhb3p0mnv8.jpg
34101,https://image.tmdb.org/t/p/w500/xidkzvrJfBeZ6wVcVOxobZruiR7.jpg
32054,https://image.tmdb.org/t/p/w500/4xE9oW222uiaJwMWqAdGQw4puOX.jpg
2614,https://image.tmdb.org/t/p/w500/A4azclZQjqeQxXvcok3rdUmuq8a.jpg
12704,https://image.tmdb.org/t/p/w500/tsjw4n7QdHYdknR603Qoeh7Ikcn.jpg
580,https://image.tmdb.org/t/p/w500/6mupOKQ0IFK38hPoWsow24RXIJR.jpg
24828,https://image.tmdb.org/t/p/w500/ouT2pkDmasvSUZNUmVIm5Gki6H.jpg
13703,https://image.tmdb.org/t/p/w500/8pFMuyJJwJLqOJ3Ljq3M5BFGbTF.jpg
36914,https://image.tmdb.org/t/p/w500/68OY9pYmKc3F2G6yxaXhxhnnFcU.jpg
1547,https://image.tmdb.org/t/p/w500/nH1lvyQvfbL5GKScTtT6zkIvDEn.jpg
42010,https://image.tmdb.org/t/p/w500/4UKsIsGLNckAQyoF9VlHM07GmVs.jpg
2608,https://image.tmdb.org/t/p/w500/5C1MIa1QaLDhvwd5sycUIK4wu06.jpg
32058,https://image.tmdb.org/t/p/w500/qsJFNUQz1ObK85kRk06ahyW5dKr.jpg
10019,https://image.tmdb.org/t/p/w500/oHMA8euTiZdDFXDi5zaIQQXwl0K.jpg
11649,https://image.tmdb.org/t/p/w500/gaUecXFd31V68yOTJPJYaB9YhAf.jpg
13509,https://image.tmdb.org/t/p/w500/8EVuqCcqFzQvc7X8E3fx3w4B5Td.jpg
51521,https://image.tmdb.org/t/p/w500/vbag5UO0hgPyQFD115iEe7EqyHz.jpg
34379,https://image.tmdb.org/t/p/w500/4e31HPK4Rx3AvnAQhJDTpCqoESQ.jpg
24940,https://image.tmdb.org/t/p/w500/n5Ln7UmgKThD3QhPC6JS6WZgCXJ.jpg
37302,https://image.tmdb.org/t/p/w500/5kT3kifA8Xwkjm1YmSubTw1GwK0.jpg
10984,https://image.tmdb.org/t/p/w500/jMtWV4FixMGTgUjbr9NFVEANGYQ.jpg
843,https://image.tmdb.org/t/p/w500/iYypPT4bhqXfq1b6EnmxvRt6b2Y.jpg
318,https://image.tmdb.org/t/p/w500/iGRyPsZF0lfIL3IadmBdoAsYzyn.jpg
12806,https://image.tmdb.org/t/p/w500/iw5BLbL1rSmya9I6puP1q5dUn81.jpg
9740,https://image.tmdb.org/t/p/w500/v5wAZwRqpGWmyAaaJ8BBHYuNXnj.jpg
10878,https://image.tmdb.org/t/p/w500/w6eEJXYECpJnCNqDu4qDCLHvONe.jpg
7093,https://image.tmdb.org/t/p/w500/zku4Ik4awwKPOyC2WYZpNUZg7or.jpg
16300,https://image.tmdb.org/t/p/w500/w2XM4YCfBOOWEL4a0abQji7QxwI.jpg
19405,https://image.tmdb.org/t/p/w500/yLdsXdgB2VJ2uBQvYaEB5xPELlq.jpg
1921,https://image.tmdb.org/t/p/w500/3biEHZSBSYqSkawU2sQyNbLcjgE.jpg
44412,https://image.tmdb.org/t/p/w500/qtHajQHigcU44j5DEgOdLbQev8u.jpg
21620,https://image.tmdb.org/t/p/w500/cPbkNfGmCKOSbAVrLqcbYuKT5cE.jpg
23685,https://image.tmdb.org/t/p/w500/lgH7Wej9922C1MQv0wciAfesKH8.jpg
12138,https://image.tmdb.org/t/p/w500/iYFlq63PXbAXLh6QlA2ByQf63Ad.jpg
48217,https://image.tmdb.org/t/p/w500/dFQ2kQA9JlAIO0uL2KkrsmI4o2O.jpg
6073,https://image.tmdb.org/t/p/w500/5GqF6rVjUW6CVTuj7w1A2JE49AF.jpg
25208,https://image.tmdb.org/t/p/w500/xWjoiGvFZPXuBi93reGblvDHIax.jpg
19513,https://image.tmdb.org/t/p/w500/85tuJxQdjQcec3DTMc9dxwlYYfi.jpg
2749,https://image.tmdb.org/t/p/w500/1qGyTDp4K4J2RjGtT5hR81ilX9r.jpg
10050,https://image.tmdb.org/t/p/w500/hS1jjzTe4P8GMWGnvca7HIndPEX.jpg
95682,https://image.tmdb.org/t/p/w500/iC80ZNpFRuaL8BwzjoD1Zm02Inm.jpg
2302,https://image.tmdb.org/t/p/w500/lsyPs8pU6hIJCS5sw0H9Q8Tl1nJ.jpg
32686,https://image.tmdb.org/t/p/w500/oe7nbYwJj4gwk5oL0BiQMw7Eb0a.jpg
51802,https://image.tmdb.org/t/p/w500/ihgGS9K8pCYdgb9SpanxoKcJ0Al.jpg
29492,https://image.tmdb.org/t/p/w500/vcAnrOJgGsXDCas67P4VPLVVBkA.jpg
25447,https://image.tmdb.org/t/p/w500/aVNP2JdzqKaqvOzBcYvI4s68rKY.jpg
19490,https://image.tmdb.org/t/p/w500/2sMpffmvoJlW7WBcvyHTPR9DEsj.jpg
38805,https://image.tmdb.org/t/p/w500/gYoVx2m8NP2hTWnEpwNeROIWrQ4.jpg
2428,https://image.tmdb.org/t/p/w500/c21ON7BZn0jwdNl6ibZ1vhXJmpy.jpg
22013,https://image.tmdb.org/t/p/w500/5vd031r08rrfSMqtB9UarwqCUOz.jpg
15598,https://image.tmdb.org/t/p/w500/tPUqgfGMkZazRZ1UO41j2Fiib5C.jpg
62127,https://image.tmdb.org/t/p/w500/2mYcAYWvRSZCPr3Q4gy8ydRVWaA.jpg
56137,https://image.tmdb.org/t/p/w500/i0Tq9xHqjlm3TjMYAJEq3hFnpQb.jpg
17965,https://image.tmdb.org/t/p/w500/4853HMKlJl1RozE6OyHBKQemCE0.jpg
33250,https://image.tmdb.org/t/p/w500/vahD3DMhaQ8rigZak21PJCMTdux.jpg
14460,https://image.tmdb.org/t/p/w500/eExDr6W0A3XRTItD5X05tAl1avO.jpg
9594,https://image.tmdb.org/t/p/w500/tmzwvSqoMC37Tgqwj4mA2dHNSmw.jpg
4986,https://image.tmdb.org/t/p/w500/fnN2i4VYgihnbKuFjS3bCmWQHJT.jpg
2453,https://image.tmdb.org/t/p/w500/4WRdrjHyLuHRwep2UJWBoIn6KTW.jpg
33676,https://image.tmdb.org/t/p/w500/7BQP8GzBW4ZZxqcc5tDH68yNeAI.jpg
4587,https://image.tmdb.org/t/p/w500/1VufMcp0euY2LpmKiVv8xnbB9Om.jpg
12773,
11454,https://image.tmdb.org/t/p/w500/6rb24x39vV8n5301IelC8rCPJTH.jpg
38718,https://image.tmdb.org/t/p/w500/jEmFeHPsoyHk6RRZslKzC5NVFad.jpg
4192,https://image.tmdb.org/t/p/w500/8eOWgeWrdM9cz7JR0LNp6R50j3l.jpg
14052,https://image.tmdb.org/t/p/w500/v8aETLufi4WIinhQ994oWkehtaC.jpg
16889,https://image.tmdb.org/t/p/w500/cza5sS7AzexM4rLQSvfGzGX8a3N.jpg
26580,https://image.tmdb.org/t/p/w500/7kbV3fDjuy9dQmcuZuT9NKNAEix.jpg
21309,https://image.tmdb.org/t/p/w500/bT68aKa9d7zDF7Z8MaskbWBRqzb.jpg
16263,https://image.tmdb.org/t/p/w500/yhbuTnTA6wu5hOXL5uc3rRFLnCl.jpg
4985,https://image.tmdb.org/t/p/w500/fejSpoFU4sq2g6n1JA2NY3KjRxW.jpg
20704,https://image.tmdb.org/t/p/w500/n9GGtn4qujeyPfBrJnOrAMhG4fB.jpg
853,https://image.tmdb.org/t/p/w500/9cSoNnB31hGY2mL78VT8mAbz6nR.jpg
10877,https://image.tmdb.org/t/p/w500/tGIJhBejmredgUZRNdteZyiahag.jpg
5257,https://image.tmdb.org/t/p/w500/4hyYzQkpvC4wfQsZ2fijzZ56FsO.jpg
77,https://image.tmdb.org/t/p/w500/fKTPH2WvH8nHTXeBYBVhawtRqtR.jpg
10833,https://image.tmdb.org/t/p/w500/bwvec0gRMSpLakcPuxe0RWScNv3.jpg
20309,https://image.tmdb.org/t/p/w500/x0ZGWU78Erygwm7Pc3q9hyu7ZA5.jpg
12658,https://image.tmdb.org/t/p/w500/j6lr8jE8hDgx75GeRRL1greDmkz.jpg
10054,https://image.tmdb.org/t/p/w500/j3rUkHIAAoKr6jU30q3Db4fcIF9.jpg
10646,https://image.tmdb.org/t/p/w500/pAHD3TfoDJX6jCPVhICBNLBxnBH.jpg
2575,https://image.tmdb.org/t/p/w500/na80ysnoCvoxwGTMWCWYvnmaDlz.jpg
55,https://image.tmdb.org/t/p/w500/tuyV4ceh80IBTbRJWX7jJ59UFxn.jpg
65075,https://image.tmdb.org/t/p/w500/547BjvhpThD8QXpGB7UnKi33ox2.jpg
44379,https://image.tmdb.org/t/p/w500/6IdCTKi4Eu7i897jpe59wIDGCri.jpg
2043,https://image.tmdb.org/t/p/w500/vipRsbIpwUNf1gjfOcVNizQ1o3c.jpg
4133,https://image.tmdb.org/t/p/w500/yYZFVfk8aeMP4GxBSU9MTvqs9mJ.jpg
56715,https://image.tmdb.org/t/p/w500/7KqzbefXjADSUE8j2ZsrudvAArY.jpg
10991,https://image.tmdb.org/t/p/w500/hrBWiMWnD7mheMx846ycUWA3ohs.jpg
15940,https://image.tmdb.org/t/p/w500/zOKaYzY14ZpVy6nG4kAelyLZQ4Q.jpg
26791,https://image.tmdb.org/t/p/w500/8CM2YIX0qLcqDY7d6iVb4uRXGG8.jpg
634,https://image.tmdb.org/t/p/w500/dkauRl9TosBFikftrC3OVcKWDoz.jpg
10956,https://image.tmdb.org/t/p/w500/yykDEtHk6DMtZK8EaxW88YyQ054.jpg
19366,https://image.tmdb.org/t/p/w500/vvKAoWj1kxj8tofpktatJ2D9w91.jpg
9519,https://image.tmdb.org/t/p/w500/hOdSDhWLgFKfqRf2kazY04iXtn6.jpg
13898,https://image.tmdb.org/t/p/w500/pTiRBOZ2iI4i26A0qNaEkqmZBpO.jpg
9290,https://image.tmdb.org/t/p/w500/hwt6iJjPuXRDKJON5s9G9pdfPbu.jpg
13166,https://image.tmdb.org/t/p/w500/gVmSZgxiT7ynyRLsEgg8Xs8ZVWX.jpg
32590,https://image.tmdb.org/t/p/w500/lmcabkCsSQ08yll4dIVclWc2RSX.jpg
52654,https://image.tmdb.org/t/p/w500/tVV3PhTO58R0CAsvWhsUkYDzIEZ.jpg
70282,
111,https://image.tmdb.org/t/p/w500/iQ5ztdjvteGeboxtmRdXEChJOHh.jpg
32488,https://image.tmdb.org/t/p/w500/cRVl1BR3x3P2NqUv61eveJNJ0ip.jpg
10477,https://image.tmdb.org/t/p/w500/8tJ4Ya8yEyxCMihDumEyvwvUuLB.jpg
2144,https://image.tmdb.org/t/p/w500/aIJAjhdMqraB1tkSii9BWuUXd8q.jpg
24113,https://image.tmdb.org/t/p/w500/4ckfJA1zqdXG7ttBqGZ2A91YHQs.jpg
1734,https://image.tmdb.org/t/p/w500/kdJsW7hcy1lrj7tdMPycTAQPAiR.jpg
4973,https://image.tmdb.org/t/p/w500/phJFN5d5qtphQoz3QzP7Z7GLAMM.jpg
849,https://image.tmdb.org/t/p/w500/2dyMDv6W3ugMfaC8DEXPiqMcurD.jpg
27223,https://image.tmdb.org/t/p/w500/j7QiwUekGiYOmjKratNORIr35zg.jpg
39266,https://image.tmdb.org/t/p/w500/hyXCugoQzJ85mdrdz4dboqP8FoX.jpg
11307,https://image.tmdb.org/t/p/w500/9ItRFdSCb7Sz3AC9LRxAzbH73kG.jpg
11163,https://image.tmdb.org/t/p/w500/83urUMl04GtwuuGIFpezqzi7n6m.jpg
18691,https://image.tmdb.org/t/p/w500/p0FXqTJ8fNASnJRxW8PYE5lfM6L.jpg
3784,https://image.tmdb.org/t/p/w500/zSOh7hriX4mQNVxhCz1yVY4aykn.jpg
11936,https://image.tmdb.org/t/p/w500/hSX2YnpQebGlw5ljNlr1jnNSt5q.jpg
25221,https://image.tmdb.org/t/p/w500/7cMupruGQjcm43mC30fTazT7pOe.jpg
19494,https://image.tmdb.org/t/p/w500/3nm6kWMFzxGtJb4UEuDB0lDWpcD.jpg
40842,https://image.tmdb.org/t/p/w500/6au7WBVYoKhV1jORyFSIRszb46S.jpg
19357,https://image.tmdb.org/t/p/w500/kNkDCXB2JXGnaG3KwvzAAjmZiV8.jpg
33743,https://image.tmdb.org/t/p/w500/5sAxThhLhsQSf4mjrIGHqfKlaAy.jpg
9062,https://image.tmdb.org/t/p/w500/5A7SGcT1GlhWfHsCRQQtGe0TpJB.jpg
11174,https://image.tmdb.org/t/p/w500/oSsu4khg459yTR1sw4qjEC4LO5J.jpg
934,https://image.tmdb.org/t/p/w500/heVdAFNZUxXVmO6jiJcEHCvI5lK.jpg
9476,https://image.tmdb.org/t/p/w500/srb1XnrlDZHcdpjBKqUu4qAzxKU.jpg
37691,https://image.tmdb.org/t/p/w500/aNk0yx0xRcs66OdByiy2pJaFhI6.jpg
14268,https://image.tmdb.org/t/p/w500/ognPQebXUCRfKwAyRodR0j0xLjd.jpg
5852,https://image.tmdb.org/t/p/w500/6ZeMoynnz4pRweKKZ9c2G1absMJ.jpg
808,https://image.tmdb.org/t/p/w500/iB64vpL3dIObOtMZgX3RqdVdQDc.jpg
49453,https://image.tmdb.org/t/p/w500/bJuz51a3Whsh8mTRxXnaSzuXrRQ.jpg
824,https://image.tmdb.org/t/p/w500/2kjM5CUZRIU5yOANUowrbJcRL9L.jpg
676,https://image.tmdb.org/t/p/w500/xwmy4OABVCQSX1EswFHc7VrE593.jpg
26813,https://image.tmdb.org/t/p/w500/zppCfYBl0kRTpD9T0KTlZG5ZpWw.jpg
29572,https://image.tmdb.org/t/p/w500/jaiCqTukSGXFw89GI8v4HPjjjI4.jpg
50541,https://image.tmdb.org/t/p/w500/5iS3EJD286IYkJ83L5pEVoNF3xn.jpg
26255,https://image.tmdb.org/t/p/w500/n0DYahGGueR96mhajPGGgZpFL4k.jpg
1406,https://image.tmdb.org/t/p/w500/9DVZpm9pQNB3M17cRo752zqUYhL.jpg
13554,https://image.tmdb.org/t/p/w500/9nh0w2C9h9KfJb0OsVg65O65b5s.jpg
17664,https://image.tmdb.org/t/p/w500/kLBwk5ppNsA0DizEocXClTi1Lmx.jpg
41050,https://image.tmdb.org/t/p/w500/xkd7wPJSIC76scBRHCFZ85uOH5d.jpg
1632,https://image.tmdb.org/t/p/w500/hTv8Bkq3W1vwKi1IWCLWQW9PNU4.jpg
966,https://image.tmdb.org/t/p/w500/e5ToxOyJwuZD4VOfI0qEn5uIjeJ.jpg
301,https://image.tmdb.org/t/p/w500/4gI4KKmoi0d3yfsF71YU3S0I5t8.jpg
11896,https://image.tmdb.org/t/p/w500/Ap0Wo7hNS6WW1wdPOKYM3SNpewY.jpg
25538,https://image.tmdb.org/t/p/w500/mR8dSQZI8X6Z1NClJhFrtJp636z.jpg
5923,https://image.tmdb.org/t/p/w500/oN6EY6aDb0xIrY2ur7Ypt6DrZXd.jpg
15497,https://image.tmdb.org/t/p/w500/g9VeQUobhofLwxSIbKM4ia5biAX.jpg
21876,https://image.tmdb.org/t/p/w500/hwaeSCWhiPZXTmOcK1XJFMbFHjJ.jpg
11090,https://image.tmdb.org/t/p/w500/oNxEXmKTZtECHs0bQbI6dQoXYMV.jpg
21056,https://image.tmdb.org/t/p/w500/hAIqu69z1tZjfdq2jThAifAp0tQ.jpg
9397,https://image.tmdb.org/t/p/w500/dwIrP544LxJtXToLpzkEa08pIMm.jpg
9705,https://image.tmdb.org/t/p/w500/mM6h4jMqC4q5IaFgBIGKQDLnRU.jpg
26475,https://image.tmdb.org/t/p/w500/3c4t8tTQp7TV1Z3qeltmhjRi5Ex.jpg
29937,https://image.tmdb.org/t/p/w500/6mKiT1zyUHHSCUm1hfZVe4RUhjV.jpg
10364,https://image.tmdb.org/t/p/w500/eSB3i3vvFiRTszmZVawWqROzM6p.jpg
32458,https://image.tmdb.org/t/p/w500/gSLluaJR2fxmsGOtmfSKQJ9RCly.jpg
1089,https://image.tmdb.org/t/p/w500/tlbERIghrQ4oofqlbF7H0K0EYnx.jpg
9967,https://image.tmdb.org/t/p/w500/9wx6F98Rl1YNyR66WO1XnFvvh4A.jpg
17494,https://image.tmdb.org/t/p/w500/dvw1Pkt0tk8tvXy61cMwOaPgkyb.jpg
17465,https://image.tmdb.org/t/p/w500/SLQRH3AlTJHXk6ZuW0yMAelMlj.jpg
759,https://image.tmdb.org/t/p/w500/fDozhst5HVJJcd3BM8ZOsKniO7Q.jpg
10297,https://image.tmdb.org/t/p/w500/dFwefYyEOOZaWVn15xGY6CbYYJ2.jpg
10653,https://image.tmdb.org/t/p/w500/4oLqx0QbjWFzWtkxRmDLGH47CUJ.jpg
9576,https://image.tmdb.org/t/p/w500/ngyCzZwb9y5sMUCig5JQT4Y33Q.jpg
10865,https://image.tmdb.org/t/p/w500/8fUEFPUTF7kBMuKPiSQHxPvd8EZ.jpg
1995,https://image.tmdb.org/t/p/w500/7WyMvoqPYJe5g1ENsbLTv40pUrX.jpg
10808,https://image.tmdb.org/t/p/w500/asYjHXBoD44B6mLOcZtMfMV3hm1.jpg
9799,https://image.tmdb.org/t/p/w500/gqY0ITBgT7A82poL9jv851qdnIb.jpg
644,https://image.tmdb.org/t/p/w500/wnUAcUrMRGPPZUDroLeZhSjLkuu.jpg
16161,https://image.tmdb.org/t/p/w500/d9b5sDAY2q2u2fWFYZPmt0Cl2p7.jpg
10691,https://image.tmdb.org/t/p/w500/x6ZIwp7pXpIoJKc7S9MXpM3TOVv.jpg
10615,https://image.tmdb.org/t/p/w500/fNvx45x4JWHYucpnV2vuKn9TZnV.jpg
47596,https://image.tmdb.org/t/p/w500/jWrYcywPXcHZUbeIcEP3uSEw7dT.jpg
11826,https://image.tmdb.org/t/p/w500/9OlmWIEuSec27HiOPuMJASnff6f.jpg
9301,https://image.tmdb.org/t/p/w500/z0dMG2C4GvIObHAcOjW9r61WIJF.jpg
11444,https://image.tmdb.org/t/p/w500/kNm5Jxr3iulG8tfYHqDD0ahODCw.jpg
60670,https://image.tmdb.org/t/p/w500/npvDhiKkpQBuTaQ8cbWRT2iEfkE.jpg
55551,https://image.tmdb.org/t/p/w500/evopdRBKjj85zttxMcrZ5xujaS8.jpg
10992,https://image.tmdb.org/t/p/w500/azV3Je9uYKvSL2B46wc4vOHJV4S.jpg
2140,https://image.tmdb.org/t/p/w500/1ubtSyagwfNF9Bn9s2CKITRtx1d.jpg
4248,https://image.tmdb.org/t/p/w500/7Eb1JWK0Cb0rbfsYjwfc9g0PbQH.jpg
17612,https://image.tmdb.org/t/p/w500/3Cu95A09arsfTsOJfygVwhJe5qc.jpg
3134,https://image.tmdb.org/t/p/w500/zmkh7qyNIQmx2xi972WL39wzqOH.jpg
8217,https://image.tmdb.org/t/p/w500/g6PGzYqXNofrrGKS7dixoc2P5M7.jpg
22478,https://image.tmdb.org/t/p/w500/ds4CcnlACh0r1r3VGa7y85dz72R.jpg
26483,https://image.tmdb.org/t/p/w500/96PQsb6z1hGtck5ZM5B5CsXm7fw.jpg
24382,https://image.tmdb.org/t/p/w500/f5OxD8Nl0pR3DcYHtYhHRfpsmjl.jpg
11286,https://image.tmdb.org/t/p/w500/yDO1xRq4LOAv720xqJHHEVz5Sr9.jpg
11950,https://image.tmdb.org/t/p/w500/sdXjbUcdESA5CKCyez6A29c2vq3.jpg
36245,https://image.tmdb.org/t/p/w500/epCJe5dzAn21mQ9L1fQ2FjIF13T.jpg
26573,https://image.tmdb.org/t/p/w500/v1NPmkAgQ85fTJAD7cmZ2EcFCvh.jpg
23439,https://image.tmdb.org/t/p/w500/jEzZOrGSWpl0jKOIXoY3OnEabLQ.jpg
10728,https://image.tmdb.org/t/p/w500/rN703hMFxmkZfyEzsXvFtuFhkXE.jpg
11697,https://image.tmdb.org/t/p/w500/4C1R0LEivLjbv3swAzJfzh0tzXl.jpg
6106,https://image.tmdb.org/t/p/w500/c5JgUmzN7syTFy9suwoHF3vhNsN.jpg
22477,https://image.tmdb.org/t/p/w500/gTsFkvUt9wrGOZh6JNDSFd2LIBT.jpg
19200,https://image.tmdb.org/t/p/w500/6Ybi2u1TSOTpAocZAGJl2WThq11.jpg
11300,https://image.tmdb.org/t/p/w500/344lhBozqFWKxBb4fp6azYQMLEy.jpg
28650,https://image.tmdb.org/t/p/w500/xYj9DpCeqM6bbvMvxlGqujU9boQ.jpg
43316,https://image.tmdb.org/t/p/w500/wlSmIk6iQ8yQhBG795UOOBUs4gF.jpg
34689,https://image.tmdb.org/t/p/w500/eSRBlHu9didl6MdFQdIYpU9YdFD.jpg
10238,https://image.tmdb.org/t/p/w500/a1bMgB09YDvvRN9SitCclUYragr.jpg
4789,https://image.tmdb.org/t/p/w500/jl7F7vtcO1TufR1U9TcdYlWpH6M.jpg
18030,https://image.tmdb.org/t/p/w500/z7me91nrpWLHY1mZOB2v20cK0zY.jpg
18988,https://image.tmdb.org/t/p/w500/yMgJnZADJObzfjA70ygXJkjnrFX.jpg
11536,https://image.tmdb.org/t/p/w500/2lzWxT6HIvZMWSQHzk9eCpv3guQ.jpg
10339,https://image.tmdb.org/t/p/w500/7JXcm3RyWlGsRCZ0YlOliWr6TNv.jpg
976,https://image.tmdb.org/t/p/w500/4SzW8u7avVczndyR3UbU87ZpE0V.jpg
69605,https://image.tmdb.org/t/p/w500/paeBU70fHsFAOooWM5V35q562f2.jpg
65632,https://image.tmdb.org/t/p/w500/qwXXxwnN1yj5XiZBUrdazBRMqw1.jpg
4780,https://image.tmdb.org/t/p/w500/a0bOKTldOJVJivmPNGBHfMYJU9x.jpg
11906,https://image.tmdb.org/t/p/w500/5ya8jTbNZTrCFUx9OwpNBjCivXY.jpg
11713,https://image.tmdb.org/t/p/w500/dlcipCOa9hlfBBz7kCAyjsf3q0E.jpg
9589,https://image.tmdb.org/t/p/w500/gDnWMZ8d39KwmweE4OK5P7ph4OL.jpg
12481,https://image.tmdb.org/t/p/w500/9VFYDWYnAhXAgyqgs94lwNmMBbk.jpg
13333,https://image.tmdb.org/t/p/w500/c6jgLHaQpdIPH1rC94KkjAqgE7O.jpg
13938,https://image.tmdb.org/t/p/w500/r5QnLY30gXlZ8luiJE3quDs1WNF.jpg
10540,https://image.tmdb.org/t/p/w500/4pGDri4scooTHWkTfoIf1p2Hh32.jpg
9462,https://image.tmdb.org/t/p/w500/m7AIITQ624sfldI4SsX4htXPH1f.jpg
82623,https://image.tmdb.org/t/p/w500/o4dmpoHm48TpcXD4Zu96LW0QV1V.jpg
2114,https://image.tmdb.org/t/p/w500/phYEy6Am7vRlr9KzMb0wbGMHTzz.jpg
8835,https://image.tmdb.org/t/p/w500/9ohlMrJHQqKhfUKh7Zr3JQqHNLZ.jpg
11371,https://image.tmdb.org/t/p/w500/fsb4m9XW59mei8GKznvI3lLzcfp.jpg
78248,https://image.tmdb.org/t/p/w500/grO1ifXULhZvpMhfyGG6k4991Ul.jpg
9517,https://image.tmdb.org/t/p/w500/qpvCDZPFUg3bdPUeoIwiWFdXOTM.jpg
25985,https://image.tmdb.org/t/p/w500/akQsC56tG2T39eO0k1umZ334e2j.jpg
15745,https://image.tmdb.org/t/p/w500/4HC6ieptXO2gjqbSEsfkOwsGubN.jpg
24977,https://image.tmdb.org/t/p/w500/z20ChkIl7zq7yOAIIJkDuUBV3x0.jpg
36107,https://image.tmdb.org/t/p/w500/802hVxtGoC4uIYMhM6eeXKeK17l.jpg
13794,https://image.tmdb.org/t/p/w500/3q9clV4RuFW5N6oZSkqWEGbcjnD.jpg
13795,https://image.tmdb.org/t/p/w500/bVvmVUDs2rJgJ46j7Ja66CDQD5j.jpg
38965,https://image.tmdb.org/t/p/w500/kDMgcjSNadUBmpkbMuX3u48qgI4.jpg
47817,https://image.tmdb.org/t/p/w500/lM8B5gsF28UNKMJY3ZVSkpy5Ie.jpg
31052,https://image.tmdb.org/t/p/w500/dyk2BqPajLRBpVQ6jsSJJdgfuXe.jpg
10868,https://image.tmdb.org/t/p/w500/5DlWHYb5Q65GaHYHDo6PqGOuoF1.jpg
9395,https://image.tmdb.org/t/p/w500/pS6j4cIrv1LWSIk5NxYvpQwNTsT.jpg
14506,https://image.tmdb.org/t/p/w500/9fggcOUgYUxU1ZChI7tcf1CYO5a.jpg
2,https://image.tmdb.org/t/p/w500/ojDg0PGvs6R9xYFodRct2kdI6wC.jpg
26044,https://image.tmdb.org/t/p/w500/dbSSDB7O4aTyRGCFirY8k3igOsU.jpg
14911,https://image.tmdb.org/t/p/w500/yIeFT2RqJdXMRIhGLs05xtzBkt9.jpg
15592,https://image.tmdb.org/t/p/w500/vol5TCGHDbi8r0yo0TrIGFiGxJ7.jpg
15267,https://image.tmdb.org/t/p/w500/ag0oez7oBuk8xCQ5pvb4pSj544Z.jpg
12710,https://image.tmdb.org/t/p/w500/dxbXbR1P44caMUKtBdq7sX6aSgw.jpg
30502,https://image.tmdb.org/t/p/w500/t9AiFl6kt5vMhXzMHTZ6651TECl.jpg
19382,https://image.tmdb.org/t/p/w500/vAhQegSNb0OYwBN2KbSr8GRSUsI.jpg
9599,https://image.tmdb.org/t/p/w500/tH4Jvr2Rg7UQFqcndE6Mws4p7sP.jpg
17170,https://image.tmdb.org/t/p/w500/1te0t9p6aHRMl5nYyxqI48OX7jp.jpg
18509,https://image.tmdb.org/t/p/w500/iHvCXCjiLN6bLf39CnKdDzGbku2.jpg
110428,https://image.tmdb.org/t/p/w500/jHU5CiEk4QoCrvxJV8uOLxi3y5y.jpg
7520,https://image.tmdb.org/t/p/w500/jFRhEPhtsln9tDwzMdZN3OlhUob.jpg
10126,https://image.tmdb.org/t/p/w500/5KueYME8A449pxaKTJZp3cWKKSX.jpg
9602,https://image.tmdb.org/t/p/w500/djRAvxyvvN2yqlJKDbT3uy4vOBw.jpg
23752,https://image.tmdb.org/t/p/w500/jk0qx7XyFYKK1flXbxO1N3z6zAd.jpg
3980,https://image.tmdb.org/t/p/w500/7tFJqfcmu7sAxwcRwQ0j9qnGrok.jpg
27397,https://image.tmdb.org/t/p/w500/62GF6vgxIvEpSPrH0WXHtCHm3zB.jpg
9748,https://image.tmdb.org/t/p/w500/zelnD4ZCB7lBHHOr9Tyw7cepjt9.jpg
40095,https://image.tmdb.org/t/p/w500/7jBtDMQrXpHlyuJImTAs6Oexv7H.jpg
10651,https://image.tmdb.org/t/p/w500/krxLLDnFuDtjagN7KrCjuH6QrcW.jpg
10141,https://image.tmdb.org/t/p/w500/3176xH21fSetstKpEtAD1giHbyT.jpg
27362,https://image.tmdb.org/t/p/w500/bOqbSwGyfLo0PeaTKIwHi7EqCSe.jpg
26386,https://image.tmdb.org/t/p/w500/b8Z6ez1iicQ7Armk6D8RMfFRWyJ.jpg
25884,https://image.tmdb.org/t/p/w500/6qMNwjNEOahviSeEGIWPEJ4NMM8.jpg
26355,https://image.tmdb.org/t/p/w500/q1o2jt1UXNuZmRN1Y2vg1y2T8qE.jpg
10675,https://image.tmdb.org/t/p/w500/z0xAa91q6Fq2ljksNV1uS53NoCZ.jpg
10130,https://image.tmdb.org/t/p/w500/utptKpx6cXxmbEGu4N4HIoSZ6IS.jpg
2617,https://image.tmdb.org/t/p/w500/zxIoPZiqKOxrWvieumpxA6bOgkt.jpg
21362,https://image.tmdb.org/t/p/w500/88sqqQrltIok7ayhs21mAHoSrcK.jpg
20443,https://image.tmdb.org/t/p/w500/xYHplg2N28n4z4WW0VeoZMRI58X.jpg
49365,https://image.tmdb.org/t/p/w500/AevfLQ5c0ZGtO3clHawg9L2XAQ2.jpg
11347,https://image.tmdb.org/t/p/w500/zML40jEOINjmagpHY9r27VPbZqF.jpg
12144,https://image.tmdb.org/t/p/w500/7phV1ETZnQrLsEeuk4hNeceEl25.jpg
13704,https://image.tmdb.org/t/p/w500/dDVgFqDA8l0ZWV4ZYVpfNp6ztby.jpg
12505,https://image.tmdb.org/t/p/w500/xdzugDI6avIlba05pstUFqh2mI2.jpg
41963,https://image.tmdb.org/t/p/w500/uCVrSsjp5Hlb4y96reEKo1nQJ2d.jpg
13482,https://image.tmdb.org/t/p/w500/rVLZuiNfKua7C2x3rGUiAR8wGEc.jpg
34014,https://image.tmdb.org/t/p/w500/3qVL6RqJTr6uQxV4O72H0j9tv0K.jpg
12120,https://image.tmdb.org/t/p/w500/o9feh3DGHvNZ835cm2ajYHwZwiN.jpg
47818,https://image.tmdb.org/t/p/w500/2hBR9hq45QvMnTD9via4duMhyDi.jpg
3543,https://image.tmdb.org/t/p/w500/zeEa3jVkLE8C0KjOiiKqMbhHgaL.jpg
9604,https://image.tmdb.org/t/p/w500/AoJTHXmO01EZgT0p1YTsGBEQxLj.jpg
10925,https://image.tmdb.org/t/p/w500/qVTFBabgnWz4jZ8wOQRYZI5EITF.jpg
13965,https://image.tmdb.org/t/p/w500/Ac6QsOTHqepD096sWnHeqH6TP3q.jpg
24266,https://image.tmdb.org/t/p/w500/1alAfoJf7Pjn0QuwzO9wY7SLQCt.jpg
18197,https://image.tmdb.org/t/p/w500/kzhyruFxY4Z5Ert8M9tuM2MV8dd.jpg
11503,https://image.tmdb.org/t/p/w500/ezgaj43WaSmyQa24NLG7vPK9hb5.jpg
11966,https://image.tmdb.org/t/p/w500/648hPsOYVZCI44e4jZgvMUfBtTY.jpg
2605,https://image.tmdb.org/t/p/w500/e3eimdUK6lLe0iaSlLrYVQF3yeL.jpg
8740,https://image.tmdb.org/t/p/w500/eE5bbuRJluooG2MjEAsLEYyuJoa.jpg
41428,https://image.tmdb.org/t/p/w500/iucW3kSp5rQSfYCLNlCWPEwYh4h.jpg
8337,https://image.tmdb.org/t/p/w500/eIEmSJRKe8Vn9iWcFypvbeyQaZZ.jpg
28176,https://image.tmdb.org/t/p/w500/uph7wz8WASLHwHyC5SYfQgqaoV7.jpg
9493,https://image.tmdb.org/t/p/w500/stJx9BQZbXrZnTGf9Erc7d2UMVc.jpg
12582,https://image.tmdb.org/t/p/w500/uZmoKYDfF965UAgPrUSz0FbavsE.jpg
10001,https://image.tmdb.org/t/p/w500/6D4yLH2gMBt8S64f8Arrt39cFFb.jpg
11352,https://image.tmdb.org/t/p/w500/wh0WItAFrw3m66mDMlCCuXQwfMW.jpg
12500,https://image.tmdb.org/t/p/w500/5fPN6EZHEeJtl1Nh9ZsyG4CSf8V.jpg
17882,
1648,https://image.tmdb.org/t/p/w500/tV25lGWGWGEqUe3U0xjQTBgilSx.jpg
4105,https://image.tmdb.org/t/p/w500/funhGWt9ee3Uwb6Ar8SGCCvbJdV.jpg
22711,https://image.tmdb.org/t/p/w500/upb42GxljtsmhoLxXbD6REm5Iwg.jpg
19124,https://image.tmdb.org/t/p/w500/ufbA7v7b2xt85Cf1tocr69cwuCO.jpg
10142,https://image.tmdb.org/t/p/w500/3SerZUDoU9TMCXMsQqiXvSWm0uL.jpg
3064,https://image.tmdb.org/t/p/w500/uMOt6bECe3JE5N7M9jYi63fmJDj.jpg
10134,https://image.tmdb.org/t/p/w500/nOspcG8HP6KPdMvzezavRbzYCEw.jpg
21291,https://image.tmdb.org/t/p/w500/l43BVUdXxbsSt3stBgiW53Dql1n.jpg
30352,https://image.tmdb.org/t/p/w500/rQHt9X3Q4NhDe6LotqUDiZme2l8.jpg
15142,https://image.tmdb.org/t/p/w500/zptu1aKRdTw4eX0hsd9wsb2zn7C.jpg
14550,https://image.tmdb.org/t/p/w500/lBVjTP8Cb66GBabUBQaBUtV6OqD.jpg
2210,https://image.tmdb.org/t/p/w500/pO9Edq8mgp9kD3N6EkCGYLnIVaA.jpg
21721,https://image.tmdb.org/t/p/w500/qohqTtk33FlEoeb3zYLEAUGSO0E.jpg
11828,https://image.tmdb.org/t/p/w500/tRaNvLehJf0OVsBexo4u4NRKLJ4.jpg
10551,https://image.tmdb.org/t/p/w500/9HhRk8eUjxUf0CDHTS9YcUk8TTB.jpg
20713,https://image.tmdb.org/t/p/w500/TflAOAoV7C0XPqNyIhjhOelr8F.jpg
27461,https://image.tmdb.org/t/p/w500/4CLeeHTMUesP8MCFt5phmdPSS5k.jpg
1380,https://image.tmdb.org/t/p/w500/lmiZhpUUG9515RGetKwuHJOKTvb.jpg
11465,https://image.tmdb.org/t/p/w500/cb0zpDUnHBj8PxWQG5L96m3rxrk.jpg
17190,https://image.tmdb.org/t/p/w500/nYP7HFuHfy3QchskZiywbJAQ8a0.jpg
9085,https://image.tmdb.org/t/p/w500/mHX0aYjxc2cIOBfYBuaYN9SvbUf.jpg
17819,https://image.tmdb.org/t/p/w500/zPewmxWwDOMucFnaXXH26tfAv7m.jpg
14776,https://image.tmdb.org/t/p/w500/8T1UacG5YV063PDbaHH2RaqA6Wc.jpg
29185,https://image.tmdb.org/t/p/w500/fDgR7vq3fqtlo2w2wPN3pNXyDm5.jpg
32059,https://image.tmdb.org/t/p/w500/5CZznrNvFLacr0mb4CYmlpJ4Tsw.jpg
505,https://image.tmdb.org/t/p/w500/pxcYeiBirSsmfCDIIvxtVNAnf06.jpg
4486,https://image.tmdb.org/t/p/w500/evtfMmuJyCQch2JIdWO2SdGWgJA.jpg
10345,https://image.tmdb.org/t/p/w500/21mBNUe0X4WYywe6w5DyihltmAn.jpg
10222,https://image.tmdb.org/t/p/w500/tzEOkUn5708fQvF0bOPB5bLLRNk.jpg
12774,https://image.tmdb.org/t/p/w500/89Lg30XE7gwVZpJUk0RKqV8CtND.jpg
14621,https://image.tmdb.org/t/p/w500/7xOyz2NlaoqZ6xIjJh0Goptm0tP.jpg
19118,https://image.tmdb.org/t/p/w500/t5sJfj99wACezWFz2jtHQplQkUM.jpg
15138,https://image.tmdb.org/t/p/w500/oCC9piloeSMRpaGgxv52NfxM3vo.jpg
9494,https://image.tmdb.org/t/p/w500/uVM0D7Q6U9H6xMSZmMdfwECih5h.jpg
17362,https://image.tmdb.org/t/p/w500/qqg2U5Jk4jnQUWDXZjq489V2D0A.jpg
9942,https://image.tmdb.org/t/p/w500/z5udcocU8TQWh3M8bbw4C2KEM3E.jpg
8216,https://image.tmdb.org/t/p/w500/31DqGazwdE9N4Y9FHC6Q4NvstuW.jpg
4296,https://image.tmdb.org/t/p/w500/mFGCK7RnFnRXR6CweAhQw030Zv7.jpg
24739,https://image.tmdb.org/t/p/w500/9qRCVO9L3s3CsPnoUO9c3iZm6aB.jpg
9686,https://image.tmdb.org/t/p/w500/sB9bLA8WHyhi9sBCFD28pGfewuU.jpg
27418,https://image.tmdb.org/t/p/w500/ieM9upg9O4agtodEvlZIiuNKZsN.jpg
39002,https://image.tmdb.org/t/p/w500/fMZUJrwCopaLV0uFVKdL2oQCbXx.jpg
31606,https://image.tmdb.org/t/p/w500/h91tvQQQ1o8591yYLTkO0AtVho2.jpg
37146,https://image.tmdb.org/t/p/w500/UAa8AVZfNiISv3K8eKfyuzSAxI.jpg
20006,https://image.tmdb.org/t/p/w500/akIQcT3IErdrvK3r7JIktucXQsy.jpg
8867,https://image.tmdb.org/t/p/w500/tA0O0hYyHX7Hl2Fl8VEtGtfBtjI.jpg
331,https://image.tmdb.org/t/p/w500/oQXj4NUfS3r3gHXtDOzcJgj1lLc.jpg
11467,https://image.tmdb.org/t/p/w500/4TQOYs8rCWi44O1tNbIQiRqHQkA.jpg
327,https://image.tmdb.org/t/p/w500/h7UKdWriX8keKOgSlBrk4OG7XRL.jpg
1548,https://image.tmdb.org/t/p/w500/kY6qxvCv9JOnxoNA46NoddjfQSL.jpg
13403,https://image.tmdb.org/t/p/w500/jafIFAW8sHQkzWPGoMDR4892dFI.jpg
869,https://image.tmdb.org/t/p/w500/kB55VSuv4fR7ssDI5Z2TSgaaOnf.jpg
552,https://image.tmdb.org/t/p/w500/ijCBLF08KQsam3cOBAnit05iiV3.jpg
36095,https://image.tmdb.org/t/p/w500/nLZ2AJFLtMoAAAD54mbT4exj1Wp.jpg
33379,https://image.tmdb.org/t/p/w500/sfxPTc01UZ3zcv276MefaQGmbez.jpg
2171,https://image.tmdb.org/t/p/w500/dVdHnfcLZFSscEUZqCzctwOVjC0.jpg
41946,https://image.tmdb.org/t/p/w500/5KP0TNYT2yH1yo7sfV5hQWQ4qWA.jpg
10135,https://image.tmdb.org/t/p/w500/r2hGyhvNneAifk7UpwAYxrkeFO4.jpg
19236,https://image.tmdb.org/t/p/w500/6VTra0NR4ygRnq3bD922I4rU0Mq.jpg
60276,https://image.tmdb.org/t/p/w500/4Q8yE7ijikNXWItWnAJkjt9yWvn.jpg
12150,https://image.tmdb.org/t/p/w500/vJ88WmJ12eAK9CRb3cggn9CJthH.jpg
11185,https://image.tmdb.org/t/p/w500/e9JrnUotqhKTUQEgg2UzDQ7nME2.jpg
47045,https://image.tmdb.org/t/p/w500/wTQ4FIz8D0YsSSpcgGjR6EWFvhs.jpg
12478,https://image.tmdb.org/t/p/w500/mNFq1Bk9oXD774hVyvdPlNCtwPt.jpg
25155,https://image.tmdb.org/t/p/w500/r5CKg3VJQjYvSWTRojK2tE7LpM0.jpg
65015,https://image.tmdb.org/t/p/w500/25lpQtxNWXzOimnXmbwF0Y0GYej.jpg
24077,https://image.tmdb.org/t/p/w500/6tGHCij3jJu80RYSSpV0LBRLTN3.jpg
9618,https://image.tmdb.org/t/p/w500/jxxxjTu87OSmQYkMFF7MgOEDXRn.jpg
31608,https://image.tmdb.org/t/p/w500/d6Gy5Hg88lKJUumBwY0FZzwU5oD.jpg
22102,https://image.tmdb.org/t/p/w500/2HOzh7t2THdZ3r9BaDucEjfzLlL.jpg
6951,https://image.tmdb.org/t/p/w500/nllMNbjgvUpw378czm5vBYzZqg1.jpg
11959,https://image.tmdb.org/t/p/w500/wxx5YQLKVH1WMSRXQAUnC76r4iY.jpg
2616,https://image.tmdb.org/t/p/w500/bF0Im888LFTf8MgzcTRlT6GufxV.jpg
249,https://image.tmdb.org/t/p/w500/k2l2df0XlY58wfr7a3RPJ59qmxl.jpg
183,https://image.tmdb.org/t/p/w500/dtgNNq3TBbpBX6RXHLt5gAMdwPV.jpg
8494,https://image.tmdb.org/t/p/w500/ylN3DZEPCnn60ecGq01y0AyWsTQ.jpg
26535,https://image.tmdb.org/t/p/w500/8YUzVyN3HdedaK7oGVf2nVrsf4R.jpg
41784,https://image.tmdb.org/t/p/w500/fsqwLjRIVgaykvf2jCwGNOfGoC1.jpg
27431,https://image.tmdb.org/t/p/w500/vVfylUKX9Lz3Idpu0J3ds7vGXoF.jpg
2148,https://image.tmdb.org/t/p/w500/qigf5fWSH1tw7z424UVKg71UIOS.jpg
31941,https://image.tmdb.org/t/p/w500/9PDM2JBdu73vWSq8rrfbHy2CYqL.jpg
27813,https://image.tmdb.org/t/p/w500/ciyzEBzJ1TnafkgGXr6DqEVh1wk.jpg
2057,https://image.tmdb.org/t/p/w500/xvTtsdvvVr1NYlVJxWZibzhaEt5.jpg
9880,https://image.tmdb.org/t/p/w500/wA4lgl8gmoICSShviCkEB61nIBB.jpg
5175,https://image.tmdb.org/t/p/w500/aBQf2vMiCINeVC9v6BGVYKXurTh.jpg
41951,https://image.tmdb.org/t/p/w500/opJnIodpg8HPu9UiNXkKX8UXFsw.jpg
11385,https://image.tmdb.org/t/p/w500/fT1Ht8PSM5cFKmejrnufWvpXAPk.jpg
4484,https://image.tmdb.org/t/p/w500/oMz9BUs3qIAx5UAO5BLiufzVwrr.jpg
44258,https://image.tmdb.org/t/p/w500/7aucmdXXvqB4uW63K6t7P9sTc1f.jpg
20391,https://image.tmdb.org/t/p/w500/pDFQPmc8o37SaIjgoXPQSkKTttS.jpg
12584,https://image.tmdb.org/t/p/w500/gb1oj3xUJUeH9oyZNH6WKCo9lM.jpg
70042,https://image.tmdb.org/t/p/w500/cM6poC7pjCXTJAqZA630xI2GCg7.jpg
11542,https://image.tmdb.org/t/p/w500/1iZBJcFJFupnxrSCwQIrtVgsrkA.jpg
17169,https://image.tmdb.org/t/p/w500/cjqS8TXTy0GvqPBfdB4CAbFCYW6.jpg
39176,https://image.tmdb.org/t/p/w500/juAIeqJH15alRtCb8v9MAaHfxow.jpg
19267,https://image.tmdb.org/t/p/w500/jFl2hmGWFX9mw0NvOOn08Zr8bn5.jpg
2770,https://image.tmdb.org/t/p/w500/854ZZxXdeabAs90mrV72NqShJqR.jpg
12610,https://image.tmdb.org/t/p/w500/foZpSG88IQUCEBJE3unc5QzO6bQ.jpg
1933,https://image.tmdb.org/t/p/w500/p8g1vlTvpM6nr2hMMiZ1fUlKF0D.jpg
13496,https://image.tmdb.org/t/p/w500/bfHkHstHIBpDAokujviWZw3mL8M.jpg
21055,https://image.tmdb.org/t/p/w500/tIO6jd2stGtM6pLvX8Jm85efw9Q.jpg
24936,https://image.tmdb.org/t/p/w500/sWRTQpTb65Itp4bdNas3W4a1QHy.jpg
10972,https://image.tmdb.org/t/p/w500/A3Au37c3KJX29BDvldzGiYtaU5B.jpg
1722,https://image.tmdb.org/t/p/w500/9YahF8HFypIKFTvOTiYzObA0hom.jpg
9896,https://image.tmdb.org/t/p/w500/3dpim9bLdi5uh55idJ6HxA7eZH4.jpg
9683,https://image.tmdb.org/t/p/w500/tFwvUSc8g0HHvDOBQ2rvC9LWVSj.jpg
2779,https://image.tmdb.org/t/p/w500/mfvWefUp09oaLLxb8KhsvUYi7mX.jpg
2294,https://image.tmdb.org/t/p/w500/aEsAdMAhwKYFgnHHxMOknktQYKK.jpg
10016,https://image.tmdb.org/t/p/w500/i2zztssCIbahGES1fdfWFmDXian.jpg
26602,https://image.tmdb.org/t/p/w500/hMp5Iev56BUu3xJGpAeCCPC1ZwY.jpg
22230,https://image.tmdb.org/t/p/w500/ihDJpDbKpVjxx9bzo9i6MdhS5dm.jpg
13966,https://image.tmdb.org/t/p/w500/4PLm3BZiOXhDIbbqH8ipVyPVA1M.jpg
742,https://image.tmdb.org/t/p/w500/fIY5xko6dJOcn0hckudIhPXobve.jpg
15104,https://image.tmdb.org/t/p/w500/2JTgaodnScJHIyRrQTtaawOd949.jpg
8922,https://image.tmdb.org/t/p/w500/g410Y1U1ELbmJG14Zru3UAimm1G.jpg
11065,https://image.tmdb.org/t/p/w500/bz4IiGxJwcbN4kTLdUuXlcGSMaH.jpg
16314,https://image.tmdb.org/t/p/w500/fhGyCrKke6KImUQtprqsICYHnkX.jpg
18885,https://image.tmdb.org/t/p/w500/kXuh3c0DyvqSGo0DBatoemBwEtz.jpg
40508,https://image.tmdb.org/t/p/w500/A2664BFz1Xmxyprh9DoxXIEldhb.jpg
16307,https://image.tmdb.org/t/p/w500/wwtrXRL8SiOWxhwLEvw7iBgYh0g.jpg
11370,https://image.tmdb.org/t/p/w500/oaKp6HZQDTtCOwn4JGi2Mh7Ep95.jpg
12508,https://image.tmdb.org/t/p/w500/k30vcIl2nuT8D53UzNk0nYEuGiO.jpg
25462,https://image.tmdb.org/t/p/w500/oDWVsSJMXvDeX9KohSOtfqCFD7e.jpg
18734,https://image.tmdb.org/t/p/w500/gSrHmiRzHBC9JS2UI72J1Bex016.jpg
44321,https://image.tmdb.org/t/p/w500/q5jT6BBCIWIysr712UIZY7BOGje.jpg
58062,https://image.tmdb.org/t/p/w500/9vNRpMYT5H9L9UYf6Yq17isnQem.jpg
2176,https://image.tmdb.org/t/p/w500/16obDcmphjfq17zwWKJlur53fCh.jpg
20857,https://image.tmdb.org/t/p/w500/9RMcwwnK8a9WCt8dVlwmtNsFCg3.jpg
22617,https://image.tmdb.org/t/p/w500/6qhSssp1RT3IU53OkomdpJsyJ0D.jpg
75386,https://image.tmdb.org/t/p/w500/iYCPEGIiGrYfLOQ7SxP3iqmboWO.jpg
2185,https://image.tmdb.org/t/p/w500/h844gBztdYMLrroUen6qbsomrGx.jpg
10696,https://image.tmdb.org/t/p/w500/388ru0R7fnBFPaVuJe4caRGGh54.jpg
2034,https://image.tmdb.org/t/p/w500/bUeiwBQdupBLQthMCHKV7zv56uv.jpg
21538,https://image.tmdb.org/t/p/w500/qeh8Rzyr7VJaZWep7Vi5MP1e5hG.jpg
48834,https://image.tmdb.org/t/p/w500/asM4LPB6VYUXxifG3jgUk5rPHwH.jpg
31016,https://image.tmdb.org/t/p/w500/oJuZGjMUKsYJXSkLXdOZ9CePJhg.jpg
32567,https://image.tmdb.org/t/p/w500/7zWvRlfnDTbmcGw8F28PEx7KX2k.jpg
12537,https://image.tmdb.org/t/p/w500/zqpeqPjziAH3VXMqwQ0Ds3Ffx9b.jpg
9028,https://image.tmdb.org/t/p/w500/3kpxS7SZMyYSXvhDnmxQXOOxiTM.jpg
16180,https://image.tmdb.org/t/p/w500/cfs20hKNClCrEWRhgiy0bKEYBtV.jpg
11521,https://image.tmdb.org/t/p/w500/eXf4xhJEc9c2NElBrExmiWFe4Pz.jpg
21028,https://image.tmdb.org/t/p/w500/m6nWRLCaKsGErs7x8rDj9XuTVEG.jpg
27327,https://image.tmdb.org/t/p/w500/qDOtGWeSQNwB3dG7Amt1K0JW0az.jpg
29756,https://image.tmdb.org/t/p/w500/8CyQj2VIfmGzjvdoLwYLyT8h4YS.jpg
20115,https://image.tmdb.org/t/p/w500/v5VBvSVu2sWLAmyQhKQwBV5aPJA.jpg
30295,https://image.tmdb.org/t/p/w500/Tp4vSQef0qsI78M90SsZZLJzPE.jpg
25767,https://image.tmdb.org/t/p/w500/3peOV81MRImLDX8bnGUHOJSB0lN.jpg
22874,https://image.tmdb.org/t/p/w500/sv4ao2ceHx2Ii1I2SsAmCqr7k6K.jpg
11576,https://image.tmdb.org/t/p/w500/j4mWzOisSHFkaqIkq34l2mm8a5K.jpg
43860,https://image.tmdb.org/t/p/w500/lbOgmmA5K32joQvmDpvAs5Dzfqh.jpg
43802,https://image.tmdb.org/t/p/w500/jBj5GRb7S9y4HJ3J35TfbmY91Ka.jpg
9660,https://image.tmdb.org/t/p/w500/pIsm8JvpFZidVxKexv5UgoCjwpZ.jpg
15393,https://image.tmdb.org/t/p/w500/9f3JSecw8ru24ftCL6UAzpxHk0X.jpg
248,https://image.tmdb.org/t/p/w500/xjXwcGJjT5tE22wazQUYH32HwU8.jpg
1644,https://image.tmdb.org/t/p/w500/whCG6TGm3h9AHBkfh5M0MnJ8zT0.jpg
12502,https://image.tmdb.org/t/p/w500/7Piz5R5dB6d7v1OWNaIn9GB4qZg.jpg
66092,https://image.tmdb.org/t/p/w500/h0C2qRwXelDvPmOH3NioMsaPDDy.jpg
10373,https://image.tmdb.org/t/p/w500/4sRR3pvrAZMG7GEvnR9XzqyHHfD.jpg
13766,https://image.tmdb.org/t/p/w500/oOPJ5leOsDKaGCD7DonN4szMZAU.jpg
16380,https://image.tmdb.org/t/p/w500/zVBEXGxtnD83t0PfKm9uZbnpDbA.jpg
12103,https://image.tmdb.org/t/p/w500/mDawnZWQnePqQbiisEWZaY9e4UI.jpg
11313,https://image.tmdb.org/t/p/w500/qPTEh8vutS5FSCDoR16MWVGHqTm.jpg
9398,https://image.tmdb.org/t/p/w500/1IOLMlNKSoo3FToVGYV1PjE3ehn.jpg
45864,https://image.tmdb.org/t/p/w500/yZG7XdvaGHivmjZ5UKYl6zFuSd3.jpg
10866,https://image.tmdb.org/t/p/w500/1LVGjf1QWgkNNPQssZtuT1GYKoP.jpg
34549,https://image.tmdb.org/t/p/w500/eJ4olY0dZMC1MfMhRkLOWisWYtu.jpg
9778,https://image.tmdb.org/t/p/w500/4jS66Qmq2Ru5S2YzHVknGd4xJyT.jpg
58429,https://image.tmdb.org/t/p/w500/jxbv3zY7TmgIW29xow1snEBc30W.jpg
16121,https://image.tmdb.org/t/p/w500/h0VcqQ3z1RroKk7WtiW0E6DDho2.jpg
40220,https://image.tmdb.org/t/p/w500/gRX5TYYtwrMYWhKLFPQAIxzx8lb.jpg
166,https://image.tmdb.org/t/p/w500/9MWrgGzJ3eBemfAaOr9sof206CW.jpg
1623,https://image.tmdb.org/t/p/w500/4DhrSojl3J0Z4wZyM2CfNGnKQWl.jpg
40932,https://image.tmdb.org/t/p/w500/j4Qu0WPS04bYOLwV3d9vSSsvYQb.jpg
13550,https://image.tmdb.org/t/p/w500/z4nTYj3JZ5jWAhDgrmEhW2GRAzb.jpg
16769,https://image.tmdb.org/t/p/w500/rHQZ71PutwD1WUXOZBlcXhV4KPD.jpg
42158,https://image.tmdb.org/t/p/w500/14iMtdJY3HjwrmqPUZ55F4LzuCd.jpg
1716,https://image.tmdb.org/t/p/w500/yJbA6jjuj9h8x2tZSgTkzpQ8PzS.jpg
3172,https://image.tmdb.org/t/p/w500/67AUAkiT4rbgqN7SNlIJn0zWZqU.jpg
17708,https://image.tmdb.org/t/p/w500/aLgzSIgHTyWggrP7ieDVYE3PB8g.jpg
12780,https://image.tmdb.org/t/p/w500/qXYISomt08V5PUqCzYRLVSQZmWP.jpg
570,https://image.tmdb.org/t/p/w500/afzbY1h7huuxlITigPfcyQSkqLs.jpg
1018,https://image.tmdb.org/t/p/w500/x7A59t6ySylr1L7aubOQEA480vM.jpg
25641,https://image.tmdb.org/t/p/w500/xP2JKtdq77aWWZ1LCGsR68co5Jw.jpg
16767,https://image.tmdb.org/t/p/w500/nX2sgumjpBkEMzGFSMdBZMCiVgX.jpg
11380,https://image.tmdb.org/t/p/w500/7UOHEPTQMaiwaI14CGxd5yFAPMZ.jpg
984,https://image.tmdb.org/t/p/w500/scl2JDHzYoIEs5xyYy5ITCfyY0G.jpg
14811,https://image.tmdb.org/t/p/w500/v65PHx7Q6Jx0anyNeUOX07SJic9.jpg
55727,https://image.tmdb.org/t/p/w500/mihPxIkGvGPzDgi1fMrE6cx5Ykq.jpg
9585,https://image.tmdb.org/t/p/w500/aEMncPIHISpaIJmYaIstS0TVnb7.jpg
14267,https://image.tmdb.org/t/p/w500/cqhIufhoORDMuFKEinV1IIYUBxD.jpg
45929,https://image.tmdb.org/t/p/w500/z5WIS8QcnmccIeVzKiYLK9X2aUK.jpg
768,https://image.tmdb.org/t/p/w500/t2WpWM8nBO4sULXr2bDfNEt4qgr.jpg
2100,https://image.tmdb.org/t/p/w500/pYnUfauPVK6g8IRO2REYl4TUZ2p.jpg
11091,https://image.tmdb.org/t/p/w500/lz8FCZAzfr2gzju6YM4s7UCZugL.jpg
18192,https://image.tmdb.org/t/p/w500/x0VybfDiQ8U62kqdf4BzDebrCQV.jpg
9081,https://image.tmdb.org/t/p/w500/2MRM4PL6H7yraAkwyUEe2EqoQH3.jpg
167,https://image.tmdb.org/t/p/w500/tafXZX0I6rso7EyoEzfygfTqxq6.jpg
9378,https://image.tmdb.org/t/p/w500/6yrrddjIjx0ElCRZp5pTZeqrj3k.jpg
27444,https://image.tmdb.org/t/p/w500/zUD6Dc88R7gieprJ1oz8bNyi0uf.jpg
141,https://image.tmdb.org/t/p/w500/fhQoQfejY1hUcwyuLgpBrYs6uFt.jpg
10034,https://image.tmdb.org/t/p/w500/jyC13aGpVP4ogf8jSVfWLdk02h1.jpg
11457,https://image.tmdb.org/t/p/w500/qNFlcei9vWh5NCRTVrs52qDvUmq.jpg
10778,https://image.tmdb.org/t/p/w500/lrCgt8NNMyFsfmXyXiSSCRXNH4u.jpg
67385,https://image.tmdb.org/t/p/w500/8d2NBr4in07pEQgO1PwENJH0IO1.jpg
11456,https://image.tmdb.org/t/p/w500/quRhjnXAuIn04VmgM84nmKzt79J.jpg
585,https://image.tmdb.org/t/p/w500/qjlbN6aK1qgeg3SspFVovT2D1Me.jpg
10796,https://image.tmdb.org/t/p/w500/gcr3t71KmeXINemMrhaGBGVJPwW.jpg
23949,https://image.tmdb.org/t/p/w500/4Flz17KOjGdGqJ2dFRhKnB7eg5.jpg
11088,https://image.tmdb.org/t/p/w500/xrwwSXFeW35wYsnobreXbGxHwUC.jpg
9889,https://image.tmdb.org/t/p/w500/gtcsIu8yBlfONaOENj78UFJLbjQ.jpg
45964,https://image.tmdb.org/t/p/w500/mdhpKVuuNZcc9noZzYXruxeIxdJ.jpg
671,https://image.tmdb.org/t/p/w500/wuMc08IPKEatf9rnMNXvIDxqP4W.jpg
20794,https://image.tmdb.org/t/p/w500/6ZVFepWKzYho4DLhyFVuRk7klZ1.jpg
11469,https://image.tmdb.org/t/p/w500/1Y5VDnKfAw3Xk5sSHEZz2Asn5SP.jpg
14369,https://image.tmdb.org/t/p/w500/2aBepBnMXRs3hmde9Je3rn5bseJ.jpg
1535,https://image.tmdb.org/t/p/w500/6y8M1rxjKofQCRKKe6xeV91K2Fc.jpg
1433,https://image.tmdb.org/t/p/w500/iP1z1aJzPnkP8FHg77TS7ukqoEZ.jpg
1999,https://image.tmdb.org/t/p/w500/IQj11YbraLDyPYaz79jtDoAscc.jpg
12472,https://image.tmdb.org/t/p/w500/A6Hgp9LS0TQiawk6sPefjg1mHbg.jpg
11834,https://image.tmdb.org/t/p/w500/kprcqmFxWPU45L1ZnMXO5yPPMVA.jpg
16085,https://image.tmdb.org/t/p/w500/fg7tnjd4dBeIDvEO80CGq958CCt.jpg
269,https://image.tmdb.org/t/p/w500/9Wx0Wdn2EOqeCZU4SP6tlS3LOml.jpg
16441,https://image.tmdb.org/t/p/w500/ytaKNYpHdQnClTbWL2m19Xv6PXZ.jpg
11422,https://image.tmdb.org/t/p/w500/vCzGV28YFmWubUn1jh8ytagYocR.jpg
31037,https://image.tmdb.org/t/p/w500/zkgakUhHugeMRAtxSiM47nwXufa.jpg
10656,https://image.tmdb.org/t/p/w500/5EOFUWs0ImeyiRUtFpbHuGGTNUx.jpg
32847,https://image.tmdb.org/t/p/w500/kWtJ1C98fQB1fUDSfqb1NGBPPK8.jpg
39938,https://image.tmdb.org/t/p/w500/6jbBsk4uDuSkO2Uxv5YxoPNmVVj.jpg
14584,https://image.tmdb.org/t/p/w500/7poVN0zQuxCIorAR9N6JDJN0dGG.jpg
58886,https://image.tmdb.org/t/p/w500/iPVRGoOQ6N9sMYYJW8OLT2CqDnO.jpg
72277,https://image.tmdb.org/t/p/w500/7UwdJ0EMXirUuNFaohfK023Nuyr.jpg
5781,https://image.tmdb.org/t/p/w500/9iUdC4dftkjYSBUJq5DAxC6WqB9.jpg
23805,https://image.tmdb.org/t/p/w500/yt7Z37Uo2zls64XikaYh8nCwTAv.jpg
11033,https://image.tmdb.org/t/p/w500/oy1m5dd44foNrxV8U9l6Walx82V.jpg
3537,https://image.tmdb.org/t/p/w500/ewuGn4kxsqbYfgSO8Y5kzYlBcKE.jpg
8738,https://image.tmdb.org/t/p/w500/nJmWPdreWnbdjMpmXB5rnJMvsK1.jpg
3604,https://image.tmdb.org/t/p/w500/eTdEaRjtVnFbd5KVhxLRfbYW46e.jpg
6974,https://image.tmdb.org/t/p/w500/jtY9aJjUdbw6CaQ3rHQW6WJKB6g.jpg
10649,https://image.tmdb.org/t/p/w500/l0W85fpnsfnpLSSF3D6bKKlH1dD.jpg
42566,https://image.tmdb.org/t/p/w500/389JSntj1J7LtTjUxvKCy3JJfuj.jpg
17689,https://image.tmdb.org/t/p/w500/hYXkHixmH2W4hXA0qVJpT4ONPt1.jpg
10847,https://image.tmdb.org/t/p/w500/xhxWsFgBYyDfRWfOhM1OrV88QDJ.jpg
33525,https://image.tmdb.org/t/p/w500/2C7h2FMGBeMVZNO8IHXd2XjDAx6.jpg
27591,https://image.tmdb.org/t/p/w500/8IIrlm2CjGCY5UV94lMCNb9HC94.jpg
299,https://image.tmdb.org/t/p/w500/A4R6u7SidBPVXMVzGSysCiRGTRz.jpg
42160,https://image.tmdb.org/t/p/w500/n7trpLAThW1h67QAlWMQ6IHS47u.jpg
10650,https://image.tmdb.org/t/p/w500/fSADY0EEM7ntpK5IwumcGS4UNNE.jpg
8007,https://image.tmdb.org/t/p/w500/nmNfyRNLKz7QaUOx49FeaHj82Aq.jpg
19076,https://image.tmdb.org/t/p/w500/uPgXAA5PzMCCWXYA3PsihgNkwht.jpg
50562,https://image.tmdb.org/t/p/w500/a5eOBUs5TtLraJpfJMMDehIwnDp.jpg
13503,https://image.tmdb.org/t/p/w500/69tMHlxiCYlYKGZm1aPH1u7hY88.jpg
161,https://image.tmdb.org/t/p/w500/hQQCdZrsHtZyR6NbKH2YyCqd2fR.jpg
43774,https://image.tmdb.org/t/p/w500/mcsAug8npYWQ21W0Adv5ghpJuSk.jpg
31064,https://image.tmdb.org/t/p/w500/5iVwXnV2fraxy6NYzxZ07jMWW0u.jpg
31682,https://image.tmdb.org/t/p/w500/vI7IdqfvsyoQAjAzRWS2fYvUoOu.jpg
8342,https://image.tmdb.org/t/p/w500/ytb2BuyV1TgBeAmKDwRzkqVGyZz.jpg
4886,https://image.tmdb.org/t/p/w500/maV1jQZ58NZIjwRbdtmRcaW3fZo.jpg
228,https://image.tmdb.org/t/p/w500/khz2rKLAPDVu9auJt1sR1HO9SCG.jpg
23111,https://image.tmdb.org/t/p/w500/wPcKa5M9C0QKZuAfVe5cfv58Njb.jpg
194,https://image.tmdb.org/t/p/w500/oTKduWL2tpIKEmkAqF4mFEAWAsv.jpg
11397,https://image.tmdb.org/t/p/w500/9ZaGxvj1mqdKVLpSloq4mzS7SK6.jpg
1903,https://image.tmdb.org/t/p/w500/cAh2pCiNPftsY3aSqJuIOde7uWr.jpg
11889,https://image.tmdb.org/t/p/w500/pqtVPrv3xPLTUayC0bPruRjYWDF.jpg
28171,https://image.tmdb.org/t/p/w500/uTeYg3RPKlGYbyvEYKq5Ht5QGch.jpg
9523,https://image.tmdb.org/t/p/w500/nTEUCdpDsfVDZJ5H0ndP1EmVtj.jpg
9428,https://image.tmdb.org/t/p/w500/nG7hZJn7wQTSDCQT39Gy3s3tbrp.jpg
1649,https://image.tmdb.org/t/p/w500/tldtDfLnPFOtTWp758EmIP2Hbz5.jpg
11938,https://image.tmdb.org/t/p/w500/tYKbdwgD4xDTkT9x7BBw4qWoQAg.jpg
24264,https://image.tmdb.org/t/p/w500/g3MC1eYoW1Se9fQzCOZ5tfyMatl.jpg
26978,https://image.tmdb.org/t/p/w500/7RAgXBII8NyApwvX5detCFbH4E3.jpg
19209,https://image.tmdb.org/t/p/w500/jvoxMkXms4O490OlCNuJk4y7ZB4.jpg
8386,https://image.tmdb.org/t/p/w500/qWF784YqUZE8KhbBfuqhMSzmUPs.jpg
12589,https://image.tmdb.org/t/p/w500/pUwdquA6Bf3Gq8yT5iQL1Yq0jkl.jpg
12312,https://image.tmdb.org/t/p/w500/9AJvAour6cslSMy9Q0WLd0jIJh1.jpg
11232,https://image.tmdb.org/t/p/w500/mUvikzKJJSg9khrVdxK8kg3TMHA.jpg
120,https://image.tmdb.org/t/p/w500/6oom5QYQ2yQTMJIbnvbkBL9cHo6.jpg
11086,https://image.tmdb.org/t/p/w500/m9WrB91B8ghxIZhyFugkoSleBE7.jpg
453,https://image.tmdb.org/t/p/w500/rEIg5yJdNOt9fmX4P8gU9LeNoTQ.jpg
11414,https://image.tmdb.org/t/p/w500/tGGNyImEXgedDjrCORbC9cTJp0X.jpg
10794,https://image.tmdb.org/t/p/w500/8d2Msw39YzwkBWfBMauCulp7D0.jpg
5052,https://image.tmdb.org/t/p/w500/tvhWubbZfZTvCMtPu3ufIVePAp6.jpg
37257,https://image.tmdb.org/t/p/w500/bCj4EfuehAlgBwVd3diyWyhuuau.jpg
8489,https://image.tmdb.org/t/p/w500/hBE9VTgwmHbIBkJ0uxrnmqJOpkm.jpg
855,https://image.tmdb.org/t/p/w500/imGygQbmuc7gC1JZiAVhJLsUWXq.jpg
12660,https://image.tmdb.org/t/p/w500/6RnRclsipl3cZKnDfsu0MrqWCwI.jpg
10269,https://image.tmdb.org/t/p/w500/4pxpLRvtoJrFQqXhQsHgPrLE0SC.jpg
5279,https://image.tmdb.org/t/p/w500/7r8DeZuaaHCiOEbkqZC6MFmwJ69.jpg
10950,https://image.tmdb.org/t/p/w500/3MUXRSyx9gnA2lLSSTGLN8cQQ42.jpg
1365,https://image.tmdb.org/t/p/w500/rQeufx98gKH4CCeVw57KT1Fd0gr.jpg
6440,https://image.tmdb.org/t/p/w500/3IdEZw4YN4NfvjLRyZVWpI0z2IH.jpg
6037,https://image.tmdb.org/t/p/w500/7YGYam05qzHy0ZSzfjBSDkVvvU7.jpg
61418,https://image.tmdb.org/t/p/w500/6fLc2xBZ3lK6AToG7iO1v1UAeqJ.jpg
11857,https://image.tmdb.org/t/p/w500/lmLcncTWV78v91tKBmI5ytjKvOc.jpg
6312,https://image.tmdb.org/t/p/w500/Ahd4F7azhjsxgXYjVyFmVzJu9LB.jpg
11595,https://image.tmdb.org/t/p/w500/3oSAuZP0346zcIo6awKzHyGUS44.jpg
24166,https://image.tmdb.org/t/p/w500/dRsZF1I4s4jx99wEyZyIsOpu3Uw.jpg
10170,https://image.tmdb.org/t/p/w500/fFvwQGcpEdXkuPJaS15Xtl6h6P4.jpg
18317,https://image.tmdb.org/t/p/w500/tGIMM7XAkZIEJ5vt5nh9QUIQgzj.jpg
848,https://image.tmdb.org/t/p/w500/11f7rx5lds8U0LiCB7gDhgKrQAs.jpg
9610,https://image.tmdb.org/t/p/w500/m5i7S46DT1ESy7URkh2l92awGRr.jpg
15035,https://image.tmdb.org/t/p/w500/v0fi9KgmdsUsGtopxxRzbtQ5NIX.jpg
4965,https://image.tmdb.org/t/p/w500/7Uy4JbalP0mEyKnFW2IorQDmbBa.jpg
11891,https://image.tmdb.org/t/p/w500/gVsZ1hsJ9g11oCCav4N8ccp9bRw.jpg
11888,https://image.tmdb.org/t/p/w500/8DDC6z1XyLSiNLzKw1pXcYeAOJ3.jpg
150,https://image.tmdb.org/t/p/w500/aDzOj4a9HvgRjjAEgwXyztCWVXq.jpg
112,https://image.tmdb.org/t/p/w500/yviUKuVb9BXYPqkWvp8JZFj2wVb.jpg
20678,https://image.tmdb.org/t/p/w500/9b1zje1Yp3kaJOn8pJqaQ1WLmoj.jpg
15050,https://image.tmdb.org/t/p/w500/afiRgLXIfH12NemvtthCkrwNtAu.jpg
10423,https://image.tmdb.org/t/p/w500/lxhsdC8wuGgQf0gKCt8wyHHxGcQ.jpg
57976,https://image.tmdb.org/t/p/w500/2sLpyYytu0Dbymzs3skxOCRHKkl.jpg
651,https://image.tmdb.org/t/p/w500/fzBLxDQO42kA6xdcyQ0qYueLuVC.jpg
20620,https://image.tmdb.org/t/p/w500/5G3q3OvulFTnFdiouaZdD8wjtIc.jpg
18647,https://image.tmdb.org/t/p/w500/xal47bRKVIxErB7h2CScY3GBnoT.jpg
11362,https://image.tmdb.org/t/p/w500/ifMgDAUXVQLY4DeOu3VTTi55jSP.jpg
2637,https://image.tmdb.org/t/p/w500/z2PiOTyjbCOnMHY2QJdq3I4jU44.jpg
10229,https://image.tmdb.org/t/p/w500/8lUYMvWdHA0Q0k5F76RQCeCBUkA.jpg
12659,https://image.tmdb.org/t/p/w500/mkOBUHcJFfVWLJmWNvE0qZuzAW0.jpg
68149,
35650,https://image.tmdb.org/t/p/w500/knhWhSDOEPcWed5ljKcJVnXbH7.jpg
9606,https://image.tmdb.org/t/p/w500/41WtqvaObaYE3RuqgBfQFPV3aV1.jpg
11447,https://image.tmdb.org/t/p/w500/mUeDLodG63QSGBEGWDYZIsYjhok.jpg
16550,https://image.tmdb.org/t/p/w500/9K9AXaRDJ3CLdZFsi3pB3nGVrb7.jpg
13915,https://image.tmdb.org/t/p/w500/k2gFxNSAYZEqXXzT2chV7ezrl0Z.jpg
34723,https://image.tmdb.org/t/p/w500/8VpQZ43hdaTUmkMoe2CnED1Y2fS.jpg
31674,https://image.tmdb.org/t/p/w500/up9rH2UZXMizylHA4Rd2BC9BvXq.jpg
20009,https://image.tmdb.org/t/p/w500/g3xn7tRnGxVwwKc2tge7nPssywQ.jpg
2084,https://image.tmdb.org/t/p/w500/jrwCiqQjEm3WqxHXxvAoW4gOsUd.jpg
74692,https://image.tmdb.org/t/p/w500/z0tTXhUzG9mwKVliv74LBe7gGdy.jpg
4031,https://image.tmdb.org/t/p/w500/1evmnMMSgUXORoECRwiMiqjwmN.jpg
11870,https://image.tmdb.org/t/p/w500/3EjpQeyOpH8VIaWqIq6SpCQrCks.jpg
9884,https://image.tmdb.org/t/p/w500/rALb2pU8QQGIlYdHezB2F5kwecI.jpg
11535,https://image.tmdb.org/t/p/w500/5Wquo3EjfDpK7S1BHcybuC3TZDO.jpg
27593,https://image.tmdb.org/t/p/w500/xIN1jHBsuJjELaxsX37tWwWZdi1.jpg
11212,https://image.tmdb.org/t/p/w500/21U2jwl36hoTHsXB3fDuIQkcchu.jpg
28345,https://image.tmdb.org/t/p/w500/rIfA5X4pYJOHyFPZFqWLOu7yfiZ.jpg
21845,https://image.tmdb.org/t/p/w500/9If8XnhBdEbQ2Q0ggAQC92CptjU.jpg
11528,https://image.tmdb.org/t/p/w500/7PYqz0viEuW8qTvuGinUMjDWMnj.jpg
931,https://image.tmdb.org/t/p/w500/mq3TW9GiF9MNlIEjnlL7D9X9tbx.jpg
17130,https://image.tmdb.org/t/p/w500/prdFY9Bc28frBhhWl7mPSr7JmFp.jpg
10592,https://image.tmdb.org/t/p/w500/yRUhSU7vzs5ePa72LNPcKKCCMZ5.jpg
8470,https://image.tmdb.org/t/p/w500/xEE91LvXiqgs7Hmdl44LCzHtFf6.jpg
16690,https://image.tmdb.org/t/p/w500/wB3r2b8sxUZspqNyr8copMlt7se.jpg
39939,https://image.tmdb.org/t/p/w500/yJyxPItcLNVfYr7idOphQTmQ9hK.jpg
9272,https://image.tmdb.org/t/p/w500/iIV9zYVEFbb7AWc3BgnVQlfoeW.jpg
14778,https://image.tmdb.org/t/p/w500/rcc3eL3wcydEUmXpX1tW9ro8NR9.jpg
19137,https://image.tmdb.org/t/p/w500/n66MJNKW51LtyoE7OvsZ2oau3x2.jpg
32499,https://image.tmdb.org/t/p/w500/ajAXzTiPkL7JxeCRw5lQBqrKNGx.jpg
33668,https://image.tmdb.org/t/p/w500/5iKj0fkip6j67iwejogjTGmkLZd.jpg
993,https://image.tmdb.org/t/p/w500/jAREYLUnYGwPjbQr0vs1s38QLkH.jpg
11698,https://image.tmdb.org/t/p/w500/wDq9ytRxoVpICRcx1BvagmXhd4t.jpg
10052,https://image.tmdb.org/t/p/w500/tafDYI10ZhorJ6nmsPqUfzQpRLn.jpg
11979,https://image.tmdb.org/t/p/w500/yDPuJL00RsVSheRplMM2L6nwEdq.jpg
13791,https://image.tmdb.org/t/p/w500/6SnhJrYar2gedIdyIqlLwagBmCr.jpg
9991,https://image.tmdb.org/t/p/w500/ripTQsmWQJyccK6zB1dajSY3olv.jpg
480,https://image.tmdb.org/t/p/w500/vCwkv7tYFem0tQ9Duoq2MX7T7Zd.jpg
44340,https://image.tmdb.org/t/p/w500/cPtteHPYzO0ZBgr94Bx0a87zmzy.jpg
18984,https://image.tmdb.org/t/p/w500/iIZENyvwpcXGP5D5XojT190X4S4.jpg
23479,https://image.tmdb.org/t/p/w500/kJNXMni0ObOXLth6v9xpUhWbtrp.jpg
15999,https://image.tmdb.org/t/p/w500/4hJUWgdmoFsNpzyTN6QjoZcaivO.jpg
614,https://image.tmdb.org/t/p/w500/iyTD2QnySNMPUPE3IedZQipSWfz.jpg
2752,https://image.tmdb.org/t/p/w500/5a60NuJToRAc0gijjI5IRSVGKL3.jpg
10590,https://image.tmdb.org/t/p/w500/d5uupBAORxnFNbkNQ2G0Bi2cpY8.jpg
22910,https://image.tmdb.org/t/p/w500/1lO5o4si8JPPFi7XAGlFH5az4Yp.jpg
42517,https://image.tmdb.org/t/p/w500/q2zRduXmanALHJtjqX0XPkJBJs9.jpg
13225,https://image.tmdb.org/t/p/w500/jAD6Ofuz4PiYFV3fd3oBP6aOTyM.jpg
7219,https://image.tmdb.org/t/p/w500/giJlnw8ItTJb7IL053Z47B6S1xf.jpg
18646,https://image.tmdb.org/t/p/w500/5hOyBgsmSApFl10ZfaYxUTQu5Ze.jpg
13950,https://image.tmdb.org/t/p/w500/sO7IpJHjZBGLevi8Ozj9EsAUw5h.jpg
2135,https://image.tmdb.org/t/p/w500/9QB6wIc6XOtoi02uUCLSvY0onSL.jpg
965,https://image.tmdb.org/t/p/w500/4QvsFW2cRY20GVpMQNcG406YVxP.jpg
33135,https://image.tmdb.org/t/p/w500/vXsCYOI6v3baMTzLlMho78FO6Hn.jpg
54287,https://image.tmdb.org/t/p/w500/13RRt6myJcaccQCtmOxLvwq3OQX.jpg
32030,https://image.tmdb.org/t/p/w500/7ZTasNoTehrypra0X97zh8Amk3.jpg
29343,https://image.tmdb.org/t/p/w500/ntb2ZCDkuE65P6QFw4V2Ll2D0Mk.jpg
27458,https://image.tmdb.org/t/p/w500/mMRPB4IvMw7c3zIHIEfaOGv0V5h.jpg
14807,https://image.tmdb.org/t/p/w500/pXS667me5Jfoj1b0xuxgjEMKunF.jpg
39543,https://image.tmdb.org/t/p/w500/e9gbeslzPIav8ELEPRrKB1EzonF.jpg
30924,https://image.tmdb.org/t/p/w500/sb63i9ZDqin0Mh37B5sLiZSQY6A.jpg
24549,
24825,https://image.tmdb.org/t/p/w500/CHZCoIruTfZ3ssN5tY7EG7UDvY.jpg
38147,https://image.tmdb.org/t/p/w500/ihrglsyt0fOWfqOnmHbnAZGv4RZ.jpg
24032,https://image.tmdb.org/t/p/w500/9QrIWpKS24thkL0g4HrRYAznFDV.jpg
425,https://image.tmdb.org/t/p/w500/gLhHHZUzeseRXShoDyC4VqLgsNv.jpg
1576,https://image.tmdb.org/t/p/w500/uoXZOT9dGDtrZNgOSOOKOXlV4XT.jpg
5851,https://image.tmdb.org/t/p/w500/8sIooUxXZo2blCVuAYbL2wkdUfD.jpg
25014,https://image.tmdb.org/t/p/w500/j7YO7LqMXrEsP33pQShzJMPbXLg.jpg
15647,https://image.tmdb.org/t/p/w500/8b2g8QZRLTJMYyzc3HirTSRQpLW.jpg
38880,https://image.tmdb.org/t/p/w500/yWjOPkUjgOpSaBJu1eAJiXmM16s.jpg
1391,https://image.tmdb.org/t/p/w500/eTAQWIqHyFtnvNyYpFO5IoaVi1L.jpg
18172,https://image.tmdb.org/t/p/w500/y8OSutSNEi84ROcqyV7Tu7p8xYg.jpg
31805,https://image.tmdb.org/t/p/w500/nECM25OC4iJHV1AHPa4CHnzYgyk.jpg
10627,https://image.tmdb.org/t/p/w500/6f4qOrzSMUqSc0iAODL6wnwJ7km.jpg
42750,https://image.tmdb.org/t/p/w500/bBo5W9RcFZepBDU6NZL0z8ycNyt.jpg
27930,https://image.tmdb.org/t/p/w500/46tzKLP9Huzjf1L09qEEdvNAdx0.jpg
259557,https://image.tmdb.org/t/p/w500/ztje5sIOlcGsckwirlIOL1FYybx.jpg
28124,https://image.tmdb.org/t/p/w500/mT6l2TO3kbeG7olZV5Zmd8MqSh8.jpg
15119,https://image.tmdb.org/t/p/w500/t376p5q8zvhyQ2FOroytJsRvlL8.jpg
12705,https://image.tmdb.org/t/p/w500/cYNZM1xdhOH6NybMcX9E1LPOl3l.jpg
11006,https://image.tmdb.org/t/p/w500/w4RqNZtVHB5Uzlnl6zQlMHft7QI.jpg
15120,https://image.tmdb.org/t/p/w500/7ECa1J1pilm2rrXJ7z9vuTOc7Nr.jpg
21629,https://image.tmdb.org/t/p/w500/ehCdQewg9SxjhnimJrKwNKbr80C.jpg
36586,https://image.tmdb.org/t/p/w500/azzTa03g0Fb8HC7O3521qq0oc8Q.jpg
6020,https://image.tmdb.org/t/p/w500/6nEcq3ARZgSAeBvJVyrCerH0umF.jpg
39541,https://image.tmdb.org/t/p/w500/marKnaLfvEnQ1DK3U2SLKYRGVdh.jpg
18292,https://image.tmdb.org/t/p/w500/g9nZi8u5LqSrVKEpSm199EM4hk5.jpg
15028,https://image.tmdb.org/t/p/w500/6XZJ58gStdLZV8uJyTRcA5bGNyi.jpg
9275,https://image.tmdb.org/t/p/w500/wrwwuNLITsA5N5cVnA3ftvHFqHj.jpg
4547,https://image.tmdb.org/t/p/w500/7BabiNfuSycl58M9Cgl3Nf97n1F.jpg
14635,https://image.tmdb.org/t/p/w500/aEmR4wVd9CMn5s6oBVEcVgVFwOE.jpg
29135,https://image.tmdb.org/t/p/w500/iU68bymTffYrBxg4AMlpTDqOEe3.jpg
1791,https://image.tmdb.org/t/p/w500/gNHKYQnP1RnqEhkivHJzBPb4MOP.jpg
35651,https://image.tmdb.org/t/p/w500/t3BBQPRKszYbSRIOSjQcVZIVp26.jpg
22784,https://image.tmdb.org/t/p/w500/gF5VslUB2xpWbboc735VVnO7DXh.jpg
24585,https://image.tmdb.org/t/p/w500/sHglZYlTpIFqORB5TzTA3ACNdhn.jpg
17990,https://image.tmdb.org/t/p/w500/np3Ogsy0JMsQ7HaLI2fHvA76e8A.jpg
11560,https://image.tmdb.org/t/p/w500/9sj9rUr7Vu5IfOQHnYKnJuVEw0B.jpg
11452,https://image.tmdb.org/t/p/w500/vXhrHZs0TlqxKBAkUvrVcNMKw7q.jpg
18435,https://image.tmdb.org/t/p/w500/1ZEWDLOhlOymdcitI31kwulUJ6G.jpg
35944,https://image.tmdb.org/t/p/w500/63JHVXD2bkPBdIFgprqXKu3k8bw.jpg
26851,https://image.tmdb.org/t/p/w500/9kTkv6o25fuWVSRu1AgOsF0cwz.jpg
548,https://image.tmdb.org/t/p/w500/vL7Xw04nFMHwnvXRFCmYYAzMUvY.jpg
11590,https://image.tmdb.org/t/p/w500/k5dvEA7ajd90mf3KrF6m6LnYXOv.jpg
1537,https://image.tmdb.org/t/p/w500/8wh9WzTKo5pJw3EgHYWA60W7Kbl.jpg
12149,https://image.tmdb.org/t/p/w500/jid7dyfHa6ApZSTweC3T3nllWjh.jpg
11812,https://image.tmdb.org/t/p/w500/qLysz4B5YmiDq52Op0zq4eD75LC.jpg
35080,https://image.tmdb.org/t/p/w500/zEVZa9EuApL5AQl2mE9NNAeCUix.jpg
441,https://image.tmdb.org/t/p/w500/8FlxH4q1plGzdoJmK2VHgap3Ly7.jpg
8346,https://image.tmdb.org/t/p/w500/ztc05ym0T3stnBpRHdxEs3Zwsmp.jpg
14168,https://image.tmdb.org/t/p/w500/emYeJVZrpl2WfndJlhbls1e7lzQ.jpg
2565,https://image.tmdb.org/t/p/w500/fwjMUuDZUxedfsUpVQKQN8cYfzB.jpg
307,https://image.tmdb.org/t/p/w500/ijGV4v8JxgbNzgEhqKdzHdaZn8a.jpg
6393,https://image.tmdb.org/t/p/w500/q3yEyOqJ5e3vAjK70qTnBMnmgYy.jpg
12154,https://image.tmdb.org/t/p/w500/oYetboAljWR2N5A7MU3i63DvUtd.jpg
11630,https://image.tmdb.org/t/p/w500/yfSKUivp7MvsppFuQZSq48Suh7o.jpg
21970,https://image.tmdb.org/t/p/w500/j4kjHIwirSWsEUhmvAY7OLUbszM.jpg
11892,https://image.tmdb.org/t/p/w500/pBM5byKWtcHg8NvyTA7NVyIIqEj.jpg
9334,https://image.tmdb.org/t/p/w500/aITIsX20tACn6jgtyDcCYpRT216.jpg
10491,https://image.tmdb.org/t/p/w500/7gBFkDYBqvSzrPOWlpGTXRp97NQ.jpg
18079,https://image.tmdb.org/t/p/w500/tabMRXUTTBmprGax6ON2r9yBN0D.jpg
35337,https://image.tmdb.org/t/p/w500/mLgC2GDegvwIucpQpn6rDR3ltiv.jpg
59199,https://image.tmdb.org/t/p/w500/p1eWBvKcmRDx7ci0oddAiQickqc.jpg
11470,https://image.tmdb.org/t/p/w500/ggOND0hfoE0f3K857joSzEeIchb.jpg
16643,https://image.tmdb.org/t/p/w500/b9lUSfCjv8jjNRSsmk65HEV1Pv3.jpg
1282,https://image.tmdb.org/t/p/w500/eb02dpopuAhuThf7nXAAwKtAF88.jpg
69324,https://image.tmdb.org/t/p/w500/56TiWd7pdzYuFzObofLbKhFff7T.jpg
11468,https://image.tmdb.org/t/p/w500/i3InMSlLUNBEdQTKazMdyVP1ryX.jpg
26030,https://image.tmdb.org/t/p/w500/3CIfIDtD1I1rYY3ooaya8iZHlD8.jpg
10164,https://image.tmdb.org/t/p/w500/fRwrbKVyFEZEPFmeTDea5PlUO77.jpg
28117,https://image.tmdb.org/t/p/w500/Irafvzuw1lkJfBrsPv7ahYOPq9.jpg
40555,https://image.tmdb.org/t/p/w500/g9ee0FY5ha0ZxS7EXJsdHqWR5Wz.jpg
28384,https://image.tmdb.org/t/p/w500/mb6Hmns0PP2Me9TYpLE9M3GHt7v.jpg
27094,https://image.tmdb.org/t/p/w500/Avhk4pGdz3YQrzqLU65icjnE6vn.jpg
56179,https://image.tmdb.org/t/p/w500/dxaSARmpCiFOCaxwGvjYAXMYPE4.jpg
5203,https://image.tmdb.org/t/p/w500/6UfS8J9Ixn0BAv1aeuAFWom5YEk.jpg
13201,https://image.tmdb.org/t/p/w500/nyr9WT4mLYZHFRINuyWCQExV9ku.jpg
9689,https://image.tmdb.org/t/p/w500/aDRbdtNoTRoYnIpH3g1icGeHGBh.jpg
557,https://image.tmdb.org/t/p/w500/gh4cZbhZxyTbgxQPxD0dOudNPTn.jpg
55106,https://image.tmdb.org/t/p/w500/qCBy94qp7D6tGspX3M0ZbkGPQ1g.jpg
39154,https://image.tmdb.org/t/p/w500/pdD0zSAiHpX2TEz4uuVdMB3KkGB.jpg
24767,https://image.tmdb.org/t/p/w500/vYsSu7DdgU4yqbekTvAevrv6dSP.jpg
33796,https://image.tmdb.org/t/p/w500/uWWrigxf4yU1WmaTkxg3qYNMezG.jpg
12227,https://image.tmdb.org/t/p/w500/27wg0rVZW8hX7nWeHCwTf9DygGc.jpg
10985,https://image.tmdb.org/t/p/w500/aekXSzkn3zry6aummMl7AU4rSa8.jpg
2251,https://image.tmdb.org/t/p/w500/bjiHEhuiwhIygzjczbTPAA07cGc.jpg
2894,https://image.tmdb.org/t/p/w500/wKKrgVngsgJPVVKuh3GjWugQPbK.jpg
14117,https://image.tmdb.org/t/p/w500/bYeTi8t6Gtbck861Pm9XtE3BdpS.jpg
38360,https://image.tmdb.org/t/p/w500/foXYOdXEJ0rvtTDo4LLnsUnvPLB.jpg
28907,https://image.tmdb.org/t/p/w500/jk38rtmtxoLkHDLjLP7u7QhfkRH.jpg
245,https://image.tmdb.org/t/p/w500/optezspqJjHI9WyC8brY96zbcdt.jpg
1894,https://image.tmdb.org/t/p/w500/oZNPzxqM2s5DyVWab09NTQScDQt.jpg
4012,https://image.tmdb.org/t/p/w500/6hw5RXCVgqKtY6xmHsEWRjJXljM.jpg
9026,https://image.tmdb.org/t/p/w500/87r4e4pL4STfpdjtqNZxlyjvcMd.jpg
15417,https://image.tmdb.org/t/p/w500/b97csw2kCtXwqJpz7B5jFIS6eFy.jpg
28577,https://image.tmdb.org/t/p/w500/cQoSMLJFPV3d8Mi8iPwwtNto370.jpg
13963,https://image.tmdb.org/t/p/w500/2K7CFH0AIHnGrA4yQjPCoIB5CmQ.jpg
1957,https://image.tmdb.org/t/p/w500/yAfXnB6B69iM8KiWwzGulCXF4Mo.jpg
320,https://image.tmdb.org/t/p/w500/riVXh3EimGO0y5dgQxEWPRy5Itg.jpg
9023,https://image.tmdb.org/t/p/w500/cUgYrz4twiJ3QgVGpRfey984NIB.jpg
27834,https://image.tmdb.org/t/p/w500/aFAPOT77Jh7lNWYtojC6nxi4CpJ.jpg
17734,https://image.tmdb.org/t/p/w500/mb3mEfzAudrPpQIxRzpLM12aiMV.jpg
24008,https://image.tmdb.org/t/p/w500/ffdlBEdEjGAi4Dh0mnv7R9feOwX.jpg
53229,https://image.tmdb.org/t/p/w500/qUKTcUhIeFZO0ZGvjja5bx1rsMu.jpg
4614,https://image.tmdb.org/t/p/w500/3E4LW4bjRhEMDeeXeIsmkJ94v8K.jpg
12277,https://image.tmdb.org/t/p/w500/vkPm29sqtEjoekOhXbqxTcgpJ4y.jpg
15677,https://image.tmdb.org/t/p/w500/sNTg5J5UM5DeeOFY6MdrSiKRqM5.jpg
13153,https://image.tmdb.org/t/p/w500/sjZ3eS5Cvi7aS6nf4qwcTL2NS6P.jpg
811,https://image.tmdb.org/t/p/w500/ahasZ5HILZHtlrl6cbXgpfk0y8H.jpg
3132,https://image.tmdb.org/t/p/w500/umu141mcfIEhRLgyQp7TWlGJFW.jpg
9583,https://image.tmdb.org/t/p/w500/hI05FJ8wgPROHQgLtfJ4ZuH3l4b.jpg
18408,https://image.tmdb.org/t/p/w500/hTNAKGnqi8v4FRPEjm9Wl5S5yMz.jpg
13245,https://image.tmdb.org/t/p/w500/jUHznhUDIPmFlL652zyzvdRksVg.jpg
2501,https://image.tmdb.org/t/p/w500/aP8swke3gmowbkfZ6lmNidu0y9p.jpg
9637,https://image.tmdb.org/t/p/w500/mTAiBJGg8mqEfnYHHbi37ZoRSZm.jpg
12100,https://image.tmdb.org/t/p/w500/547q4HXlvEcS06lujfb2yzsTP3H.jpg
16857,https://image.tmdb.org/t/p/w500/4uTWXZ2Rvizl3ycMHtODfRjks4W.jpg
52258,https://image.tmdb.org/t/p/w500/iTonTn91U4X1px7KXAHTFnIA4ud.jpg
10394,https://image.tmdb.org/t/p/w500/t8eUSsD2reaIR9qmklU7O2GCVn4.jpg
27451,https://image.tmdb.org/t/p/w500/vxZG1UXh8gA3nYmrPNUWCHGGBFn.jpg
15813,https://image.tmdb.org/t/p/w500/9vu152xTO89l9UWDcqmE9zVD5xK.jpg
18905,https://image.tmdb.org/t/p/w500/cfZfl3wxO8QxHKJsiWUHZg1D62B.jpg
14774,https://image.tmdb.org/t/p/w500/vB186e2eiUaKLVlZwvKv4dIJ9GS.jpg
17898,https://image.tmdb.org/t/p/w500/52CvWYuJyWcMTPvsfcmsxaVHi7f.jpg
21635,https://image.tmdb.org/t/p/w500/A39p8fEvucMFQXFmjp5Z8WepdsQ.jpg
27945,https://image.tmdb.org/t/p/w500/puqgDLxdIZSnodDJ6Q0KxofOebo.jpg
30194,https://image.tmdb.org/t/p/w500/65RDHC5fLwuvQG1LmKRoQugBqLl.jpg
10169,https://image.tmdb.org/t/p/w500/6bd0rOeZtTmVJObOAXHXBMurvyt.jpg
13909,https://image.tmdb.org/t/p/w500/2IXtuwkTVcDsaa09AiQnlkfxe7I.jpg
41805,https://image.tmdb.org/t/p/w500/w0ykwLLDB8v1wT50wDpYaPnyac7.jpg
35696,https://image.tmdb.org/t/p/w500/1m5sbTbifesBhCrkE0gJncwMGXw.jpg
11544,https://image.tmdb.org/t/p/w500/m13Vbzv7R2GMAl3GXFrkmMEgCFQ.jpg
180,https://image.tmdb.org/t/p/w500/qtgFcnwh9dAFLocsDk2ySDVS8UF.jpg
9555,https://image.tmdb.org/t/p/w500/vs8ATIRGEEYpcByrNtJ1WyI3LeD.jpg
57022,https://image.tmdb.org/t/p/w500/8OsgdG53vzF5uC8pCE61SA1tiNF.jpg
17710,https://image.tmdb.org/t/p/w500/etxcq4qiFNi5p0q71APw8MNzPPT.jpg
2022,https://image.tmdb.org/t/p/w500/7gGk3pkpRsNlJ4PrJgEfgY9PG43.jpg
50035,https://image.tmdb.org/t/p/w500/4HZ7Y7N4KHapO5ylOY8BePQYC5X.jpg
9719,https://image.tmdb.org/t/p/w500/25qW6cO2zqYBpqTw8BBIhBIUpl4.jpg
11982,https://image.tmdb.org/t/p/w500/73JahFiizkMVsrrslXInmNK54nC.jpg
12251,https://image.tmdb.org/t/p/w500/g7jLNhHGMeXxleRpwVFJOgQNwB1.jpg
88818,https://image.tmdb.org/t/p/w500/vtxTzSrjCDH7Ray4RK8FPUrrlSy.jpg
30114,https://image.tmdb.org/t/p/w500/8Q9ulJq69kO6nT1Xs5XnL0dDjje.jpg
21972,https://image.tmdb.org/t/p/w500/zXTM3qAXVYAYrhfYBpmescKMoes.jpg
608,https://image.tmdb.org/t/p/w500/enA22EPyzc2WQ1VVyY7zxresQQr.jpg
59387,https://image.tmdb.org/t/p/w500/yAFalW8UtdJg1z1gPjXx8C1sXZq.jpg
26290,https://image.tmdb.org/t/p/w500/424IEKHWFSH9TNBzNLcwCVzjpDs.jpg
17043,https://image.tmdb.org/t/p/w500/gfgvfuce0SqF1IolIJYYBxteof0.jpg
6278,https://image.tmdb.org/t/p/w500/vZVXCj3jXzIPJUHLaQohzt2uTM3.jpg
4147,https://image.tmdb.org/t/p/w500/loSpBeirRfTPJ3cMIqpQArstGhh.jpg
16664,https://image.tmdb.org/t/p/w500/wsWykvCckkb3kkl4j4xsFJLtJKP.jpg
14651,https://image.tmdb.org/t/p/w500/2OEn3PaW89VBrxdZoHROomqV4nB.jpg
15096,https://image.tmdb.org/t/p/w500/eKK93VytYlXpKqGfyUGUkXgMOS6.jpg
20324,https://image.tmdb.org/t/p/w500/ahHp1nOjLTWBdLCofxjLYMVqqgs.jpg
49370,https://image.tmdb.org/t/p/w500/tb1jZGi23w2pIittaBBdaN6CGRI.jpg
14902,https://image.tmdb.org/t/p/w500/o50REDExdajGxTWczsmC3qcawGr.jpg
2721,https://image.tmdb.org/t/p/w500/dFAJyFNgvOv24f2RQyI9KDxjGr3.jpg
11442,https://image.tmdb.org/t/p/w500/1mlKwbNzJCGzqe4i0ZEJtUUL290.jpg
1364,https://image.tmdb.org/t/p/w500/gvErAg9bv7xOO3B40gottv6Bqip.jpg
8869,https://image.tmdb.org/t/p/w500/5blAumPPS6vX6zcUlt9oIhOEheK.jpg
8665,https://image.tmdb.org/t/p/w500/vImR0HQkJs7Xs2qgdXEUDeX49m0.jpg
10996,https://image.tmdb.org/t/p/w500/iloXmNMrOtZoKfbTkHoBLXtpYNz.jpg
818,https://image.tmdb.org/t/p/w500/n8V61f1v7idya4WJzGEJNoIp9iL.jpg
29047,https://image.tmdb.org/t/p/w500/wQd4tf308KGwbUZeoDLPxgYqhiv.jpg
39141,https://image.tmdb.org/t/p/w500/yDVal8TARxsmQoaV1qhxI4m7o96.jpg
33152,https://image.tmdb.org/t/p/w500/1kta6z8SEeYzFd3AeUxrigoDRyT.jpg
6404,https://image.tmdb.org/t/p/w500/jHKzGYwf7P34vz8MhJBTN6cnaYD.jpg
19133,https://image.tmdb.org/t/p/w500/rcwW5YBEGvWPx8NBN5PxdvoYc0F.jpg
24130,https://image.tmdb.org/t/p/w500/bMFoW8oZ3coyUhWO9NKnApBLQKY.jpg
23728,https://image.tmdb.org/t/p/w500/rd2jKIqFfJ8LgZEaBpAvLL44G10.jpg
3780,https://image.tmdb.org/t/p/w500/fo800fRcWtl3Zhs6tPHfXP4KBak.jpg
10786,https://image.tmdb.org/t/p/w500/y2UlVt6U8mFeegVL42rZjD5y6c7.jpg
8764,https://image.tmdb.org/t/p/w500/hRTbfR27xghnVMs3ZJ3EhK3zzud.jpg
13908,https://image.tmdb.org/t/p/w500/ieVpcc7MHqe0qU63Hw7hJiZLwei.jpg
2675,https://image.tmdb.org/t/p/w500/hyZkNEbNgnciUVTyu4NZTjlCh4L.jpg
12308,https://image.tmdb.org/t/p/w500/mPrhgVQfvopYaZVCowf4Tqm4UPC.jpg
9488,https://image.tmdb.org/t/p/w500/z8pfWCk6SlxxDLXXQdUHdxF5dwJ.jpg
9962,https://image.tmdb.org/t/p/w500/jpRumFobwgPzxj5YH33Wswnxdam.jpg
9573,https://image.tmdb.org/t/p/w500/A6wWJkIREagRWFNu3YotID3n9aW.jpg
7451,https://image.tmdb.org/t/p/w500/xeEw3eLeSFmJgXZzmF2Efww0q3s.jpg
2750,https://image.tmdb.org/t/p/w500/8f50NQ1wz6hdxfCISCPV8XQ6DII.jpg
43772,https://image.tmdb.org/t/p/w500/nirVNVYtwxG3wkH7klpEYDq0Gvb.jpg
20337,https://image.tmdb.org/t/p/w500/fRpS1sr1GFPgQobsXoNm5lxatcy.jpg
34070,https://image.tmdb.org/t/p/w500/xMZieoxiQ1hb5zraZlhzcvU7MGN.jpg
10081,https://image.tmdb.org/t/p/w500/kwwDruwoHwNMY6tV7KOdVGcEusT.jpg
11484,https://image.tmdb.org/t/p/w500/cmcipEfexlhVLYQXqeSWp1YcsPY.jpg
11692,https://image.tmdb.org/t/p/w500/96vvhLWWDosS1zRrfQ6XEGAzByL.jpg
9266,https://image.tmdb.org/t/p/w500/iZSw0JVG0cIFuZoTHuQU3nmGT4k.jpg
3640,https://image.tmdb.org/t/p/w500/7nimF1VFLbcQ4juFfLdAN9czTJr.jpg
30072,https://image.tmdb.org/t/p/w500/12z5oCy4s3GBOUrNCWvcKYBK4eI.jpg
9357,https://image.tmdb.org/t/p/w500/fuSIN3Nq6dmaA8LZSkASpQueFO1.jpg
12771,https://image.tmdb.org/t/p/w500/zi8uGxsyhxo0Uzg09ImxLzBDSK3.jpg
9296,https://image.tmdb.org/t/p/w500/tduHWkVtEa3WMb78XsJO6hD0s6c.jpg
15070,https://image.tmdb.org/t/p/w500/xgnCABtbMDaDqn9bt3ZFJTnpA3e.jpg
26942,https://image.tmdb.org/t/p/w500/hsqw2fdGb13VryEo7kKMr1F3GJz.jpg
97447,https://image.tmdb.org/t/p/w500/xtg4Ms8oeot4hScuYbAGJfAQSle.jpg
11243,https://image.tmdb.org/t/p/w500/qD1MAGhRfVgWS0UbLhZuM6F7zmr.jpg
19975,https://image.tmdb.org/t/p/w500/kRwhUt3aMtnR0PQtnOjzfiFzxli.jpg
10323,https://image.tmdb.org/t/p/w500/5JCLODNLJH6alc3KmyoiC21Nlob.jpg
9595,https://image.tmdb.org/t/p/w500/koLIB5263emHxewmwgBBK26vjeS.jpg
46878,https://image.tmdb.org/t/p/w500/uAuPFiFBmqcyTcJOBMLH6z70f1y.jpg
24750,https://image.tmdb.org/t/p/w500/kb3VwGJfWLfohbzQZQ4s0HOMrSE.jpg
9941,https://image.tmdb.org/t/p/w500/5bfbUsKcJD4HHFmlTcpHBI2wR2k.jpg
39833,https://image.tmdb.org/t/p/w500/4PdRIIrBN4q8H7f8yGbd0ScpTjh.jpg
10859,https://image.tmdb.org/t/p/w500/zclBzn3FBzF4i774z0mZjFQw66q.jpg
9544,https://image.tmdb.org/t/p/w500/phcd5AJvA1S45JMKYoNLhTzFwsE.jpg
31514,https://image.tmdb.org/t/p/w500/z6XdIxE1CRqSgfOJxX1nGik6CGm.jpg
26056,https://image.tmdb.org/t/p/w500/rkBTfdMulRHcT3fg6Vd0o2623Kc.jpg
13536,https://image.tmdb.org/t/p/w500/vpjKtnE5SGTfmdw4YtJsnrfFJs0.jpg
20616,https://image.tmdb.org/t/p/w500/sHSRRxzBeUtxMosSqpCcBiGnPYI.jpg
16806,https://image.tmdb.org/t/p/w500/1cvCWlLDt9cIWN3ZUI6UKgV210x.jpg
15516,https://image.tmdb.org/t/p/w500/qyTqXz1C7kPgWmxcD5otQ7xlrJP.jpg
9299,https://image.tmdb.org/t/p/w500/w1ynKTlqOfbIMwcDsTSvCku9bQg.jpg
10611,https://image.tmdb.org/t/p/w500/up8cEgEsl2Dq5Djb9lMZYBK0s84.jpg
12770,https://image.tmdb.org/t/p/w500/iCHAn0eVAXwybuzoQO598aKMVJD.jpg
4108,https://image.tmdb.org/t/p/w500/xmuCaJJjGbUns8pwMD7M0C0O1uP.jpg
55903,https://image.tmdb.org/t/p/w500/ebo9Tgo8IYMmV7evHKEPXeKa7PQ.jpg
9685,https://image.tmdb.org/t/p/w500/f53JBgzYESamcYT3LkUeeoSXPgi.jpg
16370,https://image.tmdb.org/t/p/w500/dOtbyZNnVAO0UWXB0MNp49CTH8q.jpg
18913,https://image.tmdb.org/t/p/w500/qV2J2Fprk73ivclpL6JXPsBaCA5.jpg
14361,https://image.tmdb.org/t/p/w500/otnKFXvqFH2swlrNf2sNiXpnIsR.jpg
18943,https://image.tmdb.org/t/p/w500/sqn2dPdCKCbmNI21bwi3eiI7MN1.jpg
32685,https://image.tmdb.org/t/p/w500/qnMtX8eKFFrJVEPZijFZqzDbckK.jpg
12262,https://image.tmdb.org/t/p/w500/1G2DBIEkoS0JdCiOFIeR3mD8ROE.jpg
33506,https://image.tmdb.org/t/p/w500/A1gUvZbQ25wsnj7HD8bDwTxOSWy.jpg
29515,https://image.tmdb.org/t/p/w500/xcS9bxWGFzC3cA7qAOjcIjKajSf.jpg
41582,https://image.tmdb.org/t/p/w500/XnEXrR8SKWQmmvjtjRoAXROEj.jpg
34086,https://image.tmdb.org/t/p/w500/vchyoV7mnaUd46meVO81yolXH2D.jpg
11504,https://image.tmdb.org/t/p/w500/wE8WUFEfkZnNDLMpWNmyiJr8E7y.jpg
19049,https://image.tmdb.org/t/p/w500/4N8oYLpY82ev7waXz7zwu7Ph1o1.jpg
5506,https://image.tmdb.org/t/p/w500/9LJ6ZV59Q92LAJAbmb7xm9dUBGU.jpg
32961,https://image.tmdb.org/t/p/w500/k0MfdrAshO2247Z9xu1FyulK5i9.jpg
32568,https://image.tmdb.org/t/p/w500/laTLoNZB7Ar3ZDoQmspBDVa5mbC.jpg
19460,https://image.tmdb.org/t/p/w500/zXInKuQ8FW18Ko8CtY9V30qhz1P.jpg
575,https://image.tmdb.org/t/p/w500/mfxXel8k2UWkgJ4MIsvVBsqnvFp.jpg
10550,https://image.tmdb.org/t/p/w500/7Jcb486hN7hQRZTsb0RybFGeDOQ.jpg
9034,https://image.tmdb.org/t/p/w500/bfXXqz4yvsHnQwwOSa23ASUaGXA.jpg
9093,https://image.tmdb.org/t/p/w500/bfmpeRr9LTXzBC2dpC89FE5uavK.jpg
9039,https://image.tmdb.org/t/p/w500/4sujD0KP5O90TXAWrTjqDPBTnfQ.jpg
1958,https://image.tmdb.org/t/p/w500/bJu4Gm7NQb2woPiIovrPD5jNWzf.jpg
23550,https://image.tmdb.org/t/p/w500/a0box9FWKJmFvZe7riVa6SebwsK.jpg
68569,https://image.tmdb.org/t/p/w500/vvNDQO2izNk6ytDxFtTr1BP5CxL.jpg
11013,https://image.tmdb.org/t/p/w500/mdRXSE7ho185SZlXj0JSwuecEd3.jpg
129,https://image.tmdb.org/t/p/w500/39wmItIWsg5sZMyRUHLkWBcuVCM.jpg
54714,https://image.tmdb.org/t/p/w500/hTzpmKT6w14A33L4ZQElLaZxPvM.jpg
11529,https://image.tmdb.org/t/p/w500/698cbxq0SRwCdOPG5Bwi7JDk12d.jpg
10771,https://image.tmdb.org/t/p/w500/2agrcNQRtgTsN5SbffC4H2BwYW2.jpg
31005,https://image.tmdb.org/t/p/w500/2euV4acuuf7HulTNVwkMYSZ6IOp.jpg
2110,https://image.tmdb.org/t/p/w500/uo3MBDwn3o32GJzFyClm7r1ierb.jpg
15173,https://image.tmdb.org/t/p/w500/r048Ij0WYIGVzDB7ndARhyOJVb8.jpg
9533,https://image.tmdb.org/t/p/w500/S8ozwficrsdBF1V8glQyCMzGg5.jpg
4107,https://image.tmdb.org/t/p/w500/oqdQMDJucR7R0ol0LFvzmqcDyEb.jpg
10575,https://image.tmdb.org/t/p/w500/xPdtOuGtcQt655uRrmIdBkSRmVx.jpg
15720,https://image.tmdb.org/t/p/w500/mCUzyYDMHNdihZVTVH1g3KvTo8p.jpg
9260,https://image.tmdb.org/t/p/w500/bGrcgXSa8OwH9sJXEz5BYvIR04M.jpg
21828,https://image.tmdb.org/t/p/w500/aJDz0TLsGFZY9XYIqIcVa2DP98y.jpg
1682,https://image.tmdb.org/t/p/w500/y49vvM03gpuyhpyMc1f55VrNkP3.jpg
18983,https://image.tmdb.org/t/p/w500/19RDmhX6LtzMxv0KXXAU1IBIvvA.jpg
24348,https://image.tmdb.org/t/p/w500/xh8Pvtq4dYry9B4uRT3VbmSI4Wi.jpg
19140,https://image.tmdb.org/t/p/w500/tbSMm0IAa5WgTcyoeUn7AKAViVY.jpg
37606,https://image.tmdb.org/t/p/w500/gKBCV6VzThjoVjO9GypqZMJix4J.jpg
11868,https://image.tmdb.org/t/p/w500/9UHOATvzXQWbElSGygOY1ar3vpp.jpg
12921,https://image.tmdb.org/t/p/w500/rScplcvRHX7o7XK88SFb5mddo8y.jpg
19953,https://image.tmdb.org/t/p/w500/j2xkRT5peEPQRocgtoUEpUtoin2.jpg
12719,https://image.tmdb.org/t/p/w500/zHJbL26SdgeWbKFJVKNfEI4LJwS.jpg
12590,https://image.tmdb.org/t/p/w500/hpEqhozk3PAExlQrQliX4GC15XS.jpg
37964,https://image.tmdb.org/t/p/w500/hKltNdfxKg28mOgFwizNyhIFkJ2.jpg
7501,https://image.tmdb.org/t/p/w500/oYqsIxxIfJMRHiNEMLzgG81brkY.jpg
1809,https://image.tmdb.org/t/p/w500/6OybelUmwUkDm7fbX1BI7OhpYeQ.jpg
13768,https://image.tmdb.org/t/p/w500/7gruGKQTfGWlsxdzocysET6eKT7.jpg
10994,https://image.tmdb.org/t/p/w500/pOdmhUaqvg4twAHqrhL5Onjgalb.jpg
1430,https://image.tmdb.org/t/p/w500/5AlgeysilsfLdEwlTlYO7fqgsLn.jpg
19973,https://image.tmdb.org/t/p/w500/4bUqpHXVAtFwPmmB6b9vilfn33W.jpg
12600,https://image.tmdb.org/t/p/w500/thz83PS9twtVBEEAM59J1bh75nU.jpg
8051,https://image.tmdb.org/t/p/w500/htYp4yqFu4rzBEIa6j9jP8miDm3.jpg
12779,https://image.tmdb.org/t/p/w500/rAa3nTeDpwgLX6XxnT3wR86C5WE.jpg
1613,https://image.tmdb.org/t/p/w500/tuUoGK2G7KHdcnAYCvsdX6jrTUO.jpg
565,https://image.tmdb.org/t/p/w500/AeRpUynJKDpJveklBJipOYrVxCS.jpg
14112,https://image.tmdb.org/t/p/w500/rgXN6YTZ0qvgVyZhojEtUwJDH0B.jpg
15192,https://image.tmdb.org/t/p/w500/8jRsWnpciWHRy0MC7K5eMDKKqPw.jpg
21925,https://image.tmdb.org/t/p/w500/buDo6FcSlOVEQJomKB0IviNV0Do.jpg
30309,https://image.tmdb.org/t/p/w500/ziemD3ATULYKt399FkO1ZhAwrOH.jpg
20861,https://image.tmdb.org/t/p/w500/vn91Vcugfmi0CBzSm32eMBiaS02.jpg
12647,https://image.tmdb.org/t/p/w500/zDC0bY6IvGIf1SrDipLZJxR0Z2d.jpg
12477,https://image.tmdb.org/t/p/w500/k9tv1rXZbOhH7eiCk378x61kNQ1.jpg
11009,https://image.tmdb.org/t/p/w500/ylA7E5Md21aqgzxbwa2dFxX8LKV.jpg
10805,https://image.tmdb.org/t/p/w500/mFyTQt1HRlqr5SCEkuO4NoHM5B9.jpg
17496,https://image.tmdb.org/t/p/w500/2uKWi1Hb6yqkmOixRgKVwrzxljA.jpg
5917,https://image.tmdb.org/t/p/w500/2psanhsRyBxZOlg9zg9uE54M32w.jpg
31278,https://image.tmdb.org/t/p/w500/1cmJeLWhqezudWa168KKy4REFbp.jpg
44932,https://image.tmdb.org/t/p/w500/hKZ4ZVuHoph9bXZ0v9w9FmM20H3.jpg
30709,https://image.tmdb.org/t/p/w500/qv0WuNiP93ahEEYDFwC5DcjJmOS.jpg
19429,https://image.tmdb.org/t/p/w500/sEmQFj17MUEWyqU1xa6yQ0VW5CA.jpg
11340,https://image.tmdb.org/t/p/w500/uLLnGV4kuwnHofexT1aXP8wQcxB.jpg
11644,https://image.tmdb.org/t/p/w500/weMW1wLzeagP3tw6BfmYf1iL7dz.jpg
6399,https://image.tmdb.org/t/p/w500/8fl6sXVv5fWMpDxFDab54qc71tv.jpg
25773,https://image.tmdb.org/t/p/w500/wtw4jMMKz5CfB4H408XGAa87XHp.jpg
26560,https://image.tmdb.org/t/p/w500/jwLFNA10RJBcQ4Fe0SoySkSFr0V.jpg
31679,https://image.tmdb.org/t/p/w500/dxMbBWegmjtPfZNmw6HHJjgZkQt.jpg
12237,https://image.tmdb.org/t/p/w500/fhHzqDrdHLqjawXLXoV3w4FDOUd.jpg
15901,https://image.tmdb.org/t/p/w500/jYimMHNfTuz8HmGMltxsVXBDZvA.jpg
12579,https://image.tmdb.org/t/p/w500/nxBf3Y7Q9XVuKvUl0df8MW2IsQ7.jpg
85058,https://image.tmdb.org/t/p/w500/ghqdsQVdM10OJpc8mj1I5dpHOwh.jpg
25113,https://image.tmdb.org/t/p/w500/7xKPkL7kHdgq3YI08tXISCQwRJH.jpg
28893,https://image.tmdb.org/t/p/w500/fPaEadAVgyaCP1AKHKWrQHc9sbO.jpg
11646,https://image.tmdb.org/t/p/w500/un7VCqTmjrq3u75mQ204a8tofD4.jpg
24634,https://image.tmdb.org/t/p/w500/awnN2k2726xqzqsmd3YcSe6lSj0.jpg
21764,https://image.tmdb.org/t/p/w500/vVOdKnervWwvxIeJzLCqQzQPs7o.jpg
37936,https://image.tmdb.org/t/p/w500/8s8Z58Xah3VSe4kfKZFTUJTT33g.jpg
21874,https://image.tmdb.org/t/p/w500/dQtdfoA0HKyI3YDHCngx6Rp8ePy.jpg
31407,https://image.tmdb.org/t/p/w500/sG1yVLyXyqoC0SMojvUCNtJhByY.jpg
16471,https://image.tmdb.org/t/p/w500/aH21h3sMMN3r6d9I8VSBw28fW7V.jpg
39874,https://image.tmdb.org/t/p/w500/kl3mewFceFtYIavvGts2atzB0e0.jpg
25468,https://image.tmdb.org/t/p/w500/u2KB70Xlzwg920mYWlGb18YIatd.jpg
19507,https://image.tmdb.org/t/p/w500/eJ9AU7JY4lbda7EeXA0ONncV5Dm.jpg
31646,https://image.tmdb.org/t/p/w500/gOPhCh4Ko5crlsyQewPsq1sYLiA.jpg
14269,https://image.tmdb.org/t/p/w500/14RfMqOe8eF17bUajPsy4HtRsVC.jpg
1672,https://image.tmdb.org/t/p/w500/dhAZ8T0tTlTNw3D7Cn8wc87sk1w.jpg
9645,https://image.tmdb.org/t/p/w500/kIlzZJqV4SCGHrrjoGLBhmsO7z2.jpg
9012,https://image.tmdb.org/t/p/w500/9Rb659hvGfmef1xm0mMvDHEBqmf.jpg
13098,https://image.tmdb.org/t/p/w500/oiG5BObjENJjEacFdWw1KfK3TFx.jpg
13440,https://image.tmdb.org/t/p/w500/qdFrAP8NrsPeAOBmSi5FeycRbo0.jpg
12454,https://image.tmdb.org/t/p/w500/5VRYeJ8DI3GkVzO7MUlug8v2BZO.jpg
1360,https://image.tmdb.org/t/p/w500/a4hgR6aKoohB6MHni171jbi9BkU.jpg
13441,https://image.tmdb.org/t/p/w500/koAdQdL3LUtho4nd1DWSubE7dU6.jpg
12208,https://image.tmdb.org/t/p/w500/9wdw5H018bgIM8bK2HuDvh8BwOh.jpg
11905,https://image.tmdb.org/t/p/w500/2g2YPws1MiEWTodUE8u3qOf78XS.jpg
1941,https://image.tmdb.org/t/p/w500/1JXFJRztd43gCf4TAodNUwkfZoi.jpg
31918,https://image.tmdb.org/t/p/w500/rRGeIp9MOAfFHH3Exr5Ago7hEuq.jpg
19662,https://image.tmdb.org/t/p/w500/tMIRjDgsEj15RXEhMrgSqROUP7u.jpg
8427,https://image.tmdb.org/t/p/w500/hmjCMtkeqxruMVocq7iwMx899xi.jpg
9021,https://image.tmdb.org/t/p/w500/2EAMkz0z1pbr9weOY1Y7buy2AxV.jpg
9280,https://image.tmdb.org/t/p/w500/i2OgxmZVbIsJxaLiYMjCSewsLty.jpg
65,https://image.tmdb.org/t/p/w500/7BmQj8qE1FLuLTf7Xjf9sdIHzoa.jpg
10712,https://image.tmdb.org/t/p/w500/9gQuvFDRPLx39smUvyafm36tp0d.jpg
672,https://image.tmdb.org/t/p/w500/sdEOH0992YZ0QSxgXNIGLq1ToUi.jpg
16351,https://image.tmdb.org/t/p/w500/kQkn715VQYLIs2nddAUf19Bz5Wj.jpg
542,https://image.tmdb.org/t/p/w500/wqwt2DKcQV6EeSwXuYTk7pkLFii.jpg
30192,https://image.tmdb.org/t/p/w500/rsOTrPTRhBgw5eWAgJISBMiIg5m.jpg
11617,https://image.tmdb.org/t/p/w500/zYoK2RkBCmyhIV6UUb6EZLqxmZq.jpg
81530,https://image.tmdb.org/t/p/w500/36EyDOPw8tvGhvVqi3msNPDYSoY.jpg
34341,https://image.tmdb.org/t/p/w500/qWWvljKlmYwf1XtlJ0vu0u66xpi.jpg
11880,https://image.tmdb.org/t/p/w500/fYHUYWglzq8Ax0EaDWqg9emjL7T.jpg
1377,https://image.tmdb.org/t/p/w500/nfaOBiZktPHOV0f3DTqTftgTo3B.jpg
2528,https://image.tmdb.org/t/p/w500/cBJtWAgDTCqxNJJOZjnRSh5Vxa5.jpg
12716,https://image.tmdb.org/t/p/w500/4zwgcaKqIJ5GB6kCPpyMLZuNyoi.jpg
12717,https://image.tmdb.org/t/p/w500/hw8Ec4jFuxSNCMUZiUpBKOMl65G.jpg
13888,https://image.tmdb.org/t/p/w500/jhUTLuPgc3Qcvr5xtji8oiWSfYy.jpg
10750,https://image.tmdb.org/t/p/w500/nL3ccvqU1Wq1j31feHWAydzpbr2.jpg
25566,https://image.tmdb.org/t/p/w500/vRjyakxRrMfj6sgyUJte9mVI1D9.jpg
13386,https://image.tmdb.org/t/p/w500/lS0X9KScgkUbhiu6lOHBya8z9R2.jpg
9538,https://image.tmdb.org/t/p/w500/VTqLdveNXxGsIAZL5I4RliTTt7.jpg
49934,https://image.tmdb.org/t/p/w500/mkH1PigvNINeYQxi07RsdzSuTDB.jpg
42371,https://image.tmdb.org/t/p/w500/rAlLrcOr1ZSjXXIP1yY3FcXyLBZ.jpg
11524,https://image.tmdb.org/t/p/w500/bpjRGwfYJ71bU0hNhLIz7g3t6Oy.jpg
36669,https://image.tmdb.org/t/p/w500/bZmGqOhMhaLn8AoFMvFDct4tbrL.jpg
17187,https://image.tmdb.org/t/p/w500/s7BRKAq0DNcXe8Bphm6Wd5KnvlF.jpg
10426,https://image.tmdb.org/t/p/w500/sxHFGPKLWj9e3aaA6wGVxghoiPE.jpg
32625,https://image.tmdb.org/t/p/w500/2Jkt0PQBU2lmSm4zQcyJBWvRGpv.jpg
8198,https://image.tmdb.org/t/p/w500/eaSU6IiBWq8mS1KZqHhRhhJ1NeN.jpg
64,https://image.tmdb.org/t/p/w500/fWDbQlOWOqjR5jZm98KjGyYmUOw.jpg
13376,https://image.tmdb.org/t/p/w500/mSVaYWRiu3853nvHwybCJdq5k7b.jpg
15074,https://image.tmdb.org/t/p/w500/984tq1bRL2uzR0wHrNzZVYTR0Al.jpg
2103,https://image.tmdb.org/t/p/w500/drdrB1hEZmzFlK1xtW5HMxK3LUJ.jpg
9016,https://image.tmdb.org/t/p/w500/zMKatZ0c0NCoKzfizaCzVUcbKMf.jpg
16028,https://image.tmdb.org/t/p/w500/nHG0VOW6o99tP5EACtKTMADqxJQ.jpg
27070,https://image.tmdb.org/t/p/w500/2iViC9lCEmmrDHir1sBLcPV690U.jpg
20992,https://image.tmdb.org/t/p/w500/dxeVQdd227B367xQxvabkYTfz0b.jpg
66091,https://image.tmdb.org/t/p/w500/q1NJZbDujEc4ZEOMKbgcKOTh4Dl.jpg
6007,https://image.tmdb.org/t/p/w500/i4o9u93vR7setcwVeL87jGwc8CS.jpg
25239,https://image.tmdb.org/t/p/w500/nMCkOo26GtISoxJmpkTAJyMqBO8.jpg
25284,https://image.tmdb.org/t/p/w500/kK8IiJDkz2Tv6DwaK60vJVHKH85.jpg
35612,https://image.tmdb.org/t/p/w500/1YMPN6GNY9jnzZpONPpmFiF1TSl.jpg
14433,https://image.tmdb.org/t/p/w500/9V7tl1kIb67ZPRRNlUdy3JvqEiA.jpg
9932,https://image.tmdb.org/t/p/w500/av1JZYL0F1OJyaKw40YKCimyv16.jpg
13369,https://image.tmdb.org/t/p/w500/m6XxaRLltWox4C9pykjUILrlGp9.jpg
2757,https://image.tmdb.org/t/p/w500/ffEmHQAiD0m5dEQ6rlsuA9vlllW.jpg
7299,https://image.tmdb.org/t/p/w500/eW3YrxOh3rd6PnRgMSftYoflvfe.jpg
4241,https://image.tmdb.org/t/p/w500/veDqVt4oYq6mjFGasdVeEv6RPBg.jpg
22257,https://image.tmdb.org/t/p/w500/y7zfxMLCn3KK7sf2dPl43OKSbjQ.jpg
17360,https://image.tmdb.org/t/p/w500/3j6H0dnbvjNXLK1l9nKguXw5vvO.jpg
38849,https://image.tmdb.org/t/p/w500/2exixpei6yaOBrnKgYun1fybsoM.jpg
29743,https://image.tmdb.org/t/p/w500/ecizJo3j1PPvLBMhl3thYk82rXK.jpg
40219,https://image.tmdb.org/t/p/w500/ozvk8jVdWprv91Gql7uK0ieSii9.jpg
16363,https://image.tmdb.org/t/p/w500/ypUcJRFDhwutqY70WjT1W5XlIOA.jpg
171,https://image.tmdb.org/t/p/w500/pbkccDoxH1H1VdqWcQYycZxHTIK.jpg
42124,https://image.tmdb.org/t/p/w500/qJuD9yZ7Mn9QCVqKO9WarNNYo4R.jpg
17590,https://image.tmdb.org/t/p/w500/fwrqCTcu5rAkU2dL2YqG6jjrLPn.jpg
13497,https://image.tmdb.org/t/p/w500/zl7gdxYqKdFCioPT3DAkZR5DDUP.jpg
11852,https://image.tmdb.org/t/p/w500/lnnGE4TKa05t20SZ2batuAhXCp4.jpg
7303,https://image.tmdb.org/t/p/w500/gnEuTYH3jhHxl80QyoPfZjEYd0J.jpg
201,https://image.tmdb.org/t/p/w500/cldAwhvBmOv9jrd3bXWuqRHoXyq.jpg
2755,https://image.tmdb.org/t/p/w500/tstvsrJHY57hc951lb190alXRQm.jpg
21868,https://image.tmdb.org/t/p/w500/kGsCpJcJj9JDsSLQRlfukNuZJgq.jpg
10856,https://image.tmdb.org/t/p/w500/gAe6KmVojjHLmdhPZhYDMTmaiM1.jpg
18602,https://image.tmdb.org/t/p/w500/mQqOG4w5xAlmtIxRUqodECYuJ5l.jpg
121,https://image.tmdb.org/t/p/w500/5VTN0pR8gcqV3EPUHHfMGnJYN9L.jpg
25838,https://image.tmdb.org/t/p/w500/zpbyUenBJGhyA6RKa5RcQWGKOYb.jpg
1429,https://image.tmdb.org/t/p/w500/uW7tTRElr2tRhmAVESzvHy4ByXg.jpg
13435,https://image.tmdb.org/t/p/w500/j9lCK1aFXqMO3hzhGiqCNU8coIX.jpg
3131,https://image.tmdb.org/t/p/w500/lemqKtcCuAano5aqrzxYiKC8kkn.jpg
2642,https://image.tmdb.org/t/p/w500/r18hSGAcxWiUysbX6nFShIZyjjP.jpg
11022,https://image.tmdb.org/t/p/w500/uGHFyVdMQKvIXlsLAoXa5nOUGF.jpg
9491,https://image.tmdb.org/t/p/w500/mPUrodB3k8NYcvr4WPwtjSe1Mv9.jpg
2149,https://image.tmdb.org/t/p/w500/rGDfwZHRMpY5R0ZkmaiHHvpYQKB.jpg
20139,https://image.tmdb.org/t/p/w500/goyEWixvULM2IRN4KsKibyrJE4J.jpg
19067,https://image.tmdb.org/t/p/w500/s9sPhcfD4LtrIGwix11bKtl9VLR.jpg
14931,https://image.tmdb.org/t/p/w500/eOqOf2qG0sjsfhFdYp6SbZuorSF.jpg
11317,https://image.tmdb.org/t/p/w500/hEZ6L72eBORRnoUxf4pip5U76pq.jpg
4032,https://image.tmdb.org/t/p/w500/qyJJNHteA7BUwQSey05t7qP4vRV.jpg
8392,https://image.tmdb.org/t/p/w500/rtGDOeG9LzoerkDGZF9dnVeLppL.jpg
12232,https://image.tmdb.org/t/p/w500/8Fs29JYTOkDluTXgbvLRIaps6PO.jpg
11706,https://image.tmdb.org/t/p/w500/cIh7pBAjzxrJYNRt1JcQPFReF36.jpg
26946,https://image.tmdb.org/t/p/w500/pDaJt3Jv41mOvND7HaDnmiGsD5V.jpg
16938,https://image.tmdb.org/t/p/w500/5K8GhYPPt7LlKJv4BYBxSyqq9FD.jpg
4561,https://image.tmdb.org/t/p/w500/x2hnSba2iyMHDPHrH1G1LB2K6lz.jpg
16993,https://image.tmdb.org/t/p/w500/7ag7BOMnAuDKwNyI0wc8jTeimRb.jpg
21332,https://image.tmdb.org/t/p/w500/9E5eUvyIJoygfmKX36EmoRvOMGg.jpg
640,https://image.tmdb.org/t/p/w500/sdYgEkKCDPWNU6KnoL4qd8xZ4w7.jpg
10599,https://image.tmdb.org/t/p/w500/aN2Pa9FnbJA2g4mnHPCWajwtdQ4.jpg
1574,https://image.tmdb.org/t/p/w500/3ED8cWCXY9zkx77Sd0N5qMbsdDP.jpg
590,https://image.tmdb.org/t/p/w500/4myDtowDJQPQnkEDB1IWGtJR1Fo.jpg
13560,https://image.tmdb.org/t/p/w500/a2zqJWEAqSyPS7VZP0biBdJIpHn.jpg
29339,https://image.tmdb.org/t/p/w500/uLilCY2We3Ore9Ke7CdafntHvmT.jpg
423,https://image.tmdb.org/t/p/w500/2hFvxCCWrTmCYwfy7yum0GKRi3Y.jpg
16225,https://image.tmdb.org/t/p/w500/mzOgKYOXiuwE5DIfagFs34bOb3J.jpg
262,https://image.tmdb.org/t/p/w500/3BM78deUfeZfShqPTblZuamgC8a.jpg
15395,https://image.tmdb.org/t/p/w500/dAjQy6CpYMTZ4ClrcaeJcoT3UHa.jpg
4912,https://image.tmdb.org/t/p/w500/nccluUFM3pRNI9nUyDEcDa6KviO.jpg
23626,https://image.tmdb.org/t/p/w500/fUlTnmldkZQCSOy3nCAfire0SWM.jpg
12090,https://image.tmdb.org/t/p/w500/FRqnYDjbstsCgLSJJ3SifOh2ca.jpg
36273,https://image.tmdb.org/t/p/w500/2TajLnUCAWlAgl47qcmg28rAaZf.jpg
9582,https://image.tmdb.org/t/p/w500/lpv86hQftikE2ecb1OPYFFMr98r.jpg
10628,https://image.tmdb.org/t/p/w500/nflh9On0de4l7ItCl3n4NVXjmnm.jpg
11078,https://image.tmdb.org/t/p/w500/5INu9EQys7FTvalDVWvaGcIVC5b.jpg
598,https://image.tmdb.org/t/p/w500/k7eYdWvhYQyRQoU2TB2A2Xu2TfD.jpg
43886,https://image.tmdb.org/t/p/w500/rjhJDaC7025umyBKvKHyOsocKDp.jpg
11222,https://image.tmdb.org/t/p/w500/jHVe5EHDFj9ac2F2aU86sWTGKnn.jpg
13199,https://image.tmdb.org/t/p/w500/mrcdh66L6K1Nb5xPORuZufvE9aE.jpg
8073,https://image.tmdb.org/t/p/w500/9oqyj79xmcypxLajJdefOtrYx64.jpg
15278,https://image.tmdb.org/t/p/w500/7bP66TCKWPTsiER72xgyKUsjg82.jpg
14667,https://image.tmdb.org/t/p/w500/1sEJy723hW629jzzX8H5k5MTVMq.jpg
15734,https://image.tmdb.org/t/p/w500/41NoayYsUD4LPv586apJxl0iNzf.jpg
34148,https://image.tmdb.org/t/p/w500/oKyCtsYYkr37UV5GjhINltVQWGt.jpg
53027,https://image.tmdb.org/t/p/w500/vof40ryhBNTEvtjHl1somhdrXm.jpg
26252,https://image.tmdb.org/t/p/w500/y6FTSnCSBVJVPa7M1LuVroLN0ag.jpg
24742,https://image.tmdb.org/t/p/w500/4kJQ1R7zD1ckFPFfmyxI7kwPSiM.jpg
5968,https://image.tmdb.org/t/p/w500/4cBhKj5wVEyJdXwZfxHB1E4P749.jpg
10727,https://image.tmdb.org/t/p/w500/qoceKsM15yL5Tmyuhkdl7vM5Vi4.jpg
9045,https://image.tmdb.org/t/p/w500/duNRweZ6PBpFSVNLJYexZ2XEqr0.jpg
9082,https://image.tmdb.org/t/p/w500/4FyWb8uQsC2qj8o7rMiJgicZvy0.jpg
80965,https://image.tmdb.org/t/p/w500/totM9TbQJ31X2qfp0D5G7baccXm.jpg
61807,https://image.tmdb.org/t/p/w500/wsXL08E4gQHWW5pRX4qpIyyeBfs.jpg
7514,https://image.tmdb.org/t/p/w500/nXcWgfds0E8T2pQLvgWLCiUmlV6.jpg
39349,https://image.tmdb.org/t/p/w500/6bnYhhJS7vuDMRPVSplWaXdK49g.jpg
12253,https://image.tmdb.org/t/p/w500/frb2Tk7DTBshZ61Or0D3M1kslWL.jpg
9358,https://image.tmdb.org/t/p/w500/f47353cQVReTxkwTDUz4kBE6Lqv.jpg
1647,https://image.tmdb.org/t/p/w500/zd9eNagUB7FEaqffnSw3n3Nii4p.jpg
9027,https://image.tmdb.org/t/p/w500/1GQ4nYfRU4rANvCFq4y2o1GExgQ.jpg
21189,https://image.tmdb.org/t/p/w500/gPlWNmQOzJ7j8djCxXcc40syVS3.jpg
10894,https://image.tmdb.org/t/p/w500/oFXhJYTax1cnNtgvLdKlXuYiWPV.jpg
28528,https://image.tmdb.org/t/p/w500/93pUA2kAOeVlyvO1EeW8YmYIapt.jpg
12490,https://image.tmdb.org/t/p/w500/jZiORaxALVDGoMUBau85E4CWB0d.jpg
15802,https://image.tmdb.org/t/p/w500/ya3HsnwavmtQYMxnGS5T5RV6do0.jpg
10724,https://image.tmdb.org/t/p/w500/xP6VaKdFEriMzPXe3j5YyDF3ryS.jpg
37191,https://image.tmdb.org/t/p/w500/11UUzdaxwPjX8Mfw1ZIpMTY3y6.jpg
81001,https://image.tmdb.org/t/p/w500/jUhCiZb4iqG5xZgy66ewCLBd1lv.jpg
10150,https://image.tmdb.org/t/p/w500/2MhDPbadE2ha83qiFwUHPgmKLnV.jpg
16407,https://image.tmdb.org/t/p/w500/qjQhm2jwV4DSTauOydFJVhVyMS3.jpg
8288,https://image.tmdb.org/t/p/w500/ohL4bIBXXCXc5WRT1eHESq0OQeW.jpg
15600,https://image.tmdb.org/t/p/w500/fAAhC4RkpXu7SJgIESWQwVxcelo.jpg
11949,https://image.tmdb.org/t/p/w500/7sQPWnIUVswWtIl35Lj3VKW3Pz0.jpg
42130,https://image.tmdb.org/t/p/w500/u9QgkfHj90rr33KhjLlk5tr7bVg.jpg
23942,https://image.tmdb.org/t/p/w500/vPWQ02RbO82ijIede7SYHcnhzoT.jpg
25872,https://image.tmdb.org/t/p/w500/9tIR7zyExuzhJ9c9ZWHqCkJsSPB.jpg
14645,https://image.tmdb.org/t/p/w500/jVFR1j0zUgRhgGDS26zHzXHBXVV.jpg
21923,https://image.tmdb.org/t/p/w500/rK9eAYCr68dwv1mw4weaJu6Lx3W.jpg
1563,https://image.tmdb.org/t/p/w500/sspJu9K03FZQP8A1cheurkiePD0.jpg
17132,https://image.tmdb.org/t/p/w500/xSR2Qss4bpcpeKq1JXov9C7mpp9.jpg
59533,https://image.tmdb.org/t/p/w500/rUVxU66v4d8JrKoD41sVHbmIhsQ.jpg
29702,https://image.tmdb.org/t/p/w500/uWNCyUX9sjtnhleqyw2W5ECijlP.jpg
24830,https://image.tmdb.org/t/p/w500/d9OqygwJm9EuBPv3zmVBanSgxti.jpg
9699,https://image.tmdb.org/t/p/w500/l2Gv4I8CN28aflcqecPgb0NKh63.jpg
30789,https://image.tmdb.org/t/p/w500/v44VNoH2suoaCPnUj2YyXcvgGfn.jpg
47955,https://image.tmdb.org/t/p/w500/kkRiL9RA7mrLy9cRtHIpI2m6bUF.jpg
23943,https://image.tmdb.org/t/p/w500/gpDRBziCjSoi1vOSTzq9rkCCSuI.jpg
9919,https://image.tmdb.org/t/p/w500/2dlftyPz7mTYbrsPvTogyFmYd7d.jpg
6038,https://image.tmdb.org/t/p/w500/vVNQStMlZS9mn2AKBEpadRunHgt.jpg
9480,https://image.tmdb.org/t/p/w500/oCDBwSkntYamuw8VJIxMRCtDBmi.jpg
14873,https://image.tmdb.org/t/p/w500/21GanxizOIL1CN0HLx7j3je8k87.jpg
13132,https://image.tmdb.org/t/p/w500/sQ6dMkwPIFucYSmFQcr38WBYzs.jpg
1956,https://image.tmdb.org/t/p/w500/jzuPVECdfWuHoBIqQEFajbSwwpa.jpg
12112,https://image.tmdb.org/t/p/w500/dW5txTgCQADtHSyl2iRIc05iANX.jpg
12139,https://image.tmdb.org/t/p/w500/t642WwGifbQ2fEuKTJRgpPzsgtX.jpg
24883,https://image.tmdb.org/t/p/w500/bozQVxJLeHMXMdfY76YLSAwVQBI.jpg
17264,https://image.tmdb.org/t/p/w500/uZtNc31LR5Ik3ZVo2jxwOvhkNRC.jpg
33364,https://image.tmdb.org/t/p/w500/9eFULnzgoLpO7lvg6FMutGRuNFg.jpg
59401,https://image.tmdb.org/t/p/w500/b7Zll2a82pffazYQ0ssXhbDZQtd.jpg
22233,https://image.tmdb.org/t/p/w500/eza4PZbDuLcQHEefdN9lQ4vzLw5.jpg
4952,https://image.tmdb.org/t/p/w500/ugvyj5nl9QmTYuaGUTefVYBDePE.jpg
991,https://image.tmdb.org/t/p/w500/gwmPVphE5DMFFGXGMhfEFyxOOYj.jpg
4911,https://image.tmdb.org/t/p/w500/ekW39lKhQ3L3rdOgzyF3d0CoPLV.jpg
16072,https://image.tmdb.org/t/p/w500/tvRgz24ZuekCjeOROuN9MgVZLa5.jpg
11615,https://image.tmdb.org/t/p/w500/7tcAvE82JyxIi79cwQV5br90KVz.jpg
11635,https://image.tmdb.org/t/p/w500/nYtuwNHpEoIbTgS3aFPSEwZNN6l.jpg
102,https://image.tmdb.org/t/p/w500/hOrV2fCw2kmSiS4ZMGFPfXqr3lt.jpg
14293,https://image.tmdb.org/t/p/w500/3MAGLk0AtuPi24PBwy3o4ILO0CV.jpg
105024,https://image.tmdb.org/t/p/w500/iimqHbKjtFxObekC6bJwjDHtRZa.jpg
10623,https://image.tmdb.org/t/p/w500/8iXpVITXenqPG8gQ0lCFpUMtZIx.jpg
9613,https://image.tmdb.org/t/p/w500/zvm4WuYxTiGkRagRqHUey0meRQL.jpg
21867,https://image.tmdb.org/t/p/w500/h0N4lG6g2r77C4yGTuvOBHhGYXP.jpg
49680,https://image.tmdb.org/t/p/w500/9IcQsfhjfQamVvRgtpYkwdIKilw.jpg
6524,https://image.tmdb.org/t/p/w500/uRyxlMbGQwONnN2Ez9ECMPVHxok.jpg
11244,https://image.tmdb.org/t/p/w500/d30mZVOrY8n5KCvwaPkiQEFv1tc.jpg
23834,https://image.tmdb.org/t/p/w500/wueN9vEK8DjGkGy4mAVJr705Xci.jpg
10678,https://image.tmdb.org/t/p/w500/jic0ULHTcqQQaCSIEw6SAhHhIPA.jpg
9567,https://image.tmdb.org/t/p/w500/fszAQ7bEuO3cLTXZUSXCas28MgE.jpg
979,https://image.tmdb.org/t/p/w500/rxeDxo8FvZpLu6iplNpxdtAVnfu.jpg
13819,https://image.tmdb.org/t/p/w500/40rJW1iXXSLdmBl0ihUeDc2ZNQw.jpg
1591,https://image.tmdb.org/t/p/w500/2ED1GaTKhHielGYa1giBsxfoacp.jpg
24186,https://image.tmdb.org/t/p/w500/i7w5Q2HP3dI6UbN59l3ZL55weir.jpg
455,https://image.tmdb.org/t/p/w500/2dzSBmFWWqt8NbnubJKIWU21Y86.jpg
10632,https://image.tmdb.org/t/p/w500/iA3tg96IWKkfMYiFbAGKVEWAnyc.jpg
10929,https://image.tmdb.org/t/p/w500/hRVP8Ud9ehv7tp5WWQ4CHk2XNus.jpg
16229,https://image.tmdb.org/t/p/w500/bGR0YU9Zz9RdF3au43JLbA6K9eZ.jpg
12079,https://image.tmdb.org/t/p/w500/ya6Iz9sAQWgkWqW2Vzkh0mZDIns.jpg
36362,https://image.tmdb.org/t/p/w500/fp1Nx4FASTGldFuQyGXN0HF6Jgk.jpg
23159,https://image.tmdb.org/t/p/w500/naMSxieb5cD1bGCu0rZ7zLJ6mtA.jpg
15347,https://image.tmdb.org/t/p/w500/xI5BkObQm7UtYEFTw7ZmiDGF7gT.jpg
37258,https://image.tmdb.org/t/p/w500/tGjbZqTaq73jcOrcYD3j0trMRKG.jpg
8996,https://image.tmdb.org/t/p/w500/hkh3GzBHquwB5nkdEeQUbFSo5Ju.jpg
17729,https://image.tmdb.org/t/p/w500/eEuwIMj7jKYaUt0ZG6aVpYxlkrC.jpg
12157,https://image.tmdb.org/t/p/w500/9UweLsv3pCORu25Uq72m2IBkKaK.jpg
11571,https://image.tmdb.org/t/p/w500/nWn9MRFkC1M13hVf17mT0BfYKbg.jpg
10293,https://image.tmdb.org/t/p/w500/kjC8I6fvchcxPBdh4bw4w8Px8ue.jpg
2671,https://image.tmdb.org/t/p/w500/1YINof6kN5yRdePEbcU5360ejoq.jpg
45129,https://image.tmdb.org/t/p/w500/t0uEbnToOrlDqcYlYdCV5nYW5Tz.jpg
42618,https://image.tmdb.org/t/p/w500/nwLHC6jCuRt9JaqxHATpTnz1ZJU.jpg
41164,https://image.tmdb.org/t/p/w500/eiF9tLx5Q5GN967hRI6wPkFTnUF.jpg
9557,https://image.tmdb.org/t/p/w500/xHFJt9nEfVIUItBfKZr7qhbgveL.jpg
6171,https://image.tmdb.org/t/p/w500/lLhvwLNU4pLgvaNREVFaQ4n3lCf.jpg
13691,https://image.tmdb.org/t/p/w500/cytspPjtacOInHroA6h2dIekDrp.jpg
11523,https://image.tmdb.org/t/p/w500/mjKloEexvZcJBbkoX9XKx83B40z.jpg
14675,https://image.tmdb.org/t/p/w500/2VtsJoxvjpcMpwh0gweS8IMfHxO.jpg
10782,https://image.tmdb.org/t/p/w500/jtyF4NF9fQlyGP8cgU1mK3DLUTB.jpg
9341,https://image.tmdb.org/t/p/w500/iMPR3OFhKNVvJw4eZoRhf9RzfHJ.jpg
9776,https://image.tmdb.org/t/p/w500/5itBve85q2oXmiQ3SkgCJa5Asxq.jpg
10735,https://image.tmdb.org/t/p/w500/gGpMruX59KWNuAXgHpiAm8hiChw.jpg
16425,https://image.tmdb.org/t/p/w500/3muiZ9yF1RpKfzn9eqAxqA1YFWG.jpg
25461,https://image.tmdb.org/t/p/w500/cMHMtMBca8VNxjYICc1WHK1Qqe5.jpg
51927,https://image.tmdb.org/t/p/w500/67TAylTWoysC2ffqVO18do0rwEE.jpg
12516,https://image.tmdb.org/t/p/w500/ltBHJ2gWoOZejfV6e7W3Fp3rHLV.jpg
1675,https://image.tmdb.org/t/p/w500/e5xDrSx6zDEUlMe2dWKGhv88PDZ.jpg
17057,https://image.tmdb.org/t/p/w500/vdlCUR7hu7BI8JRl46n66PiG17k.jpg
6016,https://image.tmdb.org/t/p/w500/TMlSiPuj9LymfwPiKFiRRnhkRq.jpg
8409,https://image.tmdb.org/t/p/w500/mgcGj39KYcyPx6zDiICHsPQNAJQ.jpg
1817,https://image.tmdb.org/t/p/w500/r6lIwPKVDa6Q76qH2TbIBqPhXL3.jpg
11299,https://image.tmdb.org/t/p/w500/34H5bsNc0EPILVr49TfOYXj50qV.jpg
21052,https://image.tmdb.org/t/p/w500/pLmF3LChsgxkF6dCBN0aHJR91Gu.jpg
7294,https://image.tmdb.org/t/p/w500/9tBepCujkyNg1qM52MsaJfDkIRw.jpg
9506,https://image.tmdb.org/t/p/w500/8wX3S5HjL3bgb2yi4CfR2qIqbdH.jpg
14290,https://image.tmdb.org/t/p/w500/alJULQQnuiYXjgVmj2EYgwXOcIn.jpg
24982,https://image.tmdb.org/t/p/w500/aSht7L9Mnr1zc4hDJTOwPuTfnV8.jpg
2662,https://image.tmdb.org/t/p/w500/29c2qgXmSREosLBevOILEuMWzQC.jpg
12093,https://image.tmdb.org/t/p/w500/m1xeLa00P3her902OnwL2gIHsXm.jpg
11817,https://image.tmdb.org/t/p/w500/kHWv16c4uDmiEujICSBdQ52TH55.jpg
24621,https://image.tmdb.org/t/p/w500/mdn6NwGZChgaSuWHQzYKYO1KBL6.jpg
13370,https://image.tmdb.org/t/p/w500/5wUYwAD75BxtJ0Mp4da6XzHIFex.jpg
8326,https://image.tmdb.org/t/p/w500/o2Dm2mcE1qW8vT0bpsJO5OMBbqa.jpg
13411,https://image.tmdb.org/t/p/w500/bjYuoz2S8S1AED5QIMvmAi21drc.jpg
11516,https://image.tmdb.org/t/p/w500/qjv7cYLSufwf03So0SuRFU7sRxB.jpg
10180,https://image.tmdb.org/t/p/w500/20ApKJUi1XYri37RAH3SDIp2Ykh.jpg
994,https://image.tmdb.org/t/p/w500/yigkfHE1OhkxPPrjrV78Y9ibGEk.jpg
66918,https://image.tmdb.org/t/p/w500/oYwpYmUWUsbQq13lwoU6rUeNraC.jpg
10514,https://image.tmdb.org/t/p/w500/b03aylMjJ2PBUu44hhOzt0X2I4t.jpg
1714,https://image.tmdb.org/t/p/w500/k2CTpexoS9MO9lKVFfnzwVdJuM.jpg
14308,https://image.tmdb.org/t/p/w500/4xteF3WXtHHmk3Tc4dnLYNLZ4Yf.jpg
9930,https://image.tmdb.org/t/p/w500/aZKGkQ9rpMyQ75sbdLnpmiM3m73.jpg
107569,https://image.tmdb.org/t/p/w500/4NmEbPfhpb1SW32D9rvJMwy2l3z.jpg
108553,https://image.tmdb.org/t/p/w500/nBrfiqeiB8L6VU04NSZy1e3qc2v.jpg
12661,https://image.tmdb.org/t/p/w500/r9yKccGLLzpPwRCyfCMjG2oNcbF.jpg
29355,https://image.tmdb.org/t/p/w500/5uQc18I6Mfsg6plBb0VjDrzSZEa.jpg
24961,https://image.tmdb.org/t/p/w500/rgKukXAbkpIv8pYKwKaj8IDunPq.jpg
20978,https://image.tmdb.org/t/p/w500/yk7z3gksMdu8YLivoJGmW9Q9Veu.jpg
47762,https://image.tmdb.org/t/p/w500/roF5MQlNBFSV0K3s9ThBPIBglO5.jpg
10743,https://image.tmdb.org/t/p/w500/yJzmAtY9DmhhjJwFnW0Zjlvz6yg.jpg
2832,https://image.tmdb.org/t/p/w500/bnidwEvWNAVJ3Uco9wWtuzWAfrx.jpg
31459,https://image.tmdb.org/t/p/w500/xmnZQwgNoTuzPr65QwLAEpFu9UP.jpg
38868,https://image.tmdb.org/t/p/w500/uzt9AkMIxm84IStnjU1hB4o3bWG.jpg
15098,https://image.tmdb.org/t/p/w500/af9Ym0HQuChr7e5N34PN9OSfYhu.jpg
11458,https://image.tmdb.org/t/p/w500/7FsbWJq43lQGCIPxe8z3zBwEIkh.jpg
16636,https://image.tmdb.org/t/p/w500/whPFGfqZayYOU5f5mx0GdXZOgpi.jpg
18736,https://image.tmdb.org/t/p/w500/jGN9PS4JKmxp7oyMqmW8G6HKcG6.jpg
36658,https://image.tmdb.org/t/p/w500/rtrd4qieMAhoUshu83Vi1GazM1O.jpg
46989,https://image.tmdb.org/t/p/w500/6xld6dA6rlctR9mUtcVRigZTfu5.jpg
20689,https://image.tmdb.org/t/p/w500/jG662jKzEf63fhcbbN3WiLlz5MX.jpg
13438,https://image.tmdb.org/t/p/w500/mzWqK0U0APFiXKofG1qzl1OEYgW.jpg
15394,https://image.tmdb.org/t/p/w500/xQYKqpN6fD7Dc7Vu8xnShHPKDwe.jpg
10708,https://image.tmdb.org/t/p/w500/uiey5XUKuPicwpIJMf1OpaOd1jL.jpg
22016,https://image.tmdb.org/t/p/w500/3npd5xuegtcYc6HPt5NgdB27sRA.jpg
22958,https://image.tmdb.org/t/p/w500/iETHZRRlr9WCgx3W8hoOp7gvOn2.jpg
15850,https://image.tmdb.org/t/p/w500/9eaNr0CYiEaofbw5MF5Nsr2MnOI.jpg
10989,https://image.tmdb.org/t/p/w500/4zKQ9Wz68tLQ4WGirHDNXR1NdLf.jpg
1816,https://image.tmdb.org/t/p/w500/3emEMcdrABPkFR66ruYRCrbj7u7.jpg
17667,https://image.tmdb.org/t/p/w500/cn0gXtGgQXT7EVVXKJRhK4E1nOc.jpg
17464,https://image.tmdb.org/t/p/w500/3RV0NNZ8p3XcdVnrr8bLILuH1x9.jpg
15259,https://image.tmdb.org/t/p/w500/vtQ9UY4y3UbPYiRWOKJ2DF4VdTQ.jpg
10515,https://image.tmdb.org/t/p/w500/41XxSsJc5OrulP0m7TrrUeO2hoz.jpg
11424,https://image.tmdb.org/t/p/w500/4H224rVxChPrYVvR3E0VPV8zdlO.jpg
34857,https://image.tmdb.org/t/p/w500/pbreFjOZHHJowAXVqUFDG1PBCvD.jpg
604,https://image.tmdb.org/t/p/w500/9TGHDvWrqKBzwDxDodHYXEmOE6J.jpg
10720,https://image.tmdb.org/t/p/w500/74lG2SGDJdyiS8hB4kkFcRIviSi.jpg
51230,https://image.tmdb.org/t/p/w500/yDxDCCxuyDx6MrJkLqZwcvPWamq.jpg
1555,https://image.tmdb.org/t/p/w500/baDm4V3Dqx2hNh7WF1NvGrHGgqQ.jpg
33875,https://image.tmdb.org/t/p/w500/eySv5rdYLW1k6LxepxCNl8ND26R.jpg
310,https://image.tmdb.org/t/p/w500/f0QqG14SZYYZcV4VWykVc5w13dz.jpg
5146,https://image.tmdb.org/t/p/w500/uziAQLzimrP8eW3w37F8lo8CnD3.jpg
30055,https://image.tmdb.org/t/p/w500/60IYVtefFwoTSvVM4FTVCdh9ax8.jpg
12544,https://image.tmdb.org/t/p/w500/9a8mn4jtNYGwfpq5del1KQDUds9.jpg
12,https://image.tmdb.org/t/p/w500/eHuGQ10FUzK1mdOY69wF5pGgEf5.jpg
9654,https://image.tmdb.org/t/p/w500/eSkjK4kctyrWpFhxl35GPvSs6tI.jpg
9902,https://image.tmdb.org/t/p/w500/7lyxwOg7SdGff79yKCQmJ3AKWSf.jpg
2260,https://image.tmdb.org/t/p/w500/qWdMQj0HN7QxKxEkm0tk04nuAQ2.jpg
18385,https://image.tmdb.org/t/p/w500/yG67qljsdR06NzwdWM9wBQ5EkyY.jpg
584,https://image.tmdb.org/t/p/w500/6nDZExrDKIXvSAghsFKVFRVJuSf.jpg
1088,https://image.tmdb.org/t/p/w500/1ZQSkyEDRJdk6TCAThBojB5hJcK.jpg
5921,https://image.tmdb.org/t/p/w500/4QJLqSZRnhAb9pezEEIxidVINes.jpg
47423,https://image.tmdb.org/t/p/w500/xCm4qIID3oyhBxRNKsYo3TpDivF.jpg
43239,https://image.tmdb.org/t/p/w500/kuV34rCOrcDt6Ii3149AlJs9bpM.jpg
29425,https://image.tmdb.org/t/p/w500/xSNgBJL9WKMHwl42gZXeRsQXFa1.jpg
51391,https://image.tmdb.org/t/p/w500/w8mv377RrR9OAUbvp9v9YGm15B3.jpg
50285,https://image.tmdb.org/t/p/w500/iGFjTOA5DoU3uqzzjhYXsDHEHQS.jpg
6646,https://image.tmdb.org/t/p/w500/zPzBsQZ2EhSmO9FLvQQtWVkJqRu.jpg
38720,https://image.tmdb.org/t/p/w500/cdgTjp6blLr4AR48a6fT2q3dN2e.jpg
147729,https://image.tmdb.org/t/p/w500/bhEihEf39CRycWUK6l49hhRO35Y.jpg
15462,https://image.tmdb.org/t/p/w500/bty0IdXh4l2BmoQNVeAH5PYKrMK.jpg
43828,https://image.tmdb.org/t/p/w500/zEycmpHvzi60EJpbZCKbTc32AT7.jpg
47715,https://image.tmdb.org/t/p/w500/3vqKvIEUE4vpxEjgMSdIlcD1WHR.jpg
12629,https://image.tmdb.org/t/p/w500/xQbj9KgXqw9yjZfDO99jFyw1pzg.jpg
21027,https://image.tmdb.org/t/p/w500/jAB8UFwpoKPdgJlCuYZiF1hyn9E.jpg
11890,https://image.tmdb.org/t/p/w500/rGJOzUwHlkx8MKy2oR2qEiT7g4G.jpg
36807,https://image.tmdb.org/t/p/w500/kynvOlKALNek7s0apLw9ThQzniz.jpg
37662,https://image.tmdb.org/t/p/w500/kusEIHfdngzcypY36yjWJVWMShj.jpg
11916,https://image.tmdb.org/t/p/w500/RbuNHMlrw7M2w1R3hZMAPwh6dG.jpg
14551,https://image.tmdb.org/t/p/w500/rqRgjWqSmK9oI6duvigPmn49aVG.jpg
26317,https://image.tmdb.org/t/p/w500/vJgAdgJWX54v0oXfIvhwjlZnmgn.jpg
43490,https://image.tmdb.org/t/p/w500/3hq4VhEMseKMZuNUaSExDyqGhja.jpg
8092,https://image.tmdb.org/t/p/w500/ahOpQceexMOSPVBznFqTVTW42Xx.jpg
290,https://image.tmdb.org/t/p/w500/oDkp5iClJ9WKJGtKHz8BydodHC3.jpg
2470,https://image.tmdb.org/t/p/w500/2pb7i9pI6wMH5dlyjbVTXdfSKun.jpg
10243,https://image.tmdb.org/t/p/w500/zrzLl7NWdjwGhVE7bqpOAxMVtF.jpg
42541,https://image.tmdb.org/t/p/w500/nG0CavLX9OXhtUVX0a3Nj9pLsA6.jpg
40085,https://image.tmdb.org/t/p/w500/4Pa7LA7zQPIfadLWhGWQtm7ymNv.jpg
47684,https://image.tmdb.org/t/p/w500/A67tl48MWZM8bxEYxJZhFGGth9A.jpg
2263,https://image.tmdb.org/t/p/w500/AvBTmNSL84zhQLsG5wH76Fe2yPk.jpg
3009,https://image.tmdb.org/t/p/w500/2o1oe54a4doiwB4uJq9Kx1RHal0.jpg
6643,https://image.tmdb.org/t/p/w500/9085eJIHF1LqoKgGWK74Z3dxXpo.jpg
14817,https://image.tmdb.org/t/p/w500/imFLUF2TYkm13GpFYTKYF7T27sP.jpg
41426,https://image.tmdb.org/t/p/w500/8HtAaaDZDCCx2F73n41xMDWDhwU.jpg
41791,https://image.tmdb.org/t/p/w500/b2Gks4Stt98FRI5isaL6Wu1luhh.jpg
2071,https://image.tmdb.org/t/p/w500/n01melSnawQl2Co8Pyc6ZIDnlcm.jpg
43516,https://image.tmdb.org/t/p/w500/kRZItSgFaSDnHePwxX5PfZvu5M8.jpg
32489,https://image.tmdb.org/t/p/w500/ce8rBGFR0naGsp6mKy9CNKn9iSa.jpg
10152,https://image.tmdb.org/t/p/w500/qxD6P3UXASFCdbrVavceZzgOfI9.jpg
31246,https://image.tmdb.org/t/p/w500/bLLlgQ6nZPGxvAjp0qjTX1wD2hl.jpg
11375,https://image.tmdb.org/t/p/w500/Am7AhZYG7HLksY5E35oaEJ3Desz.jpg
17813,https://image.tmdb.org/t/p/w500/AaDCSJipXeswMpM0TfOAbbYaBPb.jpg
170,https://image.tmdb.org/t/p/w500/sQckQRt17VaWbo39GIu0TMOiszq.jpg
9471,https://image.tmdb.org/t/p/w500/n4cdJ0Wqxb7C0HmZbcaC4eYnkIf.jpg
9581,https://image.tmdb.org/t/p/w500/pB2lXLvZDaFqi6d8La3fofabgH7.jpg
216,https://image.tmdb.org/t/p/w500/5Oru4v8tRUN90JUuM6BNDJoetLt.jpg
47676,https://image.tmdb.org/t/p/w500/46HAxDyb5Xqljse9Ata9ftqOxbK.jpg
113739,https://image.tmdb.org/t/p/w500/hVuVppiIntAR5Sf01nWCBinnWHL.jpg
52758,https://image.tmdb.org/t/p/w500/v8LSkezS7MvSk88SD6JbPO6VobD.jpg
38171,https://image.tmdb.org/t/p/w500/26wHOXNt4XNn2lYT8i8pWx1JOP0.jpg
61225,https://image.tmdb.org/t/p/w500/lso2f5jbglHtGke2A8NwRkcfxF6.jpg
18722,https://image.tmdb.org/t/p/w500/w5YDGiPGuhVyQOwG1E4tBiBkf6T.jpg
33454,https://image.tmdb.org/t/p/w500/yALSC7jqOsmMtfSPp6ThCuNGjiR.jpg
19753,https://image.tmdb.org/t/p/w500/s2F89NomHdoWkkNbcw0Cv2Ri8u9.jpg
11482,https://image.tmdb.org/t/p/w500/ochT2dykUUsk7RGrJjnJItLvreO.jpg
6949,https://image.tmdb.org/t/p/w500/d5WwZxneeAH2Kj2SeDV6oUY2oW0.jpg
1927,https://image.tmdb.org/t/p/w500/UllIft2jLSBaay3zQyMV4GNdfy.jpg
10327,https://image.tmdb.org/t/p/w500/4kC0UGTuJgFnlZq2ZM6OiY7nuY8.jpg
14411,https://image.tmdb.org/t/p/w500/yiW2L1fDiBT7AeWXrykhTNtPrr8.jpg
296,https://image.tmdb.org/t/p/w500/vvevzdYIrk2636maNW4qeWmlPFG.jpg
302,https://image.tmdb.org/t/p/w500/bwBAUlEXhUKmegdguoFj9grF9t3.jpg
22,https://image.tmdb.org/t/p/w500/z8onk7LV9Mmw6zKz4hT6pzzvmvl.jpg
8698,https://image.tmdb.org/t/p/w500/kdAuVFP63XXxnb983ry2pLCKd9S.jpg
554,https://image.tmdb.org/t/p/w500/g0bVxxdeAkDwzLoJq7o8ehQZWa6.jpg
17920,https://image.tmdb.org/t/p/w500/fGV45q9gyysfp9SdoqrrReVxC9a.jpg
32235,https://image.tmdb.org/t/p/w500/jb3qheP75UgVibpnfubotrBDY5v.jpg
8961,https://image.tmdb.org/t/p/w500/yCvB5fG5aEPqa1St7ihY6KEAsHD.jpg
17403,https://image.tmdb.org/t/p/w500/pD87iTm4MP7JNcxIUssAbpri8nF.jpg
9486,https://image.tmdb.org/t/p/w500/mmzW88tnkB2MnOV3Un2F9IUxSnZ.jpg
20439,https://image.tmdb.org/t/p/w500/q9BwYsUoLP6rdEY5dU0nWQKOmj5.jpg
3472,https://image.tmdb.org/t/p/w500/nWpXOqB1STDq8ji3rQawcg1fGS9.jpg
35265,https://image.tmdb.org/t/p/w500/pT9Maaop1epDYWiXEO11NcuR25R.jpg
25921,https://image.tmdb.org/t/p/w500/yiV5J3bv6fIugG6oloeLCqSzHuF.jpg
68927,https://image.tmdb.org/t/p/w500/k886xdc3tQLq5X4p5sWPMOot96C.jpg
11894,https://image.tmdb.org/t/p/w500/cndkzlP5frVWxng5HLd4JvA2g2y.jpg
20726,https://image.tmdb.org/t/p/w500/AkfXNOeKgJSOD08StGd0599auiZ.jpg
24558,https://image.tmdb.org/t/p/w500/ezzfFY9S8r4PkhXLqw9x7gAaStd.jpg
12649,https://image.tmdb.org/t/p/w500/dHSIXGVmLHsPeWdfyVe8J1eZCFS.jpg
24356,https://image.tmdb.org/t/p/w500/zKxB2Ivm1717Hbnuvvy2lONC4R1.jpg
1996,https://image.tmdb.org/t/p/w500/ylIEGeAr2ygSClK4FDj9mi2Ah22.jpg
4464,https://image.tmdb.org/t/p/w500/5m7NfZvxYsSm2YBCJ2VPQf8ziKr.jpg
12279,https://image.tmdb.org/t/p/w500/buA8dN4zLNr0dYBeKfHfMnEfdLE.jpg
9104,https://image.tmdb.org/t/p/w500/qNl4T8xxC0xDeX8JFJVCBzH4Kg8.jpg
33339,https://image.tmdb.org/t/p/w500/7aOOZisCXvI26i7wgMqBaWQxTY3.jpg
54580,https://image.tmdb.org/t/p/w500/4BlI5weSiYUU1YnjqdaPLnOzc3Z.jpg
4613,https://image.tmdb.org/t/p/w500/bIBHeN4GkkNx0TBSiqGdqLSf4fd.jpg
12530,https://image.tmdb.org/t/p/w500/dxhQzsBIjWMRu7rqprX4I2WzyEo.jpg
45096,https://image.tmdb.org/t/p/w500/5AzKshuLWCdVHYSSR5IWpaKxjsv.jpg
24993,https://image.tmdb.org/t/p/w500/pNvuLT77H9eSStoqmB7EMLdlffv.jpg
53021,https://image.tmdb.org/t/p/w500/sbMILWDfzwQI8ZBIn42zGNU4xqg.jpg
430,https://image.tmdb.org/t/p/w500/yWQE227ub1frfnjP5HZy0wLF0wu.jpg
5185,https://image.tmdb.org/t/p/w500/vQSYu0DXkqTOEfWF21AzaqXxYCZ.jpg
10553,https://image.tmdb.org/t/p/w500/ojcBfuHeeNFoIQXlb1GXNID65Uv.jpg
21512,https://image.tmdb.org/t/p/w500/hWIDNOsF1yeGTR7jG42VzS1AHmI.jpg
21449,https://image.tmdb.org/t/p/w500/z3ABDEfhLqX09nXgp6ilKW44jAB.jpg
8273,https://image.tmdb.org/t/p/w500/pCO3lJv2PzPkJty29APxCVSjyoE.jpg
8046,https://image.tmdb.org/t/p/w500/qOhAK3WDqdeVTIE59loXvEGU7Lu.jpg
50350,https://image.tmdb.org/t/p/w500/qYq5muglnhTj7VjGAklqayGTvN8.jpg
8094,https://image.tmdb.org/t/p/w500/akOnyPsfzcDvCwP3lzY35i2NIha.jpg
26195,https://image.tmdb.org/t/p/w500/aIUL0GeTgKdOnAq1hly19vjjRQt.jpg
10330,https://image.tmdb.org/t/p/w500/ipKcZ4Up7dp18XpsfYUc9NKZy3g.jpg
9257,https://image.tmdb.org/t/p/w500/bon63yPVIgUFLP2653Dg9GCOJLJ.jpg
9499,https://image.tmdb.org/t/p/w500/ucBJrWKCJ1naTylSFN8jpaEqwwe.jpg
17180,https://image.tmdb.org/t/p/w500/qZNxgBOfi6SaAevgYkkeW68vqZK.jpg
15292,https://image.tmdb.org/t/p/w500/gF352z3G8wnk5GDKzn7RcIDstwh.jpg
41206,https://image.tmdb.org/t/p/w500/rYa7JZN5PnpxXpR4oXAcefP9YXa.jpg
33954,https://image.tmdb.org/t/p/w500/aQiV5CX94SDMGucAIZ8act7VdL1.jpg
24192,https://image.tmdb.org/t/p/w500/oifi2CQkKbb6Y2x6J5K6CjaKab9.jpg
833,https://image.tmdb.org/t/p/w500/5I7SYsNQmZRZpQ2MAarIQYU9vaX.jpg
26755,https://image.tmdb.org/t/p/w500/AjumCYR6VPXGDKlYekGkx5jMdfi.jpg
3101,https://image.tmdb.org/t/p/w500/8LdWJLUfEa5JeUJ7SljJQMIJikZ.jpg
6466,https://image.tmdb.org/t/p/w500/f9ZASRUfl8Jlco7rgRx3ujPR0P7.jpg
20210,https://image.tmdb.org/t/p/w500/3ijvfbWQYLaFQ2PaX6hywnMW3Hv.jpg
2055,https://image.tmdb.org/t/p/w500/5bmt52Fijy71W0E72on8xnnYHgP.jpg
11770,https://image.tmdb.org/t/p/w500/1aOnEAg3FSIg8DncA9JvMBuARTZ.jpg
14926,https://image.tmdb.org/t/p/w500/liazMoopc2fhWq1YlfwasQcvWu.jpg
2771,https://image.tmdb.org/t/p/w500/rPLMxuk82AiqDiwEUVJ6E7WpjYs.jpg
10923,https://image.tmdb.org/t/p/w500/fhK0mqqirPsckxkNisvi32A4lf6.jpg
17745,https://image.tmdb.org/t/p/w500/5DmempuEgWyHCu5lMVyICTRgZUp.jpg
21989,https://image.tmdb.org/t/p/w500/qJ4tVNjjapCLigrVJi3ZXNX6xvB.jpg
18573,https://image.tmdb.org/t/p/w500/qJmINK85CwxaoXN2PFDMO4eNxLS.jpg
41759,https://image.tmdb.org/t/p/w500/dRDOrszc2X9bWsE2LhJuJ6WbVEp.jpg
8992,https://image.tmdb.org/t/p/w500/a9cuohQn5kczi4htWZAZjEZvXkZ.jpg
19053,https://image.tmdb.org/t/p/w500/mQSrU9jerYSIOWeLBqFA1gcUU59.jpg
11206,https://image.tmdb.org/t/p/w500/cNW3ewCB52KkxzSE47PcE5Bqvmr.jpg
18148,https://image.tmdb.org/t/p/w500/g2YbTYKpY7N2yDSk7BfXZ18I5QV.jpg
54898,https://image.tmdb.org/t/p/w500/1E3pliSC7lXWw6zJhMvG6ba0UNX.jpg
636,https://image.tmdb.org/t/p/w500/25cQH5gZ60BiA5Y91HxoPpnFiY0.jpg
11898,https://image.tmdb.org/t/p/w500/eBvpyRjD3DcCsWgdV6Y9oqPS7dO.jpg
35072,https://image.tmdb.org/t/p/w500/u5fD2mfsovtW1Pn2Umtl2G3280w.jpg
44585,https://image.tmdb.org/t/p/w500/tN8lARzROe06PIOFhEyB6nyT1D3.jpg
9051,https://image.tmdb.org/t/p/w500/uUCr4WTogPnb7LOILL8opxSyxGw.jpg
9362,https://image.tmdb.org/t/p/w500/cA4ggkZ3r1d5r9hOAUWC8x5ul2i.jpg
19542,https://image.tmdb.org/t/p/w500/tRpm0MNYoMOgyumL9ePI3wB2P9V.jpg
936,https://image.tmdb.org/t/p/w500/aCjJ0sKayks2uL7MJBzdp2i67NI.jpg
12268,https://image.tmdb.org/t/p/w500/GGCch9LNAKwp4ZADAcNz1hd1dn.jpg
10999,https://image.tmdb.org/t/p/w500/ollPAAAgZ7euU8VisfqU3cuXhZ6.jpg
33521,https://image.tmdb.org/t/p/w500/gU0BMydJQV9HES5fRAEAPs2qw2M.jpg
4593,https://image.tmdb.org/t/p/w500/zN4ILX2x64PvT2jIOAHXxCOi5WA.jpg
34044,https://image.tmdb.org/t/p/w500/wJkMYVedNcwK7tzWL7k7Jp6tUPr.jpg
12276,https://image.tmdb.org/t/p/w500/AbUmBTtVZDpchPA4Yfq4OpIs46X.jpg
3782,https://image.tmdb.org/t/p/w500/dgNTS4EQDDVfkzJI5msKuHu2Ei3.jpg
36629,https://image.tmdb.org/t/p/w500/4yK0mEONadsXSdeoZQAGn92ZrKp.jpg
2891,https://image.tmdb.org/t/p/w500/sDICHxQRDkS4TvIDcUgO9URJxu1.jpg
20815,https://image.tmdb.org/t/p/w500/cnkKQyRzoCMZliMaknTOXHqXKaz.jpg
19433,https://image.tmdb.org/t/p/w500/h7oBhsEsiHUgZ1uflyqBafB6SoB.jpg
6619,https://image.tmdb.org/t/p/w500/s81SuFBSqY8T5Lrn5R8ucX8LKxi.jpg
10610,https://image.tmdb.org/t/p/w500/lbjFWKfe8WdS8Pj6WVPlyEKeVEo.jpg
2830,https://image.tmdb.org/t/p/w500/v025L8pSoPXWNnKSkQAPZQMEG4n.jpg
15920,https://image.tmdb.org/t/p/w500/A1RHlp8q0QxI4SREgSvUEe3asDk.jpg
21413,https://image.tmdb.org/t/p/w500/l7PDR9rtbUN5b4gMVPSLMqIgfov.jpg
16405,https://image.tmdb.org/t/p/w500/qhNlFTwlrte13wX3ntMQJSO7azG.jpg
33255,https://image.tmdb.org/t/p/w500/j86fTZtXLGEYhOtBLLyfRonYJ5Z.jpg
11351,https://image.tmdb.org/t/p/w500/u2ghDfjcs3y5c8ata3COc4pWiAN.jpg
333,https://image.tmdb.org/t/p/w500/pXIVHT73QG70nZZdsVMwa0OgFUK.jpg
22200,https://image.tmdb.org/t/p/w500/z4w08dm44L650QCegJQML4AyFTJ.jpg
13778,https://image.tmdb.org/t/p/w500/iOp2EavuxouJFo8xgcPfBKPxjUQ.jpg
1415,https://image.tmdb.org/t/p/w500/4DVWGtV1OA3W8kZxiimdNsepS6O.jpg
31094,https://image.tmdb.org/t/p/w500/lRkyqGbJC7omaeKgMid8LQcKsLt.jpg
11547,https://image.tmdb.org/t/p/w500/vaUkSL7PbeeKfdFKOh9TYR9M1ds.jpg
7270,https://image.tmdb.org/t/p/w500/y5hBAMrOWUusHjnWUGLpFWPtPAP.jpg
1428,https://image.tmdb.org/t/p/w500/dBj886t1Lxd4XDy1eHYoi5heUCs.jpg
17906,https://image.tmdb.org/t/p/w500/ii8h0p26vhp4G6x5Hw86ka3ys45.jpg
153,https://image.tmdb.org/t/p/w500/4k4Yz08WGfbu8ITIjaG99XTeco8.jpg
33320,https://image.tmdb.org/t/p/w500/p44UXOFBCY5xbpCKEsWpi4filCD.jpg
61054,https://image.tmdb.org/t/p/w500/hvXqvntgMKFxhwxt18sD7R0tuLq.jpg
27590,https://image.tmdb.org/t/p/w500/8qHvL1w0NYemVeppB1UKlAd1pS0.jpg
14603,https://image.tmdb.org/t/p/w500/mF0eKbtnPxMVTPiLeKquUziMW06.jpg
10617,https://image.tmdb.org/t/p/w500/dkBQC0jmkmTOJJMgwsBdgkzZ6Ry.jpg
10618,https://image.tmdb.org/t/p/w500/jvrQXnpgSpKXQ3fkz5p6RV8jZJa.jpg
10619,https://image.tmdb.org/t/p/w500/8TmkTiHOTAyAjmbtDVi5f78a5ow.jpg
11293,https://image.tmdb.org/t/p/w500/3GHG0kTcBWHKdXjj3RdK8GjBCd6.jpg
8408,https://image.tmdb.org/t/p/w500/ya7YYnXHdvfQqqvu43phC4ujGHT.jpg
14030,https://image.tmdb.org/t/p/w500/aPZOt9BR3gnk1RyX924ySq81S4P.jpg
2687,https://image.tmdb.org/t/p/w500/zbplzn4WrBkKDmmWlQkWdsacmNa.jpg
19064,https://image.tmdb.org/t/p/w500/eK3dxRrMQGpZ1kLD9wdyOI8urFZ.jpg
25241,https://image.tmdb.org/t/p/w500/uWCwcZYp5znp6xUKzkh3oyB4Ys2.jpg
28942,https://image.tmdb.org/t/p/w500/zSEt4QXRI4Gypd9xvzvucOmPNl5.jpg
10739,https://image.tmdb.org/t/p/w500/bvyoWDh60R31ZE5L8TjZ8Qpv5xM.jpg
12767,https://image.tmdb.org/t/p/w500/2AKitfwCoCmHU4PTtC5oF6LImlG.jpg
22309,https://image.tmdb.org/t/p/w500/1Dd8TBA6G0n1x2N8KpJvIefy2sB.jpg
13156,https://image.tmdb.org/t/p/w500/mYIMMAma7DCACRfiGhHAybPAdKa.jpg
277,https://image.tmdb.org/t/p/w500/zsnQ41UZ3jo1wEeemF0eA9cAIU0.jpg
9707,https://image.tmdb.org/t/p/w500/pKQBit5ZV7GEOTiMBSYC6xBn86K.jpg
36791,https://image.tmdb.org/t/p/w500/denzE2tZc3TZ95vQNK3rKo0iDHn.jpg
7288,https://image.tmdb.org/t/p/w500/rGw6I9TsgRIaBHa5JMg6MpARxjw.jpg
10159,https://image.tmdb.org/t/p/w500/dJX06UwlLIwbLLt9UQ6DlkHF4jz.jpg
10934,https://image.tmdb.org/t/p/w500/3vQUQwdtfPt1Sl2GZrIECWWA0dk.jpg
5653,https://image.tmdb.org/t/p/w500/5Z3wlA8sKdd3tPTZW8N1q3YEd5f.jpg
321,https://image.tmdb.org/t/p/w500/usuEb1teTxqkK1wx54SmbdXltcN.jpg
20,https://image.tmdb.org/t/p/w500/pFEtVPW88pWflYV84UFL0h1iJr3.jpg
5168,https://image.tmdb.org/t/p/w500/mqB5QPNCmbF8DgsZqmyGQAGktUE.jpg
9662,https://image.tmdb.org/t/p/w500/enw6C4fDw88g0nOQgIJXjgH3NHi.jpg
837,https://image.tmdb.org/t/p/w500/qqqkiZSU9EBGZ1KiDmfn07S7qvv.jpg
20303,https://image.tmdb.org/t/p/w500/5IYvqrrDRtEUiGS8M6w1GxGDdrM.jpg
19666,https://image.tmdb.org/t/p/w500/yNX9lFRAFeNLNRIXdqZK9gYrYKa.jpg
821,https://image.tmdb.org/t/p/w500/b6vYatvui1EXeFYfpDX4rcbueuP.jpg
1358,https://image.tmdb.org/t/p/w500/A3sVrDThz8Xthfq2EglWoypKEfU.jpg
11475,https://image.tmdb.org/t/p/w500/rYI5IAKwqOl6nPcAYL58VzI0EXN.jpg
776,https://image.tmdb.org/t/p/w500/8JOzt7uFZyshcuzCBmYU6CDJL4D.jpg
16563,https://image.tmdb.org/t/p/w500/8Z4W2oRQKkmt7lhqNPROcNru9yJ.jpg
11703,https://image.tmdb.org/t/p/w500/5wXHJjPOSBPsI6JAt3AU2N26kit.jpg
891,https://image.tmdb.org/t/p/w500/qwdcIdiTAk8iANsJEK2JmrYQx5o.jpg
83714,https://image.tmdb.org/t/p/w500/A7B8snyynp1iOBYiGx76V3TOdKq.jpg
12531,https://image.tmdb.org/t/p/w500/8EWKKGnAQPdTXhr2aRde1aLwPQn.jpg
10881,https://image.tmdb.org/t/p/w500/9c62bG3rt1UoFl04AnaLYCh26ZR.jpg
11832,https://image.tmdb.org/t/p/w500/3ibptSbnAHd0SUBnOKapNZQBpCl.jpg
11806,https://image.tmdb.org/t/p/w500/aSZYXOmQ9SW27gLdHU02PJQGBMH.jpg
10438,https://image.tmdb.org/t/p/w500/biH5hW1BRfEr13oCizuAzpdBf2l.jpg
650,https://image.tmdb.org/t/p/w500/v4ox4aSCNT5vyLXl4Q71JiWwCXW.jpg
10337,https://image.tmdb.org/t/p/w500/hSGncpMByW8zx2aOSXdZB0e70yA.jpg
8446,https://image.tmdb.org/t/p/w500/j9BPl3jkNCFgsYe5poKrirUqrf8.jpg
9874,https://image.tmdb.org/t/p/w500/jCxfbTh8JvJil5edhNywxaTHoWv.jpg
29161,https://image.tmdb.org/t/p/w500/8u14C2FLMSCLIT5znmye6RovonO.jpg
21627,https://image.tmdb.org/t/p/w500/1bP8zmzcJiIqMwUAfpfYgP5IHif.jpg
4543,https://image.tmdb.org/t/p/w500/9yavZ9WgEZIpWi2EbVW8At9RPdo.jpg
11046,https://image.tmdb.org/t/p/w500/dnyiVS4Ad4w4rfS4Bm1YalEdonx.jpg
11707,https://image.tmdb.org/t/p/w500/5WEGUQIFpwUh4T4ZMMdzECsvXNS.jpg
7442,https://image.tmdb.org/t/p/w500/lhkfSDKWvu6fX9LSyVaEklaLNZP.jpg
14425,https://image.tmdb.org/t/p/w500/xTToUzy9Im9nu2W8fz7TPWoDWN5.jpg
6723,https://image.tmdb.org/t/p/w500/pr37i12Qe1gGxMBf6GTIDZvfFIT.jpg
16969,https://image.tmdb.org/t/p/w500/gESRbXstISpeELPpYQYiTM3nRF1.jpg
13339,https://image.tmdb.org/t/p/w500/8IKEBJdaFWVBxPmsmUx5eICRwKf.jpg
28761,https://image.tmdb.org/t/p/w500/tbLYzI4rB7qQy0gete68v2gHVZV.jpg
25237,https://image.tmdb.org/t/p/w500/qNbMsKVzigERgJUbwf8pKyZogpb.jpg
9871,https://image.tmdb.org/t/p/w500/4NmAtQdttqG4d1jyIK3vJvuyMov.jpg
33258,https://image.tmdb.org/t/p/w500/dnHmQgxeHqgc1A78hE3AdzhlJsW.jpg
33783,https://image.tmdb.org/t/p/w500/tydslMVgc6DpEvwYT0MWW9byL1a.jpg
11364,https://image.tmdb.org/t/p/w500/1gyViKAIpy1jAcM3B17iXNbiHrh.jpg
39916,https://image.tmdb.org/t/p/w500/eCUSieEikP6vt0dBbIKnEGpyEK2.jpg
31634,https://image.tmdb.org/t/p/w500/aOME46GMTef0rkseEi4phAo4gRf.jpg
43739,https://image.tmdb.org/t/p/w500/2bKxlYgwKRQidS8S9DSPjpITPlv.jpg
13765,https://image.tmdb.org/t/p/w500/eadjJGFdbZdhXSjtokmay7NjVHi.jpg
12772,https://image.tmdb.org/t/p/w500/iqIKuwQYdvoKKGFjjEPdXlUKYvk.jpg
47866,https://image.tmdb.org/t/p/w500/4klEYvGDHmv89NQRfAaDc8qHncs.jpg
18900,https://image.tmdb.org/t/p/w500/f4zGKntOVVJUk9X0wCcw1DJPdQe.jpg
73265,https://image.tmdb.org/t/p/w500/cb5QF2UKeP6z6oEp0c0nIwl36sw.jpg
3087,https://image.tmdb.org/t/p/w500/cqLLIyJFjLr6jGOxWVEHG11WGzB.jpg
14282,https://image.tmdb.org/t/p/w500/qzZEnaXwv4wss2QalEo4Uf9BAwh.jpg
11502,https://image.tmdb.org/t/p/w500/tkdeCwZhy9hzzVjZFjw0RPGWUIg.jpg
21219,https://image.tmdb.org/t/p/w500/l7GfcGzH4UQzzP0Q3EfBiDbm5yu.jpg
2116,https://image.tmdb.org/t/p/w500/zMExJ6RdJQmRMydvozhEBlOLX1m.jpg
1584,https://image.tmdb.org/t/p/w500/zXLXaepIBvFVLU25DH3wv4IPSbe.jpg
2056,https://image.tmdb.org/t/p/w500/kjJg6eJa9I9flfHaJG67ecEv8YX.jpg
4997,https://image.tmdb.org/t/p/w500/mfG8S7D4rYeVqvTzjc3D36PAK3R.jpg
8439,https://image.tmdb.org/t/p/w500/30v64yPfBbNSmnYHShExuWlXUJh.jpg
322,https://image.tmdb.org/t/p/w500/hCHVDbo6XJGj3r2i4hVjKhE0GKF.jpg
11059,https://image.tmdb.org/t/p/w500/lI6UBnxwHztggSq8PhLibdOe2Nd.jpg
11775,https://image.tmdb.org/t/p/w500/7K8hDwOWsZv0MluyrB8nWlhJOgB.jpg
24,https://image.tmdb.org/t/p/w500/v7TaX8kXMXs5yFFGR41guUDNcnB.jpg
11329,https://image.tmdb.org/t/p/w500/g58RA1zzE39KnkRpKRfgA5RxoXP.jpg
9373,https://image.tmdb.org/t/p/w500/qJ9Cw1J4EmhBApoue4qlhqVrCZ7.jpg
1550,https://image.tmdb.org/t/p/w500/qEbo0OwAaWgLSxp4lXyoCbnmrxh.jpg
5493,https://image.tmdb.org/t/p/w500/vM5VswPvFBhDd5tuQlQb21RKlqf.jpg
28200,https://image.tmdb.org/t/p/w500/fEhrg0uQqhmHUDRqODxxvRPipfB.jpg
10629,https://image.tmdb.org/t/p/w500/14RnhkH9ArHZ8viDAej4TnVl4Jg.jpg
10944,https://image.tmdb.org/t/p/w500/c8Xg0yc8UQwDXooffBNLLs2BvQH.jpg
9839,https://image.tmdb.org/t/p/w500/j7Upm2AtGuTzCs2Asq0GyBIMAxX.jpg
13920,https://image.tmdb.org/t/p/w500/uQ6ci4iFHhB6TWB2f4wftR7AEly.jpg
4256,https://image.tmdb.org/t/p/w500/9hxL94pzuix9GWwba8dr4luINyo.jpg
10009,https://image.tmdb.org/t/p/w500/otptPbEY0vBostmo95xwiiumMJm.jpg
1807,https://image.tmdb.org/t/p/w500/1a4VU9z2hxEvugHMK7VsobB9xTX.jpg
10536,https://image.tmdb.org/t/p/w500/8NOw3HPHkcBndJW2K6ofbcSb7WD.jpg
1376,https://image.tmdb.org/t/p/w500/p5h50WEZQ4pRFffnSULqL4cEuLp.jpg
31397,https://image.tmdb.org/t/p/w500/Al8v2ASozhufxTiA7HVL7GAxi3y.jpg
20312,https://image.tmdb.org/t/p/w500/zZQt29qBWLoVVOo8HEFzFYRAgYQ.jpg
10389,https://image.tmdb.org/t/p/w500/ux5xsVRBwusVrmOTlhV9zRhu93d.jpg
31206,https://image.tmdb.org/t/p/w500/TA8OqACOphikMD16HLeohJqPk.jpg
28658,https://image.tmdb.org/t/p/w500/6sdGOX0R1OVVT93kcZHz8xmOLOg.jpg
897,https://image.tmdb.org/t/p/w500/qvR2Qs42WHwCEcuwhQnterU3gVY.jpg
11657,https://image.tmdb.org/t/p/w500/w56La43IJnGpLepgqfGCAZsbQPp.jpg
10922,https://image.tmdb.org/t/p/w500/fWbnGCEj2QkY7z0DTQUVjsCJkkh.jpg
13537,https://image.tmdb.org/t/p/w500/1KHHNkrf8t15sXXF9d9TGq1T9jv.jpg
605,https://image.tmdb.org/t/p/w500/t1wm4PgOQ8e4z1C6tk1yDNrps4T.jpg
33222,https://image.tmdb.org/t/p/w500/6OeVe8oGS7vccKjsiuIGTwBlAFk.jpg
10719,https://image.tmdb.org/t/p/w500/oOleziEempUPu96jkGs0Pj6tKxj.jpg
23995,https://image.tmdb.org/t/p/w500/xMk6AQCjiBAva8ufU3vpCTQkM0r.jpg
1277,https://image.tmdb.org/t/p/w500/7cjNxmJUmz3gaaN6LYRJuEYtaKe.jpg
508,https://image.tmdb.org/t/p/w500/7QPeVsr9rcFU9Gl90yg0gTOTpVv.jpg
11846,https://image.tmdb.org/t/p/w500/87zI0EcbKUt9YjYopkzSnfolZak.jpg
50314,https://image.tmdb.org/t/p/w500/flpuP2Y2qUkVGghsOYkxj0HkgB9.jpg
10715,https://image.tmdb.org/t/p/w500/kFfcjQvKvsfrzF5W7p2D6nEtbAq.jpg
8619,https://image.tmdb.org/t/p/w500/s1cVTQEZYn4nSjZLnFbzLP0j8y2.jpg
21525,https://image.tmdb.org/t/p/w500/dGJxjq8npqFZtuAtGsyjntip7uh.jpg
14892,https://image.tmdb.org/t/p/w500/d6q6Sy1HoeBiRPuVNXIDYLz30Wa.jpg
12146,https://image.tmdb.org/t/p/w500/86s5nw5F1G8lJtEowO0LBB4hoBW.jpg
10588,https://image.tmdb.org/t/p/w500/uYYLz67e5xEQMsY858VSSCDsLU6.jpg
4970,https://image.tmdb.org/t/p/w500/frSGNQcWx1ek8dCduFYCux1ho7n.jpg
470,https://image.tmdb.org/t/p/w500/imIqC8ufkxwgz1YNlNQIugsFbrQ.jpg
11042,https://image.tmdb.org/t/p/w500/ekmFbyMgm3SPklSlDUW1wZ33yMP.jpg
10147,https://image.tmdb.org/t/p/w500/rfClLIyeHqpMofmrPY8DaLe4z9x.jpg
10756,https://image.tmdb.org/t/p/w500/lGi5yio4pdDz5PkSeZCbnMQz5vK.jpg
9562,https://image.tmdb.org/t/p/w500/uOCIrFOT4U9QXML3SLlpCxGs7BV.jpg
11012,https://image.tmdb.org/t/p/w500/alf3JOPP7EYP0iO24gwe5YfRnqo.jpg
279714,https://image.tmdb.org/t/p/w500/8V261ENcng8kBBuWsE7hnBVwAJd.jpg
30068,https://image.tmdb.org/t/p/w500/21GlVcF0ziC91Mz8TCU9l1AsxZb.jpg
158413,https://image.tmdb.org/t/p/w500/5PwUeC84t8KJTimflZQZPjHN0sk.jpg
9556,https://image.tmdb.org/t/p/w500/u3CHG0I5VPFaIbA6pdU0n2W813s.jpg
13581,https://image.tmdb.org/t/p/w500/oVAlugIkLCkyyXufNDhtr5kl3yB.jpg
19184,https://image.tmdb.org/t/p/w500/Ag3cM67YCiOIyc0MLVNnDZ0avf4.jpg
24203,https://image.tmdb.org/t/p/w500/9gFerTRUGkIFn41mb3B1wb8ohtj.jpg
9065,https://image.tmdb.org/t/p/w500/66SKAdMkW5vOABN2UteJlPabXBh.jpg
4823,https://image.tmdb.org/t/p/w500/6E5Qw5gdHPftbL5e1oYbk3e9jv1.jpg
10168,https://image.tmdb.org/t/p/w500/tKeZDE3Hbne5w43k7ASFolDKroC.jpg
10234,https://image.tmdb.org/t/p/w500/48uCNgdyYIoN4ayWjTpLaqSDcWI.jpg
14022,https://image.tmdb.org/t/p/w500/8cEWYiKJgVWCgO1aOQItifZBQOw.jpg
860,https://image.tmdb.org/t/p/w500/zZ1rN4LoPxKNfAp67Xl300WxVeD.jpg
48035,https://image.tmdb.org/t/p/w500/e3oh96Zrqdaku8DoD10pXZHLZoU.jpg
5000,https://image.tmdb.org/t/p/w500/nby91GNVXQAv1NmKvqlpEEdhcMQ.jpg
22744,https://image.tmdb.org/t/p/w500/stD4BQiN4TLNf6P5ju95AVRPdto.jpg
17831,https://image.tmdb.org/t/p/w500/mO8ezngn6ZYqpCQuhXUSEtDDwos.jpg
780,https://image.tmdb.org/t/p/w500/plzI7N52uHhERUZLNSVbGGakFwR.jpg
31510,https://image.tmdb.org/t/p/w500/aCohFCJNxPner7VzjzyNN7H8BgV.jpg
234,https://image.tmdb.org/t/p/w500/myK9DeIsXWGKgUTZyGXg2IfFk0W.jpg
8289,https://image.tmdb.org/t/p/w500/xQFH7XlMk8pLPDzK5XVEj5McsRm.jpg
11583,https://image.tmdb.org/t/p/w500/4LqLUNoCwoPQNmrRuDZa0zC3hT8.jpg
6472,https://image.tmdb.org/t/p/w500/4QXsuHFw1teyR48mnXz8jk9P3Gq.jpg
5143,https://image.tmdb.org/t/p/w500/gARgIRb2QFRFVrsziwWE389u1pK.jpg
11384,https://image.tmdb.org/t/p/w500/575f7BIovMdjk0hXh4WggZW1k8o.jpg
8010,https://image.tmdb.org/t/p/w500/qxKeykPNGbKAK0DJijMUaZ5cVPo.jpg
10410,https://image.tmdb.org/t/p/w500/aMGhaSkhkFwz33hKEsBrJ3ptx3g.jpg
47095,https://image.tmdb.org/t/p/w500/cmZTyKkjlchMjhgzvnpfkxIglqJ.jpg
10407,https://image.tmdb.org/t/p/w500/A9Ojij6kEwe8LSnMieiPyPCXShx.jpg
9292,https://image.tmdb.org/t/p/w500/gx86iWymEkHng985Tmcl4b7wGNN.jpg
11850,https://image.tmdb.org/t/p/w500/5oNHdVo0vTsaC47Jv2Wb4eeo4V4.jpg
951,https://image.tmdb.org/t/p/w500/nKnHWwkXyvhzCYWm3FyRAv3qBrl.jpg
10804,https://image.tmdb.org/t/p/w500/caeHmobe8X2NTq5mag8pM9mSmGM.jpg
9319,https://image.tmdb.org/t/p/w500/fNkLz6ITQqTDZHBXqiCrm4kaJKJ.jpg
1643,https://image.tmdb.org/t/p/w500/dNgdUdNOWfHsZI3lDu6Epig7H2P.jpg
2007,https://image.tmdb.org/t/p/w500/suRf59zRu1h8Zq4Gxekn6UiLGaM.jpg
10995,https://image.tmdb.org/t/p/w500/lgBGy8QaIFD9jQJWgi837czobEp.jpg
2612,https://image.tmdb.org/t/p/w500/zlYxDFP9l1YcUnspNzuIa8KVo4N.jpg
3112,https://image.tmdb.org/t/p/w500/rBka0nFWiHxabHRLr0KfIA8Yiaq.jpg
2611,https://image.tmdb.org/t/p/w500/rfHLYKddffTEfPbnXNrp8Oc4Owj.jpg
1825,https://image.tmdb.org/t/p/w500/nOJ7IpvEXPAPzmqcw11cHdciRFc.jpg
10538,https://image.tmdb.org/t/p/w500/4VBN8pQxGHjeZWcNv1V1xSw0OKC.jpg
11092,https://image.tmdb.org/t/p/w500/jSPWptOsqU1nxXQe6muSPB0kD3c.jpg
18410,https://image.tmdb.org/t/p/w500/odUw1Th64wqGF8hQLyNJoKWbAXX.jpg
14904,https://image.tmdb.org/t/p/w500/sDWGe24TVQOHy0ZBQ8yek4P8fZn.jpg
3176,https://image.tmdb.org/t/p/w500/gFX7NuBUeKysOB9nEzRqVpHNT32.jpg
9261,https://image.tmdb.org/t/p/w500/arWCA8lg0rbdlwHUMvI46LNDhnL.jpg
5336,https://image.tmdb.org/t/p/w500/xnaDdiRfZlJaTf6JRc4in40eaeI.jpg
23908,https://image.tmdb.org/t/p/w500/cOLBAnK2PvHxwjdEHQl4n3pZI14.jpg
14671,https://image.tmdb.org/t/p/w500/s1Ad6q0XnVS6u1yoaYghHw5dskv.jpg
11509,https://image.tmdb.org/t/p/w500/k6zurzegRKsNGMICXZ57VJDUzXO.jpg
10729,https://image.tmdb.org/t/p/w500/8q0VQYwOhhuRFMsyzdZ5JoB676g.jpg
20763,https://image.tmdb.org/t/p/w500/nQjCKrwWYH6ES0HrnkLkPXnOEp0.jpg
2047,https://image.tmdb.org/t/p/w500/6sZTcKhLRNp07cVoqgcMZoK9Noo.jpg
14249,https://image.tmdb.org/t/p/w500/83diOZcg6ZiY8voNy2k4BX9TsMf.jpg
10021,https://image.tmdb.org/t/p/w500/7UizUgCGt2Vx48m3v2bOUEt51b2.jpg
11634,https://image.tmdb.org/t/p/w500/nqpYdu7guZf5qSPQceUl7ifrjD4.jpg
11824,https://image.tmdb.org/t/p/w500/bv9rY9eoue2Hat6tcvrKVQ0ow8v.jpg
8222,https://image.tmdb.org/t/p/w500/xUpMr3ma8XMpdDhM27s4EuFxdyC.jpg
20067,https://image.tmdb.org/t/p/w500/vTeEzAj0Uv8ySwdh894tEGvSh4s.jpg
9846,https://image.tmdb.org/t/p/w500/2iW3pSihBIhXjnBQmUJ0mAiZbB5.jpg
23719,https://image.tmdb.org/t/p/w500/A8SyaIUq9d83ZNAwsvVo6TrOA2U.jpg
483,https://image.tmdb.org/t/p/w500/uLUFI5sJIfWrBUWB2Y1dEuyvvVy.jpg
10166,https://image.tmdb.org/t/p/w500/mPYBjVkeHakkPGY7WaKyyNU4RWm.jpg
6069,https://image.tmdb.org/t/p/w500/p5OivnZuXfy5E3BKKFIeSidmwys.jpg
11018,https://image.tmdb.org/t/p/w500/c8SfIgwR5mfu0c0qTBKbsvBfecJ.jpg
11676,https://image.tmdb.org/t/p/w500/5al8I28ufKJDxGWDcNGw6xCkZHH.jpg
28293,https://image.tmdb.org/t/p/w500/zKBXy84eN6tgwXaYsiFSCgq0GBc.jpg
28292,https://image.tmdb.org/t/p/w500/2YQUMsVNykdmCkOevlQv1aKEa91.jpg
3681,https://image.tmdb.org/t/p/w500/seKbiGx8mjF04Bx4LVBQk741Eqv.jpg
43875,https://image.tmdb.org/t/p/w500/AKInVpVxnGQLSrmnOUoqTlCtdm.jpg
31798,https://image.tmdb.org/t/p/w500/qhrjIQtH57UwVWS0LZC6fkTCzuL.jpg
43436,https://image.tmdb.org/t/p/w500/qrshhX8dywIOljtITGHGNK6TJcB.jpg
20325,https://image.tmdb.org/t/p/w500/cECQGtw13ooPIuEpVWOUlUXaAnO.jpg
17687,https://image.tmdb.org/t/p/w500/vVxdaRMprQO2DM4AFyJ6C4qZSFO.jpg
19075,https://image.tmdb.org/t/p/w500/dO3pIxHN0pEuZ233N3IZAI4pgpg.jpg
41465,https://image.tmdb.org/t/p/w500/6b7xRttshmonGW6xzSCDMrHMTjA.jpg
17641,https://image.tmdb.org/t/p/w500/iUQfP3s967V3SIAbyomNT8z8MIf.jpg
12545,https://image.tmdb.org/t/p/w500/p5LGgKCVGGVZKTkwKzpBDIesydj.jpg
27972,https://image.tmdb.org/t/p/w500/dAXVPb0DLUszKfPV63wkDREqluD.jpg
898,https://image.tmdb.org/t/p/w500/6EODLN11HTX4l2cmakAhWIoJLF.jpg
2000,https://image.tmdb.org/t/p/w500/qMk93yMo82svW27FEjudgueBMUL.jpg
648,https://image.tmdb.org/t/p/w500/iYSe3yrkma0e1B0wWPXgr8w5sDN.jpg
618,https://image.tmdb.org/t/p/w500/f9MkgI1ObRVvJwWgJyWtRbgyWng.jpg
19120,https://image.tmdb.org/t/p/w500/durUhLVqmYlgXsA064A6P5sM4Lc.jpg
11316,https://image.tmdb.org/t/p/w500/35wNrDYuZjVCLurOmTZ5j490iuR.jpg
3089,https://image.tmdb.org/t/p/w500/jyNTsAzrIWB441OtvfbgKtx1kFS.jpg
29845,https://image.tmdb.org/t/p/w500/6EJ4JoTxnH1QmGTE9pPzgtW1cLW.jpg
995,https://image.tmdb.org/t/p/w500/zgMnfnwWZ3nkx4t0bUDEKtW24O8.jpg
1594,https://image.tmdb.org/t/p/w500/pR6tNqNLYIbRRYC5TFKWVWaVvvK.jpg
32318,https://image.tmdb.org/t/p/w500/eFIbnDnBnIi1qnz15UUiMFmjRmL.jpg
11839,https://image.tmdb.org/t/p/w500/pPCOAipDP0sm8SLChpTMBPdCiqB.jpg
916,https://image.tmdb.org/t/p/w500/2ffzF1WmeXtH420fSUoCrecFvDA.jpg
1976,https://image.tmdb.org/t/p/w500/xewvSLrr0Ru6qVMwVqVheFLaGm4.jpg
31685,https://image.tmdb.org/t/p/w500/m6fsyHeqSQs4tktk9q3awgo7IzF.jpg
3062,https://image.tmdb.org/t/p/w500/q4UEd8BL74zVsOOaJkKVMLMmdTg.jpg
12708,https://image.tmdb.org/t/p/w500/eEG29x9cljGKL2GPmRK9IByyL9e.jpg
42045,https://image.tmdb.org/t/p/w500/nly5saHERyYxK1YKmfSRA4dQfHs.jpg
11610,https://image.tmdb.org/t/p/w500/gpSGxqyoeKy34BOlv5GedREd3My.jpg
4939,https://image.tmdb.org/t/p/w500/hBnLdDRU4pDaY6WtmDJGNlY5yzj.jpg
25016,https://image.tmdb.org/t/p/w500/aoaSwi4nCKoRWpSv607IVe33x6m.jpg
15927,https://image.tmdb.org/t/p/w500/rvBWlGRKte2U6qElHV13h6JvmSe.jpg
40423,https://image.tmdb.org/t/p/w500/fJWzdNRnfjcJuaZiKqaSURFV6Lg.jpg
7857,https://image.tmdb.org/t/p/w500/g3UKJ5LgVpycOxeusBI6IXa40kY.jpg
79,https://image.tmdb.org/t/p/w500/1NBtOH3KPU9UUp1vzVHJ8qzdW88.jpg
13912,https://image.tmdb.org/t/p/w500/9esAHYJUfQWKu6OZ8VuYsLO111U.jpg
70881,https://image.tmdb.org/t/p/w500/oRdM9wA9LnFl1vsnAvHIoQtOKbg.jpg
987,https://image.tmdb.org/t/p/w500/r4RtbJk8wVyZ1yk6yBZjzGD4ANU.jpg
30140,https://image.tmdb.org/t/p/w500/nhn5pg3f7f8FD3y0HRZaFIHBJgR.jpg
81,https://image.tmdb.org/t/p/w500/tcrkfB8SRPQCgwI88hQScua6nxh.jpg
11821,https://image.tmdb.org/t/p/w500/36yGVgFWg7PvDdZ10Csg1uHpcZd.jpg
10023,https://image.tmdb.org/t/p/w500/77H17YDeHoJCHebpfGF1rY3Dfof.jpg
51036,https://image.tmdb.org/t/p/w500/l8BBcinqXq50PeKObT2lvLdTkYb.jpg
11519,https://image.tmdb.org/t/p/w500/52Bn5yC6IHQuVxPUza3Q6RZCZTu.jpg
15659,https://image.tmdb.org/t/p/w500/mk3enoeLNRXRnYGxKcvPXYY1xci.jpg
18857,https://image.tmdb.org/t/p/w500/1LzBLlptRC7ogT8OPi8cb0NrDQb.jpg
33517,https://image.tmdb.org/t/p/w500/dFvjnu8NxaGlJUuNHTsaw4Ng5ee.jpg
42740,https://image.tmdb.org/t/p/w500/iMiih5FGHwpUCAaJAIkYKl5Hffi.jpg
20126,https://image.tmdb.org/t/p/w500/wq7RxV5gMvgO0EKeWpNhegnpJBh.jpg
827,https://image.tmdb.org/t/p/w500/jE8ygUYBUGyUcM4sR6iinPqYeDK.jpg
11811,https://image.tmdb.org/t/p/w500/nys3OeafqY07BmEge9OhWHi7bJO.jpg
20043,https://image.tmdb.org/t/p/w500/h5naABij9ghj6CLcpBYBkxMGYGX.jpg
25431,https://image.tmdb.org/t/p/w500/k9gT6d2sDT9Jd4dvzHowTt3l6Zg.jpg
17685,https://image.tmdb.org/t/p/w500/7RekNiu247cWDPfSqMyX77Yoez4.jpg
2742,https://image.tmdb.org/t/p/w500/u01kh5jKUWjhom76mguRqUgdvja.jpg
22010,https://image.tmdb.org/t/p/w500/hkWa0nrel8a1I5xDNHOX8S5q4zu.jpg
51145,https://image.tmdb.org/t/p/w500/id2pAgtG5dNS7lguTpXbhCq9l3g.jpg
48129,https://image.tmdb.org/t/p/w500/w4sxXgXpALEDFexRZE9cb3j8bb2.jpg
18904,https://image.tmdb.org/t/p/w500/escHRIldvNphvBnxMcn6ybaJId0.jpg
37719,https://image.tmdb.org/t/p/w500/A4YDGfJwaG7aMxDVrVJsOHJ7ufK.jpg
9063,https://image.tmdb.org/t/p/w500/sfg5KUOdR4bfoPiDf63LVG7mlfw.jpg
10744,https://image.tmdb.org/t/p/w500/gq3cZxo7SS6HAXdaxObLIyw9N1r.jpg
10511,https://image.tmdb.org/t/p/w500/cUhMjWQyyApA0pFinogCsE2wy8g.jpg
22289,https://image.tmdb.org/t/p/w500/nS6FmSnmG40W84xZVXyB5NLMMnL.jpg
10028,https://image.tmdb.org/t/p/w500/gnY6d7BoddAAQ8s42fxCJK8lL1A.jpg
616,https://image.tmdb.org/t/p/w500/lsasOSgYI85EHygtT5SvcxtZVYT.jpg
587,https://image.tmdb.org/t/p/w500/tjK063yCgaBAluVU72rZ6PKPH2l.jpg
6964,https://image.tmdb.org/t/p/w500/4fQJjwbDf1KELvJJMcmAV6AxJdH.jpg
1792,https://image.tmdb.org/t/p/w500/2vDNBQb1orr8egzhybh7SHqDmeC.jpg
3635,https://image.tmdb.org/t/p/w500/nOZyq3GLpjsWWaB0PD3wjpzNNZq.jpg
122,https://image.tmdb.org/t/p/w500/rCzpDGLbOoPwLjy3OAm5NUPOTrC.jpg
11820,https://image.tmdb.org/t/p/w500/bg0VKsXnLjIZ0cHmZHZLs9gzrvm.jpg
8696,https://image.tmdb.org/t/p/w500/yy2cPwrnUquMCmShrf8TbYu6emd.jpg
12698,https://image.tmdb.org/t/p/w500/m1dEnkrdJGBSLeAyJepuGrU9sNI.jpg
11093,https://image.tmdb.org/t/p/w500/hLxSOukLfC4j5pNbdE7lqaw8KgL.jpg
504,https://image.tmdb.org/t/p/w500/aevmNtJCNG4ZlfEeEGZ79frMUes.jpg
11007,https://image.tmdb.org/t/p/w500/hetmSdWARqU5ljQVKWYpAoupXST.jpg
2289,https://image.tmdb.org/t/p/w500/j0AJeeR5CQPDFh0otyWyCWREHO8.jpg
9620,https://image.tmdb.org/t/p/w500/icoa6KslkhXKnxLreZ6vXnDimpQ.jpg
10601,https://image.tmdb.org/t/p/w500/6QdU3TZZrIvXFzoHOwafZAynFjB.jpg
52036,https://image.tmdb.org/t/p/w500/ivmlrYB3adlShuvwXhRETsVBB0z.jpg
13433,https://image.tmdb.org/t/p/w500/bgazOSULGJSF2DNnyfWkOWn74ei.jpg
14844,https://image.tmdb.org/t/p/w500/aGh5zpJSuxcx4lzFFbZ2QyY8wQP.jpg
37088,https://image.tmdb.org/t/p/w500/6MJpX3xlQicN2zIBhPsjpyyIWH.jpg
5966,https://image.tmdb.org/t/p/w500/ieTSn8YTsHoPK8GNf2J9eIkP5wo.jpg
10718,https://image.tmdb.org/t/p/w500/pY35tW8BMAjZewl87OxjXK8ui02.jpg
40427,https://image.tmdb.org/t/p/w500/ivJ5lJ5laIuRMxVTzktWYQWy27p.jpg
14757,https://image.tmdb.org/t/p/w500/pOKz4zpccIjdib2pfDRkg69Ojej.jpg
11034,https://image.tmdb.org/t/p/w500/zCjwyhfDTFgunVVzBoEFzafpjbV.jpg
25095,https://image.tmdb.org/t/p/w500/pZBQ6KfITjufDMCp6FFkqjCoIMN.jpg
30080,https://image.tmdb.org/t/p/w500/2LOe4Hu6Gxw6k76hLWhS8JVVILa.jpg
65012,https://image.tmdb.org/t/p/w500/rWeUgrZ3YMIWfU8IGqPguWw3EyG.jpg
131313,https://image.tmdb.org/t/p/w500/ho1aBUMzLPw0cMgOwcm3GWEF8kg.jpg
34151,https://image.tmdb.org/t/p/w500/aGyu2UhON2s0J0YdTWsTUvsFJ4g.jpg
15797,https://image.tmdb.org/t/p/w500/pPWV5rBhCgzlzhwkpdRG7a7UZqt.jpg
9548,https://image.tmdb.org/t/p/w500/u6accimG7LmroR8WgNklEJS7oFq.jpg
11429,https://image.tmdb.org/t/p/w500/iS4oB4nQEdO86Fvszqf6P2ejK44.jpg
14815,https://image.tmdb.org/t/p/w500/3QLqEZL1kBBfKjVz3nAm5vJruRZ.jpg
427,https://image.tmdb.org/t/p/w500/wH6RyPiXFy8INLbViVkchLVOmBc.jpg
3022,https://image.tmdb.org/t/p/w500/2GDdW84XSX3BYMJ9tmnFkZOGJyB.jpg
778,https://image.tmdb.org/t/p/w500/r4F4tsU0Ajeh9ZYUkWOJSYmioj7.jpg
23152,https://image.tmdb.org/t/p/w500/w7wdYUwie8kBsEojZCF5gbTfVii.jpg
23567,https://image.tmdb.org/t/p/w500/gwliIJs9TWlZAcp6k0cx0I81W5e.jpg
22584,https://image.tmdb.org/t/p/w500/jLOmQ6yHWSKZDrJ2CMuSrXE3t3J.jpg
27725,https://image.tmdb.org/t/p/w500/fkP6yy25Wja6Sn3AIlZ4F1BWsy0.jpg
16227,https://image.tmdb.org/t/p/w500/dvwmiD6qQ05gojrFQRaFbdhbNDF.jpg
980,https://image.tmdb.org/t/p/w500/mAiDUTELbMUJKOTroJLrbYMBk3i.jpg
16933,https://image.tmdb.org/t/p/w500/uF0X3IMhPIFgbwzlbayUsj4I6Tc.jpg
37833,https://image.tmdb.org/t/p/w500/6LSqwjw6UsrGWPKsJUNxG3VA25a.jpg
18995,https://image.tmdb.org/t/p/w500/m7wZXWOt9XQKJT8r9pbAFo7jB46.jpg
5205,https://image.tmdb.org/t/p/w500/24bh2SaydGoP9Jsi7eP2TkWGkLd.jpg
14239,https://image.tmdb.org/t/p/w500/mqzRUHNtFwmgJCmSnvq3JnX0xgZ.jpg
405,https://image.tmdb.org/t/p/w500/rwjbT0zlsUDMztaCcWjlWuxaEL1.jpg
9696,https://image.tmdb.org/t/p/w500/k8j4YLZlda98dqp9ErymKzjYowG.jpg
4917,https://image.tmdb.org/t/p/w500/dMbkoFzD5sEQvEaqRsIh4pTBJVq.jpg
5055,https://image.tmdb.org/t/p/w500/nE8aqRvVnRQEqskiarnFhdJdk8g.jpg
3059,https://image.tmdb.org/t/p/w500/lJCabs4TMOsKfnl0BmA5Hf16Ezb.jpg
28586,https://image.tmdb.org/t/p/w500/8sGHAZVgizrAO2ixNliGVLDgZwg.jpg
11708,https://image.tmdb.org/t/p/w500/wJ62FzGeCAs6PjCIK1as6xzdIY5.jpg
27329,https://image.tmdb.org/t/p/w500/t7dh4Ex3xBJ1nwiPpRGxgCTUa3Y.jpg
17736,https://image.tmdb.org/t/p/w500/6W7pwB1o601kN8zySjHNz5X3QDK.jpg
1954,https://image.tmdb.org/t/p/w500/ea5iv7TWMh18fOKoRGgmtcg85Gx.jpg
13476,https://image.tmdb.org/t/p/w500/uVY9qtDib6rHEqSWsC8iek68u4C.jpg
11194,https://image.tmdb.org/t/p/w500/fsydA5H8FSDaYlYWddfMpMpDUX.jpg
12634,https://image.tmdb.org/t/p/w500/l6tzLXXGubnC6TbFgg8acfcvGRO.jpg
13505,https://image.tmdb.org/t/p/w500/xflTliVBvCztaLzTJx9luHnSqwD.jpg
14114,https://image.tmdb.org/t/p/w500/nFwT3QisWFQa3Wlfnw1gC458xJn.jpg
15708,https://image.tmdb.org/t/p/w500/uwzJL11Xp6h8stocOz6E8e2LWtB.jpg
21301,https://image.tmdb.org/t/p/w500/n4sOe401udZJWJEOvKvSs3peZcB.jpg
20483,https://image.tmdb.org/t/p/w500/vNZTtrzrIsIAHzqH3143oWIzFjG.jpg
14292,https://image.tmdb.org/t/p/w500/mxtej2th8t8x0ufVBTyhsO6Htxj.jpg
44539,https://image.tmdb.org/t/p/w500/gCfNIZuDMcKQTzcNDSCP4DkL3KK.jpg
1278,https://image.tmdb.org/t/p/w500/8xYTTQVCxVXkMtPitvwEudNrgtd.jpg
18841,https://image.tmdb.org/t/p/w500/nGUjqu7DotLx6yfakAeqaj8D1FO.jpg
76176,https://image.tmdb.org/t/p/w500/xDWZQWzu3b4SryUxjfxoLebMLHk.jpg
11023,https://image.tmdb.org/t/p/w500/uzTLlZrNF6rMPBh5mUQu6vLnTtX.jpg
11221,https://image.tmdb.org/t/p/w500/uBXYsO3jUU3H59YBILMPHbN9wiP.jpg
1824,https://image.tmdb.org/t/p/w500/5NxTW4SS6aUKZYnbQzh7UYNivd.jpg
16784,https://image.tmdb.org/t/p/w500/lpaaUiaSZiW8YUoKA17RkV84mAW.jpg
11083,https://image.tmdb.org/t/p/w500/srIgymX8L1uYlNkRUVbOEYfcGex.jpg
337,https://image.tmdb.org/t/p/w500/lS4hx9X5v6cpoCzzQohZs7zD881.jpg
43376,https://image.tmdb.org/t/p/w500/mft7ZJqHxUyFaLL3ZYXX1MN2Gro.jpg
28963,https://image.tmdb.org/t/p/w500/8t4CJ591N2FATf2yUiQNQk9p0tB.jpg
2576,https://image.tmdb.org/t/p/w500/i7kUdUAF9eTxQG7GdR6lKUK96En.jpg
22561,https://image.tmdb.org/t/p/w500/xRAnD7yd6Qx8NYXfoW5GN6K5jiC.jpg
19345,https://image.tmdb.org/t/p/w500/zTkwd9XPlwdS2fdUuxuUYQ5wTkr.jpg
14430,https://image.tmdb.org/t/p/w500/653dXbr6dXffXG0oN8OfZGShFRP.jpg
12775,https://image.tmdb.org/t/p/w500/bjUYC4uC82oASTMPkb6iGCYOO2e.jpg
9838,https://image.tmdb.org/t/p/w500/kpaW2gh0hjMPwoz30JL3gRKi2Ho.jpg
2099,https://image.tmdb.org/t/p/w500/1Y2GgDyNJFELoSIVlRhFQSs23Uo.jpg
42852,https://image.tmdb.org/t/p/w500/1M8yXsSglaW3CdUSX7uAxurwLtp.jpg
40454,https://image.tmdb.org/t/p/w500/yM5WgOJNxW2eXqZVYDZeHF5OzfW.jpg
8842,https://image.tmdb.org/t/p/w500/9CuODYTA3vvrGluaIl0hMPsEIK8.jpg
11132,https://image.tmdb.org/t/p/w500/3LUWyY3WXNDaezwbz69uB9qtVpk.jpg
9352,https://image.tmdb.org/t/p/w500/iLdO4PwbZCCQSa9rchZMwuJm9xe.jpg
615,https://image.tmdb.org/t/p/w500/v9f9MMrq2nGQrN7cHnQRmEq9lSE.jpg
11217,https://image.tmdb.org/t/p/w500/9slWyVotwxZNthMcKoeFaK3tgNz.jpg
10677,https://image.tmdb.org/t/p/w500/fL0psQFnroOkBpj3RLqkWJrnO2X.jpg
13572,https://image.tmdb.org/t/p/w500/nfdfU9tYsEnjlFGoY2HabFMdHLi.jpg
338,https://image.tmdb.org/t/p/w500/uHk1oGEbnvQGLnyiiYxTslZLoog.jpg
2023,https://image.tmdb.org/t/p/w500/iGzENlBPYJEFWZnye4t3nqWSSp1.jpg
9384,https://image.tmdb.org/t/p/w500/fmBYVkBjhVspPv3GGus84qhBo1a.jpg
25935,https://image.tmdb.org/t/p/w500/nb5Lc8hm0tPsa9GfLoyLadGm6k9.jpg
797,https://image.tmdb.org/t/p/w500/9QlqnRNbzb78lRiRPAP1ufmoZko.jpg
42602,https://image.tmdb.org/t/p/w500/cr01316AyxUZyZrdLwzz3AXrgJc.jpg
29084,https://image.tmdb.org/t/p/w500/fIPJYqmEpJY9DSGpF71NXtTzH0K.jpg
25955,https://image.tmdb.org/t/p/w500/et4fY4BxLyAPwxvUFUbzCUrGsjR.jpg
41876,https://image.tmdb.org/t/p/w500/hgUw52rwePsQ5oU7ahbYZySGrrO.jpg
24548,https://image.tmdb.org/t/p/w500/7ffvsRv8ueYYK0H3zocmNRPd8yN.jpg
42989,https://image.tmdb.org/t/p/w500/yOt0tb4L3oFTa8VLar0u2G7o9C5.jpg
17047,https://image.tmdb.org/t/p/w500/zlAltvp84rYVTYs3kdemqHBaiat.jpg
10591,https://image.tmdb.org/t/p/w500/5mVyFHSY2rSsNgD4NfEwV82HigU.jpg
1586,https://image.tmdb.org/t/p/w500/hvzw4wufKZkDCTPVeG71Z7pGfZh.jpg
11169,https://image.tmdb.org/t/p/w500/rcdhS2g1d38NOoeh0PPAN2bLE7w.jpg
49689,https://image.tmdb.org/t/p/w500/lsikpv8euQQOjeCeZPorUckQHHk.jpg
156,https://image.tmdb.org/t/p/w500/bRrHJbr8kMb849IKBZ0RBk2Vmte.jpg
10433,https://image.tmdb.org/t/p/w500/wmgmTe9uQ5mtudN6e4IVEGvSqg1.jpg
43236,https://image.tmdb.org/t/p/w500/pSANpoBLMbejWTtiKz630eSaDpi.jpg
924,https://image.tmdb.org/t/p/w500/uBjVwcDiiHelUoHqsGYHBSIwarg.jpg
38,https://image.tmdb.org/t/p/w500/5MwkWH9tYHv3mV9OdYTMR5qreIz.jpg
11081,https://image.tmdb.org/t/p/w500/1JEt0qtEaYrJZuPeTArR691V256.jpg
16941,https://image.tmdb.org/t/p/w500/hQdFebtqcbwKELQHKf1hcjIHD0D.jpg
9541,https://image.tmdb.org/t/p/w500/nMmMWoSooR6QmCjdT0AvZardof1.jpg
5516,https://image.tmdb.org/t/p/w500/l4g9R39NCp6VaYFrw6q8JwKNW9x.jpg
20304,https://image.tmdb.org/t/p/w500/nLN6zs2ySlekfdXS7mZ6uujTSBi.jpg
11024,https://image.tmdb.org/t/p/w500/5BrXCJrs22bR5KR6mLHluYo6y4m.jpg
553,https://image.tmdb.org/t/p/w500/lraVawavIXh5geMlVjpzCw9TGwR.jpg
10544,https://image.tmdb.org/t/p/w500/fS4nIWTMjweqYPHKRhMYLZGaBoW.jpg
1487,https://image.tmdb.org/t/p/w500/21hS8mD8uxBVvf8xVYR30LbbmPO.jpg
11137,https://image.tmdb.org/t/p/w500/2voUK98TW1cJ3w0qmDIdB16A3x6.jpg
11358,https://image.tmdb.org/t/p/w500/2sdmKtRz2SlGSLxxZDePKm5zxus.jpg
13573,https://image.tmdb.org/t/p/w500/60B0kXNSy3isCSZtM3vl2GWeKdE.jpg
10733,https://image.tmdb.org/t/p/w500/aZrWYkxCCwSPKp4VjVvn46uHbIX.jpg
14442,https://image.tmdb.org/t/p/w500/7AyNzwSEpJEG1gBdgwRfXi1cjs8.jpg
2122,https://image.tmdb.org/t/p/w500/4fbglyCpPqK1u40fhncLXKAF74A.jpg
25300,https://image.tmdb.org/t/p/w500/vTf4qR0OSuV4qBT8As4QoWxSJSq.jpg
6844,https://image.tmdb.org/t/p/w500/3Ei59AR64x6dMZfWobPCkZjbqTL.jpg
923,https://image.tmdb.org/t/p/w500/3gx7VwU0OmvMihtiDmRNmsd4OG5.jpg
28026,https://image.tmdb.org/t/p/w500/qXXAJjWHcXbfwdlq96nHSTxCVHv.jpg
10338,https://image.tmdb.org/t/p/w500/wcGELNaQ8TbiMUpAnkKLl5g09OO.jpg
33839,https://image.tmdb.org/t/p/w500/sGj9auC0z18y25NObFbvWLt8gtX.jpg
133919,https://image.tmdb.org/t/p/w500/ArKEdvJesIktFX8OAhcdKAOLl6I.jpg
4365,https://image.tmdb.org/t/p/w500/51eGxEkyGMcHSGDLRjnf1oOKx2W.jpg
65066,https://image.tmdb.org/t/p/w500/uwB9BQU2p0vcwlXTISyK6pz07lq.jpg
10843,https://image.tmdb.org/t/p/w500/eamOBurHBu0MIxohTIVcfxmZ6Z7.jpg
393,https://image.tmdb.org/t/p/w500/2yhg0mZQMhDyvUQ4rG1IZ4oIA8L.jpg
7220,https://image.tmdb.org/t/p/w500/7rmA1HwYp2GKM85BL0cVwCaosGr.jpg
33823,https://image.tmdb.org/t/p/w500/62E1tAw370MbsXWeTR10bg5VX5N.jpg
126117,https://image.tmdb.org/t/p/w500/AbuKSyMOWOh3Yw1GOC454EAZD6K.jpg
10096,https://image.tmdb.org/t/p/w500/iNZdSIfhSCMtRILDNyhLn8UKeSG.jpg
9509,https://image.tmdb.org/t/p/w500/grCGLCcTHv9TChibzOwzUpykcjB.jpg
10710,https://image.tmdb.org/t/p/w500/RMaKg5mVnGVI0z3SvIgS7hYPUt.jpg
11058,https://image.tmdb.org/t/p/w500/lLncs8FEzKupj19wCqZ3sPmg3eU.jpg
11141,https://image.tmdb.org/t/p/w500/6aqR0xwmK0mPOIVShDlT88Vo5W0.jpg
10625,https://image.tmdb.org/t/p/w500/alKvY5LuVcXraRBfi5UtVV8Ii6Y.jpg
7131,https://image.tmdb.org/t/p/w500/qjdEHY5Bhebk5w2MAf0vFHiWwQS.jpg
26899,https://image.tmdb.org/t/p/w500/qI9Mx4SVR4Htvm66Rd6JGhLM8J5.jpg
16428,https://image.tmdb.org/t/p/w500/uogLE9FwA15mSAz0Q4B0rGUw8i5.jpg
652,https://image.tmdb.org/t/p/w500/a07wLy4ONfpsjnBqMwhlWTJTcm.jpg
8440,https://image.tmdb.org/t/p/w500/kKAgIMwQWQ6u4s0c56XKSDX3vAs.jpg
883,https://image.tmdb.org/t/p/w500/pfG02QCsutx3PIxFS8UY4iM9AsS.jpg
10375,https://image.tmdb.org/t/p/w500/AdLg3zOxCcyWQYKSK86q20dibq.jpg
68440,https://image.tmdb.org/t/p/w500/6ZeyGqZEmK4JUbV0o5nBglEODoC.jpg
11864,https://image.tmdb.org/t/p/w500/a3dr9L8VIjhEvivzQ2M12VQDere.jpg
9461,https://image.tmdb.org/t/p/w500/fyrh2ULEcmLpGTVLPQqFW45hqr5.jpg
18329,https://image.tmdb.org/t/p/w500/jIv3EiZIC2tkBmjQ747Lyf5c61b.jpg
17993,https://image.tmdb.org/t/p/w500/cDMQLwT5LpdbA4dc4Twn43sbGRw.jpg
26517,https://image.tmdb.org/t/p/w500/kZMyVazoLcwqF9hCX5nNjb453sd.jpg
28285,https://image.tmdb.org/t/p/w500/jqfTPqaGYlz1ZR7YHjz5RTgPa8U.jpg
10035,https://image.tmdb.org/t/p/w500/mi61ZTuyEIT6XO3O1HAyDKWmKhQ.jpg
502,https://image.tmdb.org/t/p/w500/qrsj5hort5xkLOKw9NyraGMnlVP.jpg
41965,https://image.tmdb.org/t/p/w500/ZblvybDhNSbEheAF9h8i0iUrdl.jpg
10347,https://image.tmdb.org/t/p/w500/3rahpIHJBenGJKI1EfAHlGSfKEY.jpg
30959,https://image.tmdb.org/t/p/w500/vmYhFcA2YC15hoL44hQziba75Ij.jpg
20561,https://image.tmdb.org/t/p/w500/jqwouPCwQF9UTl8GjIBjbLivmdw.jpg
667,https://image.tmdb.org/t/p/w500/fdRbvRcEXcf2rC4ghLFZzCWPSmB.jpg
700,https://image.tmdb.org/t/p/w500/yoosZitM9igSk3Sd0sBXIhKlAh1.jpg
26976,https://image.tmdb.org/t/p/w500/1ONOsIo5gby9hABPdknL7OAYBLm.jpg
36670,https://image.tmdb.org/t/p/w500/zhoAL4o1STGgLbLxJ9r1ijfyHC9.jpg
43818,https://image.tmdb.org/t/p/w500/yoWwsLkuY5tMxUqkKMOHAJlImTs.jpg
24650,https://image.tmdb.org/t/p/w500/2uo8tfSwzrDeRS5YpmLVSXHSjOl.jpg
20640,https://image.tmdb.org/t/p/w500/A0Cf2GElBW2UfnQAFUqcqGYV7cY.jpg
5511,https://image.tmdb.org/t/p/w500/5Fa6o5nfUPEatQ9b3OwEvdEdR7T.jpg
13936,https://image.tmdb.org/t/p/w500/ztqT5GmJVI2o8vShGWRVVqykQqA.jpg
294,https://image.tmdb.org/t/p/w500/klAHoWOZgL8sR74Tnl7K7z4Lziq.jpg
11507,https://image.tmdb.org/t/p/w500/lRFm5P2AdOGpELwm3HHhmUz6k5I.jpg
10435,https://image.tmdb.org/t/p/w500/Aeltt5tl02zrEj4GoMynHc94lWG.jpg
1162,https://image.tmdb.org/t/p/w500/dXbQE7t9JlLad0dSprWJ3jOiTua.jpg
34328,https://image.tmdb.org/t/p/w500/tbF26J1sqfkZ5HaNhkRrrNbwjDD.jpg
14684,https://image.tmdb.org/t/p/w500/h9u6VSyEPlF5L69QSzOh1eo4F5q.jpg
13937,https://image.tmdb.org/t/p/w500/5vRn138vnZeUNFe32qTuPGKkVLR.jpg
14980,
26670,https://image.tmdb.org/t/p/w500/rGsYM6k0EUyViNdYngNsYwrVJns.jpg
10940,https://image.tmdb.org/t/p/w500/iFum9eQ5DztNMGE1c1CFm01SnJt.jpg
31965,https://image.tmdb.org/t/p/w500/5QuF8YbNtOpLbcTlEFSAokUv5sp.jpg
5842,https://image.tmdb.org/t/p/w500/lQ7Znp0kaHH959SV6OwOeXNciYL.jpg
164721,
988,https://image.tmdb.org/t/p/w500/uHwwQIlt4XwpTFhX9ZT1A8xSW7F.jpg
204,https://image.tmdb.org/t/p/w500/dZyZSosIlWcpQkV0f7pXcrV2TQV.jpg
9356,https://image.tmdb.org/t/p/w500/m409mVHmvDOZJltNzHJYigUthsW.jpg
32430,https://image.tmdb.org/t/p/w500/e2REwGOzsD21acHSRcXcXzkQmUi.jpg
16113,https://image.tmdb.org/t/p/w500/lW94s7xxkdOzYcueaqGJwcVVvjt.jpg
33575,https://image.tmdb.org/t/p/w500/6hSJWY1ygsOVAtPEz9Nb5q5FeyA.jpg
13913,https://image.tmdb.org/t/p/w500/qj7owFXzCtIbZC51O8NwLe4Kde4.jpg
17956,https://image.tmdb.org/t/p/w500/5uYv11zTTa83WMWwI3B6EOZtI0Z.jpg
18209,https://image.tmdb.org/t/p/w500/4POWJtOXt19PWfO18rHpw5GIQc6.jpg
25508,https://image.tmdb.org/t/p/w500/zSNTDd5Q6No5BmY39Zp5BVgl8XE.jpg
18978,https://image.tmdb.org/t/p/w500/1ohPMbfmQVg0Zzy9wkySm1w8Kr7.jpg
27171,https://image.tmdb.org/t/p/w500/y6HWtKt6m41SMZuUeFcs94nWfHs.jpg
12310,https://image.tmdb.org/t/p/w500/pTAgAENd2lwjSkDfCpRLl81ZDWc.jpg
37296,https://image.tmdb.org/t/p/w500/7iCRH6gcLhYCQBpiJisKNKuTqwE.jpg
25736,https://image.tmdb.org/t/p/w500/3qdX948vUXi4q8raUUOHHlbP9q8.jpg
25389,https://image.tmdb.org/t/p/w500/5Hkt61mL0yixpC6ML24R8gDdh8y.jpg
52794,https://image.tmdb.org/t/p/w500/c77bDsP7jfMiEeRM5wd0UV0Aine.jpg
9872,https://image.tmdb.org/t/p/w500/oFJosj5ECYjf1jkvpTEjGNzPx2x.jpg
19552,https://image.tmdb.org/t/p/w500/wh1JFM7myCSJvtaPX30sWYX2q66.jpg
2786,https://image.tmdb.org/t/p/w500/i124H6iQB4CawrgFW9aZaZs7OBO.jpg
8075,https://image.tmdb.org/t/p/w500/e9p8VdsAKXz1GoVXD36Lg5e3YKo.jpg
26133,https://image.tmdb.org/t/p/w500/agRmUjQBHVA1b0QmZDWyS5o2f4d.jpg
10235,https://image.tmdb.org/t/p/w500/lsTJYStIsnddwioD1L4FEmwj4Cx.jpg
11533,https://image.tmdb.org/t/p/w500/gebjOL2q6foFDfHpCRlZ5wpeKmg.jpg
140207,
3777,https://image.tmdb.org/t/p/w500/5NdGZpoInkf4wBInNpry6JAjQ3D.jpg
11659,https://image.tmdb.org/t/p/w500/jKFeWrVshmFj8uG056O4tT5ZNTE.jpg
44098,https://image.tmdb.org/t/p/w500/7IyNoYoHcV5a52FhWj6QPxR8cBV.jpg
16876,https://image.tmdb.org/t/p/w500/647kfvUPkDBXtIHQEhInJR2LUyX.jpg
77780,https://image.tmdb.org/t/p/w500/f3Wf4mR6SmqzLae7extudBfpL4b.jpg
9545,https://image.tmdb.org/t/p/w500/ayYsC7Jp2BxhCLWghOBWzZlO4FI.jpg
28030,https://image.tmdb.org/t/p/w500/tEwdvxK2ntu6LGBPqCNFkXnwO1B.jpg
1926,https://image.tmdb.org/t/p/w500/gbOFmoHalRCZgePhSJLH1ChIn2q.jpg
17365,https://image.tmdb.org/t/p/w500/5ClPRox438lwK2Eze7X5xySDaYC.jpg
11474,https://image.tmdb.org/t/p/w500/fCDXAJcPvpsMd5CL1kBKkkNGW3X.jpg
10916,https://image.tmdb.org/t/p/w500/dWn0TBxBOBt45cbyefRSQ6Azu9R.jpg
10921,https://image.tmdb.org/t/p/w500/bG8H9cnusrothe1HixryGGvSo9S.jpg
10941,https://image.tmdb.org/t/p/w500/lGRkbsA4cqFBjvshNAnCnUg0uyV.jpg
24798,https://image.tmdb.org/t/p/w500/sngF8cskFWz2cig7b63ZaDNaQXr.jpg
11656,https://image.tmdb.org/t/p/w500/mTHaNushuXNQrfmweeU4cW6nMHh.jpg
25009,https://image.tmdb.org/t/p/w500/sKc2pZhmTz3xfItLAci44vCTrYx.jpg
40092,https://image.tmdb.org/t/p/w500/cctKBFz6VoDDW56PbuWiq4F9Nmr.jpg
14589,https://image.tmdb.org/t/p/w500/zmOjn9qg9Cun7P9YAKr5ajNZBcK.jpg
14594,https://image.tmdb.org/t/p/w500/xKnTU1LOeRU8AubY2LO5lGRiPpv.jpg
14590,https://image.tmdb.org/t/p/w500/sYiasULoMJj84A5zheNyChGuhHY.jpg
14588,https://image.tmdb.org/t/p/w500/1fkCHOffEkPOY0UwSrvzG6YKDVp.jpg
14595,https://image.tmdb.org/t/p/w500/wlj6IQrYRtHAQdIY08gicGOBp49.jpg
20644,https://image.tmdb.org/t/p/w500/kPsQ0CiQCEl4YItYh6t9ruyP0A6.jpg
24965,https://image.tmdb.org/t/p/w500/n0tcuzMzQJGpTRkGzbg8c4fJ6Ga.jpg
192936,
876,
1583,https://image.tmdb.org/t/p/w500/z1AeFrBKkdZBUi4YvP7TsaQ7zoe.jpg
17653,https://image.tmdb.org/t/p/w500/hdAqW3qn0Y9jNMjDob5ae0NRa0F.jpg
11069,https://image.tmdb.org/t/p/w500/ilnFCBnx8P68OlmHDMCmFCjLW1g.jpg
10829,https://image.tmdb.org/t/p/w500/2dpgRy7ekDUNNk2FxYPkxBcG8li.jpg
57946,https://image.tmdb.org/t/p/w500/o3aHEzVZ16Vm8jMs4lcuAlVGdo.jpg
29049,https://image.tmdb.org/t/p/w500/yFme66bZIpOzBlTNZvCxlQzuML.jpg
27130,https://image.tmdb.org/t/p/w500/uoyBR8XNxPQRojujtczfG1qJezY.jpg
8468,https://image.tmdb.org/t/p/w500/kUJNsyvl3yezjbWuQG2Mh7HtPmc.jpg
22682,https://image.tmdb.org/t/p/w500/nxjgAm7fDMqUjbEbMKNYasEgAjB.jpg
11577,https://image.tmdb.org/t/p/w500/ar6owXkn12uhH2kXd2r6yUCTTaI.jpg
21159,https://image.tmdb.org/t/p/w500/u13kK2YighKtb0KNXtlxv5RJrGD.jpg
336,https://image.tmdb.org/t/p/w500/l91bdMjPYUXRLjOnBosxCGickKa.jpg
11942,https://image.tmdb.org/t/p/w500/gRWVf3InNlIlFT3WB9MnFdOwcYQ.jpg
36206,https://image.tmdb.org/t/p/w500/oBdJliz2o88ZLPulL5KLdbRsQuf.jpg
49636,https://image.tmdb.org/t/p/w500/upa8qI25kJrrQHgYz66IO2ccvoH.jpg
3075,https://image.tmdb.org/t/p/w500/rLCCdYBhCm4ATkupOTf4yRbFgm6.jpg
43096,https://image.tmdb.org/t/p/w500/i4aRCd5sRzYLb3TLm8iiUN0iJTr.jpg
14262,https://image.tmdb.org/t/p/w500/56UV1CUck2CaaJgJbtVoPRHi3ji.jpg
30368,https://image.tmdb.org/t/p/w500/riBzUgeYawBDi2q9PjARjHrQM7Z.jpg
1059,https://image.tmdb.org/t/p/w500/1RTp3EZrKg7xj1HJK2x4Rqknnnu.jpg
12493,https://image.tmdb.org/t/p/w500/tgNjemQPG96uIezpiUiXFcer5ga.jpg
13122,https://image.tmdb.org/t/p/w500/8OWDBVmGdM7HwaDtbDsdn6Rlzqj.jpg
14273,https://image.tmdb.org/t/p/w500/4Xy9EbYc2XuZRnj7t0vYz3gwaKJ.jpg
11030,https://image.tmdb.org/t/p/w500/2rXeBWYx8g519Z4EiaBxEeQ1O6o.jpg
26372,https://image.tmdb.org/t/p/w500/cRJFOadujA7COrBV4HqB6bWcpLs.jpg
11506,https://image.tmdb.org/t/p/w500/2KkHAsBVZVoMO1Zauvm5rFSxp09.jpg
29455,https://image.tmdb.org/t/p/w500/wDxrEssdjFWYwIZLbr06RQNcg1q.jpg
11602,https://image.tmdb.org/t/p/w500/rYD30Fm4vAcBqk1kTsxHw1s8P29.jpg
29453,https://image.tmdb.org/t/p/w500/46DEYkr96MxzUmdwgmj2U7gWokZ.jpg
14638,https://image.tmdb.org/t/p/w500/uXnuc6pW01s1MDwb6QwBWg2JQeX.jpg
14703,https://image.tmdb.org/t/p/w500/3HY8MSeoj4s0uSWGW135Jlh7eSI.jpg
20481,https://image.tmdb.org/t/p/w500/1ChluYH0BEvJo3gtYoFHnMZI660.jpg
7090,https://image.tmdb.org/t/p/w500/p6ElNTWEbibYlobVeiIDHBvL1kF.jpg
42632,https://image.tmdb.org/t/p/w500/wEB3c5Y5spAHOQaFWcsfFky3SWb.jpg
5902,https://image.tmdb.org/t/p/w500/lszOk3Xmh7qpLaM9J4K9E6ADLk1.jpg
10775,https://image.tmdb.org/t/p/w500/gix9thDBXfjJ8M7rYbihqbQGBcP.jpg
4552,https://image.tmdb.org/t/p/w500/l3exwhwyGE0NnHJ3lFQ7eXoBSkH.jpg
12762,https://image.tmdb.org/t/p/w500/oUgolImcg0PRiT33UNjK409aQoJ.jpg
14510,https://image.tmdb.org/t/p/w500/yNTsbRrkoi4KrCyQg4fRujggfvd.jpg
15618,https://image.tmdb.org/t/p/w500/ul8VTBvnqKiZ4SZ0yNJrECoemmm.jpg
24341,https://image.tmdb.org/t/p/w500/yEE9Ly5r9o2XR35wKiIlkLfvnx6.jpg
10690,https://image.tmdb.org/t/p/w500/f0NNTJxBzAwC0wvqmBgD9pPiHnG.jpg
13282,https://image.tmdb.org/t/p/w500/kwM8kkNGtv62gfPWVhD6qFxjDzg.jpg
22642,https://image.tmdb.org/t/p/w500/fUZqTNinLruI6ZE7GQprY8t0Uwg.jpg
18283,https://image.tmdb.org/t/p/w500/va3DcpyZDnnWdRB0FTPKzObo3Uz.jpg
13823,https://image.tmdb.org/t/p/w500/gSufaX6I5gzVVZAgYWPRA2BwZtx.jpg
14108,https://image.tmdb.org/t/p/w500/fuTAf8DJkj2vljaprE5upLP3nWA.jpg
4291,https://image.tmdb.org/t/p/w500/zTelT1xAO4Owxk1jHJM4puoei5N.jpg
113,https://image.tmdb.org/t/p/w500/6SQQ5REuAz7k0FMQ9mSCT40T2LN.jpg
28476,https://image.tmdb.org/t/p/w500/totkDxL4QApB4xFr7gc1EdGkz7J.jpg
5916,https://image.tmdb.org/t/p/w500/8SvnGUJsr16zUJ2CN7ONX1ZWtZ8.jpg
12205,https://image.tmdb.org/t/p/w500/u7FIePdOTjboDAjcaA9MabbzAuf.jpg
27804,https://image.tmdb.org/t/p/w500/xsxkXRFDYeGGMGkdvotCIhMJFPl.jpg
46187,https://image.tmdb.org/t/p/w500/rnHqDzKmnrm47dzhQvLJtZKRVK8.jpg
3001,https://image.tmdb.org/t/p/w500/dkCHsyFdyA63nUXzEvDvqNhqUuO.jpg
39434,https://image.tmdb.org/t/p/w500/ttgMlgv76nbh3vwRl91P4JkgroA.jpg
203,https://image.tmdb.org/t/p/w500/rzVTH9ylCw0owKkMZQVz2Eve97E.jpg
38749,https://image.tmdb.org/t/p/w500/ujQp7d43MmENpjMG9qaZslMqD24.jpg
29740,https://image.tmdb.org/t/p/w500/jer6lim61i8V6a5HOZq2i07UQQf.jpg
10652,https://image.tmdb.org/t/p/w500/a84FDoIm64qcyKq6BEMB9Ycldpt.jpg
33632,https://image.tmdb.org/t/p/w500/uA9tl4o8P1hNB3lDBhHKHcNGdtr.jpg
3072,https://image.tmdb.org/t/p/w500/eOYwRTDQPvovJxswy2kX8SeYZ2p.jpg
10355,https://image.tmdb.org/t/p/w500/7rmye0ThMHMT2VhZj7zdyCcHQVe.jpg
14554,https://image.tmdb.org/t/p/w500/8EnhHjU0DyCckmZRtn46s3WXeEf.jpg
250,https://image.tmdb.org/t/p/w500/v78NxEyzsElWnwSvGWpvf2DCzP9.jpg
19086,https://image.tmdb.org/t/p/w500/9rBVHD1gYSx5bOwCgqSdljUXKY8.jpg
15392,https://image.tmdb.org/t/p/w500/2sMo7gwZ8L7KttiW210T0ueJ2eX.jpg
41277,https://image.tmdb.org/t/p/w500/yMWOzmJ8WYoFe78h6Zg3Ui4qVFM.jpg
631,https://image.tmdb.org/t/p/w500/oj8ZW8jKXBSs8F1e5iWsTUeXSJW.jpg
25504,https://image.tmdb.org/t/p/w500/7jFI7GdduTss2SdgApcsiWtU5gA.jpg
1786,https://image.tmdb.org/t/p/w500/lXP90Vx7OcviBfbbokcaG6zVnPG.jpg
210937,https://image.tmdb.org/t/p/w500/9JT1wMRI3SToncVwhSLg4negF0V.jpg
16219,https://image.tmdb.org/t/p/w500/w0YjBWVfu689txEXZG3xa4Aev3i.jpg
48385,https://image.tmdb.org/t/p/w500/kcD0kG86GK2mUHjNf6QoDfwtnxd.jpg
27545,https://image.tmdb.org/t/p/w500/6yU5PuyeXX7EHG5d1AdWMforNfn.jpg
22718,https://image.tmdb.org/t/p/w500/n3dAhWfWxsNQJ5ZUcn8Q3mW8EIP.jpg
11315,https://image.tmdb.org/t/p/w500/A8rgAigkv5RHi1abcQJ0oNNnwgJ.jpg
35987,https://image.tmdb.org/t/p/w500/ycePcddfSvqaalyPxMvFYT5D8wV.jpg
29146,https://image.tmdb.org/t/p/w500/uxGt80D4hxEEwGwdOJ5tdVvjXEC.jpg
29592,https://image.tmdb.org/t/p/w500/rlK3LG3W41eF3N1tk0SEM7Dln2x.jpg
439,https://image.tmdb.org/t/p/w500/skFeWHHBwbQNfXep9OEdrQPJKoS.jpg
823,https://image.tmdb.org/t/p/w500/iyLKFR339GCzTKUtrVO4hbeEhub.jpg
20289,https://image.tmdb.org/t/p/w500/1nz8Ri4zuNnZhZFq5eu8jhZsN1I.jpg
16905,https://image.tmdb.org/t/p/w500/Ae0ltppMl66pAH1odgDU1C4H1iq.jpg
11548,https://image.tmdb.org/t/p/w500/8NkpnpdLd8J6zCR8ZGTeGTur4uO.jpg
38291,https://image.tmdb.org/t/p/w500/xwxgiRzw2zxzWNIYp98faJ0rUy5.jpg
20532,https://image.tmdb.org/t/p/w500/cOBsWxFtEoqXIPx4JZP5E7g1WEo.jpg
2546,https://image.tmdb.org/t/p/w500/hl0loQ9fci2PMdRFuZIYoHTP8x8.jpg
42791,https://image.tmdb.org/t/p/w500/bnTplh29akIWc4jF9yE2Zn24UH4.jpg
22522,https://image.tmdb.org/t/p/w500/u2p5SspAs1GqeuHXNXywryU3k37.jpg
5165,https://image.tmdb.org/t/p/w500/7kUXAS8K7Ihw1T1mhARjnLuMVk3.jpg
5722,https://image.tmdb.org/t/p/w500/kmGOF3T35Q6zM1PMmp4Gf0VNX65.jpg
5544,https://image.tmdb.org/t/p/w500/vjP7eX9c0xUD5i5dTRaP3NYC8iN.jpg
14696,https://image.tmdb.org/t/p/w500/r8RiuKTIYIJBjczBVsfeP5C00CJ.jpg
4909,https://image.tmdb.org/t/p/w500/vThgcb3JOj99yETg8WChuci4LV2.jpg
19185,https://image.tmdb.org/t/p/w500/isp4lCv08asTPNvv8Xe8oQK293n.jpg
28257,https://image.tmdb.org/t/p/w500/zpE6gucVjusGXSS4lcSjqIWCeAj.jpg
20643,https://image.tmdb.org/t/p/w500/vOqMLBf3AcTqjM1PFcYDDAgye23.jpg
22596,https://image.tmdb.org/t/p/w500/fEt5HWJ32ek8ibef7zSZnA00Jp0.jpg
36786,https://image.tmdb.org/t/p/w500/yxcHaWVdHXf6FbI0TYa43nnQeVo.jpg
27459,https://image.tmdb.org/t/p/w500/i2QOxh6pwgy1MUF4bBYDVdPwbWa.jpg
4497,https://image.tmdb.org/t/p/w500/mYPuSx5JwL8AdTwS1iQW4Un1cYP.jpg
25224,https://image.tmdb.org/t/p/w500/l14qIp5XNV7AZ7En4xpbRHSDIpg.jpg
15371,https://image.tmdb.org/t/p/w500/hSFdyWptoDHuXlFZGzIrfVell4Q.jpg
11044,https://image.tmdb.org/t/p/w500/jNhRjc1Q9l6tFo5aHdl8UZJPdKy.jpg
41662,https://image.tmdb.org/t/p/w500/uL5Yg8MEgHGXymTaJBYXn9g0xsH.jpg
17346,https://image.tmdb.org/t/p/w500/qFPj6Eh3ijA4ISRujHu4GKKeAWT.jpg
13763,https://image.tmdb.org/t/p/w500/vkQmzaSuDj8QyXmwNhCceCAmwUe.jpg
10498,https://image.tmdb.org/t/p/w500/m8hefEVK6WHiCbMUBeHU0yZbQLB.jpg
11796,https://image.tmdb.org/t/p/w500/d0CCZOP1VILxL33O6OiVzUYVNPT.jpg
34847,https://image.tmdb.org/t/p/w500/dUwk8qNkXb243JViqdVqOvUmiMt.jpg
32303,https://image.tmdb.org/t/p/w500/14Afu2In8RPbdhTacNJl5kRechp.jpg
41779,https://image.tmdb.org/t/p/w500/eRMf2zYV46rM9DB5S54PGTPGi55.jpg
42814,https://image.tmdb.org/t/p/w500/ifV0m0RRPAkchL5gS4MOLoWPBjN.jpg
870,https://image.tmdb.org/t/p/w500/vQ9XBpH88jvO3hpHt9Zm5IHe5NP.jpg
26319,https://image.tmdb.org/t/p/w500/3k6KVD9RKADkfFzHLE4ho9yWumO.jpg
41059,https://image.tmdb.org/t/p/w500/zPl6TfnIIJzdPXk9g6QPwFwTIt.jpg
39871,https://image.tmdb.org/t/p/w500/e6ZWWdyWkqiMq8g6KmXibtmSiVK.jpg
10178,https://image.tmdb.org/t/p/w500/vuO4Z3wOWVlhq35MS9asZeT9rVp.jpg
16391,https://image.tmdb.org/t/p/w500/jSbFWWbkUq5N5ikewJHNATcWnxS.jpg
10734,https://image.tmdb.org/t/p/w500/uORr2GXQnyqgBOg6tVsRCJD2qxc.jpg
10949,https://image.tmdb.org/t/p/w500/wkMdDqXI58MuW99wi9kotC8kCVM.jpg
809,https://image.tmdb.org/t/p/w500/2yYP0PQjG8zVqturh1BAqu2Tixl.jpg
435,https://image.tmdb.org/t/p/w500/Wr4HeYQRvwVCxzOV5TmGE7UkXq.jpg
4599,https://image.tmdb.org/t/p/w500/ubZin4oGXYp6hCn3WU6nrBre62y.jpg
12657,https://image.tmdb.org/t/p/w500/b5Rzb5JUwPinllWGYUYER3OV14F.jpg
28219,https://image.tmdb.org/t/p/w500/mMFWMlNMFPSPDbYvKpBH7baDzjp.jpg
13193,https://image.tmdb.org/t/p/w500/nmf2tFTcRJZVEQ9e3mgLH5gAQYs.jpg
673,https://image.tmdb.org/t/p/w500/aWxwnYoe8p2d2fcxOqtvAtJ72Rw.jpg
16617,https://image.tmdb.org/t/p/w500/uTTGRvnqCI9ZC7WkyP9u7XRiOaA.jpg
246,https://image.tmdb.org/t/p/w500/iCIycswWbX1EDS6PYYBcR9ohrC.jpg
2789,https://image.tmdb.org/t/p/w500/iSaB7jBgsU6sXqKneZpdeRw5MSV.jpg
8920,https://image.tmdb.org/t/p/w500/vqwTSWNLyH55g8kBT61s2DgNYEp.jpg
9890,https://image.tmdb.org/t/p/w500/ygr0Wlmm1KmE16TUefNitIscVBG.jpg
26254,https://image.tmdb.org/t/p/w500/2BcSbP8gjmCsCnugxPAM7dAmhUd.jpg
8193,https://image.tmdb.org/t/p/w500/6Iv6Uwa2SBLN0dSGM00rdrwN4MJ.jpg
26142,https://image.tmdb.org/t/p/w500/rExMpi701EIvEGu49FlOS8I0Kag.jpg
42122,https://image.tmdb.org/t/p/w500/kPIeNAwdN2Ds77Bf7bfZAmDrzoh.jpg
65137,https://image.tmdb.org/t/p/w500/xHndTwPS3CNjct7aE20dBa6764e.jpg
35151,https://image.tmdb.org/t/p/w500/mbNJ7Qe33XtN2aenO0ildCOpG0y.jpg
21544,https://image.tmdb.org/t/p/w500/wWRh4buz7yp7CinH7jGVvFkgUdN.jpg
40894,https://image.tmdb.org/t/p/w500/uY5MvhzoH25LMTgEjRR2XtGLdMi.jpg
11546,https://image.tmdb.org/t/p/w500/3517XQ9LpoEykyYq2TuDNS45MPP.jpg
18387,https://image.tmdb.org/t/p/w500/zMOZoNszmmlf3jUivDUEFgCrReo.jpg
52560,https://image.tmdb.org/t/p/w500/euB7qu0yqFWqWlPfgNeOTjEIZCD.jpg
18333,https://image.tmdb.org/t/p/w500/jSqTnEP1x1OcOglqrInYvGSF1tL.jpg
18398,https://image.tmdb.org/t/p/w500/v0eQfRMVJtvEkaJjBsSrd6ri1UI.jpg
80708,https://image.tmdb.org/t/p/w500/zzu6IW9ilkUt6L4DL9SoNnwtAfy.jpg
76516,https://image.tmdb.org/t/p/w500/qqsSLuXYsSWzHKSHvrgsmJP6TzZ.jpg
33441,https://image.tmdb.org/t/p/w500/2DTREQNErBYtZd1isRqdqNbbXA8.jpg
47819,https://image.tmdb.org/t/p/w500/yzQGN1wPAUvHJG2u2mLt9GYGiF0.jpg
18712,https://image.tmdb.org/t/p/w500/utpy9JLuyhsxpw2E3yExw23f3eS.jpg
831,https://image.tmdb.org/t/p/w500/2viRDpHmhzQoreZok2auLjkVbSE.jpg
37658,https://image.tmdb.org/t/p/w500/9SPjkq5z86t80Q7XBw8AG2si2vQ.jpg
26516,https://image.tmdb.org/t/p/w500/vPGvWlsMg4niyuGCSzvAiyjYNWC.jpg
10573,https://image.tmdb.org/t/p/w500/k4GCxO2M0qIeRp3bhfPVhe9yJaY.jpg
26451,https://image.tmdb.org/t/p/w500/vPTZwlq1IC4o1DCsEZEl2uGljzm.jpg
54568,https://image.tmdb.org/t/p/w500/jDk2Y8U2C7KupYv4GKmMfgx0y2s.jpg
28571,https://image.tmdb.org/t/p/w500/1oN0zsjw3iS1HaOLoZbmptzrD1W.jpg
123665,https://image.tmdb.org/t/p/w500/94sBtA9bBLGQLCXfwFmK4F0c1DY.jpg
43336,https://image.tmdb.org/t/p/w500/dQ5LdPOkRwlTTl3ocObuNGKB1of.jpg
62000,https://image.tmdb.org/t/p/w500/lIkYFx7ZaU56iG507lgLoSh1GNR.jpg
9372,https://image.tmdb.org/t/p/w500/zYkbqQaCuIHBxqBDGgnQCwJ9jIG.jpg
41495,https://image.tmdb.org/t/p/w500/eT56vNkYEHo1rv4xhtI3aJLKuUp.jpg
662,https://image.tmdb.org/t/p/w500/elGidsRHXkk8UyrtLbcMhaptDyp.jpg
43805,https://image.tmdb.org/t/p/w500/d1J3K23jhEEt2uezEvYY0YtatWi.jpg
16559,https://image.tmdb.org/t/p/w500/mfvcsmAzdie8YuWI0JpO2u1uzfF.jpg
31217,https://image.tmdb.org/t/p/w500/q7godavx5XEbeVxEeqi4pmiOKdI.jpg
19414,https://image.tmdb.org/t/p/w500/ybrxn2FyagejFyD3gVMkPwi367Q.jpg
15794,https://image.tmdb.org/t/p/w500/v7cPOHKKZI9qChi7HDUxNIhEcLR.jpg
13188,https://image.tmdb.org/t/p/w500/iUUfQZr87dBQNdyGcmTflAnCPXz.jpg
12651,https://image.tmdb.org/t/p/w500/epsraI4swsSu9Fyefj7vPPhsOHK.jpg
886,https://image.tmdb.org/t/p/w500/s4Apy8FcF6a0lR1Qay1atpfwAv9.jpg
9791,https://image.tmdb.org/t/p/w500/2OUOg9Pf5dZZr5RufM5liA4IUVK.jpg
38582,https://image.tmdb.org/t/p/w500/ai92jga3nzkeWdPIeZBo6vyhUj5.jpg
9542,https://image.tmdb.org/t/p/w500/89giuiFssSVCUxkCP386v66cry8.jpg
17820,https://image.tmdb.org/t/p/w500/sk7s574pI9QAi6uVqbTg0bnLEUC.jpg
37696,https://image.tmdb.org/t/p/w500/jOOfGiaZUMyrB9cZafFKjXErtoK.jpg
136,https://image.tmdb.org/t/p/w500/fX2Wxd0W9E7eVClUd8kJTfennoV.jpg
47653,https://image.tmdb.org/t/p/w500/f4xP9DvXKqpYKo0Fth5tKyZY8ej.jpg
10970,https://image.tmdb.org/t/p/w500/AeaoOSqEU3elkpDAlKbIWcdKLJ8.jpg
42812,https://image.tmdb.org/t/p/w500/zHsjA95g42xeBEPcWdF4s1BA53L.jpg
3019,https://image.tmdb.org/t/p/w500/mZtQORzQWkCSqeeHApH6vJDA1D2.jpg
10204,https://image.tmdb.org/t/p/w500/bBiMw6Jtg8tSTcEq8jFV7qk9TRW.jpg
9472,https://image.tmdb.org/t/p/w500/r8KbNHkkwFXLjV1suGwm0Qjure5.jpg
594,https://image.tmdb.org/t/p/w500/cPB3ZMM4UdsSAhNdS4c7ps5nypY.jpg
8981,https://image.tmdb.org/t/p/w500/5YRDvaBWBbhTKBYYc7BoOWdW01N.jpg
12153,https://image.tmdb.org/t/p/w500/aHTUpo45qy9QYIOnVITGGqLoVcA.jpg
1944,https://image.tmdb.org/t/p/w500/2elMSIcQ9wDuFz1uzLU72AAKFOF.jpg
11036,https://image.tmdb.org/t/p/w500/rNzQyW4f8B8cQeg7Dgj3n6eT5k9.jpg
1997,https://image.tmdb.org/t/p/w500/5I2pRuJI3SZVsxP5iaorGaczzkI.jpg
15237,https://image.tmdb.org/t/p/w500/QBqiBQW7MGqlDSyvid4fKzS0Xz.jpg
11939,https://image.tmdb.org/t/p/w500/atJhISCddr3z8LWCr93yaGGv6YV.jpg
26520,https://image.tmdb.org/t/p/w500/8fDLuB1q3JycYJPK0F65OYO3lAX.jpg
21386,https://image.tmdb.org/t/p/w500/kv5qk7wSVKu7G2mRdj2KnQCXkkV.jpg
24908,https://image.tmdb.org/t/p/w500/kS0D6cQ30kt1lz3YuRrBJnfwxzF.jpg
25783,https://image.tmdb.org/t/p/w500/gJjwog4k9ricwM9oi0rc0CsOrXr.jpg
8991,https://image.tmdb.org/t/p/w500/jwXrKFO20FTvA7mHqnTvMXSznDS.jpg
23378,https://image.tmdb.org/t/p/w500/uwMNWZg9gxCNCeruYvEdBN3Zhyb.jpg
3293,https://image.tmdb.org/t/p/w500/ojebuTEgKU332KstOcE1B7nGBzi.jpg
36947,https://image.tmdb.org/t/p/w500/2Izpz5pgB5ScVrXkIxK4TXDxZLn.jpg
61487,https://image.tmdb.org/t/p/w500/1vRVeVhozMozvQSubTlcmQlHKK0.jpg
14365,https://image.tmdb.org/t/p/w500/pgfFJw7mqAmJdZizrJ6oOK0ejOZ.jpg
10606,https://image.tmdb.org/t/p/w500/loKzciPI19uLZ6GeSYjInzdGg60.jpg
16136,https://image.tmdb.org/t/p/w500/hfXFPMhNjLnCugBHMN0nrtKW7Ra.jpg
6081,https://image.tmdb.org/t/p/w500/pvFiI8Kkq6JIf9uxDUU5FEvet7f.jpg
13696,https://image.tmdb.org/t/p/w500/k23E4UAcow8eczLRmVCMdukL4Mx.jpg
44494,https://image.tmdb.org/t/p/w500/oQcGB9BGj9LPTWcEdij47McotKY.jpg
2330,https://image.tmdb.org/t/p/w500/egBxj3ude84theXc3cLbBHrWOkQ.jpg
2334,https://image.tmdb.org/t/p/w500/6Yk3O5mNIYpIKIKaB2l4TJBDdlS.jpg
13398,https://image.tmdb.org/t/p/w500/sPC66btzQlzuRdPKiSDYZ5Hvxgc.jpg
701,https://image.tmdb.org/t/p/w500/cAEdL6RzfDSbPO51izl01Njzikx.jpg
10631,https://image.tmdb.org/t/p/w500/psPV28pJfFXN3RNxPe2CPkZwUMl.jpg
43466,https://image.tmdb.org/t/p/w500/k6RlWveQEKiVY7vFAPCi70Zisv0.jpg
10780,https://image.tmdb.org/t/p/w500/ajJ2nMkeXUVcKsj4RxnsuDDkmjF.jpg
23724,https://image.tmdb.org/t/p/w500/zwMaEBrNWFv9I9NiJVNTQ8znAM4.jpg
29264,https://image.tmdb.org/t/p/w500/qqZXHvBFxUpo8Pfbyvgh4SYMiWm.jpg
1777,https://image.tmdb.org/t/p/w500/1WQgOCJj22zF7Bsr0pIBgGBr71q.jpg
11584,https://image.tmdb.org/t/p/w500/c2XSGkpAIIof6Oi8Sr6wBvwt1Lk.jpg
26811,https://image.tmdb.org/t/p/w500/ccQtFSAGievlTYpuS88PCTHzLu7.jpg
161080,https://image.tmdb.org/t/p/w500/sZ4HeEoyOkzmv6848exsbDfsNVJ.jpg
11884,https://image.tmdb.org/t/p/w500/A7oAHTjtYnIEQjJs62IONRufooq.jpg
558,https://image.tmdb.org/t/p/w500/aGuvNAaaZuWXYQQ6N2v7DeuP6mB.jpg
80,https://image.tmdb.org/t/p/w500/94Yl2xVB7YIRK4IgA0RqYGiNgkB.jpg
9477,https://image.tmdb.org/t/p/w500/iKLZEAnjzr51Ij7TJtNejc5CN3i.jpg
8699,https://image.tmdb.org/t/p/w500/mhZIcRePT7U8viFQVjt1ZjYIsR4.jpg
11247,https://image.tmdb.org/t/p/w500/ukwP7gDPWxj1R1dW5iN3mnxkL3D.jpg
2048,https://image.tmdb.org/t/p/w500/efwv6F2lGaghjPpBRSINHtoEiZB.jpg
436,https://image.tmdb.org/t/p/w500/30CImATfvHWLXy6a3KmHXnYXB6c.jpg
43004,https://image.tmdb.org/t/p/w500/gCEfENplIS1Ph5yMdz4aJnn1yAB.jpg
10754,https://image.tmdb.org/t/p/w500/k7sk4yNdoXY7iwp1M9QTZuBDiJS.jpg
2502,https://image.tmdb.org/t/p/w500/g09UIYfShY8uWGMGP3HkvWp8L8n.jpg
314,https://image.tmdb.org/t/p/w500/pvnPgukFyEKgCzyOxyLiwyZ8T1C.jpg
18923,https://image.tmdb.org/t/p/w500/o1YC1V30LR0LJzGR6JtbzpDSTYy.jpg
12206,https://image.tmdb.org/t/p/w500/tc2ET7j6X066VCjdHblSwLr8sEz.jpg
68064,https://image.tmdb.org/t/p/w500/5vT3VkTpdLQ2Me1WWbLHA7QCLr4.jpg
15244,https://image.tmdb.org/t/p/w500/gkoZ8fFib24zhB2DKpjQ09SK9FU.jpg
62395,https://image.tmdb.org/t/p/w500/nuG0fflMePgEZbdup0p8zcI3a4W.jpg
24559,https://image.tmdb.org/t/p/w500/gM2q9pGW9x2zdEMPRsXLBgTDDFH.jpg
27437,https://image.tmdb.org/t/p/w500/eeBn5yhOBMBq2qQ9x2xQHyP1ZJk.jpg
32294,https://image.tmdb.org/t/p/w500/smKM575W3FLvWHna5YaWWeN5po8.jpg
41463,https://image.tmdb.org/t/p/w500/eRyGZiEWGn9bADSI5CXWMStBhMD.jpg
19051,https://image.tmdb.org/t/p/w500/a9o3WEzGjr36YjqTnzuikxHvyET.jpg
43485,https://image.tmdb.org/t/p/w500/mrlKsBUxPwxGr8M8xupI96qrA8j.jpg
62694,https://image.tmdb.org/t/p/w500/ugT4LqeQnr9G7zKt8XKs7EImFD2.jpg
53287,https://image.tmdb.org/t/p/w500/grkfopMr14odyBGTZQFiBXZ6K5Z.jpg
1040,https://image.tmdb.org/t/p/w500/riSUxwoK3xjkOgy6YJSvPhi7cO6.jpg
5122,https://image.tmdb.org/t/p/w500/pI7lOyW9ZHIjmNkew0iRyUbzs03.jpg
1783,https://image.tmdb.org/t/p/w500/4fXRE02M2EckpGPZNbuZIo05dmL.jpg
31522,https://image.tmdb.org/t/p/w500/xrZu21hriGJQY3qY8nifh2smVHu.jpg
22976,https://image.tmdb.org/t/p/w500/9dsO33VTBp265IQDcLG2HNFtUdO.jpg
42801,https://image.tmdb.org/t/p/w500/vydCOfhrnKqMSbYcI0cUkkKuCND.jpg
41316,https://image.tmdb.org/t/p/w500/gsQDE2q03eFNHPESb8ZRy87vLFY.jpg
5179,https://image.tmdb.org/t/p/w500/lEZdKL17yneFK4dbbWPKcbkRbqM.jpg
53198,https://image.tmdb.org/t/p/w500/hygBynLFPb4YWStH6ha3vbU7pAM.jpg
16703,https://image.tmdb.org/t/p/w500/wfbRnfY1PQTRlDxZ0XEAw5zSeKn.jpg
20408,https://image.tmdb.org/t/p/w500/cjGgLJ2GViKy0bla8OfaAhOBAJw.jpg
13580,https://image.tmdb.org/t/p/w500/xroW2SrAAHwnel6yazC99xRW9R2.jpg
18706,https://image.tmdb.org/t/p/w500/50qLIyhdWrDxcZE0bmHhUaxb2FP.jpg
34327,https://image.tmdb.org/t/p/w500/rWcMZ8IZWeYZDcW6Acoiz1gG3tn.jpg
20417,https://image.tmdb.org/t/p/w500/oD4z3ON2ciLMv6obEH2K8tGThWG.jpg
14462,https://image.tmdb.org/t/p/w500/4xEWtEbKK2EXMZ8UPff8hDCSiVW.jpg
14623,https://image.tmdb.org/t/p/w500/1jH0vADEIvuRlkvJzLUW5nVO96d.jpg
6947,https://image.tmdb.org/t/p/w500/bFVGs3gKDtWOthbD31xG5uQ1PvV.jpg
401,https://image.tmdb.org/t/p/w500/h3iqYiGS6F3y7GxaS4AT8nFxZ2i.jpg
23305,https://image.tmdb.org/t/p/w500/eF6DTVSZJE4zXi5UqAfRc08qyYk.jpg
17768,https://image.tmdb.org/t/p/w500/h3S9DZMUZNsAqd8ZNBed7ttPWXk.jpg
1538,https://image.tmdb.org/t/p/w500/nV5316WUsVij8sVXLCF1g7TFitg.jpg
14846,https://image.tmdb.org/t/p/w500/c6TD54dLIryqhQAOdGExy8Lie1l.jpg
2577,https://image.tmdb.org/t/p/w500/ijayvLrCAwOVizi9OY8LZWq5SRW.jpg
41975,https://image.tmdb.org/t/p/w500/gIBOAemklR8MVYP0Vn5RE0MYYWT.jpg
11282,https://image.tmdb.org/t/p/w500/5vO7R4xYlDipTp8gzfRbWegO8eb.jpg
11130,https://image.tmdb.org/t/p/w500/5XToqGcE4qdfOSaCPWI7kAb1bm7.jpg
14389,https://image.tmdb.org/t/p/w500/7rL1WDYxTIPouUFDbdtcyqTyywu.jpg
395,https://image.tmdb.org/t/p/w500/ySWu5bCnnmgV1cVacvFnFIhgOjp.jpg
23601,https://image.tmdb.org/t/p/w500/rBxDYB5nVssDh5VF0YDXHvpsBMF.jpg
10762,https://image.tmdb.org/t/p/w500/bSQBfHDzyfzxrCLepjegVb5F8j8.jpg
11026,https://image.tmdb.org/t/p/w500/4b7Mhc4HZN7XzMMLukaQ9C0x1Dx.jpg
20120,https://image.tmdb.org/t/p/w500/t685Vbw4q2PxgnrlBFpgZO607D0.jpg
11237,https://image.tmdb.org/t/p/w500/ceMVASYCqV8dcdh20AcWf0lrJ8g.jpg
8080,https://image.tmdb.org/t/p/w500/sIIahTE5sfOJtieytf252kB9RcS.jpg
14797,https://image.tmdb.org/t/p/w500/gvf2IHzIpiAMEv09pdlsniFpsm0.jpg
11632,https://image.tmdb.org/t/p/w500/6GCjrrd1XIl8VSwjKo8c94LTwtd.jpg
15644,https://image.tmdb.org/t/p/w500/m9swmQKxrbRTYY3wN2bWmRiebM4.jpg
11208,https://image.tmdb.org/t/p/w500/gRKEluSpV1wBrZVTvLLaCSkzqcf.jpg
16153,https://image.tmdb.org/t/p/w500/A99yzz1W3NCG6zR2HXSwn2kWlse.jpg
42694,https://image.tmdb.org/t/p/w500/zcH6pKZKeImwcBtIH7fSdUyoQ2e.jpg
42164,https://image.tmdb.org/t/p/w500/l4n9LXUanIKdlKTCfRqrhwQbtVe.jpg
12548,https://image.tmdb.org/t/p/w500/boqcM6bhQICnNue4pkgmauj9JN3.jpg
9759,https://image.tmdb.org/t/p/w500/AhD3qVfVmxz5CXDxctXwK5nmrOp.jpg
1577,https://image.tmdb.org/t/p/w500/yzNQSLlZb7NAkA4C5uADfNDJ7hm.jpg
16232,https://image.tmdb.org/t/p/w500/g7CNkytZsZzQ8ZEr8F4SmrhjI5y.jpg
5137,https://image.tmdb.org/t/p/w500/4S1pcSuRlfUkJWaZY1hcdzMmPx.jpg
11823,https://image.tmdb.org/t/p/w500/agiItFfsvNsjpinLGwjfpYOhLaX.jpg
13969,https://image.tmdb.org/t/p/w500/iUZ3hDMo8SGY2IoujCKwVt8ukm9.jpg
10145,https://image.tmdb.org/t/p/w500/gANKh0Vm00CTE1Hf2aTh2IIXn8X.jpg
1653,https://image.tmdb.org/t/p/w500/qz2aBYT8CAiJYvX4fRZpJ5G0Oz1.jpg
747,https://image.tmdb.org/t/p/w500/dgXPhzNJH8HFTBjXPB177yNx6RI.jpg
84214,https://image.tmdb.org/t/p/w500/g26npVWGZLLp67vDd7q5aiSFXCE.jpg
4176,https://image.tmdb.org/t/p/w500/6tHXXo9kciCKGp3kF0ffY9mjuOA.jpg
11177,https://image.tmdb.org/t/p/w500/miyTmJ8RVBTLisgMA4hQFGIuefT.jpg
12707,https://image.tmdb.org/t/p/w500/uSascD0pN3n5d6BlyFdce0hRVzz.jpg
1492,https://image.tmdb.org/t/p/w500/3effmbI6BbGW9i0HzEDfVGuOsvz.jpg
8689,https://image.tmdb.org/t/p/w500/otxZzMh53TsN7yYFqSZ3rwH1yMd.jpg
10555,https://image.tmdb.org/t/p/w500/r08DpyPyhXcJTfNZAICNGMzcQ8l.jpg
11128,https://image.tmdb.org/t/p/w500/aJWQNUUHVcI7kvlVdUzPS9J8XHt.jpg
1599,https://image.tmdb.org/t/p/w500/h27ytqXyOrAB6KmRx2abOp8p2W.jpg
14024,https://image.tmdb.org/t/p/w500/3waZREH25DZ8XqZSndCxZ7IiVzR.jpg
11045,https://image.tmdb.org/t/p/w500/eLDoNLJHZPcavTT1vJqZoGydoWB.jpg
14337,https://image.tmdb.org/t/p/w500/xEoq2WmDzpzxhkHEsmOYOg6BPg6.jpg
26108,https://image.tmdb.org/t/p/w500/lh0u89m2OPr48TUKZSGZVoc0JmP.jpg
4380,https://image.tmdb.org/t/p/w500/aGIyiQv08Gw1HO5BV1yrwCWtGHC.jpg
3989,https://image.tmdb.org/t/p/w500/hxQ67nOctKpUxKlghbHvZqcDETJ.jpg
16358,https://image.tmdb.org/t/p/w500/u56l2hEhbiVHT4wcjBapcVtAtY6.jpg
25313,https://image.tmdb.org/t/p/w500/hcf2pZUjtqa6BpV84VwNZvZf6mg.jpg
2438,https://image.tmdb.org/t/p/w500/7LdXybdZcTdZo7lkkrFQKf7byZf.jpg
65550,https://image.tmdb.org/t/p/w500/3W3dgP2l24JJWq6sVEl6TddLwbe.jpg
3053,https://image.tmdb.org/t/p/w500/oexVZ419LUVBiZnBYgDfnUS1Ufv.jpg
18499,https://image.tmdb.org/t/p/w500/j5Bi5lr7Z2tr9fEJI0YuS0AS2iG.jpg
36616,https://image.tmdb.org/t/p/w500/uuUHtdsxLqr79QlCCnJNwPkOTTB.jpg
13416,https://image.tmdb.org/t/p/w500/8HIqpOgqShRc3TAleabnYispDl1.jpg
1435,https://image.tmdb.org/t/p/w500/7zeQapdvD8poOizcaHwzmPxN9Km.jpg
11099,https://image.tmdb.org/t/p/w500/hZ1G1uuZ1etwEhogwMDkXQRGWAO.jpg
18701,https://image.tmdb.org/t/p/w500/wiJp4pN2bYgtWQqZYZhGNLeFmx8.jpg
15566,https://image.tmdb.org/t/p/w500/8jHtvFpCOOqp2U2qwI3L3h10cUv.jpg
1970,https://image.tmdb.org/t/p/w500/5AGB8FVELnhMMw3nO372sw1xp58.jpg
8849,https://image.tmdb.org/t/p/w500/dvKvkoc2d06cOSheq5hQ7G4FJJX.jpg
9675,https://image.tmdb.org/t/p/w500/zOsaxYLgvZVU7cJBpPn8CuE0MrP.jpg
4553,https://image.tmdb.org/t/p/w500/diAYqR4xdF9Hnj7qun6DEQhRrT2.jpg
11109,https://image.tmdb.org/t/p/w500/556fElboCLlEmP8UULaYosU45Bc.jpg
48678,https://image.tmdb.org/t/p/w500/k4jG2E1C5ER9YQIEVIYhcIWyh5Q.jpg
126148,https://image.tmdb.org/t/p/w500/w029ZDkxyi8Lf0Hps3loJ8857Qt.jpg
16131,https://image.tmdb.org/t/p/w500/dWjsI848P3kPT0wbVYZ8huydJPW.jpg
176,https://image.tmdb.org/t/p/w500/4da0TS3iQ1IzuyhDS8elgkmOfrN.jpg
1677,https://image.tmdb.org/t/p/w500/tSPC7sO2XYNL9QcMmK88tuUALL5.jpg
10740,https://image.tmdb.org/t/p/w500/g4EeAqrwvi2rIC9bt9pCiiLE2Xp.jpg
9806,https://image.tmdb.org/t/p/w500/2LqaLgk4Z226KkgPJuiOQ58wvrm.jpg
47959,https://image.tmdb.org/t/p/w500/yQZma693MdgyMAyV49c1MQUWRcO.jpg
5255,https://image.tmdb.org/t/p/w500/e2UJ2Y67txlNVGSRU04emZ3GDQw.jpg
11184,https://image.tmdb.org/t/p/w500/cODCjWNRcZkwe4ONQs1GzRqYtRb.jpg
11249,https://image.tmdb.org/t/p/w500/vd9K93gQ9whMKjXzADZanxWpIXM.jpg
10589,https://image.tmdb.org/t/p/w500/1mo3OdxeR6pLgAVt4a3cyvUUQri.jpg
9801,https://image.tmdb.org/t/p/w500/zDthRXkGnwFIWI0zWcJyS7h6lUl.jpg
866,https://image.tmdb.org/t/p/w500/5JyDPH4qdr0I6pF7Bjh1Qrf1Jhh.jpg
2059,https://image.tmdb.org/t/p/w500/pxL6E4GBOPUG6CdkO9cUQN5VMwI.jpg
140,https://image.tmdb.org/t/p/w500/du716YH0PKiL2kZgIPLkEblgHLX.jpg
11836,https://image.tmdb.org/t/p/w500/1rvzKV1d18EbDVaEd4VDzK3cgnY.jpg
1966,https://image.tmdb.org/t/p/w500/91QR7ReHg4HiY66avTon185bawQ.jpg
13673,https://image.tmdb.org/t/p/w500/q866vL3KhAjbkZH1enT7AoxmRHx.jpg
174787,https://image.tmdb.org/t/p/w500/59xLyJBAK046RE1Ji9jK6DeX7Ue.jpg
2288,https://image.tmdb.org/t/p/w500/fGGaokx4k00S0J603VG53Qlr9jz.jpg
15397,https://image.tmdb.org/t/p/w500/cPoiPR15ylyBCNIr9zmUAzEb1Jm.jpg
9550,https://image.tmdb.org/t/p/w500/93feGsGiCtG5ymrRcErUgBsdo6v.jpg
163,https://image.tmdb.org/t/p/w500/pE5anFf7nf6ah7V3VRezQ1KSovi.jpg
36648,https://image.tmdb.org/t/p/w500/r6ycjrStmmAqiY1oDjAli9NArCa.jpg
33377,https://image.tmdb.org/t/p/w500/zNtFRhDmQfe2Fnl5YmiCndXaFOu.jpg
41253,https://image.tmdb.org/t/p/w500/os93e6QeQx5T0nbdOUgPXsB8Daq.jpg
33740,https://image.tmdb.org/t/p/w500/zDrBHhOF55FjbJLyYge3I4v1B8S.jpg
16248,https://image.tmdb.org/t/p/w500/87huhTOQijJy0pLhusZfest1MoZ.jpg
15613,https://image.tmdb.org/t/p/w500/rTFrjAp1YV49DSTUGCyKSkaEHC8.jpg
28421,https://image.tmdb.org/t/p/w500/hJmmgKnY0NaJKVP7Glb4ciAzXWr.jpg
8424,https://image.tmdb.org/t/p/w500/3jwY4llYNzONpSwvdX4hH4q0nas.jpg
18889,https://image.tmdb.org/t/p/w500/pm6Tvrh3XC2mOwwCB8AQWcpBg1K.jpg
18987,https://image.tmdb.org/t/p/w500/3oheTQrTuqS1jPUW6GOc65ZbM5u.jpg
992,https://image.tmdb.org/t/p/w500/1G9r3rqtbFAQuyWKOZm4Y5J5s7Q.jpg
42359,https://image.tmdb.org/t/p/w500/3531lJNSMhrpcNWXrDIYYoYH6Rp.jpg
1405,https://image.tmdb.org/t/p/w500/eur2vc2BGiOocBuBLVPXySO7lRh.jpg
939,https://image.tmdb.org/t/p/w500/wr8Pt1GO87cwB3210TO3JTNDsUc.jpg
25768,https://image.tmdb.org/t/p/w500/zygJMsmXxeyDc1N67OCZc8xtq4I.jpg
626,https://image.tmdb.org/t/p/w500/obvE7ElAvCUhKtWFwDSvNbPw9PV.jpg
27899,https://image.tmdb.org/t/p/w500/1K3Q1tAHHA5Sdtja2pPALBQevA7.jpg
48365,https://image.tmdb.org/t/p/w500/hCRUtli9TCrekxSysHJ15QhMk44.jpg
877,https://image.tmdb.org/t/p/w500/y4E5oRiHMTFkEB12IIcpbKbKzDW.jpg
39130,https://image.tmdb.org/t/p/w500/p9V2dIMqC1g1S9bDgvxqUOJDfp6.jpg
31511,https://image.tmdb.org/t/p/w500/sXsUJsW9fcVT15hfBu9LyU22qmG.jpg
43904,https://image.tmdb.org/t/p/w500/sDkQyZnFvHdnp5ZP21RG4teLiDy.jpg
14615,https://image.tmdb.org/t/p/w500/u1kjLTUqmqjDMlRxcwCqWagjf6r.jpg
31773,https://image.tmdb.org/t/p/w500/mu2zGdHZJ9IASvnQktjGLZ4kU13.jpg
24807,https://image.tmdb.org/t/p/w500/nWPUslg7us6CUjm5XtsnsuuGmNr.jpg
43874,https://image.tmdb.org/t/p/w500/78p9egiU16QpJNvmSVa4Vnr0JUK.jpg
16515,https://image.tmdb.org/t/p/w500/qhJNHLwIcMqDKBwsr9uMDOumO33.jpg
43864,https://image.tmdb.org/t/p/w500/p4zqAKoJAtmkK71IyeWHc6spEKB.jpg
16274,https://image.tmdb.org/t/p/w500/vTswoixIge9o84NLlWGaWl5lrHO.jpg
37698,https://image.tmdb.org/t/p/w500/nkymdElqwJBm2bl3F6hJp4xJggD.jpg
3084,https://image.tmdb.org/t/p/w500/pwHdSzXwlUFAcYGcFutKcPcX2OW.jpg
17801,https://image.tmdb.org/t/p/w500/fe43qXp2sRAZbPDKX1puKGEwOon.jpg
38914,https://image.tmdb.org/t/p/w500/k6gmIV3hTSCG2JBh2zPMLogZ5y3.jpg
22387,https://image.tmdb.org/t/p/w500/x5W3FOGmifwK3e8IhLDQYvURIw2.jpg
27655,https://image.tmdb.org/t/p/w500/oKH3Vfx9cPmhD74iAaKLdGdk32w.jpg
41391,https://image.tmdb.org/t/p/w500/jEOqbGLFo8fxHHgYoZVTMVYMoQG.jpg
42879,https://image.tmdb.org/t/p/w500/rf2OgScEs3zsJL0Gp4ZMsR2ScdN.jpg
43307,https://image.tmdb.org/t/p/w500/7qqEkoPqC9ImQzPoVdVhI6NFGti.jpg
14320,https://image.tmdb.org/t/p/w500/ynaFuVvW2jaG06pMV67dOhzMYfJ.jpg
20246,https://image.tmdb.org/t/p/w500/bzjoPScBLUWpSu10m3GbSbSwVhS.jpg
29380,https://image.tmdb.org/t/p/w500/5e5Zqsvq9gtm1AuY5ritAumDZDv.jpg
3766,https://image.tmdb.org/t/p/w500/whqdqWavNMSoeXTx1X3DauO1LG6.jpg
41609,https://image.tmdb.org/t/p/w500/jOkXsC1NjkNOxNyooRhTIf1nxsn.jpg
33115,https://image.tmdb.org/t/p/w500/kJ5lV3SuD1yHgBPOfKQaJcoR09z.jpg
45578,https://image.tmdb.org/t/p/w500/bSfwTLt2K8IeEeppsiDq7svikbV.jpg
25209,https://image.tmdb.org/t/p/w500/c2ZLeqZVI2FYctcrFwm5C86zkLH.jpg
43388,https://image.tmdb.org/t/p/w500/s5T4Da7d3f255YRyaWfhMWfoBKK.jpg
800,https://image.tmdb.org/t/p/w500/cDCvmYoyqFg4CuSMtGMvCpfOIEw.jpg
3111,https://image.tmdb.org/t/p/w500/zpg2SzpYhZk1D1seDfIIlwaqAxT.jpg
28696,https://image.tmdb.org/t/p/w500/ne8nuvqjczy4xPMMpYwNLuSp0ka.jpg
44026,https://image.tmdb.org/t/p/w500/hoBfh3jmA3XDDx9tGgMwdGd37GE.jpg
803,https://image.tmdb.org/t/p/w500/2iWYQia8enOai7QEO3TvenleD7r.jpg
43137,https://image.tmdb.org/t/p/w500/nScpsAfMBj0ehlisTOuwivnulH5.jpg
34528,https://image.tmdb.org/t/p/w500/7jfv1C4t06VGenQxf3HbmLVmUHZ.jpg
690,https://image.tmdb.org/t/p/w500/kxpvceDv9fhFc4OAs82fmdzu17Y.jpg
36872,https://image.tmdb.org/t/p/w500/miGb5TwM8SIK5URe0mPMOYZqr3g.jpg
34530,https://image.tmdb.org/t/p/w500/pag7gyxSFe7vTl6riHfZ5Xci6q7.jpg
17185,https://image.tmdb.org/t/p/w500/hdLQlarvUmZVtrbME6y4t6Km9ZC.jpg
14537,https://image.tmdb.org/t/p/w500/5konZnIbcAxZjP616Cz5o9bKEfW.jpg
13671,https://image.tmdb.org/t/p/w500/4yo6qaqVF1IThXMapo4yW9BRWjV.jpg
11085,https://image.tmdb.org/t/p/w500/caxk06SANEacvycZFiApv1LA6Kl.jpg
52705,https://image.tmdb.org/t/p/w500/z2rZxtpE7ets4KkZPhFn4hE9SzW.jpg
10299,https://image.tmdb.org/t/p/w500/hwVGNaVXFblluLwUjGcJ7RgW1rV.jpg
3763,https://image.tmdb.org/t/p/w500/xyPLG53OodhJtvfQEfcmC43l16O.jpg
7348,https://image.tmdb.org/t/p/w500/a3MBNEoquGKZT5UYbq9o509dzTV.jpg
17295,https://image.tmdb.org/t/p/w500/Df9SP4FgPMrIQBw5WOGtSi3fnT.jpg
13187,https://image.tmdb.org/t/p/w500/vtaufTzJBMJAeziQA1eP4BLU24C.jpg
29715,https://image.tmdb.org/t/p/w500/afdhdupMyfn3tDoL3XosgQF82gX.jpg
42731,https://image.tmdb.org/t/p/w500/tXPsmtVy3T5Whz20LwiscprCdCT.jpg
895,https://image.tmdb.org/t/p/w500/910xRIUmNJrWH2hkQifBJtoPp5R.jpg
20108,https://image.tmdb.org/t/p/w500/lkLO1HDzzaXpTXtAgnGpVqIQkvF.jpg
2661,https://image.tmdb.org/t/p/w500/zzoPxWHnPa0eyfkMLgwbNvdEcVF.jpg
789,https://image.tmdb.org/t/p/w500/oKiOhsSRWO6fRqxtvda8WuCiXBm.jpg
45706,https://image.tmdb.org/t/p/w500/dkscSldTB6FGUMMLnInUfKYLfPR.jpg
17905,https://image.tmdb.org/t/p/w500/asiSCq1SFrCV4gy7PJzw8c3m0yL.jpg
10227,https://image.tmdb.org/t/p/w500/oUXEJLgDfAFR6TvJU6dMerEpcBK.jpg
26039,https://image.tmdb.org/t/p/w500/5wzZipiC0THdgPpViVV5OqDj3Xr.jpg
41212,https://image.tmdb.org/t/p/w500/hAJOSqWB4FeVV7yi0fRSYFoCwvM.jpg
9929,https://image.tmdb.org/t/p/w500/gNpKAmWFsCiWKKx39Ap8pF7EWQg.jpg
20873,https://image.tmdb.org/t/p/w500/iwVRDsZAuJmulnPKeYxhezzpr9A.jpg
50789,https://image.tmdb.org/t/p/w500/wxfNcj87BORjRYYKhY1jGMnVPLo.jpg
27983,https://image.tmdb.org/t/p/w500/sL6uuFSapJNAGYcA4SrUHO5X4gs.jpg
2860,https://image.tmdb.org/t/p/w500/wekWNf0Nj6fkfR6pOjPojMAqz69.jpg
26606,https://image.tmdb.org/t/p/w500/yKuqk84TtTpj0nYZS5m680JmprG.jpg
20848,https://image.tmdb.org/t/p/w500/4QTcytLWn5syM2N1U1DJDkEGPj4.jpg
2998,https://image.tmdb.org/t/p/w500/uelo2oMg4fM51LAm4eEArEwOHXZ.jpg
839,https://image.tmdb.org/t/p/w500/w9Vk1Txx14vWvACELFYFlixrsfr.jpg
9394,https://image.tmdb.org/t/p/w500/qY7iV4BJD5IXJU4iXlcZxKN8s9w.jpg
13041,https://image.tmdb.org/t/p/w500/hZuR5zwRQI54hOwoXKIlZbQ4mb7.jpg
18250,https://image.tmdb.org/t/p/w500/g0YtuuuMpBHN11qDhQvQnmVGESy.jpg
27331,https://image.tmdb.org/t/p/w500/qPG2VPNA72he1Kczm2yFmslPNZN.jpg
1410,https://image.tmdb.org/t/p/w500/aiqLBiH0IWrog2Q78dZTT8Ad9Sp.jpg
22307,https://image.tmdb.org/t/p/w500/fB6vvIUPDIvAOBK469RHQlINHA.jpg
21035,https://image.tmdb.org/t/p/w500/eqnlXShKgQbF3prxU6XYrC53z6F.jpg
32044,https://image.tmdb.org/t/p/w500/sohTpACV6S7Af07XKkRUUvLNf4k.jpg
24402,https://image.tmdb.org/t/p/w500/cEXZik5xYIiEWYwswbjYVpJT5w9.jpg
16246,https://image.tmdb.org/t/p/w500/4Fvmm9XhV5BUCfBjlX3S3DRPrmf.jpg
8327,https://image.tmdb.org/t/p/w500/nvwbOcV3jJExT090Bb2m7fNjzTN.jpg
9385,https://image.tmdb.org/t/p/w500/7cZQZOYZFJcLjZnxWjO5PcUtmDZ.jpg
10711,https://image.tmdb.org/t/p/w500/kVaDwISsbAfBK4TdPZIDtEDIZxW.jpg
43430,https://image.tmdb.org/t/p/w500/zlkG0yVVamCyBnLLbD2zOaHMJEz.jpg
9652,https://image.tmdb.org/t/p/w500/A8jYH43plz70dNmHy82zAHGTqxN.jpg
38783,https://image.tmdb.org/t/p/w500/nE4ih0nzpqz0x154Vig0QJUc6Sr.jpg
3870,https://image.tmdb.org/t/p/w500/deWzfCC59tmtEQvKSmflDe14FvR.jpg
10640,https://image.tmdb.org/t/p/w500/sH5b8w52rEt8iqc1ibt1SwU5P.jpg
33324,https://image.tmdb.org/t/p/w500/czlSTtG1x81ThTTT8xXnhoIteXh.jpg
11558,https://image.tmdb.org/t/p/w500/fNOh3ljmTonQ9kuICJhp02bXGDg.jpg
12535,https://image.tmdb.org/t/p/w500/qVuSJaGnomSPon8x3mIYywFGgD8.jpg
12637,https://image.tmdb.org/t/p/w500/1nD40aUcPAxYdE1WxERrTjZuFGe.jpg
61280,https://image.tmdb.org/t/p/w500/6CD90BQEDexEIMqIwMSnbJStF5x.jpg
13481,https://image.tmdb.org/t/p/w500/z446TqbbOb7emtN1S8iOrwTHz7Y.jpg
13514,https://image.tmdb.org/t/p/w500/uv8gmLKluvZBEnKI4cRnQ7r4iKs.jpg
98851,https://image.tmdb.org/t/p/w500/tFAQLUDuoa2XVAVYMhLTXFh5bGD.jpg
11537,https://image.tmdb.org/t/p/w500/oCt4990zVSNILSU0Q6DStmdbpIA.jpg
10654,https://image.tmdb.org/t/p/w500/z0ctToyPWCB2RgIkMpD6RhRKAeH.jpg
18966,https://image.tmdb.org/t/p/w500/e4RDjX46zJ0sfh5wZW1rrKkezXJ.jpg
64353,https://image.tmdb.org/t/p/w500/5KxLxPhf0Dio1eB7TcyKCt72yu1.jpg
149645,
6341,https://image.tmdb.org/t/p/w500/tYoCkgVHGUAd5BgvRMWrAScY549.jpg
7012,https://image.tmdb.org/t/p/w500/brieV17D6R6HcubOqehLNYuxnvs.jpg
15251,https://image.tmdb.org/t/p/w500/qnNXoflFXeUg692kulMKVJVRzYf.jpg
17435,https://image.tmdb.org/t/p/w500/bgpz7gTpWmmBb26CcjVtiPE7Kfo.jpg
15301,https://image.tmdb.org/t/p/w500/9dKBVzAQQ2Utht2DPdWA654QPFm.jpg
63418,https://image.tmdb.org/t/p/w500/xTKs2ztBMnwHog8hnzS65gKLmli.jpg
48677,https://image.tmdb.org/t/p/w500/b7jSCsjZccAwj4nrGXj8XPRAcAc.jpg
1884,https://image.tmdb.org/t/p/w500/4GrECLKaJhYA6ooSTOG0XEuPnSl.jpg
27414,https://image.tmdb.org/t/p/w500/ypj2JwAN4vWcc4zSqFCTgUwMbJV.jpg
33138,https://image.tmdb.org/t/p/w500/icHnX0RALT9Mn8CVhtqBl04jqXi.jpg
8221,https://image.tmdb.org/t/p/w500/fcvNzyRQnzgUm31mpRhrq5L7nkY.jpg
17663,https://image.tmdb.org/t/p/w500/z1owlDzKO3DQpFKNFBnuQlPF891.jpg
12615,https://image.tmdb.org/t/p/w500/tIRmjfaLmVHjGFaIcNGD3hggvbO.jpg
10372,https://image.tmdb.org/t/p/w500/ntgKdekb7xMKscyh2Hei706LBLf.jpg
9056,https://image.tmdb.org/t/p/w500/q8YfsyX59OmoSDirXT4CyThwN5f.jpg
10176,https://image.tmdb.org/t/p/w500/h0X2luIgPtN4LHH9s9so48jMuss.jpg
9080,https://image.tmdb.org/t/p/w500/s0Sx8nd9Irq0aCPbsN78s0DYVlG.jpg
16082,https://image.tmdb.org/t/p/w500/ampweVzwwWQHSwFvz2YTyRIrJza.jpg
14670,https://image.tmdb.org/t/p/w500/8aNGnEsvLBldNvaBkfYkGGgZDhe.jpg
26555,https://image.tmdb.org/t/p/w500/lusP6NXd2vD5MGo6J2zm3uztPcE.jpg
24657,https://image.tmdb.org/t/p/w500/8JMh27z075ZHbFE85XYkdXF2QkK.jpg
11471,https://image.tmdb.org/t/p/w500/3LaUyoLADXqndKaX7ZjGYrWCedt.jpg
17421,https://image.tmdb.org/t/p/w500/iwrpVSvHKXVoqlYSTyz7Ty0IOyH.jpg
22572,https://image.tmdb.org/t/p/w500/7ry5Sh2oFBUj8zqWzAx5Xm8j79i.jpg
4043,https://image.tmdb.org/t/p/w500/tAKaUaYGPCUStvlOaLwsJldrOJQ.jpg
8852,https://image.tmdb.org/t/p/w500/jjcAOhtGuX4p8XvlVn1WXUT1jWi.jpg
30421,https://image.tmdb.org/t/p/w500/pGQy2KB3I0DouwnKNjChyCgULJQ.jpg
18305,https://image.tmdb.org/t/p/w500/tpnR174jTJqdduuOFGeI7RdKHZZ.jpg
8677,
49314,https://image.tmdb.org/t/p/w500/uSxAr4qqJmLOZz3hhgGa54LShx5.jpg
16296,https://image.tmdb.org/t/p/w500/nOC22f6kzrKPWXBoYr2XNWfMFEh.jpg
13192,https://image.tmdb.org/t/p/w500/3GwTPQkAcgDeAirRpEuJG8HDdRz.jpg
18917,https://image.tmdb.org/t/p/w500/qFmcct7lYVimpdoUizISDtDjElo.jpg
4271,https://image.tmdb.org/t/p/w500/nYLueszPL3jydtdyXY0f6rNeFA5.jpg
13057,
16859,https://image.tmdb.org/t/p/w500/Aufa4YdZIv4AXpR9rznwVA5SEfd.jpg
25943,https://image.tmdb.org/t/p/w500/7QDWGSVBzGUWhN1PTnQlZcPjS2A.jpg
9768,https://image.tmdb.org/t/p/w500/d2QusoWfW4azJtHtJkyLMGSv33n.jpg
11909,https://image.tmdb.org/t/p/w500/zavndxcuSfd7OmeqxloMkrl28Oa.jpg
10485,https://image.tmdb.org/t/p/w500/vYNIUUkJSZixxrfpMLFgVlagbaf.jpg
2670,
41821,https://image.tmdb.org/t/p/w500/ejvX1lukPZZ10jatUWmKaXbhjGI.jpg
21344,https://image.tmdb.org/t/p/w500/nv8Uiw4GOeTHYtklHwrTPq7Slgl.jpg
9399,https://image.tmdb.org/t/p/w500/4fgTLKtYLU13MiuWcPnC1esJI53.jpg
11131,https://image.tmdb.org/t/p/w500/adcFqqwa7df4LzvnI8Z0e90rI5H.jpg
14571,https://image.tmdb.org/t/p/w500/rdXngzXBbwV5n9500u4VSSX4UEg.jpg
1662,https://image.tmdb.org/t/p/w500/dNMeRLY3MeY2FFeh639plHai3F1.jpg
20562,https://image.tmdb.org/t/p/w500/aBctUbgVjNSq58jqidDeX2qvZMB.jpg
18311,https://image.tmdb.org/t/p/w500/acfLUO8E61u0ooWS6htbzTHDBcI.jpg
1483,https://image.tmdb.org/t/p/w500/rvgYcVToOHe0gKWtF3mz6SvM4Aw.jpg
25330,https://image.tmdb.org/t/p/w500/diBUesRJ2w6ilSbAizpk062Sajh.jpg
4539,https://image.tmdb.org/t/p/w500/nVMCtL3r2nj4fySihDDvamaVkfx.jpg
12776,https://image.tmdb.org/t/p/w500/5scWsRsH5MUJEgXB52w0fM6I2gM.jpg
17467,https://image.tmdb.org/t/p/w500/uPkIU5EptkWth21qAlthpiyVsoY.jpg
34376,https://image.tmdb.org/t/p/w500/3OOpLGW4Nz113XVyUCes6wm8M7E.jpg
15080,https://image.tmdb.org/t/p/w500/tOSnFE9e82iH3ZAzSTtuOkBsabJ.jpg
6463,https://image.tmdb.org/t/p/w500/obnOuFa2yJRorRM3rab3rXZFfEh.jpg
9588,https://image.tmdb.org/t/p/w500/93HWOYFsjLsCJC8RawGLv1ANZwS.jpg
215993,
13995,https://image.tmdb.org/t/p/w500/wwMfyPru4JcTN1RRZk6VQKbQupB.jpg
11198,https://image.tmdb.org/t/p/w500/aGJZv8h0cJWkZB1N8P2TXJycPgN.jpg
11621,https://image.tmdb.org/t/p/w500/8mIvSvnVBApfORL9N6S38Q7wD6A.jpg
47714,https://image.tmdb.org/t/p/w500/fkFYNR4iCz5n1j5Drf0jejKmNVb.jpg
19087,https://image.tmdb.org/t/p/w500/gC0DmdJu7rHaqYjyXeo8GLLJ2Oa.jpg
40082,https://image.tmdb.org/t/p/w500/yAMYoODA6FzHPwycrBwwrjKv1A4.jpg
31962,https://image.tmdb.org/t/p/w500/kmTxh4Mj3uFSAxI8jN5STR1wnry.jpg
22590,https://image.tmdb.org/t/p/w500/g22ZVQlFwUNfiYFagzEXDbuds6R.jpg
48150,https://image.tmdb.org/t/p/w500/nwYKkV2SbrAfZEFOfafnPYZiFr1.jpg
41778,https://image.tmdb.org/t/p/w500/62ry0lNv4gQRuusC1EkUkOmTuUY.jpg
14135,https://image.tmdb.org/t/p/w500/fERbcofifizJmDt892lFcrIYhFh.jpg
27678,https://image.tmdb.org/t/p/w500/v8StvvS5thbpsidFFPUth6vMziS.jpg
12088,https://image.tmdb.org/t/p/w500/evjpqWPUY4VpOdyLpeRfkGU8DiR.jpg
19371,https://image.tmdb.org/t/p/w500/gSRSvh9kSEgCOsPR7yrH0ueh4lC.jpg
12664,https://image.tmdb.org/t/p/w500/5BRtA91AX4Hhl5cYuxP1pRK4FXL.jpg
7500,https://image.tmdb.org/t/p/w500/mX9E4fEuG17L2e7bZmhBc0XdRbw.jpg
13519,
18998,https://image.tmdb.org/t/p/w500/8HMJ6tJUTDA5zBBAfnDcTsrzBxZ.jpg
17796,https://image.tmdb.org/t/p/w500/enQ9FBLo4bd7AHX78geP6qRSl9U.jpg
17809,https://image.tmdb.org/t/p/w500/Aqa1Yuog2OFrduwSffxZc2w4Tnk.jpg
11067,https://image.tmdb.org/t/p/w500/2QAb0gZusyMsZ1W5ce85plVciDp.jpg
10486,https://image.tmdb.org/t/p/w500/qOP80oUZRTT7EsV7EZA9aBa95dQ.jpg
19223,https://image.tmdb.org/t/p/w500/bAd56dYln4cgoJBa1r60cb9S5xR.jpg
152426,
51038,https://image.tmdb.org/t/p/w500/21y2esavPVdSgPGtew5vn8GyGDM.jpg
30718,https://image.tmdb.org/t/p/w500/7GkP9w87TAFSXLzJdqxTt0ymbJE.jpg
37797,https://image.tmdb.org/t/p/w500/5FROLD8zpWFs9ja7aYho1uOMJHg.jpg
12613,https://image.tmdb.org/t/p/w500/d0WmVroW23YVFB4uLFUqfqiHsYr.jpg
37563,https://image.tmdb.org/t/p/w500/l3syqgYqqfqPVheINI5jOBN5hXL.jpg
30330,https://image.tmdb.org/t/p/w500/8qDU1GxN5jOkA0s4rwgaMu9hfNs.jpg
2061,https://image.tmdb.org/t/p/w500/9Myfvq4e2BySE5aosX8UzV9cUME.jpg
12254,https://image.tmdb.org/t/p/w500/d6ksCUWYOaweyvGLi1JILYvIybN.jpg
16992,https://image.tmdb.org/t/p/w500/wsbNQWMQV4HwwqXtvQUoBfiBzK8.jpg
18415,https://image.tmdb.org/t/p/w500/tMdoCRx0XIPR5uYBwxbxR7WCNBb.jpg
8765,https://image.tmdb.org/t/p/w500/1UXk8P1qY3PadOdSj5qk1qBXWMy.jpg
9732,https://image.tmdb.org/t/p/w500/sWR1x6UCMCGN9xEf8RGhPS934X0.jpg
30983,
5470,https://image.tmdb.org/t/p/w500/ktX5naCHfERaoDVaCUOITPIFrFd.jpg
50008,https://image.tmdb.org/t/p/w500/v8Z4ENMOAT5OpiMeS1PBNPui3X0.jpg
12095,https://image.tmdb.org/t/p/w500/in11KZuaVuJnxVBipxYocDqMQbW.jpg
14533,https://image.tmdb.org/t/p/w500/8KxvKGl8lQembejIadDP03qjEYT.jpg
9812,https://image.tmdb.org/t/p/w500/pbfBCMSzmKlAHZUDwsrtmG7GZP3.jpg
8697,https://image.tmdb.org/t/p/w500/9YDKLbBmWGpxG5bO3TBawtNNOAr.jpg
7096,
27260,https://image.tmdb.org/t/p/w500/6fQP7c3TPOvi84onjU5XMbOcbeP.jpg
11508,https://image.tmdb.org/t/p/w500/XtfNBKnLDpg1waJhDF5FAd5OEX.jpg
23356,https://image.tmdb.org/t/p/w500/lNbVYDqrsMsPJSBYONcao8CkDZG.jpg
17985,https://image.tmdb.org/t/p/w500/sWrGl4s8L1nOYQg49bHhZ2g19ji.jpg
9597,https://image.tmdb.org/t/p/w500/xeoj8AOHjW1muVQRUPCvnOVxSfj.jpg
12485,https://image.tmdb.org/t/p/w500/tBhkCLtcgfccZhPU1RlyzmKVTH6.jpg
17074,https://image.tmdb.org/t/p/w500/dM3qOhy3cDd2vfI5j7zOfxVeuh6.jpg
18491,https://image.tmdb.org/t/p/w500/j6G24dqI4WgUtChhWjfnI4lnmiK.jpg
29587,https://image.tmdb.org/t/p/w500/vgW7eMrK8Y8u91vG9R9iff4tsIP.jpg
3716,https://image.tmdb.org/t/p/w500/4OHEgTFNy6G0rkPEOKD2tM6VBwY.jpg
21348,https://image.tmdb.org/t/p/w500/9RNrozaagFmpm6m0CP7q4XDcIXj.jpg
2332,https://image.tmdb.org/t/p/w500/z0js1eYtKxfw4RBxiTukO7q66Rf.jpg
28031,https://image.tmdb.org/t/p/w500/1bwmJfLJVoxmj96qKVuE9oSmEUS.jpg
110147,
43423,https://image.tmdb.org/t/p/w500/tzrqZungDYA3Djp61NWUm7DtxNI.jpg
844,https://image.tmdb.org/t/p/w500/jIN65qw0Giplo4CshzMrxz204Wn.jpg
53048,https://image.tmdb.org/t/p/w500/swYfLGplXAle5CenmWVYpRSomCp.jpg
16234,https://image.tmdb.org/t/p/w500/rsqoX8tA6vD8kvJSQwLN8Df55nk.jpg
11075,https://image.tmdb.org/t/p/w500/381efRw5TlwSD598QdiKUTQYr5p.jpg
16171,https://image.tmdb.org/t/p/w500/gTzWCN5g1eSS7pLH6lgVzLdr25J.jpg
36246,https://image.tmdb.org/t/p/w500/ha06SfVtGPaRdMuBxe9IcPo8SzY.jpg
17208,https://image.tmdb.org/t/p/w500/18ixOKgqZGmfALD5080MdZN4dxi.jpg
2899,https://image.tmdb.org/t/p/w500/oBBwTTlWHsHxlbvJgfPUqoYhT9R.jpg
44756,https://image.tmdb.org/t/p/w500/yuj1qQ8LoizZCnzMQEPfBxZf9SF.jpg
18088,https://image.tmdb.org/t/p/w500/3aRREJVPJFQGCv2PqNeeANnspjk.jpg
20536,https://image.tmdb.org/t/p/w500/hAbxkPCC8pWYZy4kcftS3H3oku7.jpg
2440,https://image.tmdb.org/t/p/w500/etoPOj0bXzfw0LBNslCxqO7MHuv.jpg
10955,https://image.tmdb.org/t/p/w500/1SoBJ38aCfvePgMAneeZYvmz9wB.jpg
10978,https://image.tmdb.org/t/p/w500/nwx3W0NAv7OOgODBoYHh62yaKDs.jpg
81540,https://image.tmdb.org/t/p/w500/bd3xzqCTVKkR0i8eZSwCkaxF9VA.jpg
11847,https://image.tmdb.org/t/p/w500/fPW4Qn9wm82uOexHMB3TC8x6lRU.jpg
11056,https://image.tmdb.org/t/p/w500/exr5xYRHbj200Y3SxMDGfcT6zla.jpg
919,https://image.tmdb.org/t/p/w500/2yysSRyqa4ubIDpQcQpG8SuYcl6.jpg
10046,https://image.tmdb.org/t/p/w500/uvPe00dN92AAj9foq0a1Xt6XVx7.jpg
10726,https://image.tmdb.org/t/p/w500/pfVfdKUd9ZXTggcSIfTdfsexuc2.jpg
9298,https://image.tmdb.org/t/p/w500/pjKvQrVpekshVM6DUDOt3ImhAVH.jpg
13899,https://image.tmdb.org/t/p/w500/hEi5PhfgInQPL9Z0r3jijuYN8Im.jpg
437,https://image.tmdb.org/t/p/w500/bEqqwtwUP7lm56VyeVONhv9JtYu.jpg
27324,https://image.tmdb.org/t/p/w500/c3zEimDraIyMSasPMGDaNOrhnzn.jpg
9025,https://image.tmdb.org/t/p/w500/s0W8wsed1RaUr3A69dy3pCJ3zkI.jpg
11178,https://image.tmdb.org/t/p/w500/grFSgOnSt8saknfRUY05wLGVJ7T.jpg
10981,https://image.tmdb.org/t/p/w500/vefWBq6xpeMYtF7ROgGfXLdp5Qu.jpg
10918,https://image.tmdb.org/t/p/w500/zAXWOj1qznqWWVcXpZ0JZOgvSp2.jpg
36222,https://image.tmdb.org/t/p/w500/7wHsgK1dvFdp6pv3ok3BHDY33Op.jpg
13984,https://image.tmdb.org/t/p/w500/ceBaeBIQIXJ1ge51H3cuifOrmlS.jpg
16184,https://image.tmdb.org/t/p/w500/8iIei17w5DVEz4P9OjxIM10f7Jh.jpg
11427,https://image.tmdb.org/t/p/w500/mKjYhIvHSN4IP98TUESE1mQtgAv.jpg
4689,https://image.tmdb.org/t/p/w500/uj42ubGbgVL65T10SvPVr0p9mJc.jpg
16209,https://image.tmdb.org/t/p/w500/iYAiPgkzaCAlMwQ7hyAr0h3D2uF.jpg
12720,https://image.tmdb.org/t/p/w500/m8C8DbMawpGpHcYxv8Mkp1BQGjp.jpg
206216,
10077,https://image.tmdb.org/t/p/w500/xJ1BVHMOywEF55nCZC6g57CIJho.jpg
11430,https://image.tmdb.org/t/p/w500/sVJME5R1NmTXtbdnAxYPx7Xa7kr.jpg
26955,https://image.tmdb.org/t/p/w500/aaajiBpeBVbVwovpSQKaMfKRGKw.jpg
38970,https://image.tmdb.org/t/p/w500/3GcAGqAtaSfD8V2ULGV1v6CROPj.jpg
55931,https://image.tmdb.org/t/p/w500/g52SOsTvdjzY8oPIn5znLJMzLHG.jpg
12703,https://image.tmdb.org/t/p/w500/bGzU4TgdqmMjIfPIgf2MjDW6H7c.jpg
32250,https://image.tmdb.org/t/p/w500/xuLEYvlIvEsy19SYfzmG5PfFL8Y.jpg
9282,https://image.tmdb.org/t/p/w500/3TFB0Doe92l9Jgc5qtUnE6r9rqt.jpg
10891,https://image.tmdb.org/t/p/w500/yhh1zMGoy6nYSXMgrsYoNRbclJn.jpg
12540,https://image.tmdb.org/t/p/w500/slevjvJcGRvFZ3vwfbDdRfdLHG1.jpg
60672,https://image.tmdb.org/t/p/w500/hvQZKLVzW3cYfR5bjgGTGZuCuHs.jpg
24241,https://image.tmdb.org/t/p/w500/aPXm56o3tEQdk0QTR6sZzmyw4f5.jpg
11556,https://image.tmdb.org/t/p/w500/Y5O3hU5DpH4Kz1wcPDumGjTkxb.jpg
3177,https://image.tmdb.org/t/p/w500/sKoVS6wVmIY0fCDcJYZZ1y3yOK3.jpg
19277,https://image.tmdb.org/t/p/w500/vE2fYcP07fbIHoouATNErRQuNrw.jpg
11774,https://image.tmdb.org/t/p/w500/76Xi8z7Whv5WFIdfzzvC5tKSicd.jpg
19341,
4972,https://image.tmdb.org/t/p/w500/ukZlAMIYwsciGSAMNOkeVXgJIHJ.jpg
2841,https://image.tmdb.org/t/p/w500/t73m7lX0eFYDjlB1Gcb7r3S5Yt.jpg
11606,https://image.tmdb.org/t/p/w500/pN6e9bMNfFNsIJZqb924KKu8lq4.jpg
12140,https://image.tmdb.org/t/p/w500/1ZJRbLDVr90KLtKdmTT4WZhT26E.jpg
15370,https://image.tmdb.org/t/p/w500/pqyY7IEWkCWNZ7EuRStQaJITEta.jpg
12496,https://image.tmdb.org/t/p/w500/bB2M8UF8wc9flfGWkcgkTTf8Mzr.jpg
29987,https://image.tmdb.org/t/p/w500/1yeh5uQ6KgvxnInUYE0SYSUWd22.jpg
10361,https://image.tmdb.org/t/p/w500/nTtyzQ1qFDJXLWvXX4wvOu0nYun.jpg
36763,
25757,https://image.tmdb.org/t/p/w500/v0uYgoh74LYr6QMz23vurLD7bMP.jpg
21200,https://image.tmdb.org/t/p/w500/yutL7HnWZoeXZAACXq0Hl5Ic0C7.jpg
40876,https://image.tmdb.org/t/p/w500/x5A0RdsKe8qnX9ntPXL4dsPGvMl.jpg
11838,https://image.tmdb.org/t/p/w500/6q1hlBC6rudc3mHwXsbMBR2xAT6.jpg
670,https://image.tmdb.org/t/p/w500/pWDtjs568ZfOTMbURQBYuT4Qxka.jpg
25500,https://image.tmdb.org/t/p/w500/68FX0iIQVqtRotg4RqxTYTEZNN4.jpg
12583,https://image.tmdb.org/t/p/w500/tQ17krYhctcHnnslqq90zzGkhg7.jpg
9694,https://image.tmdb.org/t/p/w500/8ujSEEePCVMyi7Mt1RQMXd6SWmy.jpg
9667,https://image.tmdb.org/t/p/w500/bt89UfRhjAvJDAO9CWJnRFXAN3p.jpg
13373,https://image.tmdb.org/t/p/w500/rypaIocIovS3ICLKKakMvHDDQ0T.jpg
10304,https://image.tmdb.org/t/p/w500/9iqrqOjLaFcGNnSQlJxYLfgrhqn.jpg
9316,https://image.tmdb.org/t/p/w500/oagqAwp48dMPoCT94yDJUDOCVPi.jpg
11647,https://image.tmdb.org/t/p/w500/q9MCjc4CMXju59slJEzYEtr7F3W.jpg
1913,https://image.tmdb.org/t/p/w500/mQW1JJKCUg02cmWBzr9JFu9vM1V.jpg
2539,https://image.tmdb.org/t/p/w500/bKXOxfSKsns5SepD3jeNuBD1m1X.jpg
5528,https://image.tmdb.org/t/p/w500/hUl7gSvkGygyk9wt3zy5NqpC5bb.jpg
10105,https://image.tmdb.org/t/p/w500/A4LgmMTiRpkEzC6pxRcxE28IDov.jpg
1114,https://image.tmdb.org/t/p/w500/c3SAAO5hNJqLWLlJr9TZ6CQ8eGI.jpg
179,https://image.tmdb.org/t/p/w500/wTidq3J9fh8sEOAlD8WZFHVLSuB.jpg
83,https://image.tmdb.org/t/p/w500/85o7BSpumewsd8KoGYvqpGH54yF.jpg
55177,https://image.tmdb.org/t/p/w500/8FIovz3tPvxXvBY0bySbuo6cbwD.jpg
26766,https://image.tmdb.org/t/p/w500/ger5wIjr4HLymG9FaAvifOC6wAO.jpg
24747,https://image.tmdb.org/t/p/w500/wzbV4jsCWZqOEAmyjjGemLNZbK7.jpg
4836,https://image.tmdb.org/t/p/w500/rDOxXteqxALBaSa3V3zTjGJuyWB.jpg
11190,https://image.tmdb.org/t/p/w500/7V8iHBs34cPYw7ohpLqliF9x8Gv.jpg
11866,https://image.tmdb.org/t/p/w500/pcj6unMsKCw0ogWFlUXmbc9gKap.jpg
12281,https://image.tmdb.org/t/p/w500/47icHsfwq7qpfPTuGwZxAtQ0olJ.jpg
10320,https://image.tmdb.org/t/p/w500/bHbz7z2pecTawhkqLpuC2m0qywe.jpg
11420,https://image.tmdb.org/t/p/w500/aN7LHIKHkq6x16a4pXlaiB7PHiP.jpg
3396,https://image.tmdb.org/t/p/w500/lbwXEMe4fz6hj3ySwgstRJx38Wz.jpg
5889,https://image.tmdb.org/t/p/w500/3pnMViIDP6whWXnTBq7ibQipSyS.jpg
1126,https://image.tmdb.org/t/p/w500/tnFvXenEmwfESsw401SE6N9oFQp.jpg
11658,https://image.tmdb.org/t/p/w500/vyG8qpimh3XSlxc6OmPq8LJRJl.jpg
11401,https://image.tmdb.org/t/p/w500/pYms4cvrqlM4I8cjNrQCbSnPxkr.jpg
1392,https://image.tmdb.org/t/p/w500/e7OWmWptBRCnUKj6MJ2qbxj5ZY5.jpg
1843,https://image.tmdb.org/t/p/w500/lTE7ODSgIvYUBNhkSnW3qL2h4mi.jpg
291,https://image.tmdb.org/t/p/w500/8L3ir0KNqSqpps2oVAeCUPVTPhr.jpg
8357,https://image.tmdb.org/t/p/w500/1EiryFPPfoUOok4aetd2SEZF7bl.jpg
3509,https://image.tmdb.org/t/p/w500/lUKudOpHICDj6A6SO7DdaZM4W48.jpg
11662,https://image.tmdb.org/t/p/w500/naIjHWfQFge69GqeehgsekwDkbl.jpg
13372,https://image.tmdb.org/t/p/w500/5SodI4NHGIHghH6HGfqryiNlMSA.jpg
70,https://image.tmdb.org/t/p/w500/jcfEqKdWF1zeyvECPqp3mkWLct2.jpg
12487,https://image.tmdb.org/t/p/w500/aFpBa04u2zVOxh3kfUipKbgLzC9.jpg
205,https://image.tmdb.org/t/p/w500/lOBsGSCBEZNdsiCNpoSG2S6xrdN.jpg
118,https://image.tmdb.org/t/p/w500/iKP6wg3c6COUe8gYutoGG7qcPnO.jpg
1280,https://image.tmdb.org/t/p/w500/nHN17NW8amE7iRVtM2VX4OnyxHl.jpg
421,https://image.tmdb.org/t/p/w500/qZoFLNBC78jzboWeDH6Ha0qavF2.jpg
2567,https://image.tmdb.org/t/p/w500/lx4kWcZc3o9PaNxlQpEJZM17XUI.jpg
9833,https://image.tmdb.org/t/p/w500/pFf1Xxzgxo6ffxAJeSkAb5b0P4S.jpg
6478,https://image.tmdb.org/t/p/w500/wIewPJNyyTIMI5rQzcElc23jenW.jpg
9692,https://image.tmdb.org/t/p/w500/4fDgLcc35A0IpxhMyJMP33bSDXj.jpg
1901,https://image.tmdb.org/t/p/w500/9u8MAGTAAhIdqZfhNsHcLcRNnra.jpg
693,https://image.tmdb.org/t/p/w500/59fXm6N2x7QSbvt6BaBxTNBXGL8.jpg
842,https://image.tmdb.org/t/p/w500/5jOOvAVvP0XtwC5yYQpQCy4cjq1.jpg
9953,https://image.tmdb.org/t/p/w500/7HoqdnUpIcK1CnFDNNONPZ9PBoi.jpg
11162,https://image.tmdb.org/t/p/w500/bvpPg5oTD1qT7hjY3BOsoniYdHG.jpg
15045,https://image.tmdb.org/t/p/w500/lvj7j4qppMRtizepOZgmZ9Td1BN.jpg
42420,https://image.tmdb.org/t/p/w500/vQJtW76ln4tbOYlhkwoV1LkPy7m.jpg
1853,https://image.tmdb.org/t/p/w500/lKxzlejHu8ApBZohNHMfbmIGzZd.jpg
11804,https://image.tmdb.org/t/p/w500/ncB9SvOclmXYALlcAsF1jRIuISl.jpg
11354,https://image.tmdb.org/t/p/w500/UdLPKVq6Cfw7ig1ancmDkclfZg.jpg
47876,https://image.tmdb.org/t/p/w500/clqmOwegCW2YeIxxl6Aoo1omQMq.jpg
66600,https://image.tmdb.org/t/p/w500/asLW0DZYI0BFc1o4IiMVmgV9i1P.jpg
43442,https://image.tmdb.org/t/p/w500/oqiq3Zm6NeiVvd08gpUUu3WrihA.jpg
33766,https://image.tmdb.org/t/p/w500/tPfGFKRXD0sVOGhwjxPHadTa8Y1.jpg
120328,https://image.tmdb.org/t/p/w500/hNZHSsF7HPzldLv5SJnRD2BLpAF.jpg
39472,https://image.tmdb.org/t/p/w500/3hpxleh58Ln1jLcF9hczRTWxtP9.jpg
34326,https://image.tmdb.org/t/p/w500/mQRXLwUabZT9hh7jQMc740DkO8Z.jpg
18927,https://image.tmdb.org/t/p/w500/qZdbA5MScI0dDeeyI2BzuI2lfut.jpg
25350,https://image.tmdb.org/t/p/w500/tHMgJGkovOFpHi2lnQ9xTrIaR7N.jpg
16442,https://image.tmdb.org/t/p/w500/54LTgyRHSixyeeFhLtCFj0SMAQ3.jpg
7229,https://image.tmdb.org/t/p/w500/cVmCfQJ1U744FsWWJmeK5bujy2d.jpg
16220,https://image.tmdb.org/t/p/w500/jeAxoYepnVirGe0H7pmwviSZYul.jpg
10609,https://image.tmdb.org/t/p/w500/eZHnSd73L5v5FDZdBpGhQPLUZGW.jpg
11633,https://image.tmdb.org/t/p/w500/9WFMSwSuBWRJnWmLTEXw6bSXqDF.jpg
13716,
9947,https://image.tmdb.org/t/p/w500/9Azi1GBNj3gPPwmQWAMcATg7JOl.jpg
6439,https://image.tmdb.org/t/p/w500/epDsuf5oUdzTFYHqV2IRcyy8Rwc.jpg
7214,https://image.tmdb.org/t/p/w500/y3HOTTyM5nLsdUzXFtFCohG28qj.jpg
42390,https://image.tmdb.org/t/p/w500/jGwKOZvPItNSocHFAg1USbhKR6c.jpg
43892,https://image.tmdb.org/t/p/w500/utP30vhi3le9X3STgoUIKaOLIqG.jpg
8422,https://image.tmdb.org/t/p/w500/pngL8AraChIDOiWnKF2o3S9kJzJ.jpg
11423,https://image.tmdb.org/t/p/w500/rxndHKwUeFgTHx0PuuhZS4dMtrB.jpg
10694,https://image.tmdb.org/t/p/w500/lEmGW4Fc9wMRLIKq6NRojZnTbdp.jpg
613,https://image.tmdb.org/t/p/w500/cP1ElGjBhbZAAqmueXjHDKlSwiP.jpg
8978,https://image.tmdb.org/t/p/w500/oBpsRvMN1ONl8oFHuWt1rasDYFJ.jpg
11637,https://image.tmdb.org/t/p/w500/guDkMD4wrZ1BGUO7DFFBVzaiGij.jpg
12142,https://image.tmdb.org/t/p/w500/bSxrbVCyWW077zhtpuYlo3zgyug.jpg
11096,https://image.tmdb.org/t/p/w500/wB34bqPuEmeZUMm4OIXArBIA3er.jpg
8968,https://image.tmdb.org/t/p/w500/5KffN0UcuAKJdUAcOvZ21OrqXc8.jpg
6961,https://image.tmdb.org/t/p/w500/t0AEzycJ6V8dLVlSudCUAA9mzgn.jpg
31165,https://image.tmdb.org/t/p/w500/2umd8KCnjamgEk9RpSUDQ9TltbW.jpg
2517,https://image.tmdb.org/t/p/w500/kDUUdWrbBBVqzSmm27pHFJcTvCU.jpg
11413,https://image.tmdb.org/t/p/w500/9OJGGE1fdLxHGZTporORoxHpJoH.jpg
661,https://image.tmdb.org/t/p/w500/tXjZEzlf4WQwZ4Dt53gXeJVuO7p.jpg
29259,https://image.tmdb.org/t/p/w500/xyZhiOz5NHVBUKlpioxjwajy7pm.jpg
2436,https://image.tmdb.org/t/p/w500/9ZTYSD8ZesYMKqLRbmVfZUW1FiE.jpg
27430,https://image.tmdb.org/t/p/w500/svG2UuJ3SPrCp8O0RGPaKbECilq.jpg
34561,https://image.tmdb.org/t/p/w500/hAc6iJYzfq6aI56k5K7cclgGzVp.jpg
16638,https://image.tmdb.org/t/p/w500/a6DY3LDlXFUDuXm47zXTOfiisxP.jpg
4935,https://image.tmdb.org/t/p/w500/23hUJh7JdO23SpgUB5oiFDQk2wX.jpg
8953,https://image.tmdb.org/t/p/w500/5ZAq0hTiJTiQir5RtpiN8CkkzSZ.jpg
10951,https://image.tmdb.org/t/p/w500/lGPVTg7Gwsd5FMrjenW8RRcEdsl.jpg
8488,https://image.tmdb.org/t/p/w500/x3W9H3nhGQbWSlyI8Amp2F6Z6cz.jpg
32588,https://image.tmdb.org/t/p/w500/pDFuadX5kpzzUnwiPCB178AF03j.jpg
57825,https://image.tmdb.org/t/p/w500/yqqo00GZqyG0dijKCqBbdQLUvht.jpg
561,https://image.tmdb.org/t/p/w500/vPYgvd2MwHlxTamAOjwVQp4qs1W.jpg
10214,https://image.tmdb.org/t/p/w500/Adgnfhm9B8YAQmC0osuP4zO9SRc.jpg
17880,https://image.tmdb.org/t/p/w500/k2zDrIqMFi8944h3BbBAQfsBn9h.jpg
8340,https://image.tmdb.org/t/p/w500/iNJxHYyFpmqRjgZ4oa5qQna904i.jpg
1942,https://image.tmdb.org/t/p/w500/zsZ2PAMMyBhkn5OSC8Qnror2KCA.jpg
3040,https://image.tmdb.org/t/p/w500/mL97T8ehFiihJvQuOsdQlq26eqg.jpg
43128,https://image.tmdb.org/t/p/w500/4ojrxP6qiyDOQ5jHQlh7Yn59wJt.jpg
13498,https://image.tmdb.org/t/p/w500/anBhlqCABytNvybE2Xr3tvsCOTp.jpg
9470,https://image.tmdb.org/t/p/w500/exbyTbrvRUDKN2mcNEuVor4VFQW.jpg
19765,https://image.tmdb.org/t/p/w500/s4jFr3bnf8d5WYCSrf0N3e7G9ez.jpg
37527,https://image.tmdb.org/t/p/w500/15TOuWoaJ5C0lLcmRTQz5Lasnd.jpg
29578,https://image.tmdb.org/t/p/w500/95IzjZIzXVDpojBuMWaeAmJzIDs.jpg
2926,https://image.tmdb.org/t/p/w500/6qjW1e31k2XhcWpzGz6lgHcRt5W.jpg
54302,https://image.tmdb.org/t/p/w500/rx5DYndn3ua5Pe3yz492kqERH19.jpg
5204,https://image.tmdb.org/t/p/w500/dg5PWLER0Huf3L22H4b965o5YY0.jpg
8016,https://image.tmdb.org/t/p/w500/sdxegsjrrvujXvv2GLPENyDlWDI.jpg
16186,https://image.tmdb.org/t/p/w500/4w36ckDhsWFPD9XaHOOJb1ru7JZ.jpg
10012,https://image.tmdb.org/t/p/w500/em45jL4CfTMyj5V83kj7rhdorJu.jpg
10022,https://image.tmdb.org/t/p/w500/brkyQKNcaVNWGsCBCW5bKy9zVeW.jpg
4551,https://image.tmdb.org/t/p/w500/ekKCH7Zkb5ZTr1f1AczZY23FH.jpg
30856,https://image.tmdb.org/t/p/w500/iu1Qydj27eeVu7kvWzAjQGiNdEK.jpg
2026,https://image.tmdb.org/t/p/w500/vjhLmtjO2pMQXRgkxcwZoq2Ma8n.jpg
9928,https://image.tmdb.org/t/p/w500/fnKCh67l2DDG9NxxIlk9IpsXQ99.jpg
15771,https://image.tmdb.org/t/p/w500/9BOsvZL2DuE2JFGYOssynTjs8K6.jpg
76804,https://image.tmdb.org/t/p/w500/obXtEtHmncAtak6IFFpaWR3DQbS.jpg
38148,https://image.tmdb.org/t/p/w500/c5h3BXUQfOPPaKMaq3nsOi5H1Bl.jpg
36815,https://image.tmdb.org/t/p/w500/4ZiwyXtyxYDmMnNiVemCPgxY8X6.jpg
31835,https://image.tmdb.org/t/p/w500/lHZcuD5pEoyoNHqeTEUEyDEDVKi.jpg
1093,https://image.tmdb.org/t/p/w500/ro3y7PuweMFpQVapZNEcAAK2LED.jpg
438,https://image.tmdb.org/t/p/w500/p3t7ofvNlNhRkbAspiUe4ZdNcGA.jpg
42222,https://image.tmdb.org/t/p/w500/qHtPzs9eVCilp88c1arq73gH6xk.jpg
11196,https://image.tmdb.org/t/p/w500/gN38rJZ77dtnVqbIGTkNtF4glX2.jpg
13374,https://image.tmdb.org/t/p/w500/oLWeyvu0ZJrpxDsRrzsMeaGzyZp.jpg
9688,https://image.tmdb.org/t/p/w500/jzqaJGpUNVHMxgCtHV2i8jcepza.jpg
228890,https://image.tmdb.org/t/p/w500/9L2UklEAv0i4Sxjh7RVRCAv4HOS.jpg
10040,https://image.tmdb.org/t/p/w500/gcYoIHND3ugn2VH1cNHHNQasEyI.jpg
11638,https://image.tmdb.org/t/p/w500/8BF6qSAANBvhEPZxQVTUiZbfiOy.jpg
540,https://image.tmdb.org/t/p/w500/cMwLTcG5aVBYeh5W6SVSfowboAf.jpg
77120,https://image.tmdb.org/t/p/w500/oXN9NoSY1UJesrtyOzLeO86yZod.jpg
48463,https://image.tmdb.org/t/p/w500/hsBmbcL4KiZerEwFJO4BHlvnbA8.jpg
26038,https://image.tmdb.org/t/p/w500/ejXHWJRTYfvPFGQnwOZevqoNU6H.jpg
19884,https://image.tmdb.org/t/p/w500/yjHbIihqpuAXlZVoPbWdqaukllB.jpg
37748,https://image.tmdb.org/t/p/w500/f8tqwtxk0xUJA8fHaKqxZ0G8ey4.jpg
22434,https://image.tmdb.org/t/p/w500/rTjcoGpHONeacV4zewHi1oSttW.jpg
12778,https://image.tmdb.org/t/p/w500/5OpvMU6CTXe4pRAQUVWcVJeZCSS.jpg
15283,https://image.tmdb.org/t/p/w500/zat2MMhejQyJJN6CucLI9Or9kdo.jpg
158,https://image.tmdb.org/t/p/w500/dsY09zCxKDFjfV1oqXFJJpVrHdP.jpg
5996,https://image.tmdb.org/t/p/w500/UsrZkcoj95K8ZVf7FMnTiZ5P4C.jpg
44154,https://image.tmdb.org/t/p/w500/pgveqayMFUIZbFqN87ghiKmmxt3.jpg
28448,https://image.tmdb.org/t/p/w500/1C0oYAeNjIBLuj7CVWz3HTIUdeP.jpg
42994,https://image.tmdb.org/t/p/w500/e0HIBRiKS5dWmXkxWvEh6JQZcc2.jpg
17592,https://image.tmdb.org/t/p/w500/6jUBQUXpnfmCwPJGMVAAQYccqE9.jpg
17113,https://image.tmdb.org/t/p/w500/jhID43WmWf3HeH3M3tBCPTSeBOi.jpg
187,https://image.tmdb.org/t/p/w500/i66G50wATMmPrvpP95f0XP6ZdVS.jpg
14177,https://image.tmdb.org/t/p/w500/4h8WIvPb3nVh20xVHmvCzDJwnfP.jpg
7364,https://image.tmdb.org/t/p/w500/kyY1onYxkKBDlJsheRsVbMaoQEM.jpg
11431,https://image.tmdb.org/t/p/w500/xwJBEOM5BVElAgQIA82KBLX10fu.jpg
51945,https://image.tmdb.org/t/p/w500/vpfbKUkvOrv0atZMlHAzNqAAhEL.jpg
26332,https://image.tmdb.org/t/p/w500/6813vVr0az8JHSebRULwg3ttX9F.jpg
42229,https://image.tmdb.org/t/p/w500/jzRn7N1mFowkQ5IkUkfWoxXJtYU.jpg
49565,https://image.tmdb.org/t/p/w500/tEzdXghDipM4b8Qs1mzt4mvXT6l.jpg
2029,https://image.tmdb.org/t/p/w500/hTSALpAPB5ANmplvBqwChgv1Hun.jpg
44181,https://image.tmdb.org/t/p/w500/mOCAfLSo6hkAIdWRCvNwquwsPwy.jpg
19971,https://image.tmdb.org/t/p/w500/qlH7atDoN2iOmq6pNsoFIlebhgA.jpg
9674,https://image.tmdb.org/t/p/w500/pWADfpBTgtcZQ5eUk6CwmcNnY9Q.jpg
3875,https://image.tmdb.org/t/p/w500/faViDuoxyQ3qJsCbLclqBp4oK4y.jpg
9653,https://image.tmdb.org/t/p/w500/vo6IMpAYWs8hS19OCvYXe8nhSdJ.jpg
39225,https://image.tmdb.org/t/p/w500/lftVCP4BmMvikPBJ40391htsyUS.jpg
4595,https://image.tmdb.org/t/p/w500/x1wwNdrBywcmZSfIsO8qcaZxYWR.jpg
31442,https://image.tmdb.org/t/p/w500/vmRWSLP1DE9WTta0hfzIafJ0dID.jpg
775,https://image.tmdb.org/t/p/w500/9o0v5LLFk51nyTBHZSre6OB37n2.jpg
50183,https://image.tmdb.org/t/p/w500/nbGyTnH1TREKgZXLxEJNnDVohYC.jpg
7342,https://image.tmdb.org/t/p/w500/knjeEeeyIwDkUtZwDfJOcUIuNdB.jpg
45267,https://image.tmdb.org/t/p/w500/7ZkRvQr0HspqEDBDVBHs16noFxd.jpg
7453,https://image.tmdb.org/t/p/w500/yr9A3KGQlxBh3yW0cmglsr8aMIz.jpg
10065,https://image.tmdb.org/t/p/w500/4D246dpe7yy2GvHI2IbpeqkUXry.jpg
30863,https://image.tmdb.org/t/p/w500/f6doYuJsaciPllLKy2VGWGLWXaV.jpg
9393,https://image.tmdb.org/t/p/w500/dhTTscZkiQefuq6OeYp9rnvhCBW.jpg
16972,https://image.tmdb.org/t/p/w500/j2Oo1Ds4Vbns5WP4BfSnU3wXwpn.jpg
13409,https://image.tmdb.org/t/p/w500/plp9AHFlFghfmMESJyPmsJnhQao.jpg
13073,https://image.tmdb.org/t/p/w500/yqcNYtm3F7GhCgAnTcQslKzMFOf.jpg
8976,https://image.tmdb.org/t/p/w500/6xrF9zwEbYiYBOalMO14RAWBLLj.jpg
27360,https://image.tmdb.org/t/p/w500/lH8Nugl7DnMaMHfOChEFNXXQ3zX.jpg
13020,https://image.tmdb.org/t/p/w500/zezeOElCxlPui9SFGj5ToZ4W1Nh.jpg
11679,https://image.tmdb.org/t/p/w500/9Bmvsv11yf4eIHRePul7sFO1Oh.jpg
1495,https://image.tmdb.org/t/p/w500/rNaBe4TwbMef71sgscqabpGKsxh.jpg
10066,https://image.tmdb.org/t/p/w500/aCLSgw1DaqkRvosYc3YUttBTtpT.jpg
1640,https://image.tmdb.org/t/p/w500/86BdPC6RDX88NC880pLidKn2LCj.jpg
11171,https://image.tmdb.org/t/p/w500/wgSwDqhl6Rt3cuSCwt5sNpPna3x.jpg
14750,https://image.tmdb.org/t/p/w500/w1Vv87miuoEaK22tAq56UWN4Qy4.jpg
53116,https://image.tmdb.org/t/p/w500/s6rqW9VAZY8lOAi0ALkwV4eN9AZ.jpg
43881,https://image.tmdb.org/t/p/w500/zQF1UDB0ck4dRfKAn4XixGrCkjx.jpg
9463,https://image.tmdb.org/t/p/w500/yhKS0Wi6HNOHauWl0M3fr23hiB7.jpg
26810,https://image.tmdb.org/t/p/w500/j9mUn7MfTUWdM4VthTcTPQE4Bdo.jpg
20625,https://image.tmdb.org/t/p/w500/xfiyCaWDfftKHzft2MKxAFFwHYL.jpg
10913,https://image.tmdb.org/t/p/w500/2IF19Tcx5D9d8iUWa0PxFhO6MYZ.jpg
38643,https://image.tmdb.org/t/p/w500/wmzGSQktsLf2JvfkhBaLSdG4G3Z.jpg
10027,https://image.tmdb.org/t/p/w500/gghvmS3UxtOw1UHIgYjpeZNxHil.jpg
1895,https://image.tmdb.org/t/p/w500/xfSAoBEm9MNBjmlNcDYLvLSMlnq.jpg
9981,https://image.tmdb.org/t/p/w500/uuN3bJ0wiC1dk4tNFhc2jROR0DR.jpg
4379,https://image.tmdb.org/t/p/w500/iRqcGkIPdRbEaW0xMEA5kgceUF8.jpg
14694,https://image.tmdb.org/t/p/w500/1UlHIWfqjkizc2qem0IPZBG6nn5.jpg
20271,https://image.tmdb.org/t/p/w500/vZbdSpUFyFiDBBTY0AiSrN9f303.jpg
953,https://image.tmdb.org/t/p/w500/zMpJY5CJKUufG9OTw0In4eAFqPX.jpg
13064,https://image.tmdb.org/t/p/w500/4TPCzvOoQmmParPjgHCiqqiVYIJ.jpg
14358,https://image.tmdb.org/t/p/w500/1wDU19PTEdR30QdnLFw93scXto7.jpg
12700,https://image.tmdb.org/t/p/w500/3jIQOCB8ghrxvfWzSjzNv41LR9P.jpg
9291,https://image.tmdb.org/t/p/w500/nbKcVBcxF96ARW2oKHqDYAcLdu.jpg
19316,https://image.tmdb.org/t/p/w500/7XbbgkKi4nEMOu9iwiANXpjKKhe.jpg
921,https://image.tmdb.org/t/p/w500/wkeOjIcpuqLMW4GnVowlM9VI0JE.jpg
9779,https://image.tmdb.org/t/p/w500/wNshlUT6IZEz2AF3iZrlb2mX0pR.jpg
9787,https://image.tmdb.org/t/p/w500/k2NiPfydLSwmk28C6qpvpJPuqtq.jpg
23825,https://image.tmdb.org/t/p/w500/9yyIDpDoq5MBVFqZGvaPg4dAeAK.jpg
787,https://image.tmdb.org/t/p/w500/kjD700RtyhveN3ZbOnSvUSne0Qj.jpg
14199,https://image.tmdb.org/t/p/w500/sz3pl9hblLw1A5rZoAHn43yQsb4.jpg
10226,https://image.tmdb.org/t/p/w500/vKeFa7CqSxmWsQDjHP6SJXKoDbj.jpg
12109,https://image.tmdb.org/t/p/w500/4AvbVwbejmSMKGEdLmVYDLAss1i.jpg
13589,https://image.tmdb.org/t/p/w500/mwvsA31Ei0vYaOPRjF8FBL9For7.jpg
11620,https://image.tmdb.org/t/p/w500/dqF1dattMNiwGjPSphu2VSi558Q.jpg
272,https://image.tmdb.org/t/p/w500/4MpN4kIEqUjW8OPtOQJXlTdHiJV.jpg
15767,https://image.tmdb.org/t/p/w500/2dQ63VHfjgGz9MGW3mDS0dENxN3.jpg
15648,https://image.tmdb.org/t/p/w500/s1zaWMtjzw1hm5tPXm2GLFJaCfY.jpg
25248,https://image.tmdb.org/t/p/w500/3MdWgqUunIBWnc7mYi2dtZrD54Y.jpg
11451,https://image.tmdb.org/t/p/w500/7lTfTZ8CDfXw09eAv3OOvsbCVgs.jpg
11683,https://image.tmdb.org/t/p/w500/q7tLETjCPu2gNO5vR9esXEd6Mil.jpg
9722,https://image.tmdb.org/t/p/w500/8lx4EXmAZo8ogh4128UBZRQfCjI.jpg
2287,https://image.tmdb.org/t/p/w500/bx7UAcyumQZuNj3dZFK7Wh4dbRl.jpg
1382,https://image.tmdb.org/t/p/w500/tDRTtvEJs4L8wj35GKiczUQXCSR.jpg
9534,https://image.tmdb.org/t/p/w500/1wOWudCNA550cLNk3JFoqhxLOGB.jpg
33908,https://image.tmdb.org/t/p/w500/r0UzUF15suxLatzvNK3TQKxp10h.jpg
276,https://image.tmdb.org/t/p/w500/jpiXFtvBYemLbAktLPNx5xDGvJn.jpg
12574,https://image.tmdb.org/t/p/w500/8JJd4j46J7IGRNBd2qC2BKSPsRL.jpg
22553,https://image.tmdb.org/t/p/w500/dJsDjHYfOemGvVtHTdivU0Tl0YK.jpg
74,https://image.tmdb.org/t/p/w500/6Biy7R9LfumYshur3YKhpj56MpB.jpg
1667,https://image.tmdb.org/t/p/w500/o9xJ1xG1WKlHkl8ACqq0LShOuMu.jpg
7233,https://image.tmdb.org/t/p/w500/4l0Q1lAf4aV3h1LJQ00EpxVQefr.jpg
9009,https://image.tmdb.org/t/p/w500/cm4M9xaBu78IjuAVNG4LCXdXsg.jpg
1553,https://image.tmdb.org/t/p/w500/iWCOUIDkrVHI3wjg9yCKRNLtLUi.jpg
9738,https://image.tmdb.org/t/p/w500/4YMcYEFS8sFuW3soP1HVmgR3cSm.jpg
14278,https://image.tmdb.org/t/p/w500/qxaXzZnGsHaAJpSaF72nDhhL58n.jpg
9522,https://image.tmdb.org/t/p/w500/lFM3lk2zVzC1YFnKm0r6LbFPyRu.jpg
14922,https://image.tmdb.org/t/p/w500/76Hq3Buq6SIOe5Z7f5APwh1s7vU.jpg
10476,https://image.tmdb.org/t/p/w500/9skOqw9sld2MKKqkKKU78e0Jw7W.jpg
11309,https://image.tmdb.org/t/p/w500/29WnkQ9wlvPCWEuWl7d2gtSZHQX.jpg
31063,https://image.tmdb.org/t/p/w500/eug0h5nFQZTClWpmuf3E3xovsgS.jpg
1635,https://image.tmdb.org/t/p/w500/juSBGCTK463as9clAea4mE2N3s0.jpg
13341,https://image.tmdb.org/t/p/w500/ja1yrgfYAGmwnridioMY3MV0GDm.jpg
1696,https://image.tmdb.org/t/p/w500/dULfaZD8KPKUkjhgEScUGAW8WCJ.jpg
1665,https://image.tmdb.org/t/p/w500/btbp47CHXgLhw30kyDoVfNFLB3g.jpg
9775,https://image.tmdb.org/t/p/w500/6K52ZhGL1XfD4Ds33WZIYHFpNum.jpg
11459,https://image.tmdb.org/t/p/w500/nBB0XNMwvYvWpo67EcxQqKMoMKf.jpg
10048,https://image.tmdb.org/t/p/w500/cVtQHyTwaDhYFVRFXSuDthC2bXH.jpg
11648,https://image.tmdb.org/t/p/w500/252PdRj3y2S05DC4oSf2qk2vva3.jpg
15258,https://image.tmdb.org/t/p/w500/Ag25aONVwWspQAuEPwNKmwUOvce.jpg
42719,https://image.tmdb.org/t/p/w500/2v6ezHOqJM2HpSHiGWqLj0Mqs78.jpg
37632,https://image.tmdb.org/t/p/w500/8nhtvkRP0aDc6kUo99e4bb3mEfL.jpg
16320,https://image.tmdb.org/t/p/w500/4sqUOaPFoP2W81mq1UYqZqf5WzA.jpg
308,https://image.tmdb.org/t/p/w500/gd8JNjwgiM6ZgGm6NFAkovQWoYn.jpg
25074,https://image.tmdb.org/t/p/w500/70OnveJQzlYji1TOoODNGrU9Mjj.jpg
39946,https://image.tmdb.org/t/p/w500/fRlXkYgQc6QfwYMAlv2neKhRswl.jpg
6519,https://image.tmdb.org/t/p/w500/2ZrNyYJEgE0VIqhelQPqFTR20xF.jpg
13919,https://image.tmdb.org/t/p/w500/uMb26IjDgdq8p4H3XNO1CAsjT4m.jpg
1444,https://image.tmdb.org/t/p/w500/asC6UOPrR6OlNMiyXbeXWu08SOG.jpg
11453,https://image.tmdb.org/t/p/w500/yXdQ4UGDFCsPrynJOdIk20AYLus.jpg
9913,https://image.tmdb.org/t/p/w500/wHmubdzrVw8oq7htzrf364wsJNp.jpg
8292,https://image.tmdb.org/t/p/w500/8cO39cnWSZQi2ncPG5TxL3YRzKc.jpg
13922,https://image.tmdb.org/t/p/w500/k5Q76tzV2T4RtDdYwNj64c1qQ16.jpg
14166,https://image.tmdb.org/t/p/w500/oTbmRS9OBqACIlgRkTqHIc1n6lO.jpg
501,https://image.tmdb.org/t/p/w500/zuZWpcuye25rpsiZ4XzsAvmLDHG.jpg
17824,https://image.tmdb.org/t/p/w500/temhAEeniTralG3G9NyjPmTgzIe.jpg
11328,https://image.tmdb.org/t/p/w500/qxvyw5NZBphzWliVdSzn7gSxUel.jpg
15907,https://image.tmdb.org/t/p/w500/opoDxQW9S6SaiP8rY7urw16QVTL.jpg
11848,https://image.tmdb.org/t/p/w500/lhLp9a0jBIPLMAdUFNlYjCuS72Q.jpg
43313,https://image.tmdb.org/t/p/w500/v2G1Vh14X9NslrHR9zGlGoV1i4M.jpg
6957,https://image.tmdb.org/t/p/w500/jBoRAWYOv7tBtfXbNJMAojGj0Xf.jpg
11460,https://image.tmdb.org/t/p/w500/j33szyBdJjrmnItyUgPBsqaBECE.jpg
445,https://image.tmdb.org/t/p/w500/IC2BPYDSsNPP1Q1VuXUiKrRwbU.jpg
9564,https://image.tmdb.org/t/p/w500/sJ4zNakOuWcsW6ssH1qk80JehQ2.jpg
20874,https://image.tmdb.org/t/p/w500/xp7rAEgkoPUBWk5XZcAai8gDZT1.jpg
14175,https://image.tmdb.org/t/p/w500/vY6WRn3vwjZq5Y1B2E4pmzJr1kF.jpg
4442,https://image.tmdb.org/t/p/w500/v6J7QGCSrtvwvqAt6783BbO3h61.jpg
13169,https://image.tmdb.org/t/p/w500/9V1ASfnxMZxrkqIvVQYySE5qSwd.jpg
9042,https://image.tmdb.org/t/p/w500/q7eyZY2Akj68ivnRZ86OduCUexy.jpg
1985,https://image.tmdb.org/t/p/w500/nkXq7V7mmJVbvwZGr3nxkHo7HkS.jpg
9335,https://image.tmdb.org/t/p/w500/cdm17vK8PxHfTi7ayZf6WKbOgUO.jpg
9007,https://image.tmdb.org/t/p/w500/2cLbyVNhEEaUJGg7rfbLtX6454I.jpg
9777,https://image.tmdb.org/t/p/w500/h5z4JWhaPYMMXhYzwuK7SUgjmMm.jpg
1830,https://image.tmdb.org/t/p/w500/3MGQD4yXokufNlW1AyRXdiy7ytP.jpg
10092,https://image.tmdb.org/t/p/w500/yowK7werQni7COdycgkUkB2E7Kt.jpg
340,https://image.tmdb.org/t/p/w500/gk469Y3fJTlbcAkSNMZc4OtETOK.jpg
1546,https://image.tmdb.org/t/p/w500/kXC029FtR06qkT8S6zBQ26uJczu.jpg
65215,https://image.tmdb.org/t/p/w500/pgbMydwYuHlGcaASQMA963qpSH3.jpg
10753,https://image.tmdb.org/t/p/w500/kjq1FXtHh9i2sIuM0JaoYf43FDU.jpg
11636,https://image.tmdb.org/t/p/w500/kWUTyIao0b8DxVrO6L0LnpJVYWV.jpg
22575,https://image.tmdb.org/t/p/w500/di0laTicoduEdp1WS10T8Poss7r.jpg
14286,https://image.tmdb.org/t/p/w500/kfOmnlwt1rrhxmxc05X3i9mHSOs.jpg
8814,https://image.tmdb.org/t/p/w500/nkzyhae9Eb9Eglbi6T5iEuPD6L.jpg
9923,https://image.tmdb.org/t/p/w500/yLjQ7QIdUt3qZY0d9FPxDT40BD1.jpg
7553,https://image.tmdb.org/t/p/w500/58cmWAcyNaN3GgHYM9pDrdoeMki.jpg
8202,https://image.tmdb.org/t/p/w500/5958Nt4QX6aRSUdQnvNw8wqjTJQ.jpg
3118,https://image.tmdb.org/t/p/w500/cNZxL0yeDZ37YVCf05us8nbhhjF.jpg
1947,https://image.tmdb.org/t/p/w500/7ugLG1yF1l8HWYhmdmHHSC3kJ8b.jpg
9074,https://image.tmdb.org/t/p/w500/bnofwLKvg2g7Ky9sSpyTHaan37n.jpg
16133,https://image.tmdb.org/t/p/w500/plk0CXzSH9SeWCnbj2hoQEJJmy4.jpg
10319,https://image.tmdb.org/t/p/w500/awTr7GjQzivwssamKhDAT8YKppT.jpg
8643,https://image.tmdb.org/t/p/w500/qMN0HIP34f736kkQcfvTfmL9TP3.jpg
9315,https://image.tmdb.org/t/p/w500/oNjZFzbe7PfF3TxztNHDkinOPyB.jpg
3933,https://image.tmdb.org/t/p/w500/isb2Qow76GpqYmsSyfdMfsYAjts.jpg
8923,https://image.tmdb.org/t/p/w500/oTxHFRSbFcCWdfJB4ozA41Yq57c.jpg
59,https://image.tmdb.org/t/p/w500/A26rcvipOqptVs7i5uRmKicXRxE.jpg
257,https://image.tmdb.org/t/p/w500/zhPdYZ3x2uanhM1SyBj4CuL6hSa.jpg
15487,https://image.tmdb.org/t/p/w500/kh4vd6wKa6j9xVFzxhQrsT0p2YN.jpg
398,https://image.tmdb.org/t/p/w500/tzsxkZMnJvozpHQEl1KzO8KwWu.jpg
647,https://image.tmdb.org/t/p/w500/pTIXM2yu8McSlcQVs1VjVSNC45x.jpg
14544,https://image.tmdb.org/t/p/w500/lStFr3EHTNbnyOdOk2QDCqYGnlR.jpg
11968,https://image.tmdb.org/t/p/w500/peCGSKT5ZSpNkJtww7exYuzcGVO.jpg
14517,https://image.tmdb.org/t/p/w500/itIJU3NKbdgScA1WPIxXzOlm0Uj.jpg
533,https://image.tmdb.org/t/p/w500/cMQ2lNd7sBe6PCf6zF5QxrKzbRG.jpg
5236,https://image.tmdb.org/t/p/w500/aWfjIkpENFX6Uw82pET7EQ6jnrd.jpg
11344,https://image.tmdb.org/t/p/w500/czoCxjadYUT2oe9cKzSnU6ZrYoI.jpg
31056,https://image.tmdb.org/t/p/w500/kLAMz50Or2So1aEzHYv0R8iXo46.jpg
43807,https://image.tmdb.org/t/p/w500/j4KbLsCLnJVALXuV3djKOI8sUfc.jpg
10700,
5471,https://image.tmdb.org/t/p/w500/49s4KMmF2YBJhHYTqwdvikpTztt.jpg
19082,https://image.tmdb.org/t/p/w500/lqOo4nyRS56Goi8InZqLFKGEJR5.jpg
9763,https://image.tmdb.org/t/p/w500/9YZhJGoIbJtrjDYbENGhR6f6SZE.jpg
10017,https://image.tmdb.org/t/p/w500/vHrNnqqRYWzkkrJV8MtmUGgC4Kk.jpg
11931,https://image.tmdb.org/t/p/w500/4x1w6GD9XZvMpBlc44bXLjCbQDj.jpg
10707,https://image.tmdb.org/t/p/w500/h4FMTKrWgwSUQTSbMnSA4ECKzl2.jpg
9910,https://image.tmdb.org/t/p/w500/5SedPYdGLrp6LX9C2cWXLx38w1D.jpg
142,https://image.tmdb.org/t/p/w500/aByfQOQBNa4CMFwIgq3QrqY2ZHh.jpg
9621,https://image.tmdb.org/t/p/w500/mOdlzAQxhMgiaazRzif1YtJzg9s.jpg
9701,https://image.tmdb.org/t/p/w500/upxUN4zmX79o49mBW9htKZDeNq7.jpg
3291,https://image.tmdb.org/t/p/w500/w4QSEno2xxHqMtSr3mPUhJpO3F2.jpg
12920,https://image.tmdb.org/t/p/w500/jLhvA8Cg5qmMXAnRaQJntxfHuuB.jpg
16608,https://image.tmdb.org/t/p/w500/bbSHSJuO5XjrIKMh6QXXLTg3Yzr.jpg
791,https://image.tmdb.org/t/p/w500/v9vt49PUDJGkrMVjhb3yiYo7H4Y.jpg
2610,https://image.tmdb.org/t/p/w500/mEpnYHytC1MuLECf4N0g4Xql2t8.jpg
8066,https://image.tmdb.org/t/p/w500/nrLZVP8jG0KBcabahRPp6UP7Oy2.jpg
1656,https://image.tmdb.org/t/p/w500/duZDsuIA2uX93Vujtm89oHeTFqE.jpg
6963,https://image.tmdb.org/t/p/w500/oQilVzOxLPxvBn9hAuvGpKTpONM.jpg
215,https://image.tmdb.org/t/p/w500/gTnaTysN8HsvVQqTRUh8m35mmUA.jpg
2313,https://image.tmdb.org/t/p/w500/gz17H1jiLI9OrTo8ruS31WkP9Am.jpg
16729,https://image.tmdb.org/t/p/w500/o5kErZoLG5eAQ5IqZxUoIzNmlJ1.jpg
8274,https://image.tmdb.org/t/p/w500/6BgKeWEGROpWwEWvpw7vwfTCr9C.jpg
42000,https://image.tmdb.org/t/p/w500/xk96VmT0IC2nvWJG9iRWJrzEpmB.jpg
1951,https://image.tmdb.org/t/p/w500/6HYoHEcLNgETHlJDyQrC4Y7e01.jpg
10851,https://image.tmdb.org/t/p/w500/w9NELY89blLetosxODWpZM9XnBm.jpg
25,https://image.tmdb.org/t/p/w500/4rCzaZy5Qkvxh5xaVpHriXSLTgC.jpg
9982,https://image.tmdb.org/t/p/w500/vkhMtzwmAEglnilVNsL3IE6kU0B.jpg
12877,https://image.tmdb.org/t/p/w500/sCbXlGHmonE3QEOeM7I2PRkG8y6.jpg
11661,https://image.tmdb.org/t/p/w500/9Ka8lKCIiWjnZiMslPQeakS5UhW.jpg
38761,https://image.tmdb.org/t/p/w500/wF8paiOb7E1JWb6mvec0TCTNq5W.jpg
7974,https://image.tmdb.org/t/p/w500/zHfabvr3RKEbNfksFBs2Cder91i.jpg
46917,https://image.tmdb.org/t/p/w500/8CoqruUTwDldSP8iNSKvmhq2sOC.jpg
10033,https://image.tmdb.org/t/p/w500/yRVTCeuLbVOlknsII5OBJEbl9yg.jpg
231,https://image.tmdb.org/t/p/w500/aEDUGMdWuBBIc7MptqRH3cC5Ap8.jpg
68098,https://image.tmdb.org/t/p/w500/mDhfS9JmPpLz1LrCrbvT7eIT2JS.jpg
8999,https://image.tmdb.org/t/p/w500/bcCoOkwEBHUS5Y7Rm1u1oTLUHdb.jpg
8555,https://image.tmdb.org/t/p/w500/w5oxV6MDEfL48FMK9BmYTD2wQRm.jpg
4348,https://image.tmdb.org/t/p/w500/sGjIvtVvTlWnia2zfJfHz81pZ9Q.jpg
9885,https://image.tmdb.org/t/p/w500/8NiRpqO3vx7ny6jagrEN61hu7qG.jpg
9392,https://image.tmdb.org/t/p/w500/mxFPI4KYBk5ri9cPteIS8jiDFgj.jpg
674,https://image.tmdb.org/t/p/w500/fECBtHlr0RB3foNHDiCBXeg9Bv9.jpg
69,https://image.tmdb.org/t/p/w500/zMkD6FVikyPNnigoupO7vD5ti9p.jpg
1833,https://image.tmdb.org/t/p/w500/fomBrfOHWxlaVcjPk4yCQgIwAnh.jpg
6795,https://image.tmdb.org/t/p/w500/shUtIadbOk8BAWk4FR0LinbBUmR.jpg
11421,https://image.tmdb.org/t/p/w500/rv1vJgT7uQ5jjAnpNDDoxDzzHX7.jpg
16156,https://image.tmdb.org/t/p/w500/uKuAGLz9eUWw3tnuXPRChpK7lYI.jpg
1420,https://image.tmdb.org/t/p/w500/14tmdb1PiLNDZf3VD29S2nUKVV0.jpg
9005,https://image.tmdb.org/t/p/w500/8N2X2u6nPoPEwRLIZbKacJw1xrC.jpg
13499,https://image.tmdb.org/t/p/w500/1SfsoUYXRRrfL31br8q4DlTYvKK.jpg
7548,https://image.tmdb.org/t/p/w500/3eiFFCwIXbWUEE4D31bDu5sz9sG.jpg
20345,https://image.tmdb.org/t/p/w500/dpALRkwodEIT7TGX9SqTgwVNn0i.jpg
116,https://image.tmdb.org/t/p/w500/vHjEVTD8ucuwKSFOZJeyAnTZYli.jpg
67,https://image.tmdb.org/t/p/w500/qWZkYa8VdcDZk8uzRB2PfhpM9IL.jpg
411,https://image.tmdb.org/t/p/w500/iREd0rNCjYdf5Ar0vfaW32yrkm.jpg
254,https://image.tmdb.org/t/p/w500/6a2HY6UmD7XiDD3NokgaBAXEsD2.jpg
1904,https://image.tmdb.org/t/p/w500/9twKlPKD5Qd2EXX8lohW4zL8zQ8.jpg
9043,https://image.tmdb.org/t/p/w500/3QPSWIx14H7sfaLqY5bh1qDNQhZ.jpg
14695,https://image.tmdb.org/t/p/w500/xY4c4bHPCRrwIvkxJ6qRLoyxQVo.jpg
27031,https://image.tmdb.org/t/p/w500/bKySGFUTgsZyn5i7s5htMVy4Xd2.jpg
22908,https://image.tmdb.org/t/p/w500/gLpv2UUf5We4sXDKdo11aFfnKgw.jpg
9515,https://image.tmdb.org/t/p/w500/oJnlAGmrhsg4QrlVKGgP91J6WPu.jpg
29595,https://image.tmdb.org/t/p/w500/6PYx4HEbczd9QUCex5Wspkhjef5.jpg
23478,https://image.tmdb.org/t/p/w500/aklblysd3jShpjzh1ryYWYowEUM.jpg
8290,https://image.tmdb.org/t/p/w500/91l4Sf3WJwrb0tSVPsOqnBXG8E6.jpg
8053,https://image.tmdb.org/t/p/w500/uHOEb6mo45qMSJaZqbkVa7oW1Y7.jpg
612,https://image.tmdb.org/t/p/w500/iUekaw96QLInZpsNwRTlRKrZgwm.jpg
9899,https://image.tmdb.org/t/p/w500/nG0Bix2SH2SQcbAIGhb6yqTG5UH.jpg
546,https://image.tmdb.org/t/p/w500/7LGWKXxYGTr2wJE0AdthPzzlczt.jpg
2800,https://image.tmdb.org/t/p/w500/ypirKAqugrpevnEqMJxkBoIlgco.jpg
9641,https://image.tmdb.org/t/p/w500/wD68dEtcKuboxd8bhbqiTTxn6cX.jpg
7552,https://image.tmdb.org/t/p/w500/xTcIPKpzCqQUQixNPS0Rb7HPEAf.jpg
9927,https://image.tmdb.org/t/p/w500/sEkEGRMaqDj4SMofgjOYVGR4o18.jpg
9681,https://image.tmdb.org/t/p/w500/pp237jqOnlLojQfvCgJHv5yZofL.jpg
10773,https://image.tmdb.org/t/p/w500/rFmx0ajncGacM8Ono9vpXiHt7Vy.jpg
88953,https://image.tmdb.org/t/p/w500/nAogPSbba1uqLRz1pKaakCZJEdh.jpg
13925,https://image.tmdb.org/t/p/w500/as8xF0wOawngZ1G3qg5gs0VQea3.jpg
9568,https://image.tmdb.org/t/p/w500/4jKZXQy0OJW3B0tt8AdQ8epI9sU.jpg
11400,https://image.tmdb.org/t/p/w500/dPyWMlQd54r3pK17GKG3iqjvNZ7.jpg
37910,https://image.tmdb.org/t/p/w500/mvRqW2z4iBws3CDkCNmojksyr4V.jpg
14241,https://image.tmdb.org/t/p/w500/dwUTdtGUDmCb3Tiz6iTzBuONGTQ.jpg
79406,https://image.tmdb.org/t/p/w500/uoCGSeokxrcR24PiYamYs0EVJ8.jpg
38785,https://image.tmdb.org/t/p/w500/pLSl9EzNvvtS3skxdYqztjSSS6h.jpg
4550,https://image.tmdb.org/t/p/w500/7F7Ozn0QpqkVvuv1kC2XpbuFvn9.jpg
16433,https://image.tmdb.org/t/p/w500/5sWWj5tlTDyAi2yiEjQZUmJCoKr.jpg
10045,https://image.tmdb.org/t/p/w500/rEfjLYSQHf1EA83vqNPP1KV3Dp6.jpg
1690,https://image.tmdb.org/t/p/w500/dDrtuWUKhgUGp12kgUWuP0NpTdF.jpg
9900,https://image.tmdb.org/t/p/w500/fSRdHBtisU0zhks4OjKezI3jnt7.jpg
9044,https://image.tmdb.org/t/p/w500/r7TpY5hJ4jQGH7c8yzJgBnTwPH6.jpg
9918,https://image.tmdb.org/t/p/w500/bGRSV5tStxDNPRLCewnOeeiZzrY.jpg
17379,https://image.tmdb.org/t/p/w500/hRNZszPHjIpYGlrMN3o4f6f6cVd.jpg
10982,https://image.tmdb.org/t/p/w500/tjuMvHg7NJmE9hqKD3p86kW2Jvk.jpg
834,https://image.tmdb.org/t/p/w500/yT1EDKhCzAumcZeBoAxqm0nY2H8.jpg
25890,https://image.tmdb.org/t/p/w500/bVcC7tIxJQULEHP8mfzzJ4PG1I1.jpg
39345,https://image.tmdb.org/t/p/w500/zYJWQvee9CN6nc9En2KUWewHGHr.jpg
12701,https://image.tmdb.org/t/p/w500/qAjlr0FJDXqdxhQjbkKNcH7RTaX.jpg
21519,https://image.tmdb.org/t/p/w500/wPNopiTNZKULz3dO5nwFTkHgu14.jpg
28638,https://image.tmdb.org/t/p/w500/civu1OxSYyxywfEOeMyCZoAOt7H.jpg
7509,https://image.tmdb.org/t/p/w500/tdg6JKcqjS7szenmabGAbe5RGdN.jpg
2117,https://image.tmdb.org/t/p/w500/aAbxubEzowWJNBWYG82wXcKuzZP.jpg
9912,https://image.tmdb.org/t/p/w500/i7obsEYXjo725H9vneFqxxUiZw7.jpg
1969,https://image.tmdb.org/t/p/w500/8aIYVBPI5Ld81I4tcHkvzoUoCEy.jpg
8435,https://image.tmdb.org/t/p/w500/g14QNhGkWLviBr18nCGDB1U8w8f.jpg
45759,https://image.tmdb.org/t/p/w500/qunKvPx1m2VuuMELKIMqPKjkwbT.jpg
13275,https://image.tmdb.org/t/p/w500/hH6YeqFcihbZsz7iWl6MzQVzL8O.jpg
11565,https://image.tmdb.org/t/p/w500/wlbov6pkgySqYZilZcO54f29Dg1.jpg
11283,https://image.tmdb.org/t/p/w500/j9zWPwaHDWE3K1Mb5RNahzwd3KY.jpg
31894,https://image.tmdb.org/t/p/w500/8xgYqh9XlFLusp4R8u5ocZM0WjV.jpg
9286,https://image.tmdb.org/t/p/w500/5yiwJqCDllkEaxvJKgUnhyIPEwE.jpg
15363,https://image.tmdb.org/t/p/w500/w1nURdrpMLdUbcb67BUy77syi04.jpg
292,https://image.tmdb.org/t/p/w500/lGS9iKGGRjM049ZGK4J8TvQeBHg.jpg
1544,https://image.tmdb.org/t/p/w500/oF0wgVKumU52W7nBR6oHJb5FqSa.jpg
12096,https://image.tmdb.org/t/p/w500/57ViRkdsddHLK32W8Nf3ZPLSAu4.jpg
9975,https://image.tmdb.org/t/p/w500/aDhpo5lqDK0zEGEENdGdABY3Xzq.jpg
9754,https://image.tmdb.org/t/p/w500/v4HHAWJthAGxnvefLGSyeSInZZx.jpg
10053,https://image.tmdb.org/t/p/w500/r5FAdQAtgRpHuSI4x5ydvcVHuFz.jpg
7515,https://image.tmdb.org/t/p/w500/zvNHklUZcrwdN8xpL7Vsqedru5l.jpg
9959,https://image.tmdb.org/t/p/w500/fM9MYcI7BHJ2YqEtcr8JKPE8nDB.jpg
14256,https://image.tmdb.org/t/p/w500/uNAiNCHd7015BzeNggoRiTT4abf.jpg
9036,https://image.tmdb.org/t/p/w500/39hR806Me4wI42LCFcK2LBiCRGW.jpg
10073,https://image.tmdb.org/t/p/w500/xjLK0EmD0MAM7B049SRCUQaqkdL.jpg
7304,https://image.tmdb.org/t/p/w500/wVlwZbwJlI5C33STslTyVNRGjg6.jpg
9920,https://image.tmdb.org/t/p/w500/27OzQ2BBahQHYPiPEAXRXMbhnPQ.jpg
10025,https://image.tmdb.org/t/p/w500/A3Axi7gWVdkD1i7ScqMCN1fhyGc.jpg
9682,https://image.tmdb.org/t/p/w500/9ePdNzKVvGHsMMphfS3HeoMvuEX.jpg
2207,https://image.tmdb.org/t/p/w500/cBLqMVfTZpuKmMQKDLKusb93dbR.jpg
6877,https://image.tmdb.org/t/p/w500/wQrNTe7VDytVDet9Jus6RDKEPYZ.jpg
14609,https://image.tmdb.org/t/p/w500/zyMZ2boSccbaUjOkl6AdzLb6KKd.jpg
950,https://image.tmdb.org/t/p/w500/zDduhCHasKQ9YOTvlOreHem7Wbi.jpg
1967,https://image.tmdb.org/t/p/w500/iuJZyJNiQxnmMBBqu40mF0a2nuv.jpg
752,https://image.tmdb.org/t/p/w500/1avD1JeaRiJX5M4ahPdZPypGoGN.jpg
9655,https://image.tmdb.org/t/p/w500/ms9vdHyBLgAj0txnMWI9djGpDGp.jpg
9388,https://image.tmdb.org/t/p/w500/cJpeM7U36diFinieBWNLVi0FlQz.jpg
9950,https://image.tmdb.org/t/p/w500/8M0dkX7jOor7exKor1txoUl9Ynu.jpg
388,https://image.tmdb.org/t/p/w500/ffMUgkDZICNiyaws1Jkv8qG8uFW.jpg
868,https://image.tmdb.org/t/p/w500/r3ebTJFcDZ35GaKcuUQQe243z4f.jpg
14191,https://image.tmdb.org/t/p/w500/g2Hvucs1Q1nir3pyIXuIwo66uFV.jpg
18009,https://image.tmdb.org/t/p/w500/fnCLZ3rpy3enYSHrzcBxnx3fozK.jpg
19286,https://image.tmdb.org/t/p/w500/7YWqqpBYGbWS7HCeYJsuEfAQpX8.jpg
19287,https://image.tmdb.org/t/p/w500/2nt0095grCSepz6xU24a5yP5mwc.jpg
1379,https://image.tmdb.org/t/p/w500/qLs0LoxaQIfwIGsA3ZRZYSzfYkA.jpg
9792,https://image.tmdb.org/t/p/w500/2eJL1Ccr1FN3dm9OSDwyd8uaX1b.jpg
10067,https://image.tmdb.org/t/p/w500/tGX3YyPaYMbjiRwR5PjRsJW7GtM.jpg
35555,https://image.tmdb.org/t/p/w500/hsFJ2DACY37jwb2huAvyQ9BFVj4.jpg
582,https://image.tmdb.org/t/p/w500/cVUDMnskSc01rdbyH0tLATTJUdP.jpg
37939,https://image.tmdb.org/t/p/w500/dWHa0JT3Syj6WbiwpXBbZMHoKEv.jpg
12763,https://image.tmdb.org/t/p/w500/vkGSs0eeOOISEe9jddBZnRSkn46.jpg
13222,https://image.tmdb.org/t/p/w500/eGZjXsIRmt5oH1jyqv3c0WicdmS.jpg
1561,https://image.tmdb.org/t/p/w500/raizDhYcnFXwIiQNSrJi3rY4Jhn.jpg
186,https://image.tmdb.org/t/p/w500/x21s3p5wPww534nYj1cWakTcqz4.jpg
219,https://image.tmdb.org/t/p/w500/m1ZUDGTFtVGE3zjTvF8OiQ9um5e.jpg
13751,https://image.tmdb.org/t/p/w500/tLejxaLJu8Qh5F2VKacWniMSZ3v.jpg
53961,https://image.tmdb.org/t/p/w500/x6NXI2jvi9iKbzjjHRMtZ7mCPjB.jpg
10069,https://image.tmdb.org/t/p/w500/hsSJwroE7jugEROB8tmyxJP91Ho.jpg
3093,https://image.tmdb.org/t/p/w500/70klhSzfgEhmYCOVdsBONunbgbH.jpg
9270,https://image.tmdb.org/t/p/w500/5WVk8JpNIxepn4fpZzQeCumkOL5.jpg
28349,https://image.tmdb.org/t/p/w500/eWTxLzyIC8ISfxGMtrjnVIyFchL.jpg
10177,https://image.tmdb.org/t/p/w500/5AOA0QUqChqQGRpGOZNQ0EkhCL9.jpg
16070,https://image.tmdb.org/t/p/w500/nXo26FkBBdiEaEDzOPkrSFZC7zO.jpg
9035,https://image.tmdb.org/t/p/w500/zNlJvCY3Pz7SE09Lf4G7uPs5XFZ.jpg
9957,https://image.tmdb.org/t/p/w500/5yMPCr4qhuNg6fT538xicHaMaG7.jpg
9389,https://image.tmdb.org/t/p/w500/fTdbmjAegzFQOCPTAckPcmTpJvp.jpg
460,https://image.tmdb.org/t/p/w500/sDAVHwXZI3yMSBOqjZGtiEyfhQt.jpg
8998,https://image.tmdb.org/t/p/w500/8WdKFowmvfxmDJP5uS0Mf7kdskO.jpg
20521,https://image.tmdb.org/t/p/w500/38xnsPZiuIYMTsOXhtTIg1dUnRu.jpg
4441,https://image.tmdb.org/t/p/w500/9DvrEg2p3Hrdr1uGe0t7kRraWjl.jpg
84954,https://image.tmdb.org/t/p/w500/j4aEY255ZGw0V65DrblT0kGmnzv.jpg
11490,https://image.tmdb.org/t/p/w500/dk7ZpsVKLt2nwjQZZIde0WP4oQV.jpg
11304,https://image.tmdb.org/t/p/w500/7f95JrgW1XcioDriWJizEE7H81h.jpg
4257,https://image.tmdb.org/t/p/w500/sEqFdw1wLtY94RKCSPolsHWzn6r.jpg
2652,https://image.tmdb.org/t/p/w500/uHTmlcivbPeclEdmtuQg3zOQWPS.jpg
9526,https://image.tmdb.org/t/p/w500/7AxXWJYzrFx7LIFP3OvCPecwXGE.jpg
5820,https://image.tmdb.org/t/p/w500/wPFVeVYuFhCnnOAZZHpMROCbssE.jpg
9904,https://image.tmdb.org/t/p/w500/sxqzaOto1qyUseSg6YpIP9Su5lp.jpg
588,https://image.tmdb.org/t/p/w500/r0bEDWO2w4a43K2xTNSF284qOsc.jpg
9310,https://image.tmdb.org/t/p/w500/qwRbRvfJR7jjsaGfS741Tl3DRr7.jpg
16367,https://image.tmdb.org/t/p/w500/8EzwkItfERGB05BOKNJTJFo93Z.jpg
8982,https://image.tmdb.org/t/p/w500/uKE9BxgtT5g2pE3ZKC7MnzsAbTZ.jpg
956,https://image.tmdb.org/t/p/w500/vKGYCpmQyV9uHybWDzXuII8Los5.jpg
9530,https://image.tmdb.org/t/p/w500/eqV0JjfwcEJuK3JPZ2rsNvS1p30.jpg
9829,https://image.tmdb.org/t/p/w500/r3mdSgsnpoi4UiUufdybhjha68t.jpg
10115,https://image.tmdb.org/t/p/w500/uMcylxIC7nBpBd8Uf6Apr4MJ1pf.jpg
10008,https://image.tmdb.org/t/p/w500/5ePaCimd7cA9zYNib8WfIbWnrCf.jpg
7870,https://image.tmdb.org/t/p/w500/qgyp48naq0W7j4NbOttFi91DlYW.jpg
7518,https://image.tmdb.org/t/p/w500/jtZnymorbnHY7mOiBXR14ZDJseM.jpg
9786,https://image.tmdb.org/t/p/w500/eV6UL22Zlpsq5XybUupWh0rBOp0.jpg
503,https://image.tmdb.org/t/p/w500/1ma5b9XLCziCHzQP0Zy1Y1PqNyM.jpg
591,https://image.tmdb.org/t/p/w500/9ejKfNk0LBhSI9AahH4f9NJNZNM.jpg
36668,https://image.tmdb.org/t/p/w500/a2xicU8DpKtRizOHjQLC1JyCSRS.jpg
9767,https://image.tmdb.org/t/p/w500/ghCLIPRZNAndBoIZJ8f7lN5Mlly.jpg
13689,https://image.tmdb.org/t/p/w500/r4VQCZe3aSo7TmmsxcyLqaoMR1l.jpg
920,https://image.tmdb.org/t/p/w500/2Touk3m5gzsqr1VsvxypdyHY5ci.jpg
15402,https://image.tmdb.org/t/p/w500/jRzcb9O8WdGmJdz8EESEaBEuZZJ.jpg
80919,https://image.tmdb.org/t/p/w500/nwXLO5SWMt7xTIPhPMcM1qBZJxg.jpg
38344,https://image.tmdb.org/t/p/w500/gE2TRj270Z4KJ5tjSnhpROBwxIH.jpg
806,https://image.tmdb.org/t/p/w500/kf1Qq9b32jn4umll9qD2ue5ftnh.jpg
9353,https://image.tmdb.org/t/p/w500/kh7B91bMl2lZ0mH9WhPfaNUIEQH.jpg
2044,https://image.tmdb.org/t/p/w500/tHpc1118dYWLnHZleGhwZxRbpae.jpg
9339,https://image.tmdb.org/t/p/w500/oL0k5JA53PyoHSZqKb3cNkhwBCE.jpg
350,https://image.tmdb.org/t/p/w500/8912AsVuS7Sj915apArUFbv6F9L.jpg
58,https://image.tmdb.org/t/p/w500/lAhcKRt0ggTFkeFL95jrGQYaRXs.jpg
1819,https://image.tmdb.org/t/p/w500/rtqbg1CKR4dFdmHxmsiM3u9n71I.jpg
2295,https://image.tmdb.org/t/p/w500/cLSW0nW94XT0DmBS69ublcLfQ9c.jpg
9697,https://image.tmdb.org/t/p/w500/ddNmoSy1Jd3PBF5XDZvrrBIfrja.jpg
4474,https://image.tmdb.org/t/p/w500/vs4jcY5NQA24zFGihY2EiqEA5hI.jpg
1887,https://image.tmdb.org/t/p/w500/cybXGmv8Rjd5Os8Xml6YxMBQ0Zt.jpg
13508,https://image.tmdb.org/t/p/w500/uMamC9o5zNU9wn8fyuAo2gUCMiD.jpg
1781,https://image.tmdb.org/t/p/w500/zrYT5UHE2UIsofwkv6KK2Tsu5a.jpg
16270,https://image.tmdb.org/t/p/w500/opfsY8aUZ1GjqiZFvYzdvETzl1l.jpg
10947,https://image.tmdb.org/t/p/w500/bg1eLo2OjySRYKaTO89ZDsqUcJ4.jpg
17628,https://image.tmdb.org/t/p/w500/D9pZcSfKvUQij7x83DeIlDic1P.jpg
17741,https://image.tmdb.org/t/p/w500/xfgAKZRJz4QIflwtpY4PCeG6oon.jpg
7549,https://image.tmdb.org/t/p/w500/yKJ7rjIwOa8XvACELo9eV8IvMPb.jpg
9615,https://image.tmdb.org/t/p/w500/46xqGOwHbh2TH2avWSw3SMXph4E.jpg
9513,https://image.tmdb.org/t/p/w500/eRbG8Buz2eFylHL5uX8bTxgoNp9.jpg
20604,https://image.tmdb.org/t/p/w500/8e1q6wP5XVcjh3yLVU1WNdZnppm.jpg
31692,https://image.tmdb.org/t/p/w500/oiKWmtkGVOHR9Z49qZkkDkCeKyO.jpg
1452,https://image.tmdb.org/t/p/w500/385XwTQZDpRX2d3kxtnpiLrjBXw.jpg
7872,https://image.tmdb.org/t/p/w500/deM5htQLvRjcRkeIFtaOdd5TDrC.jpg
18191,https://image.tmdb.org/t/p/w500/2VFdGJDrl5n9WoC7d4I07hN3v5c.jpg
14474,https://image.tmdb.org/t/p/w500/4R2wqT72RApomtBnfYG4BUpyoGh.jpg
773,https://image.tmdb.org/t/p/w500/wKn7AJw730emlmzLSmJtzquwaeW.jpg
21631,https://image.tmdb.org/t/p/w500/qoNRned9ZFgc32OBXEcaBCryPjc.jpg
1164,https://image.tmdb.org/t/p/w500/cDy5iZL2C01jiT5wDSE4jOvoT52.jpg
13141,https://image.tmdb.org/t/p/w500/hPx4aELIbpf6ZRdHPmBH5h5Qs95.jpg
35199,https://image.tmdb.org/t/p/w500/xqfbn4l2fVhOGGEFLCbAjOUGrYn.jpg
15383,https://image.tmdb.org/t/p/w500/aqNZWM9bspt8zaDvVRIRiWxRVJ7.jpg
47850,https://image.tmdb.org/t/p/w500/rtspkCHNKoDJxJnozzfoPY1qAct.jpg
9072,https://image.tmdb.org/t/p/w500/9KzPw1VN0pMBnq1KIqBaLI8LAB7.jpg
9297,https://image.tmdb.org/t/p/w500/zCRPr4bkO3ae0U1134vJ39xZnAG.jpg
326,https://image.tmdb.org/t/p/w500/9wqWQ5rXQG6daMpowqwadGjI768.jpg
512,https://image.tmdb.org/t/p/w500/1nF290EoEn2rs4W9VVercKa4S5o.jpg
9718,https://image.tmdb.org/t/p/w500/3iCiTqsmJz1mO85AHzTiHNkRmb6.jpg
1593,https://image.tmdb.org/t/p/w500/pDsAAYf6Zn0yiAGJ6lYGs6hoZ4E.jpg
1852,https://image.tmdb.org/t/p/w500/bfTiVc8kxq8uRXeblV3Ct35APGu.jpg
1262,https://image.tmdb.org/t/p/w500/nCzcepubwShvZ4vbCsygQNgF2Z1.jpg
82,https://image.tmdb.org/t/p/w500/1KGD2g0wOc7WBfHc5G19reLHQxk.jpg
1402,https://image.tmdb.org/t/p/w500/lBYOKAMcxIvuk9s9hMuecB9dPBV.jpg
9293,https://image.tmdb.org/t/p/w500/l8B01BFBpIyycO2DopROessWzQU.jpg
9906,https://image.tmdb.org/t/p/w500/oFuqX0inTvbA1XAFv2x3CQnI65m.jpg
1948,https://image.tmdb.org/t/p/w500/rsKmhnvzJezjwC1Ud2Hh37oNpdQ.jpg
148,https://image.tmdb.org/t/p/w500/xtggfM8o8CtJphOrDsUqDaHDpyu.jpg
5289,https://image.tmdb.org/t/p/w500/oOQ3PS8wp5Iezqc5LChOq2S97Jl.jpg
9782,https://image.tmdb.org/t/p/w500/fNXIweKikMLedQl6Wks0PLGqn89.jpg
9762,https://image.tmdb.org/t/p/w500/fmw52kXk2kN8AQil7tgOD41gt4Q.jpg
14113,https://image.tmdb.org/t/p/w500/v4rSFmiy0v9D7qmKkaUVJn5UhZ1.jpg
21712,https://image.tmdb.org/t/p/w500/e5mV1iVcjg7nkpJrskQOnFCR4H9.jpg
7859,https://image.tmdb.org/t/p/w500/fdUCisMpTwy0oJOGwM7NrFFs400.jpg
16998,https://image.tmdb.org/t/p/w500/4xTwprpMi7KpMukbGl21CMCz4sk.jpg
11559,https://image.tmdb.org/t/p/w500/mjCRfmxg7awp5kVIM1lHR0d7S4A.jpg
1023,https://image.tmdb.org/t/p/w500/v5KtTI8uFWqOed7dL3nzAvOTCn2.jpg
10118,https://image.tmdb.org/t/p/w500/tJaTKE5kP0BQCR2hkltnr8aEpnu.jpg
9788,https://image.tmdb.org/t/p/w500/pMh1dCw5vhMATmJs0ve0OpoSVED.jpg
11689,https://image.tmdb.org/t/p/w500/z35E0qY8wkkSPIBT5ptQAyWvr8k.jpg
33813,https://image.tmdb.org/t/p/w500/fFq23ToiVg8sWiMnD4f3Fj37UHD.jpg
1491,https://image.tmdb.org/t/p/w500/1O9jUvqkHaGBMVRyOJz1AlkmALW.jpg
1165,https://image.tmdb.org/t/p/w500/v08RH5Cx9EFAQMBWQuE5jHAgHYs.jpg
9988,https://image.tmdb.org/t/p/w500/5srGbSv3zhEUjXFOZR9qHkgJO6l.jpg
11652,https://image.tmdb.org/t/p/w500/oEaUMn5POAiMLnU6hKOBKoZbDpo.jpg
13816,https://image.tmdb.org/t/p/w500/d1KW3hrGAJCsvs2GC2MCkYebD2u.jpg
15265,https://image.tmdb.org/t/p/w500/3XrEggEOEnKGi8hTOau44vcvbmV.jpg
11227,https://image.tmdb.org/t/p/w500/ojUGHGfroGRwW7jO0727txepQbC.jpg
33810,https://image.tmdb.org/t/p/w500/m88sC2iclgDCyJR4EKgoWQ3ujob.jpg
41937,https://image.tmdb.org/t/p/w500/pvv62lACM2AVxFg56FAlNSpFnEV.jpg
24055,https://image.tmdb.org/t/p/w500/fybmkedrXx02p7i6TZMl9sC5NvM.jpg
9708,https://image.tmdb.org/t/p/w500/xsHrmfgDcEk5fGhSiieKvrDuofq.jpg
1116,https://image.tmdb.org/t/p/w500/9XquDdOGrlC0EAbPoOXALqS2dDh.jpg
5072,https://image.tmdb.org/t/p/w500/yg1XRTyH5knwh3Tnij2sUV0ZZ5w.jpg
1249,https://image.tmdb.org/t/p/w500/8FgNVvJEEwRgFURiAcW7VuXwvf1.jpg
9954,https://image.tmdb.org/t/p/w500/skHRXm3m0BDp2E2uHkAWKT6OlQH.jpg
7511,https://image.tmdb.org/t/p/w500/k8Mdrwr5iv43iK8QDS49yvU7L6j.jpg
13075,https://image.tmdb.org/t/p/w500/j97X0h6JTN4owVc4le7fOUj54Rx.jpg
7512,https://image.tmdb.org/t/p/w500/q7sn0A3BkBxvzdwVFOGmJGE2vF8.jpg
1776,https://image.tmdb.org/t/p/w500/6ueSRBYaicEYvR2sFHVvptKNaxI.jpg
1963,https://image.tmdb.org/t/p/w500/nsFe9RJkYEGIjXVCLYHo8irZhXR.jpg
10846,https://image.tmdb.org/t/p/w500/i03x8Wk8b4QKMCSinKiFbCHp7OY.jpg
1381,https://image.tmdb.org/t/p/w500/4XTf8GuCVLWolubANaKkpk62YPq.jpg
15097,https://image.tmdb.org/t/p/w500/xaTVWUrPbGM4SgrLOaaWLeUEafI.jpg
300,https://image.tmdb.org/t/p/w500/8bummqwU6MV65ZJvNtKx8Y3NIEk.jpg
9676,https://image.tmdb.org/t/p/w500/bErqP8tuJ24qMPoxKhRe1S9JmUL.jpg
6948,https://image.tmdb.org/t/p/w500/lQWtLTy7xBxXx1l89sSQRfplHXm.jpg
9766,https://image.tmdb.org/t/p/w500/uwAlznw4yrBHbT3fPfTbSRy9UfG.jpg
1595,https://image.tmdb.org/t/p/w500/oK8z5rPlEjhGBiHk2OqE3bIhyol.jpg
1666,https://image.tmdb.org/t/p/w500/1ncyMxboCcnKy0GoxXfiZzVxPQj.jpg
1579,https://image.tmdb.org/t/p/w500/cRY25Q32kDNPFDkFkxAs6bgCq3L.jpg
9664,https://image.tmdb.org/t/p/w500/xezeqrrno6ytLyLrbTXRGUk4rdu.jpg
12094,https://image.tmdb.org/t/p/w500/u73V8dMqUwjtPL6gWesCE7ji9GU.jpg
1717,https://image.tmdb.org/t/p/w500/j7vfi9M0GwOvn5bywzheF7oQ7w.jpg
15624,https://image.tmdb.org/t/p/w500/5iA72q3avmveCiOtx1Uaj22pgXI.jpg
496,https://image.tmdb.org/t/p/w500/kfkyALfD4G1mlBJI1lOt2QCra4i.jpg
1417,https://image.tmdb.org/t/p/w500/s8C4whhKtDaJvMDcyiMvx3BIF5F.jpg
4643,https://image.tmdb.org/t/p/w500/zFhFjrckfmdb33VDeRykumMmebU.jpg
7484,https://image.tmdb.org/t/p/w500/w5Lctmkc1yah215Luxmci4djaiW.jpg
9842,https://image.tmdb.org/t/p/w500/3ib8zYmUr8gVrjfgHP2TQ7DPqre.jpg
1422,https://image.tmdb.org/t/p/w500/nT97ifVT2J1yMQmeq20Qblg61T.jpg
10781,https://image.tmdb.org/t/p/w500/2S0XKVZGZUnsF4DjLOyZ0C63bWO.jpg
9794,https://image.tmdb.org/t/p/w500/vfALEF9wz4CEep071iOwM5Qqd17.jpg
7510,https://image.tmdb.org/t/p/w500/pbWUFYyyZzawsYljkbIKmDxQN8Y.jpg
9895,https://image.tmdb.org/t/p/w500/s1etp9ZqcRqZVfonrdFJbQ6mgk9.jpg
8975,https://image.tmdb.org/t/p/w500/pONyvBJwHNg5CWu7mtsv4qaq75C.jpg
9672,https://image.tmdb.org/t/p/w500/cIQUn20lUQpi70W0Z7ixezQJ7gj.jpg
42236,https://image.tmdb.org/t/p/w500/ygTsnjWEUY8fbXzFWIh07eEHf3w.jpg
46774,https://image.tmdb.org/t/p/w500/iNI9wSKQd1QeXT8vnfWJi3SrtgX.jpg
10070,https://image.tmdb.org/t/p/w500/61RknsRLF5YT1gIgSCVv4qbTt8C.jpg
1440,https://image.tmdb.org/t/p/w500/xS8R1mdxQkuYxF0mJBHNKreEUKm.jpg
13364,https://image.tmdb.org/t/p/w500/4FSBT712p6OwawSqLCkloNSqMaM.jpg
1523,https://image.tmdb.org/t/p/w500/mTtgpH6UnHUtD8moRJUzfGLOZTj.jpg
14201,https://image.tmdb.org/t/p/w500/rdzIiZmJ4lCSO48cNt3rViWk3CH.jpg
1378,https://image.tmdb.org/t/p/w500/s8QBrWgpZpYrySSyTQ0xbFLPKrS.jpg
9693,https://image.tmdb.org/t/p/w500/8Xgvmx7WWc7Z9Ws9RAYk7uya2kh.jpg
1124,https://image.tmdb.org/t/p/w500/bdN3gXuIZYaJP7ftKK2sU0nPtEA.jpg
3683,https://image.tmdb.org/t/p/w500/2nkPrhf4YIyMFelfe4zdOnGRYz5.jpg
6077,https://image.tmdb.org/t/p/w500/kSpFeY6ibND9ygqSFcOzEKK0Cl.jpg
214,https://image.tmdb.org/t/p/w500/9pWlgGYoPb0QPOsQTjfDmwMdBc6.jpg
1123,https://image.tmdb.org/t/p/w500/2sgujWX2yWH7REnDI35ZZXsqPiV.jpg
21173,https://image.tmdb.org/t/p/w500/wX7DyNdbQ5B0IxykO0Phtxdun9p.jpg
11619,https://image.tmdb.org/t/p/w500/o4JlinGGDwxfmtvyUotZQdDdLA2.jpg
1427,https://image.tmdb.org/t/p/w500/2wrFrUej8ri5EpjgIkjKTAnr686.jpg
13767,https://image.tmdb.org/t/p/w500/2aGtjBH3birXp5KvZgwr1fLZXsi.jpg
27295,https://image.tmdb.org/t/p/w500/grRXYyHbkp5ckh1zyQztgXbRIJX.jpg
9726,https://image.tmdb.org/t/p/w500/2Kn73vimhOjLaPZFoI0IDUT5RtK.jpg
2152,https://image.tmdb.org/t/p/w500/7aZ8uWvCckLTbalbiqut3Vrt33c.jpg
14799,https://image.tmdb.org/t/p/w500/7mBsBmsppxHgIV0SMrdEqgsziuj.jpg
21710,https://image.tmdb.org/t/p/w500/26KoTqt7297hMcyU98hzlENhZJc.jpg
8588,https://image.tmdb.org/t/p/w500/9xC2yUgqPVvoHykYuigrxLyunya.jpg
36557,https://image.tmdb.org/t/p/w500/lMrxYKKhd4lqRzwUHAy5gcx9PSO.jpg
9836,https://image.tmdb.org/t/p/w500/za41IHkj6LnkilfTzv5B2qmthKD.jpg
9809,https://image.tmdb.org/t/p/w500/4FAieUHmV0zhCbvIgI8eGoLfDIJ.jpg
7551,https://image.tmdb.org/t/p/w500/eTX6hklzFOiEVqVukNCEedZKhix.jpg
10741,https://image.tmdb.org/t/p/w500/ea6aSTUFQopOW7kWFZB9AvMYnbs.jpg
2357,https://image.tmdb.org/t/p/w500/2MBxFTeRe4m7DC49PmIkMXMjMEO.jpg
1581,https://image.tmdb.org/t/p/w500/h1ITOpvJN3Tw4Sy60w2QTfYMvdd.jpg
7873,https://image.tmdb.org/t/p/w500/raBWBnGz2X6FQ3iUwPwYQE4FrkY.jpg
8324,https://image.tmdb.org/t/p/w500/vcRgWIj4p6FtezgZTl4YoxYbSJ7.jpg
5698,https://image.tmdb.org/t/p/w500/vEYr1sJR1dOFGXwXawpBN6hDRGF.jpg
2179,https://image.tmdb.org/t/p/w500/xv3HhK0nx288ykaQXKMI0hFrjgy.jpg
2447,https://image.tmdb.org/t/p/w500/nPqTOfunzaSYpqVM3wrauDpat2r.jpg
1372,https://image.tmdb.org/t/p/w500/vL0TSMpKWx9UGJbKdYCKREEDukF.jpg
9986,https://image.tmdb.org/t/p/w500/fU0IR5HF8KxQbZijuWKPTrY81Qv.jpg
2486,https://image.tmdb.org/t/p/w500/mNu6QLUnKqPIjRA3pgEb5dkJye6.jpg
1246,https://image.tmdb.org/t/p/w500/byBlJvZwCqgtIwrZNv0pyE974jC.jpg
18615,https://image.tmdb.org/t/p/w500/gSd9TtEPrdz39N7WO4Mrfg6eT1z.jpg
13210,https://image.tmdb.org/t/p/w500/cU2HgieUMHvCzN0PC66vk75mB61.jpg
12795,https://image.tmdb.org/t/p/w500/j8U059o7q2PG5LDxO2jyTTUBxYR.jpg
14202,https://image.tmdb.org/t/p/w500/k41IvHDLgZO2ae7RuU77wQjScIj.jpg
11170,https://image.tmdb.org/t/p/w500/5PSiExbg6Fm8MiPJOikBCOcZFnd.jpg
1247,https://image.tmdb.org/t/p/w500/qWmF0rQRPeIVQRfwQN3C9VFKsBh.jpg
1125,https://image.tmdb.org/t/p/w500/sG5JyOj8Spe13QkNJMH8b5kzQUh.jpg
1646,https://image.tmdb.org/t/p/w500/81AdeUQT99N0xPg3j6RVh0YGOTk.jpg
58923,
1730,https://image.tmdb.org/t/p/w500/1ypMcAcqTZrcxFJvERemKc6t9sX.jpg
8618,https://image.tmdb.org/t/p/w500/5VapCDIn4NBHKHIgy8QKdGAFQxF.jpg
1259,https://image.tmdb.org/t/p/w500/ieX6ZO2Kf2qjoIBXbQW5awivbhY.jpg
9053,https://image.tmdb.org/t/p/w500/gtlai95IERRDgRhPCK0WEuwCRP0.jpg
1494,https://image.tmdb.org/t/p/w500/gHkkDpfo5YnOrbVfwtDHi91BkrU.jpg
182,https://image.tmdb.org/t/p/w500/3LjHC2CWDkzoiPehf3GViujws0.jpg
1251,https://image.tmdb.org/t/p/w500/kZokxQtzMPURvijWYFuvh1fAvnv.jpg
9656,https://image.tmdb.org/t/p/w500/ggxi18MGqi0lucWvfsdYkzSdGUJ.jpg
1931,https://image.tmdb.org/t/p/w500/dald9tUbRmGQ91CUJnzaBAjjvUf.jpg
13967,https://image.tmdb.org/t/p/w500/p06pWMwePatBdElr2xYhBkMYxmS.jpg
8275,https://image.tmdb.org/t/p/w500/6CPJVJrqVjibP5Uub8yCg4FKtJi.jpg
13771,https://image.tmdb.org/t/p/w500/pY1B5ipgUkxtBN3fkJWuKAeFL2G.jpg
11578,https://image.tmdb.org/t/p/w500/DPSCKSwMYsGnu2X4w7iOGI9vHQ.jpg
11972,https://image.tmdb.org/t/p/w500/bDbzuBgsgZ5VVljMHNni3gJK9Qx.jpg
4283,https://image.tmdb.org/t/p/w500/5ou56J8FIxbIFusR9zIA9GW7zwt.jpg
7457,https://image.tmdb.org/t/p/w500/t9pirEsDxe102mSQGoDZWBbdcCD.jpg
8398,https://image.tmdb.org/t/p/w500/b3As3DylhyrL8xeGptElGnkfb42.jpg
3549,https://image.tmdb.org/t/p/w500/29t5x0Aj4cQJJC9jNR3VWS7l3JL.jpg
1265,https://image.tmdb.org/t/p/w500/3xFxGodKPMFLheS8rujFSmLfcq4.jpg
14137,https://image.tmdb.org/t/p/w500/yoB3G8yGNLHdbr4TSKZqRp7UJ72.jpg
15689,https://image.tmdb.org/t/p/w500/5PAu5iX2M0ddpkgQt3mzURhQWe2.jpg
13365,https://image.tmdb.org/t/p/w500/kRxAWWblTqTHUVNFRcEIpKpbiAH.jpg
10758,https://image.tmdb.org/t/p/w500/ux3SPTHHmJytSjWEaV7xlo9nbOZ.jpg
51863,https://image.tmdb.org/t/p/w500/2KSbxDP4wAZBkpbW2rs6CZBZJbq.jpg
13668,https://image.tmdb.org/t/p/w500/mcGvcb65JdftAHxyhxd2dxCPNOa.jpg
7516,https://image.tmdb.org/t/p/w500/nrdnN8WqvyOt8Bnl3hgWcZD6ZyM.jpg
10075,https://image.tmdb.org/t/p/w500/mzNe2RAZi19Uk1eqj8fE9oPkP1d.jpg
9760,https://image.tmdb.org/t/p/w500/l0lGJiTzU2Ce6T31DIRWv7I0kaC.jpg
9966,https://image.tmdb.org/t/p/w500/ituR560dbnV4WAFPY0jJlEenGiW.jpg
1257,https://image.tmdb.org/t/p/w500/wQtGQnr5RPnmzSfV9zUcgh8R9NX.jpg
1248,https://image.tmdb.org/t/p/w500/7FTDMQoac0uqJUquZk4KenDzLMZ.jpg
9757,https://image.tmdb.org/t/p/w500/XcZ5NzygPp54csxCnzvQKuxFL2.jpg
5206,https://image.tmdb.org/t/p/w500/rwEtK0YLHLzT13uPtXyXCHoWMwR.jpg
14761,https://image.tmdb.org/t/p/w500/gxGis0HgcLJv2MS3l01a0wuhCAI.jpg
2062,https://image.tmdb.org/t/p/w500/t3vaWRPSf6WjDSamIkKDs1iQWna.jpg
2266,https://image.tmdb.org/t/p/w500/mcke8Uvw8QDToAZQ94UGo7VU0g6.jpg
5172,https://image.tmdb.org/t/p/w500/19uGc8wW3Ert1QvMYxvnReQkFMc.jpg
9965,https://image.tmdb.org/t/p/w500/6M4YGhWZWRYQgwkPhfwgvrq52xk.jpg
37725,https://image.tmdb.org/t/p/w500/9k15RI1szgavLTLTKYgxoDASjjz.jpg
13517,https://image.tmdb.org/t/p/w500/RVAn63xJZARpMy8wGAA2LSF8DH.jpg
17266,
9828,https://image.tmdb.org/t/p/w500/h6hz8LjwyYM0jrz6pxAYicwwIrj.jpg
1250,https://image.tmdb.org/t/p/w500/d9Oan9XJJ6gRJa64Ifsgp1sXbC4.jpg
4169,https://image.tmdb.org/t/p/w500/m2iVkJPxDrrink7NiE412nFBMQj.jpg
16555,https://image.tmdb.org/t/p/w500/wWdSU5lGN9SpzMAfMIVUu7DjvVM.jpg
11172,https://image.tmdb.org/t/p/w500/qJeaucfjK3IPqISCrvTM9g3n4g2.jpg
3594,https://image.tmdb.org/t/p/w500/iPJwdvgX3I5dEw9QhDOG3hxUvMp.jpg
10090,https://image.tmdb.org/t/p/w500/l9v3nqTU4Gj2zuASGDLJX4YD8ma.jpg
7874,https://image.tmdb.org/t/p/w500/8Yv7kxsqXSe4ZHl8uJEhmsPjhAP.jpg
13393,https://image.tmdb.org/t/p/w500/dcKY23xowYTU9B1cagUdHQwsxOB.jpg
12271,https://image.tmdb.org/t/p/w500/A5Sq71054VptVUQYGdIjjim4hFn.jpg
4638,https://image.tmdb.org/t/p/w500/zPib4ukTSdXvHP9pxGkFCe34f3y.jpg
1993,https://image.tmdb.org/t/p/w500/3peLF6wBq8TGrVblBnoa2Hw8rk6.jpg
12554,https://image.tmdb.org/t/p/w500/mr3lIjSRhXGVP2o9HY3P9PX2KsH.jpg
1738,https://image.tmdb.org/t/p/w500/wtBOCJBCP0MWNjmBwjMAzbwgtTK.jpg
15163,https://image.tmdb.org/t/p/w500/zr48JEuwxcYM03NcdJU6qWMHPtq.jpg
10845,https://image.tmdb.org/t/p/w500/7Og4DxivbCk0923yViBoNj9pVz2.jpg
1949,https://image.tmdb.org/t/p/w500/6YmeO4pB7XTh8P8F960O1uA14JO.jpg
11330,https://image.tmdb.org/t/p/w500/kLBQtXaKv9LDh7ie4yIvgrv5TmD.jpg
10942,https://image.tmdb.org/t/p/w500/1eRyJK9ImrmXqSkGXVO7OlDNrYq.jpg
27040,https://image.tmdb.org/t/p/w500/pRLqidsUdxYM5pXLJ9mqm2n9U9K.jpg
11199,https://image.tmdb.org/t/p/w500/qYyPCZcpNGZwbyBo1gwdCiW5hHC.jpg
1271,https://image.tmdb.org/t/p/w500/h7Lcio0c9ohxPhSZg42eTlKIVVY.jpg
10790,https://image.tmdb.org/t/p/w500/32DhJlTTmLeaPNQeh2oHuDNRmqF.jpg
14055,https://image.tmdb.org/t/p/w500/m0NU3kgn87iNffUUDeItUXZKUKl.jpg
2267,https://image.tmdb.org/t/p/w500/jnLXcQFx4hSKDNG1P6RMz4v5jje.jpg
6691,https://image.tmdb.org/t/p/w500/x7vYt5GuWSGYwcHsFMSdAT0hGzi.jpg
1255,https://image.tmdb.org/t/p/w500/qJc9na2UN7TvKqDWkxBkocPUUjT.jpg
2977,https://image.tmdb.org/t/p/w500/yHA6JEn57MBGp2yGFgYyopJvk2O.jpg
16727,https://image.tmdb.org/t/p/w500/hxrf7HDwh0nIX4xXE06BdpEKW1V.jpg
14434,https://image.tmdb.org/t/p/w500/aUv1KxJwrdAY7ltJ38SvOWxI0n9.jpg
9963,https://image.tmdb.org/t/p/w500/vKW1XIYrIqVrbCaYj9FQDHKXR8R.jpg
14001,https://image.tmdb.org/t/p/w500/rvcUVdATIHKZt7BSSttUkKbeBXN.jpg
2355,https://image.tmdb.org/t/p/w500/b5EtDvwj2gdG1qMBLijamlLfJLB.jpg
16385,https://image.tmdb.org/t/p/w500/lBMqdt52wgU9soSD9Asq1eNx6iX.jpg
7485,https://image.tmdb.org/t/p/w500/2aWGxo1E5polpBjPvtBRkWp7qaS.jpg
9793,https://image.tmdb.org/t/p/w500/3SX2UGSmAjIZsVACpshPpKtjbDr.jpg
1273,https://image.tmdb.org/t/p/w500/4rqLBoVBjqfIrk7QJcTF06Fn1Bd.jpg
9075,https://image.tmdb.org/t/p/w500/gAUAE1WiKjcbrPjpMc99MxBR3U2.jpg
8270,https://image.tmdb.org/t/p/w500/wTYyXCoIBy2TDxetoGS4Sc0VBP1.jpg
9955,https://image.tmdb.org/t/p/w500/xmwxSvRAi6ojxk1snwHSUogmDsv.jpg
10172,https://image.tmdb.org/t/p/w500/uZ9NZh4zB80phMxo5PucFyWagjG.jpg
253768,
1683,https://image.tmdb.org/t/p/w500/o8Vl4Vxp5LBth9J6Aa3k6PAefxt.jpg
1267,https://image.tmdb.org/t/p/w500/naya0zF4kT401Sx15AtwB9vpcJr.jpg
16018,https://image.tmdb.org/t/p/w500/v0nxzzUYHrudMn32WVIYdKnxe2M.jpg
22311,https://image.tmdb.org/t/p/w500/8f7PoX7TveyKrndh3bZZcBvR55Z.jpg
1272,https://image.tmdb.org/t/p/w500/8kX6xmEwz0RpEJkeWjXTkxbOCAp.jpg
9903,https://image.tmdb.org/t/p/w500/u5KESAGmNa5NLsSbpHVUDWT4ENR.jpg
13377,https://image.tmdb.org/t/p/w500/7ir0iRuPK9OEuH569cp0nF5CJce.jpg
8271,https://image.tmdb.org/t/p/w500/je3sZZpcfPeiR4eIqBKbxomOw6d.jpg
13158,https://image.tmdb.org/t/p/w500/q3Ln4x4rv4nJsBBfukjvH2wiU28.jpg
1407,https://image.tmdb.org/t/p/w500/3b9DAONAsFRhJKu25R33PE3VwDh.jpg
6145,https://image.tmdb.org/t/p/w500/qNen8x5gaikjIg9CFihgxYcJwQe.jpg
10294,https://image.tmdb.org/t/p/w500/9I7gAKVz8dE0sc1gwW0MAhlEAH0.jpg
13067,https://image.tmdb.org/t/p/w500/qbfVeY8sE3luiRXYZTPT9rjV6p1.jpg
1268,https://image.tmdb.org/t/p/w500/bSSx9Sq6irWwN9NTQmoT9KE8kXn.jpg
9785,https://image.tmdb.org/t/p/w500/vSJloUNJSKWJzQ4RbxBFKOA2p2m.jpg
13280,https://image.tmdb.org/t/p/w500/yigEC20RnNqaXPeItmEO3RpdFdB.jpg
559,https://image.tmdb.org/t/p/w500/qFmwhVUoUSXjkKRmca5yGDEXBIj.jpg
1950,https://image.tmdb.org/t/p/w500/23jI1zZnrLlrkeGjjkBkUF4FVTf.jpg
13352,https://image.tmdb.org/t/p/w500/oN32FlZzNtTwWEqC5FEVyqtDs5V.jpg
20553,https://image.tmdb.org/t/p/w500/hUpBpbicXBUEVCHOuGAyisN10V7.jpg
13894,https://image.tmdb.org/t/p/w500/kLsTIdlsnJnPioWGiCsLFQzLdzP.jpg
14240,https://image.tmdb.org/t/p/w500/YS4Q7xHZLjZ5HvffqVDmJLjxce.jpg
13171,https://image.tmdb.org/t/p/w500/qpWQMCkLK8ocyUCKUibUfy6yFaq.jpg
4977,https://image.tmdb.org/t/p/w500/bLUUr474Go1DfeN1HLjE3rnZXBq.jpg
2269,https://image.tmdb.org/t/p/w500/c99EkthlyDtdVh0xTaKsk9PRDg1.jpg
11798,https://image.tmdb.org/t/p/w500/bmhVn89BoAAIziFklH3TusE26H0.jpg
1919,https://image.tmdb.org/t/p/w500/oyPE6i9sylR1UhTPFmniOHcQpKb.jpg
4964,https://image.tmdb.org/t/p/w500/b4OaXw2MW97VvIiZE0Sbn1NfxSh.jpg
2976,https://image.tmdb.org/t/p/w500/fgMka3HtFvI5OgW1eYdR9XpySxH.jpg
1562,https://image.tmdb.org/t/p/w500/ja8nzgtzhJq0vtX3BJcnbceIxCF.jpg
11205,https://image.tmdb.org/t/p/w500/zCii0fXuI7xzroEEG1KBJDlqu0O.jpg
36676,https://image.tmdb.org/t/p/w500/5c9aoJ1LbcAYp6cWF3rZCVtrQ1W.jpg
810,https://image.tmdb.org/t/p/w500/n4SexGGQzI26E269tfpa80MZaGV.jpg
5723,https://image.tmdb.org/t/p/w500/pNrBQVwYbdnipkBq1HXl52UIePq.jpg
285,https://image.tmdb.org/t/p/w500/jGWpG4YhpQwVmjyHEGkxEkeRf0S.jpg
12526,https://image.tmdb.org/t/p/w500/yjTmmAngldFoyDhHxNM8fHblk3O.jpg
3432,https://image.tmdb.org/t/p/w500/yYleq0qmb67Ig2ViY3hFmUOrH77.jpg
14208,https://image.tmdb.org/t/p/w500/4UxUdJUCLwirPdYzAsYg8ayKhGN.jpg
14207,https://image.tmdb.org/t/p/w500/rRGRiQiUdMqJ2nhCF2QN7qYwDMV.jpg
24200,https://image.tmdb.org/t/p/w500/20C2aywxWMvkXRP7H1mIkpJvxS7.jpg
5488,https://image.tmdb.org/t/p/w500/x48ecVD1HbfQh3KZeK6LwRgVrOl.jpg
10063,https://image.tmdb.org/t/p/w500/84wIp36RZ1zpVBoJTjwzGjZVRxD.jpg
12225,https://image.tmdb.org/t/p/w500/xghcRxElKCyHU2RqjXWZiDlLZGM.jpg
298,https://image.tmdb.org/t/p/w500/pBsZs4zYUiUTemqbikTZ76iQRaU.jpg
10832,https://image.tmdb.org/t/p/w500/wqVy00nBhJRiHvlb3lFbmg6uEjj.jpg
2241,https://image.tmdb.org/t/p/w500/lkoK4EVQiIx60a65BoR2HGpiw8g.jpg
1691,https://image.tmdb.org/t/p/w500/qB20aiY8Ah3pQikkBxm3j7jQVc8.jpg
1990,https://image.tmdb.org/t/p/w500/qdxQ8vZJoZuLqU9MXYW2vnRwhan.jpg
170261,https://image.tmdb.org/t/p/w500/zmXqrb2dalZieCdbof5qY6KQKuC.jpg
22049,https://image.tmdb.org/t/p/w500/npJt35Q36aGcTYpcg9epbwQIIkz.jpg
9408,https://image.tmdb.org/t/p/w500/lenJ0hOmlks0dyxzNJoNVQlR3qR.jpg
1979,https://image.tmdb.org/t/p/w500/f3ldtPF7SESMcyAIyIJHBLlBBkr.jpg
14043,https://image.tmdb.org/t/p/w500/a1aAZolyLFRwKhs0IWhFyTa8Z2Z.jpg
10288,https://image.tmdb.org/t/p/w500/hKUUn6f4Hxj5iqQKMlQzRqbg2yT.jpg
1991,https://image.tmdb.org/t/p/w500/vtu6H4NWnQVqEp3aanUq3hNeeot.jpg
9952,https://image.tmdb.org/t/p/w500/ymPlV2ymUBSctfRzpehFOxFmJiS.jpg
17320,https://image.tmdb.org/t/p/w500/djR3SWD7ZEs5lcrjUifaWVCG7eY.jpg
21427,https://image.tmdb.org/t/p/w500/eVP6mln9G4dOoRRrQsY55T0sHOR.jpg
11211,https://image.tmdb.org/t/p/w500/3UqEB9uR3z3BDxYFyn7YDZRLFZ6.jpg
49870,
2359,https://image.tmdb.org/t/p/w500/8PxUhW78Oy4DWZNRyUkKYmhGUaH.jpg
1988,https://image.tmdb.org/t/p/w500/xOq5LrqMvq2dL7mPs6wuRMBRmGk.jpg
3021,https://image.tmdb.org/t/p/w500/yE9MCW7ZNxSw5SC1TMqm51pMBIV.jpg
2196,https://image.tmdb.org/t/p/w500/xyTxrJnjbSJQzcbKIP6S1uqLuxy.jpg
1571,https://image.tmdb.org/t/p/w500/wplG0vWnpnzkIBDxBhTfIygqfoK.jpg
2959,https://image.tmdb.org/t/p/w500/lJbT99nN3jEe23EfQvmlSh6EQ2b.jpg
2698,https://image.tmdb.org/t/p/w500/u7BBXHcPRd8cGw6DVf2EvoGpviA.jpg
1858,https://image.tmdb.org/t/p/w500/lkZ9gqCEjzX85lKR6Jjd1uGAXNp.jpg
675,https://image.tmdb.org/t/p/w500/5aOyriWkPec0zUDxmHFP9qMmBaj.jpg
3563,https://image.tmdb.org/t/p/w500/6wjJ9EnNw4cmTSZYgnao7RpI3X.jpg
16083,https://image.tmdb.org/t/p/w500/umki3SR7dBjHPOHrJvtaq31GIzX.jpg
37292,https://image.tmdb.org/t/p/w500/n061xgOTAvJ2l06latNDF4s13FV.jpg
24582,https://image.tmdb.org/t/p/w500/bkU59j039xv2er6Y6V8PbFRcFUX.jpg
4688,https://image.tmdb.org/t/p/w500/447c8Te3DXC46rQvDEixKGO4dS6.jpg
10074,https://image.tmdb.org/t/p/w500/jRkt03dXCVKnbvcQm3ygU1cjg9Y.jpg
2270,https://image.tmdb.org/t/p/w500/7zbFmxy3DqKYL2M8Hop6uylp2Uy.jpg
35,https://image.tmdb.org/t/p/w500/gzb6P78zeFTnv9eoFYnaJ2YrZ5q.jpg
5857,https://image.tmdb.org/t/p/w500/7hz8jYHGNsNsnF0FPngxQEEVyR6.jpg
3638,https://image.tmdb.org/t/p/w500/eKqfRSf0DZ0Qey1f9ZHuZfsmXVR.jpg
8669,https://image.tmdb.org/t/p/w500/l0jr9jSIW2TYFuunPtDQ1exyjtI.jpg
2503,https://image.tmdb.org/t/p/w500/15rMz5MRXFp7CP4VxhjYw4y0FUn.jpg
54546,https://image.tmdb.org/t/p/w500/507KwY23hbOtz5UwPlrODlZsger.jpg
10795,https://image.tmdb.org/t/p/w500/fr2wEeO1H8dzx6EDfzYTRBIvZaE.jpg
8363,https://image.tmdb.org/t/p/w500/ek8e8txUyUwd2BNqj6lFEerJfbq.jpg
17350,https://image.tmdb.org/t/p/w500/1bxno5lAD6PzulewOT9joMfGPsU.jpg
5174,https://image.tmdb.org/t/p/w500/rZ7IxJlPhNNJ6Rn8z1rzsXuA70P.jpg
9703,https://image.tmdb.org/t/p/w500/k2jaEoOsTEMqSskBJm3gfcuxNEc.jpg
9750,https://image.tmdb.org/t/p/w500/obrDHxgyGcrbCpKbfsqOICeYy7S.jpg
10760,https://image.tmdb.org/t/p/w500/ce3NNmhVZY5NkUe5Y8Je8CciKqf.jpg
4349,https://image.tmdb.org/t/p/w500/29aerxnj57mwoiu2tSvddYgUR7b.jpg
13068,https://image.tmdb.org/t/p/w500/d5MfQznQKNtTsLFhw4wVXoqfk5y.jpg
14144,https://image.tmdb.org/t/p/w500/fhuhSVb3j8SShe6FhnVUAfSRg6h.jpg
4858,https://image.tmdb.org/t/p/w500/zEODKtBm9JUuylFLpsrA93Juozv.jpg
12435,https://image.tmdb.org/t/p/w500/8hX6rcxnCidaqegPCyeFm9PODBn.jpg
2082,https://image.tmdb.org/t/p/w500/cD8JrfSEI4j7WVnKM1GdiYzMoUh.jpg
11835,https://image.tmdb.org/t/p/w500/3rdEAMh4a3pc7GO6fSkJwpt7BWX.jpg
1845,https://image.tmdb.org/t/p/w500/4yf8vcgJtADTTPP0Ltq2KhqLfdE.jpg
13958,https://image.tmdb.org/t/p/w500/wACtXGiO08EBbJhqsD2nUzPsrKe.jpg
2335,https://image.tmdb.org/t/p/w500/8OoVXQo23kgMw4ooLfi2mDGVfUE.jpg
10961,https://image.tmdb.org/t/p/w500/vie8a3z219Zsw81eAsM58B6VFEn.jpg
10071,https://image.tmdb.org/t/p/w500/aAxlGB9hglPm9jFVfOPj1TWVnIK.jpg
12994,https://image.tmdb.org/t/p/w500/AkIyPzbxBnR815XNCKH5D9T4RaE.jpg
1992,https://image.tmdb.org/t/p/w500/3705GxG0RN9XDV5y9IiXKYHw1fK.jpg
5176,https://image.tmdb.org/t/p/w500/voMB69AsLnPNmtfbrBl0lbeFKDH.jpg
4141,https://image.tmdb.org/t/p/w500/hZ4p0MvSUWnCCL0IUn47UXTVPCs.jpg
13173,https://image.tmdb.org/t/p/w500/byhpbEcL1tuoNhU3x5vYF45QM8X.jpg
14786,https://image.tmdb.org/t/p/w500/4ZeKN0jnXHlyloMFba1Xe4C1ell.jpg
4347,https://image.tmdb.org/t/p/w500/hMRIyBjPzxaSXWM06se3OcNjIQa.jpg
13529,https://image.tmdb.org/t/p/w500/m60OOcOVzniybIuVxzsMORMZNME.jpg
523,https://image.tmdb.org/t/p/w500/m42xNNYk3Nxs3xmucuKjl4zSjMc.jpg
2009,https://image.tmdb.org/t/p/w500/acEtvzFPeOQwbzRWncjRLenhnKV.jpg
12901,https://image.tmdb.org/t/p/w500/vNLK1fRPHTHFfWfy63NJFDwX7MQ.jpg
4413,https://image.tmdb.org/t/p/w500/tdbOFY9ZnmOcxbNThJqGaIGCOow.jpg
6973,https://image.tmdb.org/t/p/w500/aQx5vOURCo4SD71s7BBJIozGmt3.jpg
4629,https://image.tmdb.org/t/p/w500/mLMlaEFS7KSF9YD5nNuLAQ3qFgy.jpg
15361,https://image.tmdb.org/t/p/w500/yMXs40GxPhVSqzGudmqg8Yx5LDR.jpg
5353,https://image.tmdb.org/t/p/w500/kXUfQGa7BoW856hDYAFtZLtiAAQ.jpg
2252,https://image.tmdb.org/t/p/w500/dpiJWb4NrWgcOg2rusuLhDM0hTm.jpg
30365,https://image.tmdb.org/t/p/w500/g1u0Aelw5r7sJeKrF9ssz7uBeJD.jpg
13754,https://image.tmdb.org/t/p/w500/e2x1YDuZPpQiaQS25Ego7xMZYOI.jpg
6641,https://image.tmdb.org/t/p/w500/A0bXqv83sOVBnDyFGQCDeEWb0Os.jpg
8414,https://image.tmdb.org/t/p/w500/jObPGoyEcBFB8x5j3Htabavgcxx.jpg
244797,
7737,https://image.tmdb.org/t/p/w500/6yaLr7Ymg5cvbtSVi5hHwBKx35I.jpg
13257,https://image.tmdb.org/t/p/w500/tNOovj6N2C5scr0KgND0aKT2kkd.jpg
10030,https://image.tmdb.org/t/p/w500/b2VgUoXR9iAtAf8nA0mvdTr7cOt.jpg
5915,https://image.tmdb.org/t/p/w500/jnLnLYP5pGDfri04gxtAqAvkHMw.jpg
13680,https://image.tmdb.org/t/p/w500/fcLFvIqCUrhY96mkSmr3okxaMEw.jpg
4588,https://image.tmdb.org/t/p/w500/6c1tqfJEBuIyhQC19SLlLQAUAvJ.jpg
2274,https://image.tmdb.org/t/p/w500/e7xzSPn8pTJSobjxSSpIipArfcq.jpg
9038,https://image.tmdb.org/t/p/w500/bVWM0L3DqFpNE3Yt49WjAgTQUc0.jpg
7211,https://image.tmdb.org/t/p/w500/wJkkkG4ditqNzlua0oJzoaICGiz.jpg
4538,https://image.tmdb.org/t/p/w500/oSW5OVXTulaIXcoNwJAp5YEKpbP.jpg
2001,https://image.tmdb.org/t/p/w500/rsKhSr3UNjG2DhVj2KPj0ARujez.jpg
4517,https://image.tmdb.org/t/p/w500/3bL6lLd6cyQ4JNT4ucqm4PICIVs.jpg
4566,https://image.tmdb.org/t/p/w500/hhkW4yVIGo8Bee3UITKvqOvhNMG.jpg
4520,https://image.tmdb.org/t/p/w500/y70r13kOHp7pcYToG25uwMYm562.jpg
6615,https://image.tmdb.org/t/p/w500/nkAt4a7KIPc7Fi1BhxNHhYYbe2b.jpg
4513,https://image.tmdb.org/t/p/w500/7LwSrvFA0gz1KAlcrGcinoQPene.jpg
4771,https://image.tmdb.org/t/p/w500/wZR1dvctqODqNGv6LJBEj6DQ2zK.jpg
10759,https://image.tmdb.org/t/p/w500/eY9cDrjSIzsLeMpMRJ0b6dm4oDB.jpg
14251,https://image.tmdb.org/t/p/w500/pIstBZoDPK9ryLzYk4micKKGpfQ.jpg
4512,https://image.tmdb.org/t/p/w500/2d1S6fJS80fvseg6mJE8eq5o7Kx.jpg
13197,https://image.tmdb.org/t/p/w500/2OBZth9rnSyMzZR8M0WwGj8ivDG.jpg
2011,https://image.tmdb.org/t/p/w500/aU8i2QAdTyRR1nYb36Gq51xXP8p.jpg
5708,https://image.tmdb.org/t/p/w500/jOJiaOhwrDdwqTRZvZOhbndqHGp.jpg
5951,https://image.tmdb.org/t/p/w500/9O8LgoBqOGrKXpYFQXVHOxoRNg2.jpg
15667,https://image.tmdb.org/t/p/w500/uDHwjlPWcyNEkfgOVwIz3IaUNXC.jpg
3603,https://image.tmdb.org/t/p/w500/b6Spp82Tg8rv4YUSHGWFqFbgp0q.jpg
2014,https://image.tmdb.org/t/p/w500/kqhVVpXFtOotSlK0npVaBHXUqxV.jpg
663,https://image.tmdb.org/t/p/w500/ku1QdCXOU4ckz3zxLLlis8MIJVm.jpg
15651,https://image.tmdb.org/t/p/w500/sz7ucLIEpu1KPmrBW2eB5fyqv4E.jpg
14279,https://image.tmdb.org/t/p/w500/wJiYxHp3aqFbq3LOSLK8qM6EIp8.jpg
7347,https://image.tmdb.org/t/p/w500/lwIXz785N2fXi8hsBr1IXciFlkM.jpg
5718,https://image.tmdb.org/t/p/w500/zLoa3oJ83zo9g3mV9LNCHbqO7jH.jpg
4982,https://image.tmdb.org/t/p/w500/8sV6nWuKczuXRt0C6EWoXqJAj6G.jpg
5559,https://image.tmdb.org/t/p/w500/rYBaXgvTKFS8iZC7Wr8SMomSauQ.jpg
7972,https://image.tmdb.org/t/p/w500/egIP0s1ws6fGHqTsVqVNcaEa5i2.jpg
2013,https://image.tmdb.org/t/p/w500/3MJUo4bCPai5r9zrw7nTS8sVzQ7.jpg
6977,https://image.tmdb.org/t/p/w500/bj1v6YKF8yHqA489VFfnQvOJpnc.jpg
4953,https://image.tmdb.org/t/p/w500/f0oX20YrQEiVPDH9InCQ1d3Cm66.jpg
10520,https://image.tmdb.org/t/p/w500/xWJMF9xb4OfWRU7QcOxOosgIElE.jpg
37368,https://image.tmdb.org/t/p/w500/2CHA46FqD5rQAoJZwkjxMb0EOw8.jpg
5123,https://image.tmdb.org/t/p/w500/oA6ZeICPINiS6YtD5WZeBaGVmuT.jpg
13363,https://image.tmdb.org/t/p/w500/x795RrV92JbLXh4pBSEEe62Nmv0.jpg
4515,https://image.tmdb.org/t/p/w500/rvpxNsR0n4zh40WM6MiUlkV60on.jpg
2310,https://image.tmdb.org/t/p/w500/7QsWYyJAV97N9jOh21pdRIqJeJq.jpg
4723,https://image.tmdb.org/t/p/w500/thGIvfayC2aIS6V8je6w0DmJn4z.jpg
16768,https://image.tmdb.org/t/p/w500/zpZBBYMepcCExBhAX08XfgkXdQE.jpg
24732,https://image.tmdb.org/t/p/w500/jc2mINVs86QrreRZw0tlPJp1FlC.jpg
12555,https://image.tmdb.org/t/p/w500/mwuabUjZMSg8ngHScjcKCmFO0jA.jpg
5876,https://image.tmdb.org/t/p/w500/1CvJ6diBACKPVGOpcWuY4XPQdqX.jpg
4523,https://image.tmdb.org/t/p/w500/8KCNzCArLlvLdQoHx6npua2VSVc.jpg
1620,https://image.tmdb.org/t/p/w500/h69UJOOKlrHcvhl5H2LY74N61DQ.jpg
13483,https://image.tmdb.org/t/p/w500/jIPIxaBcppLLkygko7tV5yuTIs1.jpg
2268,https://image.tmdb.org/t/p/w500/6DTH9poR8RAw859L6OuokT7z993.jpg
6479,https://image.tmdb.org/t/p/w500/fhbiz5BsGUVEZmzPP72SoPlbMz0.jpg
6477,https://image.tmdb.org/t/p/w500/vRiB9uvcD0WYp7k2pAeWz9ukpuN.jpg
7249,https://image.tmdb.org/t/p/w500/bmVE90IHvx4uXQgtbRtu4RyMWpt.jpg
13998,https://image.tmdb.org/t/p/w500/IH7wAdM6QoumtWB9CVKg4fUwYl.jpg
3902,https://image.tmdb.org/t/p/w500/bucgvB7gQqcl1m71efHkenfIMTj.jpg
8272,https://image.tmdb.org/t/p/w500/nY54gSmTOmSXlQpWDB7DWp4u8a7.jpg
13186,https://image.tmdb.org/t/p/w500/n5Re2ywnpqwAXTin8W5j3lqSwc7.jpg
6537,https://image.tmdb.org/t/p/w500/vIpi1KtHLXUOfSVC2m6MqpjSPgL.jpg
7326,https://image.tmdb.org/t/p/w500/jNIn2tVhpvFD6P9IojldI3mNYcn.jpg
33003,https://image.tmdb.org/t/p/w500/xiZqlsKTPscUCxUzGiAEC2oimnY.jpg
1989,https://image.tmdb.org/t/p/w500/w9w3m2IB9QRZXxi6R51ZamKv3HS.jpg
13348,https://image.tmdb.org/t/p/w500/s47TOnvnwfSnAflQvsBxJbOLnmP.jpg
7350,https://image.tmdb.org/t/p/w500/idbNSe8zsYKQL97dJApfOrDSdya.jpg
7979,https://image.tmdb.org/t/p/w500/dom2esWWW8C9jS2v7dOhW48LwHh.jpg
12171,https://image.tmdb.org/t/p/w500/guhprfoix4DCKnbPeVQXuF08rHt.jpg
13198,https://image.tmdb.org/t/p/w500/qModiIR60IMLP28ruGZluQOtsOj.jpg
13885,https://image.tmdb.org/t/p/w500/gAW4J1bkRjZKmFsJsIiOBASeoAp.jpg
6637,https://image.tmdb.org/t/p/w500/xxoIBbvmTj1ZttzV439jAvoovTw.jpg
7345,https://image.tmdb.org/t/p/w500/fa0RDkAlCec0STeMNAhPaF89q6U.jpg
6538,https://image.tmdb.org/t/p/w500/45FghqcdSYRWK7PsHUInaFPNd8l.jpg
440,https://image.tmdb.org/t/p/w500/jCyJN1vj8jqJJ0vNw4hDH2KlySO.jpg
6575,https://image.tmdb.org/t/p/w500/Aa1IQ4Cuin3d7qIahvPheMmR4E5.jpg
19103,https://image.tmdb.org/t/p/w500/628YkM5wHmunTdXANWgJEJYbFdf.jpg
40860,https://image.tmdb.org/t/p/w500/6HdXOlKdtB2eRawMkliz638a7vc.jpg
14118,https://image.tmdb.org/t/p/w500/w0kzH6zMTOtvEDY9LVYAQxwZx7l.jpg
54318,https://image.tmdb.org/t/p/w500/h9DV6KItNutJmrPzT1xrAO6fIzy.jpg
69315,https://image.tmdb.org/t/p/w500/tO3EoFJj0FJjKelDW5SUtquDIy2.jpg
6023,https://image.tmdb.org/t/p/w500/x6M9nlTpgpI4AOw0tMkOAVbhL5z.jpg
6557,https://image.tmdb.org/t/p/w500/rEfourJfgEyKiewwH8ZkUYt9AqE.jpg
4787,https://image.tmdb.org/t/p/w500/rZLKa5mXJzfmJsC9DFNkcpZ5vS0.jpg
7508,https://image.tmdb.org/t/p/w500/puHRt6Raovm5ujGCdwLWvRv4NHU.jpg
5259,https://image.tmdb.org/t/p/w500/gZPUNtSWnn23Zd88wxL5xzqYYqy.jpg
8329,https://image.tmdb.org/t/p/w500/5XsVGgo8I12v3KlPcD0r1CNHMC6.jpg
2312,https://image.tmdb.org/t/p/w500/bbN1lmDk1PT0GsTFCy179sk5nIF.jpg
7191,https://image.tmdb.org/t/p/w500/qIegUGJqyMMCRjkKV1s7A9MqdJ8.jpg
11908,https://image.tmdb.org/t/p/w500/lkh3Fwruds78feXfP1Zb9kBLydL.jpg
41845,https://image.tmdb.org/t/p/w500/qp9OdVRSzol2kFo4I8VDzQnfBCn.jpg
25078,https://image.tmdb.org/t/p/w500/dXhfVOIg5DlDrBYbnUp5DtJwxC6.jpg
14069,https://image.tmdb.org/t/p/w500/xHnlWM8BmqY419YUccYy2KC5Jqo.jpg
14423,https://image.tmdb.org/t/p/w500/9l0sdc7ohLe6TdFsYyCTBnVn1F8.jpg
8090,https://image.tmdb.org/t/p/w500/ySUwDRDEn01lKIMPQorpFCMLWqE.jpg
7555,https://image.tmdb.org/t/p/w500/3mInub5c8o00H7EJ1TrjAqOzIuc.jpg
7278,https://image.tmdb.org/t/p/w500/DWQOjAPvM8Kk1Qp3Xq0zae0Z6w.jpg
14220,https://image.tmdb.org/t/p/w500/6tamhOw4dSgn4lonjZyhEhIt9Wm.jpg
13059,https://image.tmdb.org/t/p/w500/qRs8osQJZLItwQER2bzuuK9A0sp.jpg
11253,https://image.tmdb.org/t/p/w500/zO0Wdrxnhx3KoJEvychSmnY3urC.jpg
8321,https://image.tmdb.org/t/p/w500/jMiBBqk72VRo1Y39x2ZbbenEU3a.jpg
53094,
13054,https://image.tmdb.org/t/p/w500/k8lbsM0Nl0c1Qp7NnARWjS6TTRA.jpg
13121,https://image.tmdb.org/t/p/w500/p7OIPkN2LOBprQxQx7EZBa6m6W4.jpg
8676,https://image.tmdb.org/t/p/w500/5pIqVNmWJ87K5dk9tE01o6gknZJ.jpg
8247,https://image.tmdb.org/t/p/w500/3pPZ9JhNz3VMmASVir5SMHvTDUU.jpg
8390,https://image.tmdb.org/t/p/w500/4FuN9nBJ7ttO4BUopJCpT6B0yhH.jpg
13641,https://image.tmdb.org/t/p/w500/hx89b5sinoXmkMNyK1PUgwjWQX4.jpg
7461,https://image.tmdb.org/t/p/w500/9xA1KaGoYQJveY3C87J41Au5Kkn.jpg
8204,https://image.tmdb.org/t/p/w500/y0zqUbwK8FWIkelnlmnRkntz9F8.jpg
8328,https://image.tmdb.org/t/p/w500/vYdlRTvA5fneB88NchV3sirzCE1.jpg
12184,https://image.tmdb.org/t/p/w500/q2lgC8mmAltWTkbqPM8n5EYF4XL.jpg
13260,https://image.tmdb.org/t/p/w500/7KJrvJf96UpkXsWVOjzCo1IbnW6.jpg
7942,https://image.tmdb.org/t/p/w500/2MZNPXJquIG8OcwajiR8YkCr7ak.jpg
13362,https://image.tmdb.org/t/p/w500/ttCOk1fQGvFJvPIJS7D8J2jOjpo.jpg
21373,https://image.tmdb.org/t/p/w500/qYYfg0EB5vkEC4QZhJ5wFZZKhj1.jpg
13493,https://image.tmdb.org/t/p/w500/8kcBMzhqW2eo058SmIKvbTbakYr.jpg
7840,https://image.tmdb.org/t/p/w500/9I7gV6wRbGnbfI3XOKjHeLMjYEo.jpg
8848,https://image.tmdb.org/t/p/w500/bfXjFTytfFTdo9WeO7lYqzkHG7g.jpg
13460,https://image.tmdb.org/t/p/w500/cKUmTyXgmhv8cMRCY9RYTKcAeTn.jpg
12222,https://image.tmdb.org/t/p/w500/6k47Z3A5zI2rxubTMwiLyIqQLLr.jpg
8461,https://image.tmdb.org/t/p/w500/2RGiR5yNmxXS8c4Qypmbqn0b63w.jpg
7862,https://image.tmdb.org/t/p/w500/Af6I9RZF0SIPeNnp8hAleGDTnKd.jpg
12246,https://image.tmdb.org/t/p/w500/wZ0yyU6BnRANXbYbDjrYI6XZFsz.jpg
16666,https://image.tmdb.org/t/p/w500/mZxKlZSaL0VvBfmiZX3dv3BKVH5.jpg
12177,https://image.tmdb.org/t/p/w500/sp8AV64ftAZCT9uWfgbCb3olGDW.jpg
13025,https://image.tmdb.org/t/p/w500/tGktSJW5dPf8QIjmcqum4KOEZPZ.jpg
7985,https://image.tmdb.org/t/p/w500/stsGbgMhDo3VjLLsrbeiz0fuj8d.jpg
7343,https://image.tmdb.org/t/p/w500/8x7C0WF0oJDnfdeWkuaaHj4BbqL.jpg
13016,https://image.tmdb.org/t/p/w500/4eJQJ3tvnNO7CdxXT5awnd9ovGX.jpg
14011,https://image.tmdb.org/t/p/w500/bj25ueeYNkz4e5t8oMMaAOWmwOc.jpg
14793,https://image.tmdb.org/t/p/w500/hopfH0rWbTTNYJmEb8R07f3ZUzc.jpg
14054,https://image.tmdb.org/t/p/w500/hKtht1ezc31mH1cBIHoDPmScnk9.jpg
28205,https://image.tmdb.org/t/p/w500/pXke5ubr1Wlz4F0ca0jfcVK4ZYc.jpg
155,https://image.tmdb.org/t/p/w500/qJ2tW6WMUDux911r6m7haRef0WH.jpg
8456,https://image.tmdb.org/t/p/w500/8oRUTyP1QAtGDMvRpKZyuyFPG0U.jpg
8457,https://image.tmdb.org/t/p/w500/shqO696kFnM8Z4ODa3JglcjP97u.jpg
7797,https://image.tmdb.org/t/p/w500/yG902RF45xC0IsPZkjuJZMmB5C5.jpg
8065,https://image.tmdb.org/t/p/w500/BQzE6oTStXIZ5dqjXmRIVp19YB.jpg
12890,https://image.tmdb.org/t/p/w500/igIl4RKxOEYvhQGKCvM6vCRMiVm.jpg
24411,https://image.tmdb.org/t/p/w500/gntsO8yN1xiFp1CldoJkk0jzxh7.jpg
4942,https://image.tmdb.org/t/p/w500/dl2yu8iuwG3dqbpjalm2odadRaH.jpg
14044,https://image.tmdb.org/t/p/w500/d8drBimtE0UFLlIh8BrLyk0C8Ad.jpg
36223,https://image.tmdb.org/t/p/w500/3kBangW2OBBNkqYyp48blW9cwE5.jpg
8988,https://image.tmdb.org/t/p/w500/hsmZcNzPGnZwRgCKAfIr1JngYu5.jpg
7944,https://image.tmdb.org/t/p/w500/rMVrNWWaO3xAWZHFUbeamWPzVAC.jpg
13312,https://image.tmdb.org/t/p/w500/lfzzB1ndj4IOIYIr1YA7TeE0EOa.jpg
10488,https://image.tmdb.org/t/p/w500/vhNoXDpc7T5OdmAuu8DMHLB39uo.jpg
11152,https://image.tmdb.org/t/p/w500/6HpicbiT7xmlMjQXOSCeNoLZGpf.jpg
9870,https://image.tmdb.org/t/p/w500/d4elOzyhNWVlxpG7BwigrumkFTe.jpg
11918,https://image.tmdb.org/t/p/w500/4MtvQdh5VP7jMSydhggp1P80FMj.jpg
1266,https://image.tmdb.org/t/p/w500/csXyZ1BsDBlH0PXkOFWxggEf9WF.jpg
12473,https://image.tmdb.org/t/p/w500/9XRRSD7swlYrGBhZ8vOR2yngIKZ.jpg
13335,https://image.tmdb.org/t/p/w500/gmXKlm8c8O7JEISYP4WiWq2x3We.jpg
8827,https://image.tmdb.org/t/p/w500/8yj6tkyp7dvdzkkIasX2SUmZd81.jpg
7459,https://image.tmdb.org/t/p/w500/fxRIpx9Op9h71q3tvuabx4GryyP.jpg
1729,https://image.tmdb.org/t/p/w500/z8chF1Z7hyuSVqLYTgElkQZh2VB.jpg
10503,https://image.tmdb.org/t/p/w500/9FdD4YClMPZponkvHuQOgEOaWcF.jpg
13007,https://image.tmdb.org/t/p/w500/hBv5LCbWxPB8iU77dwurSGMVZ3N.jpg
9017,https://image.tmdb.org/t/p/w500/rwWEsWV1DNCqZudEiHvk1NPeUla.jpg
25119,https://image.tmdb.org/t/p/w500/rOmmybFJBRKQXZVDEPnyaXkmomQ.jpg
13258,https://image.tmdb.org/t/p/w500/nM2LEcLYXK0zUTohQDHYJdNP6QS.jpg
14236,https://image.tmdb.org/t/p/w500/80Y1Te0aZwBoImgFo7D2PgUzQna.jpg
7861,https://image.tmdb.org/t/p/w500/i6q5j4jnfHKq9GhR4LJZKGGwrID.jpg
8780,https://image.tmdb.org/t/p/w500/xZOwucsL5NInPyFcmqJzytHkaJR.jpg
13359,https://image.tmdb.org/t/p/w500/fQgNm7DK6DxfBuSfhQSjtGZYALf.jpg
8617,https://image.tmdb.org/t/p/w500/pKSeyN02R5khphImEIpAdBjQgEP.jpg
1726,https://image.tmdb.org/t/p/w500/78lPtwv72eTNqFW9COBYI0dWDJa.jpg
10761,https://image.tmdb.org/t/p/w500/pDg8D0jNqmz7RbCBgblWvmPswHE.jpg
12400,https://image.tmdb.org/t/p/w500/tjLKe0QCGgSrvEd41Z4q2QpSoJF.jpg
8681,https://image.tmdb.org/t/p/w500/y5Va1WXDX6nZElVirPrGxf6w99B.jpg
14784,https://image.tmdb.org/t/p/w500/g3RKh7Gp2lDUnXQ0ZXq7xpdwA9e.jpg
9029,https://image.tmdb.org/t/p/w500/x3yN37OKHOzqnwa5sum8Ut4nobY.jpg
8277,https://image.tmdb.org/t/p/w500/j7eGbwVb9hTaRFWMlSa7C1OYp3T.jpg
12586,https://image.tmdb.org/t/p/w500/bNMzx71jw8OU9indcV5Hc7eE53w.jpg
2454,https://image.tmdb.org/t/p/w500/qxz3WIyjZiSKUhaTIEJ3c1GcC9z.jpg
17483,https://image.tmdb.org/t/p/w500/eYA8KiSnIAbxtoIgg4lpZjB0dfz.jpg
15356,https://image.tmdb.org/t/p/w500/dXjLp7k7ILyg22T0s9VvpPKc9jn.jpg
217,https://image.tmdb.org/t/p/w500/56As6XEM1flWvprX4LgkPl8ii4K.jpg
12808,https://image.tmdb.org/t/p/w500/tK6S01DNg0C1ObAXgb7vtwVZ5Tr.jpg
4564,https://image.tmdb.org/t/p/w500/AhNfnsGW95RKHQNLdgFH48UN0Zy.jpg
10665,https://image.tmdb.org/t/p/w500/gwsg4qFmLOvlhwXj4OZuxfFUdP0.jpg
13636,https://image.tmdb.org/t/p/w500/4sZNQ7OQgkJj7kLFx4su21yEHTB.jpg
9022,https://image.tmdb.org/t/p/w500/9t7n7K0xqw0gMvrxyhdiyqEF3W1.jpg
9502,https://image.tmdb.org/t/p/w500/wWt4JYXTg5Wr3xBW2phBrMKgp3x.jpg
14050,https://image.tmdb.org/t/p/w500/7I3WMof3AJuLkildBxpGZkuvQwj.jpg
14019,https://image.tmdb.org/t/p/w500/7VxXp2h9UtJP6XbeuQGqqbQzoE1.jpg
10661,https://image.tmdb.org/t/p/w500/gBhLQmpCPoKFMCGsulMbIFzrBID.jpg
13848,https://image.tmdb.org/t/p/w500/dEJCk1vTOaldD8hzOYY96AdFdr6.jpg
45408,https://image.tmdb.org/t/p/w500/ri2yctGQr4DPLBODZZ2Ky2yqBoL.jpg
12912,https://image.tmdb.org/t/p/w500/iP4DJqTeMMQJ3J0eyt2RjRH6NZH.jpg
14748,https://image.tmdb.org/t/p/w500/wrQQUjeiHFPvTfaaB3vtNLLZ8kv.jpg
18467,https://image.tmdb.org/t/p/w500/cyzyZ8HA2zqL9C3QrpHI7QqGr0r.jpg
8645,https://image.tmdb.org/t/p/w500/fP4nBrtmc0teSDDHzYmDE7TLQBT.jpg
1724,https://image.tmdb.org/t/p/w500/gKzYx79y0AQTL4UAk1cBQJ3nvrm.jpg
13405,https://image.tmdb.org/t/p/w500/qjmo26BnSimVjhCE97cH8VCtEUV.jpg
10681,https://image.tmdb.org/t/p/w500/hbhFnRzzg6ZDmm8YAmxBnQpQIPh.jpg
8909,https://image.tmdb.org/t/p/w500/9ajbORY7zQrdxlMF2QPfIqTLfg7.jpg
8960,https://image.tmdb.org/t/p/w500/7DyuV2G0hLEqHeueDfOqhZ2DVut.jpg
11665,https://image.tmdb.org/t/p/w500/sZUjbtUS8qxXp4mj90evnqPJqX7.jpg
13019,https://image.tmdb.org/t/p/w500/g5LhutkdYsKyDePtqrRw7c3OTce.jpg
10748,https://image.tmdb.org/t/p/w500/aOVxLigLjkix69vq6iiu0XXPnai.jpg
12889,https://image.tmdb.org/t/p/w500/ldZZ8wdVOFCN1c11O8IzT3XzV9A.jpg
8359,https://image.tmdb.org/t/p/w500/niHi0hJSryO5DpSVNCMASc3EELc.jpg
13003,https://image.tmdb.org/t/p/w500/a8cRVJTTofxF7TgCGEvC5Yr4GnC.jpg
13990,https://image.tmdb.org/t/p/w500/gmtlqHZs8YBXcpMw4BgA3SGJfg8.jpg
10842,https://image.tmdb.org/t/p/w500/ppsy2Z7z38mZsrFk1DHEaHQrimi.jpg
12172,https://image.tmdb.org/t/p/w500/tAkl9GAUQoJaQQu2dtSQdQJ5yS9.jpg
13009,https://image.tmdb.org/t/p/w500/rPD7BfQa790D4sSdKq0Nh6L0DwN.jpg
13675,https://image.tmdb.org/t/p/w500/gw7ie4W3iW8nefnZ4kuw8dgYNM2.jpg
14111,https://image.tmdb.org/t/p/w500/jHyRWich4t0CQtgHiN7nnrbcEVv.jpg
11631,https://image.tmdb.org/t/p/w500/zdUA4FNHbXPadzVOJiU0Rgn6cHR.jpg
8265,https://image.tmdb.org/t/p/w500/dfht1lGq2ALbrRkMj35dUrj5kHG.jpg
13022,https://image.tmdb.org/t/p/w500/ebpGDRa8H6jyWq6eCNbMRGnAC7r.jpg
13353,https://image.tmdb.org/t/p/w500/59wp9OWexYsxlSPHYmVLsl5xlFt.jpg
88751,https://image.tmdb.org/t/p/w500/kL55wY0s2H9JdwfjoWIp9plvYnl.jpg
11260,https://image.tmdb.org/t/p/w500/3Qfav5aVRcZmq854olMjJ795JJ2.jpg
13964,https://image.tmdb.org/t/p/w500/dUMfff95OFXNxFHzv2rKxlvWvKI.jpg
14456,https://image.tmdb.org/t/p/w500/pU4lcKfjf0U8pM036FHyoVGLev7.jpg
6687,https://image.tmdb.org/t/p/w500/dhTOda5CLp9tEdDzQZiqBTdv5lR.jpg
12914,https://image.tmdb.org/t/p/w500/1rQUvblJHU8766FatqTtCMiRhph.jpg
13183,https://image.tmdb.org/t/p/w500/aVURelN3pM56lFM7Dgfs5TixcIf.jpg
12247,https://image.tmdb.org/t/p/w500/aeIlHt28Z8KmHcKEgl4oLHpwZ8M.jpg
22100,https://image.tmdb.org/t/p/w500/pf2ZIKjlay4HHFBuZ3rh2MYjFzF.jpg
13012,https://image.tmdb.org/t/p/w500/1eYGh6DETJFXQt5PWjV8lp8YZvx.jpg
12133,https://image.tmdb.org/t/p/w500/wRR6U3K3v2iQsG3uw7ehz1ctRyT.jpg
8836,https://image.tmdb.org/t/p/w500/3zQMhutUMJP6lK49x7i2YfsOHL9.jpg
14048,https://image.tmdb.org/t/p/w500/1mS4rhIgHZcHIvf1beP9Av0Ui33.jpg
18846,https://image.tmdb.org/t/p/w500/oqnVoHW2aCOIFVHUCSxcm1XWeh9.jpg
11910,https://image.tmdb.org/t/p/w500/t6HqXGne1LkRShTot23Hhlm3z5e.jpg
12192,https://image.tmdb.org/t/p/w500/tK9DvIwAuX5AExgEZqLCnf7qy5k.jpg
16725,https://image.tmdb.org/t/p/w500/9a99MNftmHNTLIYHfKXtGdAV6oF.jpg
15865,https://image.tmdb.org/t/p/w500/tAnUU7OB6QdnmYEd0R9veXVCXBr.jpg
14061,https://image.tmdb.org/t/p/w500/uo7ZDvipL2OZu6G44hDP0sjDZ9n.jpg
43680,https://image.tmdb.org/t/p/w500/t2SSRRprMthMWngtcbLWReHUh1i.jpg
1735,https://image.tmdb.org/t/p/w500/A3acM1lX5PNWQa6r5qeMAJOxbnT.jpg
10185,https://image.tmdb.org/t/p/w500/x5YbfyUA8huK0shr008xwzNVJ5Y.jpg
10183,https://image.tmdb.org/t/p/w500/qZRcN4JLwYQWTxKlycZPLQb37mO.jpg
5038,https://image.tmdb.org/t/p/w500/ekAIg0GSbbHTH7y1GPgWj0brLTW.jpg
13851,https://image.tmdb.org/t/p/w500/3i1o0sHBP0VUpuSVmkdCRKYoDBC.jpg
13251,https://image.tmdb.org/t/p/w500/7P6fMaltpHQWXLKR76r3HNVQz8f.jpg
10189,https://image.tmdb.org/t/p/w500/6E50WjeOYjDZg9HXgPjYdGtY2jG.jpg
12289,https://image.tmdb.org/t/p/w500/eEelFTjUYJJDlwqd53VfSA8xMfj.jpg
10188,https://image.tmdb.org/t/p/w500/bAdkVOD91jCHos4163qyVu1TFua.jpg
13300,https://image.tmdb.org/t/p/w500/AjTk8NDytNT3PLD0k9NrQ2NhylH.jpg
13649,https://image.tmdb.org/t/p/w500/la2kiVWDm2vuB4APZDgCCmuBh4K.jpg
7446,https://image.tmdb.org/t/p/w500/zAurB9mNxfYRoVrVjAJJwGV3sPg.jpg
12180,https://image.tmdb.org/t/p/w500/iJQfixW818LUdSXlCDL3JZm0S0g.jpg
13107,https://image.tmdb.org/t/p/w500/2aTt7ZNocc5NoZjACTsrSUX9I62.jpg
13256,https://image.tmdb.org/t/p/w500/bp5w3FDi3tTKJUprwaZICKsOEcR.jpg
8885,https://image.tmdb.org/t/p/w500/zQaCv7lKwHsh0YSHkt1QNjIOZ1c.jpg
13310,https://image.tmdb.org/t/p/w500/7IG4WjaAOVDlLvLUkh513HSwhW8.jpg
12621,https://image.tmdb.org/t/p/w500/ljdmxGNwhuWZBsCgANlZrruFkJj.jpg
10483,https://image.tmdb.org/t/p/w500/5A79GeOb3uChQ0l0ZDjDyODKQp3.jpg
12620,https://image.tmdb.org/t/p/w500/4oGGJ824vqIqDtyMvMuK44pDEmx.jpg
10186,https://image.tmdb.org/t/p/w500/wzgFC7jOEMtf9D6CSdI7ckUMtwU.jpg
15320,https://image.tmdb.org/t/p/w500/8M8TjVNxo9Y9cEizJjtIVI3YL3T.jpg
13515,https://image.tmdb.org/t/p/w500/bt5a4ThyLpLTsia2e2ZTLzQjXO0.jpg
13637,https://image.tmdb.org/t/p/w500/6GLjfl1Atsawd5Aq83Qc4fQ9W1T.jpg
14298,https://image.tmdb.org/t/p/w500/kr5B00hkWbdMTOe43coJZ1yVhI2.jpg
4944,https://image.tmdb.org/t/p/w500/jdwSkQu3XirmX18MNj8CqFWsCk.jpg
13805,https://image.tmdb.org/t/p/w500/3J8XKUfhJiNzwobUZVtizXYPe8b.jpg
9381,https://image.tmdb.org/t/p/w500/bQqb3T0FIHOvgozzX9aygmWUbLZ.jpg
13291,https://image.tmdb.org/t/p/w500/va4Uo7L2b4d96JTdRMclO9L2hY0.jpg
14771,https://image.tmdb.org/t/p/w500/AikMOGbaKpCzHnupsdBzyacsKC2.jpg
8285,https://image.tmdb.org/t/p/w500/g9qawfzR3LWRC8r8YZ9w2yaQi5W.jpg
118309,
13184,https://image.tmdb.org/t/p/w500/iTRftxHW8i4H7ONaOiCIwEXjNDJ.jpg
38019,https://image.tmdb.org/t/p/w500/d7NsjHTppTK8KfFBJRk6J4Su6ct.jpg
14458,https://image.tmdb.org/t/p/w500/dhUA9wCbuZAdl1Nhq4bkwyZKst5.jpg
13389,https://image.tmdb.org/t/p/w500/uriFxRT3eIxGwoo4SgAeMHFfLu8.jpg
13279,https://image.tmdb.org/t/p/w500/2ThsS74hopBz0RveLgOWiwrMfE8.jpg
12797,https://image.tmdb.org/t/p/w500/b8VS14DwpLlugTxVWSllYU0Gjn5.jpg
16456,https://image.tmdb.org/t/p/w500/2ahftHGAphHmLWXEfKD81QhBkbC.jpg
12690,https://image.tmdb.org/t/p/w500/dWki39BtehfD2OiwN3SzxOkLND0.jpg
37776,https://image.tmdb.org/t/p/w500/1WEfdfwVCtfA9Ov1IZudjqOl4gW.jpg
13027,https://image.tmdb.org/t/p/w500/9KCOv0hL37IN3tWG3j86eZg3xDH.jpg
13092,https://image.tmdb.org/t/p/w500/8Xd1mO861aK2OirTbxZrODNhihW.jpg
12182,https://image.tmdb.org/t/p/w500/cndxWgZEHnSUtytrMjal97ye34E.jpg
46492,https://image.tmdb.org/t/p/w500/mzdKn2Eo5rZCV3fzBjVdxAI0KM8.jpg
8882,https://image.tmdb.org/t/p/w500/3XcCTqSovFZE5GRebJmh1kHwziw.jpg
12783,https://image.tmdb.org/t/p/w500/aGMHRsyN8Az6WuC28e9FCJOSsNR.jpg
12683,https://image.tmdb.org/t/p/w500/dGKQoqyYnleFrz3DIBANG00QccO.jpg
225130,
14976,https://image.tmdb.org/t/p/w500/bumaq3lqe4YSsq6LlYoge7e9ABk.jpg
12113,https://image.tmdb.org/t/p/w500/rNEZug6er0bIj9LVN2JaQig6oZy.jpg
13600,https://image.tmdb.org/t/p/w500/xHYxFNsl8KuT4tHai8d1Y5gJI0F.jpg
30266,https://image.tmdb.org/t/p/w500/edY5eDCC08OUKjS0k7zWUxYM9BB.jpg
13051,https://image.tmdb.org/t/p/w500/3cWnCG5NyXJYARO2hmNqfbbgrMA.jpg
10358,https://image.tmdb.org/t/p/w500/pLPa4UHlwf3tvrXKuNsiWGZOb8X.jpg
10523,https://image.tmdb.org/t/p/w500/nJm8UF4zbUYEoku9seEtz1PTJGS.jpg
13596,https://image.tmdb.org/t/p/w500/4Zn149rIsfIwBZZwIwuryRzVbon.jpg
4960,https://image.tmdb.org/t/p/w500/5UwdhrjXhUgsiDhe1dpS9z4yj7q.jpg
12837,https://image.tmdb.org/t/p/w500/m1LGEeoYfc6crbfG8WmTKg9SVqL.jpg
13948,https://image.tmdb.org/t/p/w500/uEDdzt1ZTB1BRo95gMkBytl0NqM.jpg
7735,https://image.tmdb.org/t/p/w500/vtJ4u0fpTZhibxAJHzXtcdCxhsL.jpg
76406,https://image.tmdb.org/t/p/w500/eBrrXzFRYA2AQIjNXkPA0KiEwWI.jpg
12689,https://image.tmdb.org/t/p/w500/3WLMr49X84qGiFn1pkCyhS5SEBZ.jpg
13150,https://image.tmdb.org/t/p/w500/8VZ1ABbtXqwPcc06yXbf3gj3anG.jpg
14325,https://image.tmdb.org/t/p/w500/l4bOPaxwx1WebQXTeqXzXwf9n3M.jpg
16068,https://image.tmdb.org/t/p/w500/bIhOn8xKsOQGjiNCQ8sKoQyYmNa.jpg
15289,https://image.tmdb.org/t/p/w500/vJfaGrtbugADGYdlmtI6xfWxfpB.jpg
13809,https://image.tmdb.org/t/p/w500/6mLXG2f7LBRpbZZgxsOFO5scgzd.jpg
13253,https://image.tmdb.org/t/p/w500/bx8OVOBn5WP9TJJuOpRzyMCdzzb.jpg
114796,
10527,https://image.tmdb.org/t/p/w500/agRbLOHgN46TQO4YdKR462iR7To.jpg
8338,https://image.tmdb.org/t/p/w500/deBsx5IxyqCC217j3VY24TkkE0Z.jpg
3580,https://image.tmdb.org/t/p/w500/y9Qi39dL3PceGCH8afyC7QrhbhI.jpg
20766,https://image.tmdb.org/t/p/w500/qLaXnLzqleBWQtjvZ6JGVSaKoC3.jpg
12405,https://image.tmdb.org/t/p/w500/5leCCi7ZF0CawAfM5Qo2ECKPprc.jpg
10764,https://image.tmdb.org/t/p/w500/e3DXXLJHGqMx9yYpXsql1XNljmM.jpg
15373,https://image.tmdb.org/t/p/w500/d5SatGKWi0VpO9QX0Z74zLh9i91.jpg
8938,https://image.tmdb.org/t/p/w500/6xbq2EBAOwy0V7bzd1um3sJX1jd.jpg
13672,https://image.tmdb.org/t/p/w500/8fdLq1X9n770THGtGDx2e74ETvE.jpg
42884,https://image.tmdb.org/t/p/w500/54awQrtekrsI11bKg2NwQrBHLIe.jpg
14943,https://image.tmdb.org/t/p/w500/so1E9wUAXJi9hqGRNPgoVQd7HaX.jpg
4627,https://image.tmdb.org/t/p/w500/zDg4zqjdtSJOFbcqZMGlCD4Jv2M.jpg
13655,https://image.tmdb.org/t/p/w500/7IXMqZnwccogptThay3togKIFWw.jpg
13905,
11917,https://image.tmdb.org/t/p/w500/rKl79KqLXg60KFyKsLe4wSSjQ08.jpg
13523,https://image.tmdb.org/t/p/w500/aO4swvDjqW635lesjYbytrEhBsn.jpg
22358,https://image.tmdb.org/t/p/w500/wSDxhbDj95lsE25myWgJuWYCyzI.jpg
14405,https://image.tmdb.org/t/p/w500/2aRvqtLoE06hTjG93lASvO7r1as.jpg
88435,https://image.tmdb.org/t/p/w500/m6ktiCKeUtvC7RBlgI9vK1hw5As.jpg
8841,https://image.tmdb.org/t/p/w500/8yFgK1YgfrnbsRXTg4Hko98nIUt.jpg
13220,https://image.tmdb.org/t/p/w500/7L6wgAPHtBUbJorBv5Kx8238a0h.jpg
6972,https://image.tmdb.org/t/p/w500/tFQpccGMTWe24eWxK5U9rb7tK3M.jpg
13053,https://image.tmdb.org/t/p/w500/v5aC4nrzXFGJDWY4JO1eengXzqk.jpg
10139,https://image.tmdb.org/t/p/w500/ot4ImF4b7QbS6XsTdMH3pWxNmX2.jpg
8966,https://image.tmdb.org/t/p/w500/3Gkb6jm6962ADUPaCBqzz9CTbn9.jpg
16342,https://image.tmdb.org/t/p/w500/vTyc2ahe0qq7BVBlPD3L4zAl7WU.jpg
13387,https://image.tmdb.org/t/p/w500/o4w9VF3GRZuXe9NHHvZ07pJespl.jpg
12193,https://image.tmdb.org/t/p/w500/zixj44TC7rwzpxtJAG5OzFJnEqe.jpg
14574,https://image.tmdb.org/t/p/w500/sLwYSEVVV3r047cjrpRAbGgNsfL.jpg
14438,https://image.tmdb.org/t/p/w500/hfoCG75j1YaNyfZGPg0rWy3nFmU.jpg
14248,https://image.tmdb.org/t/p/w500/mI4SPs0bZQm7bGVZKToC8KUsTd.jpg
12224,
10360,https://image.tmdb.org/t/p/w500/84HdTM39G2MzyTl8N9R0wVU9I5b.jpg
13056,https://image.tmdb.org/t/p/w500/oOvKJgYUIpfswGHAdW6159bPbvM.jpg
13394,https://image.tmdb.org/t/p/w500/xejoSLtxLNkglY5YkojlOkMHz3u.jpg
34283,https://image.tmdb.org/t/p/w500/9AAxgfwAnpBmQCspuwlMITekcsW.jpg
14447,https://image.tmdb.org/t/p/w500/egKYj3L9HMsHjHXk3tYMU0O87g8.jpg
10200,https://image.tmdb.org/t/p/w500/vBgFSYmG5tb7GsZ3tHR0WNaWaxA.jpg
8881,https://image.tmdb.org/t/p/w500/2VvYA5fgnvjAz11dCNWS68uL2CU.jpg
8880,https://image.tmdb.org/t/p/w500/fKQwwWXYQNkrZa59VbnfVy2kfoF.jpg
14359,https://image.tmdb.org/t/p/w500/9lypT2ghNuUPYVJf66oe4fKvUqI.jpg
13223,https://image.tmdb.org/t/p/w500/zUybYvxWdAJy5hhYovsXtHSWI1l.jpg
11499,https://image.tmdb.org/t/p/w500/z4cQ2mJxwPZUwVh97yX9oNsLLZQ.jpg
8055,https://image.tmdb.org/t/p/w500/r0WURbmnhgKeBpHcpDULBgRedQM.jpg
13980,https://image.tmdb.org/t/p/w500/lMsUYZq5ITW3rAqF3tB7v74KEnH.jpg
11321,https://image.tmdb.org/t/p/w500/85zUipgVy2QbvAJ6djZXYaGckMv.jpg
12163,https://image.tmdb.org/t/p/w500/6OTR8dSoNGjWohJNo3UhIGd3Tj.jpg
4922,https://image.tmdb.org/t/p/w500/26wEWZYt6yJkwRVkjcbwJEFh9IS.jpg
10201,https://image.tmdb.org/t/p/w500/16zVbgFLTUaUTG1wQHuGjfWNuDM.jpg
2253,https://image.tmdb.org/t/p/w500/8eoRtXswC8IQDsqW7iJWO56NhAv.jpg
38142,https://image.tmdb.org/t/p/w500/dFipUR6W0y3PPkuVS8gjFd929m2.jpg
34812,https://image.tmdb.org/t/p/w500/tPhCFmtnHUwKtzVY7SglwioOnGW.jpg
6936,https://image.tmdb.org/t/p/w500/azxAJ9DlfhpvlKd6jSP3cLqOM99.jpg
10202,https://image.tmdb.org/t/p/w500/rSOnWm8ahvgThYp8TKGRUTcvsyw.jpg
13973,https://image.tmdb.org/t/p/w500/7osy71os3YLiFpNYn567koOnAKZ.jpg
4148,https://image.tmdb.org/t/p/w500/lLkVzVPKeBov5lh5yaeRun1xYzS.jpg
194113,https://image.tmdb.org/t/p/w500/8iqIMjXdmmovOGcBgHygKWOK1UY.jpg
51247,
15584,https://image.tmdb.org/t/p/w500/bVJCQfIfNC01CYOVkvBOtrY1cxy.jpg
13971,https://image.tmdb.org/t/p/w500/qzlzWqPyC0LV5KaW2r6GvMwWihr.jpg
13813,https://image.tmdb.org/t/p/w500/z6yNHcQOveRuAohuejdDFQDEBSs.jpg
13180,https://image.tmdb.org/t/p/w500/4KMsapLvdQh5BV2PgpoEI2TkTWx.jpg
14306,https://image.tmdb.org/t/p/w500/pnB6hjTKylb0Ve2nUWt16gzkErr.jpg
12429,https://image.tmdb.org/t/p/w500/yp8vEZflGynlEylxEesbYasc06i.jpg
113916,https://image.tmdb.org/t/p/w500/mpt6AyISPBYesV8lFxED7PoHxZD.jpg
9795,
14756,https://image.tmdb.org/t/p/w500/ggTTUXZg7trvAhsVj3eyd65bAnh.jpg
10199,https://image.tmdb.org/t/p/w500/6bBzgQ1uJabDHeGR9QvKrHvHYzG.jpg
10521,https://image.tmdb.org/t/p/w500/eyXT8tmUoyHrg7YX1UVjmecHCWP.jpg
26235,https://image.tmdb.org/t/p/w500/oHNTGK27PG1qe2N1xM3MW7xizEc.jpg
13635,https://image.tmdb.org/t/p/w500/zCyuiyIhbhgEOZde81qTgXbO0pw.jpg
14435,https://image.tmdb.org/t/p/w500/9biIVOMTdvv4aj4a5HClmrK5EHB.jpg
13177,https://image.tmdb.org/t/p/w500/jO8tKM4mCMXpLVd5GnmlfJByghF.jpg
14139,https://image.tmdb.org/t/p/w500/zdxQRP7mzczMJBwKnv8MCPRq7rQ.jpg
16999,https://image.tmdb.org/t/p/w500/amy0JphRHY4IAscGafCsMdSF3SH.jpg
12437,https://image.tmdb.org/t/p/w500/yW9gF7rGn8EoV8B8rxOx1xjxVZf.jpg
2309,https://image.tmdb.org/t/p/w500/eXFK5aBDzUPSynAhSKMJy7xLxqE.jpg
18543,https://image.tmdb.org/t/p/w500/ql88TgCS7cA6gxts2LOKIqeQ1Ug.jpg
21029,https://image.tmdb.org/t/p/w500/9JLkd95T4E7lNWsrQt8a3YZYgPi.jpg
14560,https://image.tmdb.org/t/p/w500/A4zZv0Q1VKURFZFEl2vwjaE2q0g.jpg
14410,https://image.tmdb.org/t/p/w500/62NsZPgueSiE8y7dqtU3FSLFwYw.jpg
14254,https://image.tmdb.org/t/p/w500/1xQlzKUDLuCe3SUGIGL6K1PtldH.jpg
10529,https://image.tmdb.org/t/p/w500/nCZzrFonDkWfYkfxzsPByBY4Lvk.jpg
13510,https://image.tmdb.org/t/p/w500/tOg6ElTe1mJwaCFN0172U4oso22.jpg
14836,https://image.tmdb.org/t/p/w500/4jeFXQYytChdZYE9JYO7Un87IlW.jpg
13455,https://image.tmdb.org/t/p/w500/fHStfRjQGstuqtUz4Q22lbFU58M.jpg
4959,https://image.tmdb.org/t/p/w500/fneofXacvudxNUKyM61UtoilHRI.jpg
10184,https://image.tmdb.org/t/p/w500/jip2ap24Y6JxEgzVRyNqyYssnyR.jpg
14849,https://image.tmdb.org/t/p/w500/Ar7uTVlawrZRmLad0TrgkhxsTGP.jpg
15060,https://image.tmdb.org/t/p/w500/oL6SymcxQE6TN9KrrbdyhlulnEG.jpg
13492,https://image.tmdb.org/t/p/w500/6GISAjE0XiSucmzXIhb1tdnV2yC.jpg
4832,https://image.tmdb.org/t/p/w500/9ZQyqJhoqSXYhu27oRDqz3Tzl10.jpg
14711,https://image.tmdb.org/t/p/w500/6snrLj3Ydmbu5L9giAYtiSNwE0U.jpg
16804,https://image.tmdb.org/t/p/w500/mms4nMZuPYOyEengRxCaEk7SXMd.jpg
1961,https://image.tmdb.org/t/p/w500/et2f1JBW533ZzYiCEA2T7nwzcs1.jpg
20829,https://image.tmdb.org/t/p/w500/gEYKD5cWCBGg8Za3hhwDBk3gEsP.jpg
30508,https://image.tmdb.org/t/p/w500/oxEZwuBATJbAdS2JVrALQDnP0Cu.jpg
18884,
19255,https://image.tmdb.org/t/p/w500/bcN8sdoAPZae2Et1klD0iWRdSnZ.jpg
8832,https://image.tmdb.org/t/p/w500/g1bgM34ZGldqcGkucmaGZe4pMBu.jpg
13207,https://image.tmdb.org/t/p/w500/88wlJ4teYlck4hJ2bnlxBrAVh0m.jpg
15067,https://image.tmdb.org/t/p/w500/4CK4J61vzEteEAueNm40CEZQPGN.jpg
15159,https://image.tmdb.org/t/p/w500/aPg6iZjnBUlsmnCSGHX85T82AJ4.jpg
20421,https://image.tmdb.org/t/p/w500/q5xSS8MNmrwR3em6VB6OC3992d6.jpg
14301,
13849,https://image.tmdb.org/t/p/w500/fFmU7cQAWVAeBpSfDRRauKgtKDD.jpg
16538,https://image.tmdb.org/t/p/w500/xr4zAYsvgTzvMMiWu6qCAP9WBer.jpg
13094,https://image.tmdb.org/t/p/w500/bQuGNO5TwgGHENhVLahKcofkZe1.jpg
18781,https://image.tmdb.org/t/p/w500/dTfL0YbTa7S59vZYmWbk6UofHkI.jpg
16558,https://image.tmdb.org/t/p/w500/bWVLYz93c7l0sMHz7nDQNej8wnQ.jpg
13811,https://image.tmdb.org/t/p/w500/OG0mxQt4YaNIWiz8EKJSHe9lPh.jpg
15472,https://image.tmdb.org/t/p/w500/mf9LQGsZSSfloIKJ59pUETXdhoz.jpg
13090,https://image.tmdb.org/t/p/w500/xwtJyfme086wcz9MXpP0i5Hrgxy.jpg
15854,https://image.tmdb.org/t/p/w500/3HENPRM1tGRswyjgiIbP9b4sult.jpg
16325,https://image.tmdb.org/t/p/w500/eQgT8kdjWJots3dX5Xy11le2vHk.jpg
15512,https://image.tmdb.org/t/p/w500/hpHarddVj34j53T7NsoUGdKj4mP.jpg
6968,https://image.tmdb.org/t/p/w500/AjwdjcVorNKScu682tDATn5duoy.jpg
13161,https://image.tmdb.org/t/p/w500/zS1uUwKEFcd8ak0NTXxw97DlbAa.jpg
13808,https://image.tmdb.org/t/p/w500/niIJVD4CPvGg05AWNbLFoAcQSp4.jpg
18094,https://image.tmdb.org/t/p/w500/rDrMuFaWBKwjwEnw4C06Sm97huY.jpg
16991,https://image.tmdb.org/t/p/w500/8igojxcW1qN9VJ62MMKZDrx4D3e.jpg
16614,https://image.tmdb.org/t/p/w500/eeSJNAR1aWcgANq26KWIHm3cbyB.jpg
20048,https://image.tmdb.org/t/p/w500/r17R9OIC0pKDqqsNore6atYLCVZ.jpg
16258,https://image.tmdb.org/t/p/w500/7utgDyfae053YExAuUKcwkzUKMs.jpg
55773,https://image.tmdb.org/t/p/w500/aWpVoEuVxW6DvbRW03AAULAvB2e.jpg
13804,https://image.tmdb.org/t/p/w500/lUtVoRukW7WNtUySwd8hWlByBds.jpg
19833,https://image.tmdb.org/t/p/w500/jL6txnziFSeEifQkqnPBtaPaiXU.jpg
18947,https://image.tmdb.org/t/p/w500/l7CBRLAXUnHi0kp2krhLtlJvtWI.jpg
16996,https://image.tmdb.org/t/p/w500/yEcfFXEWpuXcfsR9nKESVCFneqV.jpg
16869,https://image.tmdb.org/t/p/w500/7sfbEnaARXDDhKm0CZ7D7uc2sbo.jpg
16995,https://image.tmdb.org/t/p/w500/mWsfeSFUM3NxWa62UrA9IIn240B.jpg
21641,https://image.tmdb.org/t/p/w500/ftlbCma6QoRiZgiflVmLuPKHrkq.jpg
15092,https://image.tmdb.org/t/p/w500/tzTC4EEvF0OPL63frEiogxL2T8M.jpg
17431,https://image.tmdb.org/t/p/w500/35IU0Mq0zFsN1mYwDGts5mKc77n.jpg
18320,https://image.tmdb.org/t/p/w500/pkt58GhSPBd7vvnZFIiu2IgbwSk.jpg
2080,https://image.tmdb.org/t/p/w500/yj8LbTju1p7CUJg7US2unSBk33s.jpg
21191,https://image.tmdb.org/t/p/w500/dubZwiGWp6TwYNGYtyGEUC7XAin.jpg
13475,https://image.tmdb.org/t/p/w500/lV5OpzAss1z06YNagOVap1I35mH.jpg
16279,https://image.tmdb.org/t/p/w500/iglKvmA7sq6Pnd6KWFnT6WW9Vpn.jpg
11160,https://image.tmdb.org/t/p/w500/oZjyq2RLgZ0ksDXDBudAqvOOwKl.jpg
15384,https://image.tmdb.org/t/p/w500/h4WZHa5K941lAthsa29g0RFJJtV.jpg
10946,https://image.tmdb.org/t/p/w500/xybnXW6E28W9agiwUeGLbTYS454.jpg
30416,https://image.tmdb.org/t/p/w500/yGrzFNyc9ztyAJejneh9734Y9Uj.jpg
15577,https://image.tmdb.org/t/p/w500/6A4WdvbWHJoIN4Y9Q5HXG8R1VYV.jpg
13448,https://image.tmdb.org/t/p/w500/tFZQAuulEOtFTp0gHbVdEXwGrYe.jpg
42738,https://image.tmdb.org/t/p/w500/zqz1tkIEXP0gfm1ePRUDtVi6bu2.jpg
14141,https://image.tmdb.org/t/p/w500/s8LMr71B3ByCm2E1U33d9uynudY.jpg
17740,https://image.tmdb.org/t/p/w500/o1wQcqOoQQF7tt1HijnmQRLjTo4.jpg
13532,https://image.tmdb.org/t/p/w500/fitksX4J3xfBjT38YgDUXOlBkHk.jpg
534,https://image.tmdb.org/t/p/w500/gw6JhlekZgtKUFlDTezq3j5JEPK.jpg
18360,https://image.tmdb.org/t/p/w500/l9yAQn6TyrA3gv5xZZkiMMoZsiw.jpg
19375,https://image.tmdb.org/t/p/w500/g59ynRRLSyBNpLul3pqd9o7WHWm.jpg
21755,https://image.tmdb.org/t/p/w500/xIz8iwzyjgWGzcIwHKpqhBs77ML.jpg
8429,https://image.tmdb.org/t/p/w500/r5IGAFASCXmp8m51vUbER3WwVcB.jpg
19955,https://image.tmdb.org/t/p/w500/jfeJwdtZpsAR6ap9kSrBg7c3bSL.jpg
17332,https://image.tmdb.org/t/p/w500/6GnFN9OTkaoeKNzd2Fbp3ZyJjKi.jpg
21832,https://image.tmdb.org/t/p/w500/lXBjqzo6c4NyLuJtqOiH39kswji.jpg
16871,https://image.tmdb.org/t/p/w500/fdyejM5Zd6dsa0YyWa02ZAKwQzK.jpg
14160,https://image.tmdb.org/t/p/w500/mFvoEwSfLqbcWwFsDjQebn9bzFe.jpg
14003,https://image.tmdb.org/t/p/w500/rcfZPWcj5pE1CHeIrcUlqFkmeOw.jpg
17927,https://image.tmdb.org/t/p/w500/1Nty5K8ybeigm6qm9cMFFAD4KpF.jpg
13975,https://image.tmdb.org/t/p/w500/gsyUJovik2t5vzPyXL5tq5VWLym.jpg
18785,https://image.tmdb.org/t/p/w500/A0uS9rHR56FeBtpjVki16M5xxSW.jpg
16164,https://image.tmdb.org/t/p/w500/ckUhio8KhGDcvFV7g34kYjVLEEW.jpg
17609,https://image.tmdb.org/t/p/w500/ge7zbYvpfsDP3luKi0iSpzOgncM.jpg
37924,https://image.tmdb.org/t/p/w500/40ntPvTqjqEJlME1AtBEzwVUPHC.jpg
27134,https://image.tmdb.org/t/p/w500/kMWuWQeysCuO4L9Ry235VsXAZZ.jpg
64968,https://image.tmdb.org/t/p/w500/6avoR3mDjg2UN5BGVrkpe5M94RF.jpg
34300,https://image.tmdb.org/t/p/w500/lv9xbTZSafdFAXLpcbfJ779nnOG.jpg
13856,https://image.tmdb.org/t/p/w500/5oGxZ9Itu8buWnB15p6sri3zh9n.jpg
14451,https://image.tmdb.org/t/p/w500/sfwVo5cZJtO8VyDWTILDt4f69IT.jpg
18162,https://image.tmdb.org/t/p/w500/hVCJzmK9l5FD01LFYAB1zcmmw7s.jpg
19724,https://image.tmdb.org/t/p/w500/lyCTP5C3raH46hJNS9WfBSnWHsG.jpg
18487,https://image.tmdb.org/t/p/w500/rEnyQiBu6goqJfvQXpUZQjpoHVp.jpg
33409,https://image.tmdb.org/t/p/w500/m4CfYBh1ZnYqZbt7ziYjHf53P4.jpg
18240,https://image.tmdb.org/t/p/w500/aEqtJDj8MvSDQwzggvcOfFTZMw.jpg
17610,https://image.tmdb.org/t/p/w500/qF573jdJYwtCbXVXPDn4xu8nW2a.jpg
27085,https://image.tmdb.org/t/p/w500/z5BQAkNpk3f4NLWH4GkKUx9wfjC.jpg
19508,https://image.tmdb.org/t/p/w500/ylbBsF1WKI0RrxfX89QFqrBPYKu.jpg
12162,https://image.tmdb.org/t/p/w500/m2duGsKjBOl3BB8uFOTnRUzdEhg.jpg
16240,https://image.tmdb.org/t/p/w500/4Awq2OLMA56LNvs7wMhOdkpyqiy.jpg
8284,https://image.tmdb.org/t/p/w500/5e4hjFt3V8LTUXPxvZ2plPpgGLk.jpg
62128,
8373,https://image.tmdb.org/t/p/w500/pLBb0whOzVDtJvyD4DPeQyQNOqp.jpg
62320,https://image.tmdb.org/t/p/w500/2Ph0vzTiORSSlYjsXLFM1OZHkI8.jpg
19265,https://image.tmdb.org/t/p/w500/upIYOZbiutCBnvejGYaZlJxxKcs.jpg
12556,https://image.tmdb.org/t/p/w500/yNn5NjNQF8m7w05Jqk2kEW2XOfU.jpg
11322,https://image.tmdb.org/t/p/w500/ezFQaPf4cOEfsl39Me0gSV29d7V.jpg
8355,https://image.tmdb.org/t/p/w500/cXOLaxcNjNAYmEx1trZxOTKhK3Q.jpg
176241,https://image.tmdb.org/t/p/w500/ofaeNnd8FJc0NiJ7cDbH2lFHLQI.jpg
24232,https://image.tmdb.org/t/p/w500/suy8pzVzf3n8Tj2cUdtJOCTAvIY.jpg
10024,https://image.tmdb.org/t/p/w500/atRGqnG7pe0hZP97RWDLrT2hRGZ.jpg
15423,https://image.tmdb.org/t/p/w500/98abrZgWTnGP0noaY2Cli7SNhVb.jpg
16440,https://image.tmdb.org/t/p/w500/vpZNACLrZC7EeZc0iCpnCsewZEO.jpg
19913,https://image.tmdb.org/t/p/w500/qXAuQ9hF30sQRsXf40OfRVl0MJZ.jpg
18480,https://image.tmdb.org/t/p/w500/wcUc7TYtsb72dHVb51sYaGIvQsr.jpg
14728,https://image.tmdb.org/t/p/w500/qzpTcjPdhmKmEYx9oJO8y4ZZLU6.jpg
767,https://image.tmdb.org/t/p/w500/z7uo9zmQdQwU5ZJHFpv2Upl30i1.jpg
67479,
14687,https://image.tmdb.org/t/p/w500/zoxl3RaZiCBmZIk3fmmw61rOV69.jpg
9592,https://image.tmdb.org/t/p/w500/6bbQxUlPTBGYSWHMshG6K2MxtSl.jpg
8054,https://image.tmdb.org/t/p/w500/DtrqQHa0wT9AWrk2WA9beROJJx.jpg
19929,https://image.tmdb.org/t/p/w500/vCcXRri6Rrb2nZ0eDXPU3JKrpaS.jpg
23720,https://image.tmdb.org/t/p/w500/y0Fkgopbb3OfslHYkAEiaDONmGl.jpg
22302,https://image.tmdb.org/t/p/w500/k0xmtct9cSseksuFKMSXxM8hfni.jpg
21208,https://image.tmdb.org/t/p/w500/lCGpOgoTOGLtZnBiGY9HRg5Xnjd.jpg
20943,https://image.tmdb.org/t/p/w500/2rq96Ihbqb1eU3TEBVtgFlqbeX7.jpg
21407,https://image.tmdb.org/t/p/w500/e33HSokiAxhj8ptpAr2xAU4jnd8.jpg
12403,https://image.tmdb.org/t/p/w500/ncuGG0hIlA03dQBJmdoT2LWgodG.jpg
17654,https://image.tmdb.org/t/p/w500/tuGlQkqLxnodDSk6mp5c2wvxUEd.jpg
24803,https://image.tmdb.org/t/p/w500/r1bFBBj3VMek0oEtgm9N51OqVjF.jpg
17335,https://image.tmdb.org/t/p/w500/x98L6eO7MsvNmXFy8TNza9UdsFI.jpg
13836,https://image.tmdb.org/t/p/w500/5RBZsOKMMxnp8L6UmOiylKOw4yo.jpg
18126,https://image.tmdb.org/t/p/w500/nZUKhfpUCFfTy24LGBHdDlK5RLx.jpg
14869,https://image.tmdb.org/t/p/w500/wEr0FAAKPjlZ63i2WuuB2ge8OWv.jpg
17134,https://image.tmdb.org/t/p/w500/7k7qhrO57sVoBLrNo5HYoTp24sT.jpg
13752,https://image.tmdb.org/t/p/w500/v9Z7CUGW1Q5L8GdGH3rY5SkU72L.jpg
40743,https://image.tmdb.org/t/p/w500/oc55E5771hhMcbKkDDQ4fuHNeNm.jpg
19422,
15137,https://image.tmdb.org/t/p/w500/pETU4GurpeEjBOM8oytMH0yNBHx.jpg
11115,https://image.tmdb.org/t/p/w500/zm1FN17vlQb3h5RdQfjPzNvDLWe.jpg
19905,https://image.tmdb.org/t/p/w500/1nEd4aLuRlAPFqUdcCYekAAjWsn.jpg
24420,https://image.tmdb.org/t/p/w500/J3ewuzQwhFro0pDpdcbZ4j7MYy.jpg
31216,https://image.tmdb.org/t/p/w500/cC33ZIJnoeC8J8C7fDoXpCXkyA3.jpg
19556,https://image.tmdb.org/t/p/w500/cWjaFmJ2pjMcWeKh00PJ3zOBMOq.jpg
19840,https://image.tmdb.org/t/p/w500/mUi6nEbo04DR1YwflbZX1RR7UwS.jpg
25183,https://image.tmdb.org/t/p/w500/rfOYFZ15ZhxKBXgazh2JHaZnoDc.jpg
19585,https://image.tmdb.org/t/p/w500/fkqcF21HKZPvCwO6BHPa3aCRaxz.jpg
41682,https://image.tmdb.org/t/p/w500/2VUr81cOU0jsZtzBs2EoVHcDJDW.jpg
11928,https://image.tmdb.org/t/p/w500/t2FKTAf9aQoRgU0Z5KTJJwBfDCF.jpg
18533,https://image.tmdb.org/t/p/w500/6diyyGIbBNiANsdIaCGtyv4IofR.jpg
22492,https://image.tmdb.org/t/p/w500/86gtHYU7vRnTBcnOu0YxdZuDGhM.jpg
23049,https://image.tmdb.org/t/p/w500/f695mVyU0LyBb99rx7zkrtFcpxR.jpg
26914,https://image.tmdb.org/t/p/w500/eFth6zw4PEInzr2Y64mYVN1zbBi.jpg
26320,https://image.tmdb.org/t/p/w500/wIdyAJCvIj3QUoNmmDdnhXpCMpp.jpg
35203,https://image.tmdb.org/t/p/w500/5foda9jN8pAM9zvKP5iFdITepWj.jpg
24150,https://image.tmdb.org/t/p/w500/vSHPM4LQDpWdQrD5KZWK6wNqSOD.jpg
25376,https://image.tmdb.org/t/p/w500/dkeAwfZzwL3WvToydE3CXiY80E0.jpg
12244,https://image.tmdb.org/t/p/w500/3uqXGOH4BQ2CLJWkDJZ0PzbUzOn.jpg
22494,https://image.tmdb.org/t/p/w500/r67KzlHkdiwe3fBWzImEkNOg1Y.jpg
37903,https://image.tmdb.org/t/p/w500/54dlnGDexrwAFlDb8HWKfmmX4LB.jpg
17445,https://image.tmdb.org/t/p/w500/ii48ohKJrDPyrGGOBVJ8XSxr5Xk.jpg
63581,https://image.tmdb.org/t/p/w500/9aTeydMIjlzZkhTl7LANlhoErPc.jpg
19898,https://image.tmdb.org/t/p/w500/mNMfa6r3pl0EzFIKEkVcxyr6Rc7.jpg
72083,https://image.tmdb.org/t/p/w500/m0cjEKCKZwcLoL3BBJrHOoQ8B9W.jpg
10313,https://image.tmdb.org/t/p/w500/5boJKypPQmgABssbKOk2RvsCnSv.jpg
17632,
19994,https://image.tmdb.org/t/p/w500/wrkjsGcFJxcQqR56kJUYAEKKg2T.jpg
11323,https://image.tmdb.org/t/p/w500/wT6uYA8RQ9tYvWUT91480LR0Dnn.jpg
12569,https://image.tmdb.org/t/p/w500/cjen0vxjybwItQPH3NNCJuME2MY.jpg
19912,https://image.tmdb.org/t/p/w500/5vxXrr1MqGsT4NNeRITpfDnl4Rq.jpg
18501,https://image.tmdb.org/t/p/w500/nA8ZVbdBsNkTqsa49ZG9na4lFuY.jpg
22794,https://image.tmdb.org/t/p/w500/qhOhIKf7QEyQ5dMrRUqs5eTX1Oq.jpg
26367,https://image.tmdb.org/t/p/w500/kl8RNyG7jokw2pTLJNwkPhsBAL9.jpg
18570,https://image.tmdb.org/t/p/w500/zdwN4o7OGAZGJw9T64lRAGTEP8b.jpg
18724,https://image.tmdb.org/t/p/w500/y661j8lD78zuV2sDGF5uc6nU7KF.jpg
22536,https://image.tmdb.org/t/p/w500/sFgvkGpXLTydvHqBCXw54OB8R0h.jpg
29963,https://image.tmdb.org/t/p/w500/csN6y4nq2kaBiegHaGw0DGp4plf.jpg
30685,https://image.tmdb.org/t/p/w500/i0nwhlyHPxz5THV3muyjZEiCFFC.jpg
23827,https://image.tmdb.org/t/p/w500/tmclkEpjeo4Zu564gf3KrwIOuKw.jpg
20178,https://image.tmdb.org/t/p/w500/1ESsZLvZPIvbCPCh7CPCSnF4EeH.jpg
25050,https://image.tmdb.org/t/p/w500/4Are9oV8HjZQWnEajk9LYFxRWom.jpg
91262,https://image.tmdb.org/t/p/w500/c5Or8lI7S3vET7rH3EtDl1cz2Lf.jpg
23128,https://image.tmdb.org/t/p/w500/miodcVtQv2YxpKjjHJWcV0EDfSP.jpg
12573,https://image.tmdb.org/t/p/w500/8Zjk3cvjkDa643NHXtdPu30gnyY.jpg
28053,https://image.tmdb.org/t/p/w500/t7LJY2LCcGRLP9E4QbwBkLpZ2W7.jpg
24869,https://image.tmdb.org/t/p/w500/9vYyX7c8gZtxuqd6SiRukRb4gRd.jpg
36800,https://image.tmdb.org/t/p/w500/oo9IJvDKUrhYS7zDimuoSJUPG79.jpg
23127,https://image.tmdb.org/t/p/w500/obOr6ir0UlLGqln6HVMa2My9ENs.jpg
23202,https://image.tmdb.org/t/p/w500/w0nmol4g7n6MFfhfphV7GzHHYjB.jpg
22798,https://image.tmdb.org/t/p/w500/nwPvNuxIhVNhBFdzMsMPu2Va608.jpg
23082,https://image.tmdb.org/t/p/w500/clP8tDZeM9jgnqmu4VBClBDpLtS.jpg
19959,https://image.tmdb.org/t/p/w500/v3Z0Hbl0oe57njrrIPh0fJPFoo.jpg
19908,https://image.tmdb.org/t/p/w500/dUkAmAyPVqubSBNRjRqCgHggZcK.jpg
18176,https://image.tmdb.org/t/p/w500/pFhPBogzWlpEbqUXTpUv6sJOeFu.jpg
24684,https://image.tmdb.org/t/p/w500/29kSosB0jW2ThaJmX6ZY1UQ1pHA.jpg
11156,https://image.tmdb.org/t/p/w500/nNpP1P2EufA6TN7fQOBeHUIVmeH.jpg
26763,https://image.tmdb.org/t/p/w500/cAld4WLIUOP2rxt79UlDqhS9HlM.jpg
19899,https://image.tmdb.org/t/p/w500/igXVSRZsNX3TZsKrQqSyEJvzHRF.jpg
21910,https://image.tmdb.org/t/p/w500/1KjIGzUho6NCE7dDJP1QyRnMRRK.jpg
16523,https://image.tmdb.org/t/p/w500/sDFV9VEjwTUWF1s5sjOllsb70jk.jpg
3513,https://image.tmdb.org/t/p/w500/vHezb1DIEB3DyBx9gp914y03yAG.jpg
12572,https://image.tmdb.org/t/p/w500/85pnbEkyGi211Rq9DmnqbNX18aK.jpg
22803,https://image.tmdb.org/t/p/w500/yPjFwyzwIwhGrQgE3RiIvAvth4l.jpg
33806,https://image.tmdb.org/t/p/w500/9RjVHr752QAaoQ1SHCx0JwnZwtY.jpg
24238,https://image.tmdb.org/t/p/w500/ebmsM382m9IClLUzKYY2U5biFwM.jpg
19918,https://image.tmdb.org/t/p/w500/hCA9jeOrVWYyK4bCO55hvDmT2Z3.jpg
24056,https://image.tmdb.org/t/p/w500/zVkPQAIoCNDc8khNjmSAiTb3lV5.jpg
30506,https://image.tmdb.org/t/p/w500/foAqdD4Xov5q09rLkj4AzRxs9aQ.jpg
2973,https://image.tmdb.org/t/p/w500/vPkUBp1XLGY7kN7jwz4ykWCvlzE.jpg
22947,https://image.tmdb.org/t/p/w500/useGH8nfwlaHK44IWEZdUYJOE2N.jpg
44338,https://image.tmdb.org/t/p/w500/4GgliKAlzR0W5Xo96nfbZjesQQD.jpg
22804,https://image.tmdb.org/t/p/w500/cT7ufx1x6OKoi3bpUCWf2eV446G.jpg
28422,https://image.tmdb.org/t/p/w500/3QSGUdzG374H7pOxIdKNBpeLEUk.jpg
24418,https://image.tmdb.org/t/p/w500/3Z2f50SKyHMWLLFH8OsV6hFoKLF.jpg
22821,https://image.tmdb.org/t/p/w500/jFHtFInp3tYIBxkwWMfNJf1RBZW.jpg
24804,https://image.tmdb.org/t/p/w500/u3oWQDz0JggzzsVlsuHY7XVxp5Y.jpg
14968,https://image.tmdb.org/t/p/w500/5iGVw8AdnUJ3xNaZ5iipfsv2e5.jpg
22820,https://image.tmdb.org/t/p/w500/eRnUC60trqoRZuAtM8M3gOFT6ED.jpg
10315,https://image.tmdb.org/t/p/w500/njbTizADSZg4PqeyJdDzZGooikv.jpg
17979,https://image.tmdb.org/t/p/w500/goHDZUnqZJ7FN4h48Qh6MzJNExl.jpg
105077,https://image.tmdb.org/t/p/w500/vwtHIRwwASCiX0Ku487DY7YZrag.jpg
4475,https://image.tmdb.org/t/p/w500/eHN6AaAcks2c8HTVaQzJKSJLp7h.jpg
24480,https://image.tmdb.org/t/p/w500/oqYX2AJV53ibLVPrUZ1Z5XlGv5U.jpg
14161,https://image.tmdb.org/t/p/w500/zaqam2RNscH5ooYFWInV6hjx6y5.jpg
25793,https://image.tmdb.org/t/p/w500/d4ltLIDbvZskSwbzXqi0Hfv5ma4.jpg
11699,https://image.tmdb.org/t/p/w500/73jnKMm8bCcV1w2ltkaeJfLZJzX.jpg
18239,https://image.tmdb.org/t/p/w500/k2qTooPlHffgNABNWxeJdGMglPK.jpg
17774,https://image.tmdb.org/t/p/w500/ot5eFU2sWOEG9IbWydNpwggBiIg.jpg
28089,https://image.tmdb.org/t/p/w500/p4fJyH7mMbasiFYwiw2nE7D6pMY.jpg
22832,https://image.tmdb.org/t/p/w500/5twFaR5A1Y9C3KAt6uy6iq332m0.jpg
33273,https://image.tmdb.org/t/p/w500/koap5B3bQHQi3yaZ39vpWR66TGP.jpg
6058,https://image.tmdb.org/t/p/w500/5lmW1yBXAHkOc533wRDEqp3jlCV.jpg
34003,https://image.tmdb.org/t/p/w500/7PRI4GFIbuLHaYvw1AZEt19riIO.jpg
25472,https://image.tmdb.org/t/p/w500/cW1cLTSVDmCFy3wmZu0qvCQX427.jpg
7445,https://image.tmdb.org/t/p/w500/skHqceAFYee0JZuYd9MVk2IQggi.jpg
18595,https://image.tmdb.org/t/p/w500/kXAgwhwMNZk49KGLF0zJO8cMZiH.jpg
22881,https://image.tmdb.org/t/p/w500/bMgq7VBriuBFknXEe9E9pVBYGZq.jpg
15400,https://image.tmdb.org/t/p/w500/b6h6HwucncSxn06sMNROJ9apLC5.jpg
22640,https://image.tmdb.org/t/p/w500/pg6649ymX3M5otI7siheMggBsz7.jpg
22949,https://image.tmdb.org/t/p/w500/u056hk3at4ukf9DWASVjogXyZfn.jpg
16866,https://image.tmdb.org/t/p/w500/x7Itcg3ZdExKwdKguy73WPEqosW.jpg
30238,https://image.tmdb.org/t/p/w500/fcRUYYyDWLJPlX7D6RPtQwdU7G2.jpg
34653,https://image.tmdb.org/t/p/w500/AvqTb66bS1i1NjlPC76zvxo0taT.jpg
7980,https://image.tmdb.org/t/p/w500/sn0iDphRxQ7I6aLd9igIgACITak.jpg
22954,https://image.tmdb.org/t/p/w500/runuhBAAX7PmdjGhqRKCyl4bh7z.jpg
10198,https://image.tmdb.org/t/p/w500/v6nAUs62OJ4DXmnnmPFeVmMz8H9.jpg
27719,https://image.tmdb.org/t/p/w500/6QBjzPscdNshlskkzw2fDXfLC1q.jpg
24438,https://image.tmdb.org/t/p/w500/zNRLfwUGKaSQEDvOKlIOLGn8qRk.jpg
174598,https://image.tmdb.org/t/p/w500/lejbiFj0Vg5bGWZSLWvvj8zSdK4.jpg
61872,
19995,https://image.tmdb.org/t/p/w500/kyeqWdyUXW608qlYkRqosgbbJyK.jpg
22897,https://image.tmdb.org/t/p/w500/bmjPrJgrGENFRrERP7lCJ9FGIVB.jpg
10528,https://image.tmdb.org/t/p/w500/fvnu6QHyR0gSV1JI6lMyXCny21a.jpg
25196,https://image.tmdb.org/t/p/w500/zwao2YMsqf27IzNEtDNWSe0W9jH.jpg
23398,https://image.tmdb.org/t/p/w500/8mdPqOga5fty15nXmaNcK1fsNMa.jpg
26123,https://image.tmdb.org/t/p/w500/hwP0GEP0zy8ar965Xaht19SmMd3.jpg
27390,https://image.tmdb.org/t/p/w500/2I7yv8T9rX1C1cBtJOrdOxoh7W3.jpg
23963,https://image.tmdb.org/t/p/w500/eGCvmv0Dmaqo9O8qckMDSIHSSZ7.jpg
22327,https://image.tmdb.org/t/p/w500/3J48x7Utjx0sdYIvjsMWnlEbxpV.jpg
19901,https://image.tmdb.org/t/p/w500/75x104UiD4G6Pxa4m1A0SBBtHol.jpg
28178,https://image.tmdb.org/t/p/w500/lsy3aEsEfYIHdLRk4dontZ4s85h.jpg
25195,https://image.tmdb.org/t/p/w500/i86hMi5iEF3WnYLCaGHdT5FPdYg.jpg
20504,https://image.tmdb.org/t/p/w500/1H1y9ZiqNFaLgQiRDDZLA55PviW.jpg
33613,https://image.tmdb.org/t/p/w500/92byRQBuuiLcfKnBi5NOuipSgV8.jpg
21575,https://image.tmdb.org/t/p/w500/x9Jb8kewBHPzjTtgCQvoQoDsy4d.jpg
25927,https://image.tmdb.org/t/p/w500/dQ7Fr2amTUigFLH55eTRlzVJL9y.jpg
24271,https://image.tmdb.org/t/p/w500/vrp0dqlp74A02YaUiwNpLElgTR0.jpg
1450,https://image.tmdb.org/t/p/w500/uzuYpbdFkNYqnBdOvhWqZxhHa5C.jpg
81895,https://image.tmdb.org/t/p/w500/hcmocdC6Rp0w6C8M4i1yvewmgNL.jpg
148435,https://image.tmdb.org/t/p/w500/Aoq5Wf508TcfoTtK6T2qoMDJMJx.jpg
20107,https://image.tmdb.org/t/p/w500/ihPJgIvFxPiDfNdTj7kNhroT8Db.jpg
21521,https://image.tmdb.org/t/p/w500/oY6wOuPmeeDoKjPdPlMwwmDCYmA.jpg
25676,https://image.tmdb.org/t/p/w500/1ViUIV1rf0WZQte0hHh74DWFLeW.jpg
25205,https://image.tmdb.org/t/p/w500/nMIDVIq7p2mcvolG93FH4Ku3aYJ.jpg
25602,https://image.tmdb.org/t/p/w500/tKjH1IQVeUmHOlxZinQdjFHkFVG.jpg
2395,https://image.tmdb.org/t/p/w500/eNB2SrqmTJLByRDq3akDzA6Z9rC.jpg
13855,https://image.tmdb.org/t/p/w500/hy49xJiKN1nakkN1ZmKuOf6vQYR.jpg
57978,https://image.tmdb.org/t/p/w500/aYeCvrkgUCylSQwmMFcqXV27WvD.jpg
13382,https://image.tmdb.org/t/p/w500/xjAElUhXuc7zFJPj3qUHjcySNsE.jpg
13358,https://image.tmdb.org/t/p/w500/cgjyUL2STLzjOGb3mXePXpNNC1O.jpg
15255,https://image.tmdb.org/t/p/w500/2gMCokqpIJoh6u5o06LlOZWsI3k.jpg
20453,https://image.tmdb.org/t/p/w500/66A9MqXOyVFCssoloscw79z8Tew.jpg
22894,https://image.tmdb.org/t/p/w500/ykocDqwg5PRUopnBVb1x1DWnEJF.jpg
23988,https://image.tmdb.org/t/p/w500/qDlmKahejt0NoQzw65tnLayEhHZ.jpg
51120,https://image.tmdb.org/t/p/w500/qCQ42aTmU4cuHwzfu8rCvYQuCyx.jpg
21453,https://image.tmdb.org/t/p/w500/aFtLwGv6pcqO72M1v5iQYZOCkZ5.jpg
13477,https://image.tmdb.org/t/p/w500/pteIGpJpgh2aUh3jMqZnomB1rw1.jpg
94706,https://image.tmdb.org/t/p/w500/wH3VuGHcf0jTzeRGLZlPfqTIHS1.jpg
26466,https://image.tmdb.org/t/p/w500/qdqAewwUsKO1x2p9rAkAOBlXeiF.jpg
8952,https://image.tmdb.org/t/p/w500/qtAuWLGQ7N4PNQ6boZeqqoUY2l9.jpg
40724,https://image.tmdb.org/t/p/w500/2n8qhm9SQph1s7njjO1kq3c6Imk.jpg
33602,https://image.tmdb.org/t/p/w500/7zcylW4oBLAaShlnUNfrtRZy3Iu.jpg
33728,https://image.tmdb.org/t/p/w500/ovXBWbk3YjOZB5cmiTvdNaDYGKu.jpg
25983,https://image.tmdb.org/t/p/w500/4abKUbc9IbsndbaY1hacN1iPM0Y.jpg
32856,https://image.tmdb.org/t/p/w500/qOTcfD2DdnOTmhH0r1TOE09VvNh.jpg
7978,https://image.tmdb.org/t/p/w500/fQqPoAHvHicie1ttuiV2q0yv9V7.jpg
11324,https://image.tmdb.org/t/p/w500/nrmXQ0zcZUL8jFLrakWc90IR8z9.jpg
13949,https://image.tmdb.org/t/p/w500/rDv38jqf3t0n4F9wGkQXBLx7wN9.jpg
24253,https://image.tmdb.org/t/p/w500/axR8YcQVUgWYhvN2UcZKhzexKsI.jpg
32657,https://image.tmdb.org/t/p/w500/brzpTyZ5bnM7s53C1KSk1TmrMO6.jpg
23742,https://image.tmdb.org/t/p/w500/qA31i7FPVDHezuoevx3497CvZd4.jpg
11439,https://image.tmdb.org/t/p/w500/rK7m2Ba0ieXa37NaAmrx4dfRvvM.jpg
26963,https://image.tmdb.org/t/p/w500/vBymyj7QsXiW4TICD2JC5pAuBHO.jpg
23172,https://image.tmdb.org/t/p/w500/nJJrceb2xHGIA0irADX0JvWSIHT.jpg
26428,https://image.tmdb.org/t/p/w500/1xsFa6I5vDd2UI1AJ1tsW7BUChv.jpg
22805,https://image.tmdb.org/t/p/w500/bzQCsmvPJU0L4tnPtQHlVliw2zn.jpg
15357,https://image.tmdb.org/t/p/w500/8okAUSzfWiudSYMXLJYBnlcILcz.jpg
18489,https://image.tmdb.org/t/p/w500/6eVleb6nkqjxUfLPRS5GwSKlA9J.jpg
19962,https://image.tmdb.org/t/p/w500/vfbWbgkF5jFOqytHIVnq2eH3Gy5.jpg
29427,https://image.tmdb.org/t/p/w500/ggtG9DZELyTtM2Y0DRJDOJa5iP8.jpg
22971,https://image.tmdb.org/t/p/w500/2lAPv2jQ5eh54l4EttA9wjDljED.jpg
45576,https://image.tmdb.org/t/p/w500/eFcySm0GE2JGw6524aSS0tRtJes.jpg
23023,https://image.tmdb.org/t/p/w500/tLg0A7fOb2NtOojEKY1DutKTrGc.jpg
20871,https://image.tmdb.org/t/p/w500/y774eGlSVZ6F82CoiDtlpM2Eskm.jpg
10664,https://image.tmdb.org/t/p/w500/fJuIhJ5s8WGNZN3wuk9d84nMjXk.jpg
17473,https://image.tmdb.org/t/p/w500/oGI3QSsY4XsmUzuNYUQBQDdjuaP.jpg
12155,https://image.tmdb.org/t/p/w500/o0kre9wRCZz3jjSjaru7QU0UtFz.jpg
40623,https://image.tmdb.org/t/p/w500/9Q1jtFU1zutKsAR9lwAl6YMkgZM.jpg
22972,https://image.tmdb.org/t/p/w500/czFIaeukSxNEccysQeys1PCkuOG.jpg
26389,https://image.tmdb.org/t/p/w500/poVoLKLxUqsTLSntA40Po2F78dZ.jpg
23488,https://image.tmdb.org/t/p/w500/uRKt8nYdy7EO4uqeKVVpZRmqrxF.jpg
27583,https://image.tmdb.org/t/p/w500/jAsN4vPpycVxC89QlA6NYBXRuK7.jpg
34016,https://image.tmdb.org/t/p/w500/mpYHjyPX0DAxbsnWKmSK5jZ1s4T.jpg
25941,https://image.tmdb.org/t/p/w500/lk9qVzvPHuL2vX9ixNut9n0KfYD.jpg
23169,https://image.tmdb.org/t/p/w500/j7umuMiLCHvWT7wYhFKJOTFSokF.jpg
15846,https://image.tmdb.org/t/p/w500/vLUjy4CiPRdbSY8ds8JtBExt2Fh.jpg
44363,https://image.tmdb.org/t/p/w500/2J3URUnDrIpNvh0uVqINQvr4HhW.jpg
26623,https://image.tmdb.org/t/p/w500/oaM0RTIkhw0lCK9JowsIvdsJ1Pn.jpg
31299,https://image.tmdb.org/t/p/w500/kXl85gEU0Cs4MrSBbcyZkJQgdGT.jpg
34563,https://image.tmdb.org/t/p/w500/zvRn8aM9lmuBbbJVJgxZl41zarB.jpg
27573,https://image.tmdb.org/t/p/w500/fJPKar0jnAsS09l3xfP6LL8sUkX.jpg
12834,https://image.tmdb.org/t/p/w500/kpKXJ6DvLSdc1BOsansl7ZWa84K.jpg
31723,https://image.tmdb.org/t/p/w500/iY1L1QuJS4PFiw3Kc5fiVBD0gJ0.jpg
32688,https://image.tmdb.org/t/p/w500/kw8MBBknqE0GO7JuP7F3QDIHLt9.jpg
31867,https://image.tmdb.org/t/p/w500/briDKf5nrLzox2zcI6pquKeqWz8.jpg
28355,https://image.tmdb.org/t/p/w500/b16EjFeHd2AwoYXWUne7DA346pU.jpg
36970,https://image.tmdb.org/t/p/w500/kIT3G7QoV1vatMCL8TAA3xnkO2V.jpg
34423,https://image.tmdb.org/t/p/w500/yX9skMoAc1JAimJFtczEif4f1jS.jpg
23048,https://image.tmdb.org/t/p/w500/wjzbVXAes1acbh6k4OO5xVfy5.jpg
30018,https://image.tmdb.org/t/p/w500/8oBnSkZE6GDVugAbLPO6uJd4GcS.jpg
10191,https://image.tmdb.org/t/p/w500/ygGmAO60t8GyqUo9xYeYxSZAR3b.jpg
21467,https://image.tmdb.org/t/p/w500/o17Qj2gT4HkU83kU6IlCH2k6jVU.jpg
27936,https://image.tmdb.org/t/p/w500/yiqooJWNDEVsp8lbdTrTBvLAk0m.jpg
18823,https://image.tmdb.org/t/p/w500/3W6QaC3Vz8UJhr6HRYuGfbNeJCs.jpg
23483,https://image.tmdb.org/t/p/w500/iHMbrTHJwocsNvo5murCBw0CwTo.jpg
35056,https://image.tmdb.org/t/p/w500/ucEWhj32KEDcFKHMWVeu8r1Q4ld.jpg
13417,https://image.tmdb.org/t/p/w500/kyMrt0RPVC8LDpdMrk1DjN6Gqdu.jpg
52903,https://image.tmdb.org/t/p/w500/e7h7G7p7teeMYAMX3YWO4FfwmEH.jpg
8980,https://image.tmdb.org/t/p/w500/tiP17WpKYLotQwg4EUs0UfmQq24.jpg
25572,https://image.tmdb.org/t/p/w500/w0vpYFhUlBh6abcGKZgU53UOOst.jpg
27586,https://image.tmdb.org/t/p/w500/aqO3jz1VaunIloF17e3LvNqIkMl.jpg
141714,
34803,https://image.tmdb.org/t/p/w500/oBCQYMJTqV3qLjrvZ5sTZUCBky7.jpg
37861,https://image.tmdb.org/t/p/w500/7LBMcAx6XHwEduIsBYipvUke9n.jpg
33217,https://image.tmdb.org/t/p/w500/iLAGiPnSuODt9cn332bkFElrRig.jpg
36443,https://image.tmdb.org/t/p/w500/iEGbmL1y8FfYdx8hstrN15IjJ7W.jpg
12411,https://image.tmdb.org/t/p/w500/xCM4H72gaXGXvJKcocAx8LKxaQC.jpg
34813,https://image.tmdb.org/t/p/w500/b9dVH0n7YnBqLmW2c5AzftxhhpH.jpg
35690,https://image.tmdb.org/t/p/w500/76twEOHXAM2oKnvZYBI5bP6GeDu.jpg
39053,https://image.tmdb.org/t/p/w500/qkJ0rB1qf62TJ6thxEVRT7Eccqn.jpg
37169,https://image.tmdb.org/t/p/w500/gMtjxIkEi0hnTV5lPHbgeZ4ZpUZ.jpg
39452,https://image.tmdb.org/t/p/w500/ruM5ehUQlHC1Kx3SF18d6klfrAx.jpg
10138,https://image.tmdb.org/t/p/w500/6WBeq4fCfn7AN0o21W9qNcRF2l9.jpg
37931,https://image.tmdb.org/t/p/w500/4WrSz0dRfq6XwJUQlYvzuhJq8hR.jpg
4180,https://image.tmdb.org/t/p/w500/3TfJL5jbyWFUOe1NB81iI8w7Gct.jpg
15877,https://image.tmdb.org/t/p/w500/bCObr03CsKOOwKysoUL5teG8wmU.jpg
34069,https://image.tmdb.org/t/p/w500/cZRLGCW5MkMJiuVOdXBcIsUMhFA.jpg
23437,https://image.tmdb.org/t/p/w500/nsmW28GcNabCUZfP5YtUEe8Li0f.jpg
37495,https://image.tmdb.org/t/p/w500/x4JzaRPXBs9wiHCe3e3ymXWuwfd.jpg
37565,https://image.tmdb.org/t/p/w500/kRNowy4kk8gKHv1ek2xFueilDpc.jpg
12219,https://image.tmdb.org/t/p/w500/whDdYx3lh1LHTN0VlPFt51fX29g.jpg
20662,https://image.tmdb.org/t/p/w500/9NS5QGOfck24yL3bZqWeW06PgPC.jpg
21245,https://image.tmdb.org/t/p/w500/6DDPRRRN27TxHiiejg2UxwjRZgf.jpg
34626,https://image.tmdb.org/t/p/w500/60Vd3zovl6XeRH8GQOsM9fwMHRO.jpg
37511,https://image.tmdb.org/t/p/w500/2V0lHZYXBXgn2Mjj7wh1PsLhBrA.jpg
36801,https://image.tmdb.org/t/p/w500/9fyzMdRX1kWd9UnceWc2Duh4eFt.jpg
46705,https://image.tmdb.org/t/p/w500/dc8BdKnDY5Iy28KzUGtHIXuqqFK.jpg
37821,https://image.tmdb.org/t/p/w500/9VB8vGV4Aznf6GUc9C7a1EzGHLz.jpg
26388,https://image.tmdb.org/t/p/w500/splPNB0vAoNlb8l5WYxz2E3FK2G.jpg
30527,https://image.tmdb.org/t/p/w500/5PUO6gBb2w1GIjEvX3nWnvhTXfJ.jpg
9543,https://image.tmdb.org/t/p/w500/34Vbk8VNMtETTOSG3jCHWwlWr1m.jpg
40247,https://image.tmdb.org/t/p/w500/kft7oy2SoImjDUXgeFbUxhICdc2.jpg
25846,https://image.tmdb.org/t/p/w500/rmXfpOSsgX7uLzScCodIZP4Kcke.jpg
198306,https://image.tmdb.org/t/p/w500/zaMDxdza6goInr1dnKdRRhIn6Aq.jpg
37786,https://image.tmdb.org/t/p/w500/iHSRxhZsPaVuLCivvV6WEkMVGWU.jpg
32823,https://image.tmdb.org/t/p/w500/6g0li87w8LIK77QRUtOkQkM6bD7.jpg
38199,https://image.tmdb.org/t/p/w500/6yQqguytl10FhImngDHV90Aqewa.jpg
34806,https://image.tmdb.org/t/p/w500/fB6PxwdydGzdq5jSWrxwSMEqSFs.jpg
37707,https://image.tmdb.org/t/p/w500/4oqaWnO3dKYAt3vZWAD4oLfOXOC.jpg
37056,https://image.tmdb.org/t/p/w500/y9DdvY1IRNS2hWLq161hmP2gXn.jpg
29917,https://image.tmdb.org/t/p/w500/i1J2zBCyOQJKsQipqJ0qXERC1Ma.jpg
20533,https://image.tmdb.org/t/p/w500/b1BLIXEe9zzaFvuWdYGoeuhuh75.jpg
34544,https://image.tmdb.org/t/p/w500/bkAWEx5g5tvRPjtDQyvIZ7LRxQm.jpg
10193,https://image.tmdb.org/t/p/w500/AbbXspMOwdvwWZgVN0nabZq03Ec.jpg
198308,https://image.tmdb.org/t/p/w500/usn3lWXpbUHCIboiS84QWilKYwq.jpg
39013,https://image.tmdb.org/t/p/w500/a0qhPkNlxLfsf5B2jFyI1Pp04XV.jpg
32068,https://image.tmdb.org/t/p/w500/m82aMr1Pcqt5t0cpSCwq5REdajY.jpg
21531,https://image.tmdb.org/t/p/w500/6jTxgTN3rS2p1DH36IsBsVpdF5e.jpg
10192,https://image.tmdb.org/t/p/w500/6HrfPZtKcGmX2tUWW3cnciZTaSD.jpg
39545,https://image.tmdb.org/t/p/w500/6UaErUBsWbqOLRaw3Dtq7QVwylf.jpg
40819,https://image.tmdb.org/t/p/w500/4LQ6kdvVJW9y0B9O4qDTsazNzER.jpg
24021,https://image.tmdb.org/t/p/w500/3mFM80dPzSqoXXuC2UMvLIRWX32.jpg
34647,https://image.tmdb.org/t/p/w500/li3Jrxo6s1gXX0zRhvgtbLfAwIl.jpg
10196,https://image.tmdb.org/t/p/w500/kl9JJ8288bNsY8oqT1SpQh1w2mb.jpg
15102,https://image.tmdb.org/t/p/w500/b8WzwCABwVRVdw14OcE6pmezJjK.jpg
76180,https://image.tmdb.org/t/p/w500/xq0MPT1lLxfznTRaAbInxWT2wfh.jpg
16023,https://image.tmdb.org/t/p/w500/eENI0WN2AAuQWfPmQupzMD6G4gV.jpg
34851,https://image.tmdb.org/t/p/w500/sx5EuckP7SBQrlMlxg0PLt282WS.jpg
37659,https://image.tmdb.org/t/p/w500/yd5X8f1mt13ETAWLI7dp0MEEZLL.jpg
20352,https://image.tmdb.org/t/p/w500/9lOloREsAhBu0pEtU0BgeR1rHyo.jpg
27205,https://image.tmdb.org/t/p/w500/oYuLEt3zVCKq57qu2F8dT7NIa6f.jpg
38365,https://image.tmdb.org/t/p/w500/ys0LscDFAuZxfUcpH5moiPeFfXs.jpg
27022,https://image.tmdb.org/t/p/w500/kffWPQfYLkjsoYEBlFpzqVoTfCV.jpg
37834,https://image.tmdb.org/t/p/w500/phhp52CZZJiGYmiOTp9ZBDkGHB3.jpg
38575,https://image.tmdb.org/t/p/w500/b1RBy3l297N0c7PHjlz35cClWju.jpg
39781,https://image.tmdb.org/t/p/w500/2O7GttRzVLoTMVxPfBkADrJXWfI.jpg
73861,https://image.tmdb.org/t/p/w500/cToUzXZ9AcUylfIt8vnXhiy6Y9m.jpg
40850,https://image.tmdb.org/t/p/w500/q3NdckfHKjXyrsRNoZyAidMf9em.jpg
40662,https://image.tmdb.org/t/p/w500/7lmHqHg1rG9b4U8MjuyQjmJ7Qm0.jpg
27576,https://image.tmdb.org/t/p/w500/ppXyhOe8UCEOrBRSYqE3SkHwrcR.jpg
39768,https://image.tmdb.org/t/p/w500/pxf7dGhwpwxe8b1itqxkkjFQac8.jpg
31011,https://image.tmdb.org/t/p/w500/qNkIONc4Rgmzo23ph7qWp9QfVnW.jpg
38778,https://image.tmdb.org/t/p/w500/djwkUFhkM81gIsI9ZZ7I6ajZAKY.jpg
36274,https://image.tmdb.org/t/p/w500/2r4WNCpwAQzekbaZwoCcOv1GJuO.jpg
25335,https://image.tmdb.org/t/p/w500/yafmxsqHx3IVqlMdoPpuvbvg3dv.jpg
37472,https://image.tmdb.org/t/p/w500/yB5v6wRhIoZxlDvCFFCQhUNezDY.jpg
38843,https://image.tmdb.org/t/p/w500/bW1YWFyocIY8DDgwOUroZG2FYNe.jpg
24122,https://image.tmdb.org/t/p/w500/pnr4sA9tn3E5Sc2qHbG3yT4m8Fv.jpg
27581,https://image.tmdb.org/t/p/w500/wNEHNqo3MgHmj3BUiPSqqq5czcm.jpg
53190,https://image.tmdb.org/t/p/w500/qYnslGb1D0JgYLQYiwPqQ2ojQDv.jpg
39414,https://image.tmdb.org/t/p/w500/wneK8G9E26FUqYo4KjPlsD0TIII.jpg
27578,https://image.tmdb.org/t/p/w500/j09ZkH6R4JWVylBcDai1laCmGw7.jpg
22538,https://image.tmdb.org/t/p/w500/g5IoYeudx9XBEfwNL0fHvSckLBz.jpg
26280,https://image.tmdb.org/t/p/w500/nB6OuDdERS95aQtoxPExXxsW3Ov.jpg
38150,https://image.tmdb.org/t/p/w500/3kRaWKYqtx9nyqcIkdTf58igzVb.jpg
43593,https://image.tmdb.org/t/p/w500/lMLS2OFBbNYMSB1ZbVp4q2S4zTU.jpg
35552,https://image.tmdb.org/t/p/w500/7OxguFgt8VoFgKsiXZQIEjpMtjt.jpg
44718,https://image.tmdb.org/t/p/w500/6uUaQ5zn9neK1VLqO2sGClbJrb9.jpg
41479,https://image.tmdb.org/t/p/w500/5YINGouZK9pmPdMPAHv158eQf3o.jpg
28609,https://image.tmdb.org/t/p/w500/ywtyEDTM2YO7qod7USNNwhrAfvA.jpg
38358,https://image.tmdb.org/t/p/w500/eOo9tgGjxdsQEgqc6g7E1NL8460.jpg
49943,https://image.tmdb.org/t/p/w500/5pWGgE8RbiaNm95PsdKd6YEOYHS.jpg
27579,https://image.tmdb.org/t/p/w500/5OEOsRaBsSxD0qBtAhus0iKDzr.jpg
14158,https://image.tmdb.org/t/p/w500/qriTT0KQvvuCs73z0LyEduw6XX.jpg
37905,https://image.tmdb.org/t/p/w500/c3sYdfCg1vz6DG4XlQRpu8baxvM.jpg
41210,https://image.tmdb.org/t/p/w500/oJdMT6RGtbvQ26Tk7EHGfG8xZ6.jpg
23631,https://image.tmdb.org/t/p/w500/dcPSm1rGEFdiEc7DaKz0t5kb66b.jpg
38073,https://image.tmdb.org/t/p/w500/tTllmSew3nsizpzWNWKUkOuANhm.jpg
35791,https://image.tmdb.org/t/p/w500/xaEHOuIkoTzHQIiex0Ys306Ky05.jpg
60678,https://image.tmdb.org/t/p/w500/dcn8Fzr4QXXr32hf7MPIdJDv3AE.jpg
37799,https://image.tmdb.org/t/p/w500/n0ybibhJtQ5icDqTp8eRytcIHJx.jpg
85692,https://image.tmdb.org/t/p/w500/wxj8qnBwBAe6JpRfIqM1jaLWewj.jpg
23168,https://image.tmdb.org/t/p/w500/3NIzyXkfylsjflRKSz8Fts3lXzm.jpg
37735,https://image.tmdb.org/t/p/w500/v5f1qO6NJnxWgONgkYg21TW39DT.jpg
38167,https://image.tmdb.org/t/p/w500/nPLoZSLqUeQV37Brm71cRQTVUuY.jpg
38568,https://image.tmdb.org/t/p/w500/4gy0rUIaaao1nx6pr1Dj1WpslcO.jpg
43939,https://image.tmdb.org/t/p/w500/h8c53OPv2miF6vzpVXQZX8jw1pJ.jpg
15179,https://image.tmdb.org/t/p/w500/zFHcajKXeiPVOArumZOqjFYDx1T.jpg
43949,https://image.tmdb.org/t/p/w500/6zDYFigohwncqFL00MKbFV01dWb.jpg
33909,https://image.tmdb.org/t/p/w500/i9DFTWbD6mpM6UT3HlzZwlA92l4.jpg
41216,https://image.tmdb.org/t/p/w500/qweKCtPdnIP2uGp1PgWZyCV7gzj.jpg
43923,https://image.tmdb.org/t/p/w500/hQE4q8Szeaae4davgB7o8MTLmwr.jpg
38842,https://image.tmdb.org/t/p/w500/l56cv8FczzEk4pe3W8BHiRNCC05.jpg
25694,https://image.tmdb.org/t/p/w500/k4hlsqfhEtTrEtiDE647qxTR6PI.jpg
41402,https://image.tmdb.org/t/p/w500/3b5gD5vNmf7Vafj2MN8uMA8r0qu.jpg
45745,https://image.tmdb.org/t/p/w500/4BMG9hk9NvSBeQvC82sVmVRK140.jpg
39486,https://image.tmdb.org/t/p/w500/6YJ39NqRJ0ljUQohizHmE2hB6Wh.jpg
44040,https://image.tmdb.org/t/p/w500/aivXPSi53H95BoUa5njEYso389s.jpg
38303,https://image.tmdb.org/t/p/w500/9qI5JE6yjmtakTankuDOMZ1vgEx.jpg
38408,https://image.tmdb.org/t/p/w500/zLzS2aOqKsS0QvEaY6SfBw4VBqh.jpg
42296,https://image.tmdb.org/t/p/w500/mXNxee2ix6Ke0bSIqFST0UhbVLR.jpg
38031,https://image.tmdb.org/t/p/w500/acmhdlwtMLea04rvptvTR0WiK19.jpg
44113,https://image.tmdb.org/t/p/w500/mcdN6DntOAOtKNQKcRKnfFayFis.jpg
44639,https://image.tmdb.org/t/p/w500/7yXXIWec24htucjsZS1sDuPLqw8.jpg
43933,https://image.tmdb.org/t/p/w500/cARETxTELl8kQCIcpbRhEcMjkPD.jpg
42188,https://image.tmdb.org/t/p/w500/8F0r5ng9Fp60OhzQfR5v33fppq.jpg
41201,https://image.tmdb.org/t/p/w500/Ac2tNYW9sRaOhmtMJQuhf2mvo00.jpg
16344,https://image.tmdb.org/t/p/w500/cIcKapfNtS1TmVoEASuE9OK9gPB.jpg
45649,https://image.tmdb.org/t/p/w500/mWgCORI5IC5vOvB2cDVQe0YNtXZ.jpg
16290,https://image.tmdb.org/t/p/w500/xV9utiBA3tcHVO6RDIGKDsE0Kq5.jpg
39312,https://image.tmdb.org/t/p/w500/62DCMBMJU1ZVezVEawyatpFoJwI.jpg
39440,https://image.tmdb.org/t/p/w500/l7mRlEi4VCEH7sfgaXX1b6LzsXn.jpg
39514,https://image.tmdb.org/t/p/w500/70eViN0AYZ5IH0PH4vtTAIVWEfo.jpg
44716,https://image.tmdb.org/t/p/w500/dJpPpgf2z5lNw6xVxvfWm0lexNH.jpg
41211,https://image.tmdb.org/t/p/w500/sw7Sc4u2A9Y0dZ1543MoGVaQdmI.jpg
41436,https://image.tmdb.org/t/p/w500/gfdrkBZAyUUXJJ2iLQe03SAYRD3.jpg
51241,https://image.tmdb.org/t/p/w500/kBGbvzrP4lNV4BZc2wscmglNno2.jpg
44603,https://image.tmdb.org/t/p/w500/nOy0X8XSmSDOuwV8pqT70WoWHwT.jpg
38234,https://image.tmdb.org/t/p/w500/g8KB77SPA7SyU8eid6TAEpt9skU.jpg
41439,https://image.tmdb.org/t/p/w500/qHCZ6LjtmqWDfXXN28TlIC9OppK.jpg
41733,https://image.tmdb.org/t/p/w500/sBxWS09pOOyXZ0dcnqfqqCAQGan.jpg
44115,https://image.tmdb.org/t/p/w500/h0RMdn0rfl9l5hWXz3tUh6QVkhi.jpg
38055,https://image.tmdb.org/t/p/w500/uZ9ytt3sPTx62XTfN56ILSuYWRe.jpg
44214,https://image.tmdb.org/t/p/w500/viWheBd44bouiLCHgNMvahLThqx.jpg
41058,https://image.tmdb.org/t/p/w500/8NiIpXBImEW1vacQS4LyinVGqa4.jpg
44048,https://image.tmdb.org/t/p/w500/zKvHwL0GqLOear8rTnUPSTRYY0r.jpg
38357,https://image.tmdb.org/t/p/w500/aFRXEoB3QkeHNHYmVGC3uzFSol8.jpg
48303,https://image.tmdb.org/t/p/w500/soBvtCR33Gv1j6gXwXOIc3JTlNc.jpg
43539,https://image.tmdb.org/t/p/w500/wBaRZ3aHa7qoYTSY0ONbXrXYk4B.jpg
39210,https://image.tmdb.org/t/p/w500/zOf1sdfF4eH3CVRCpmRO5ugVGdo.jpg
45958,https://image.tmdb.org/t/p/w500/4BLshBMp8INRDhvfuKwxMlHDIIt.jpg
36940,https://image.tmdb.org/t/p/w500/7h4BbIGigxaECJFQWEaQ9ih3INp.jpg
12444,https://image.tmdb.org/t/p/w500/iGoXIpQb7Pot00EEdwpwPajheZ5.jpg
45269,https://image.tmdb.org/t/p/w500/pVNKXVQFukBaCz6ML7GH3kiPlQP.jpg
38757,https://image.tmdb.org/t/p/w500/ym7Kst6a4uodryxqbGOxmewF235.jpg
41999,https://image.tmdb.org/t/p/w500/1zK8dAd8cP92AMAHXoIvewwX7BI.jpg
45317,https://image.tmdb.org/t/p/w500/xfsFerGhO1h6rLk8vwLgMyQ8WVJ.jpg
41556,https://image.tmdb.org/t/p/w500/cgyXubpBzHuXTGu8gnBQ1gUrcNY.jpg
46420,https://image.tmdb.org/t/p/w500/jHsXZiftAM4sByAQ0ddnnCL0RWU.jpg
45324,https://image.tmdb.org/t/p/w500/3Dpicp6VEtCSj39XBG5mnbe5TQ9.jpg
47979,https://image.tmdb.org/t/p/w500/lGJUOYiOLrhk4p9SmQNT6qIX155.jpg
48838,https://image.tmdb.org/t/p/w500/naQKmThKMtlur92CDgCP6b9aoQE.jpg
42684,https://image.tmdb.org/t/p/w500/ehythjMSfqrJSWeCSSTw4WQe6b5.jpg
38117,https://image.tmdb.org/t/p/w500/uSAXWZsSD0pE4HYVUiDgusnEyyl.jpg
43347,https://image.tmdb.org/t/p/w500/wZLM2uKJRYNchLmiCIjosX0rXy8.jpg
10140,https://image.tmdb.org/t/p/w500/pP27zlm9yeKrCeDZLFLP2HKELot.jpg
37710,https://image.tmdb.org/t/p/w500/oXe1nw4HcS32YVpvxwsWEVdvEXA.jpg
48395,https://image.tmdb.org/t/p/w500/jzaweEESl54ejxo3EE5uNL8lgTn.jpg
43919,https://image.tmdb.org/t/p/w500/k1lzmRZUGDejyV11JnD79yrEHiE.jpg
46503,https://image.tmdb.org/t/p/w500/3RM8SyB0yHanJbYeHdgi5eLv21C.jpg
44264,https://image.tmdb.org/t/p/w500/tCrB8pcjadZjsDk7rleGJaIv78k.jpg
20526,https://image.tmdb.org/t/p/w500/vuifSABRpSnxCAOxEnWpNbZSXpp.jpg
42888,https://image.tmdb.org/t/p/w500/jbOnp79eUZxQHgcdnTIRlxel1dE.jpg
46829,https://image.tmdb.org/t/p/w500/vdsSaFbBWl8N6RV2XJuPBFyKeV8.jpg
44129,https://image.tmdb.org/t/p/w500/tKX6E1nOf4vZN903YbkjQe7x1fv.jpg
54178,https://image.tmdb.org/t/p/w500/5uUwl2cB4O7NmDFsKCmZkYTtVGO.jpg
49797,https://image.tmdb.org/t/p/w500/zp5NrmYp80axIGiEiYPmm1CW6uH.jpg
46788,https://image.tmdb.org/t/p/w500/tkkvOM4qiX296tLtqXH18RrFdUe.jpg
41283,https://image.tmdb.org/t/p/w500/AsUeaXrhw4oscCSjUZ6heh1pVvd.jpg
35138,https://image.tmdb.org/t/p/w500/uCSQnopQPIw58RKTfzoRYxq9It5.jpg
27585,https://image.tmdb.org/t/p/w500/zTUQXwMn4ndt5AAcDvJCi14ZY2B.jpg
23282,https://image.tmdb.org/t/p/w500/43KTefZOLOaXw4Rbywn3uu8BiJn.jpg
39451,https://image.tmdb.org/t/p/w500/90mwPRNMmX9RUGVgKMJMJNQnYX8.jpg
38745,https://image.tmdb.org/t/p/w500/tazLyiF4q2w07jXjg4z4CQZgvY.jpg
50071,https://image.tmdb.org/t/p/w500/xTQ7URCmLBWkMJeT4G8uyvpciqU.jpg
42297,https://image.tmdb.org/t/p/w500/3U9zBIibERQZqYKM3N1a4MYgBsN.jpg
51739,https://image.tmdb.org/t/p/w500/3lSRaSjDp2nkXMQkzzjpRi3035O.jpg
46838,https://image.tmdb.org/t/p/w500/8shwLEDzajJGSfLgbpac8x8xn1U.jpg
41515,https://image.tmdb.org/t/p/w500/3Rs4BTP1wHA2Ll1FeuCRbhFgXWM.jpg
46138,https://image.tmdb.org/t/p/w500/vzLlaNmzzhYFLAOn6ELiCUKubl9.jpg
40805,https://image.tmdb.org/t/p/w500/1YrRviphr3eXPus9iHyQX56QgIE.jpg
49009,https://image.tmdb.org/t/p/w500/oImI6rxld0sKNfEXaszgreLnNAO.jpg
46528,https://image.tmdb.org/t/p/w500/otjBqNDpZ3C9mzfDOI4kaiib3Qd.jpg
23047,https://image.tmdb.org/t/p/w500/dNVqi8EsBtnnwfR6TgiWM51JOuS.jpg
43950,https://image.tmdb.org/t/p/w500/93XYVtdMvk05WLvjGs5qeyHtFVL.jpg
49849,https://image.tmdb.org/t/p/w500/9uZsGCP4rvOHVGCpMpYq5gNCuNI.jpg
14556,https://image.tmdb.org/t/p/w500/e8iom9xZi9bE2nN2TTYp3efyqvj.jpg
40619,https://image.tmdb.org/t/p/w500/hn2tOtidoYZ0D56jR4yknpdP1mU.jpg
52013,https://image.tmdb.org/t/p/w500/ofKR8GJItiY5NtT4JBiXxmw8Sct.jpg
44564,https://image.tmdb.org/t/p/w500/a7EVBTqeh6NoCFDW24qIp11kyi9.jpg
43810,https://image.tmdb.org/t/p/w500/gg3DgplgKq8ZBFnMwMfgGuhSZCs.jpg
63578,https://image.tmdb.org/t/p/w500/tjGrjHNjsR0klih0bkGBHbukMdX.jpg
51876,https://image.tmdb.org/t/p/w500/un0a2U7KLjMH77N6EhqYh7ZOlVx.jpg
89704,https://image.tmdb.org/t/p/w500/wSDdllenxdsPiMONxEQEBfiLvio.jpg
22843,https://image.tmdb.org/t/p/w500/7VLYN2CfJpB6PrcuzDKKqdGSUi6.jpg
43947,https://image.tmdb.org/t/p/w500/4VZ9eqel8Fsp54KMnesr3xIc67N.jpg
53596,https://image.tmdb.org/t/p/w500/sDNRXNLapjQHdw31gpn718fmVr9.jpg
52844,https://image.tmdb.org/t/p/w500/4iYAKgBIh8fKY7fdzSKee2t2VIa.jpg
54293,https://image.tmdb.org/t/p/w500/cTdLkasnaQ6SPjBgX3rRxrjhydg.jpg
41630,https://image.tmdb.org/t/p/w500/9C09L1U9S13J4Ut029Qhu0oLcTQ.jpg
50348,https://image.tmdb.org/t/p/w500/gOn8Ve9Yi8fxjRkmLr5BZoOc7KV.jpg
56590,https://image.tmdb.org/t/p/w500/30GAgK0SvrRoopHlEcrchXqD0hf.jpg
120843,https://image.tmdb.org/t/p/w500/tLOpoO4o1A00hXvs9bYaS2dtBxR.jpg
39029,https://image.tmdb.org/t/p/w500/wAmeXWsKTZrb1mQpEBvGfBpNM43.jpg
148432,https://image.tmdb.org/t/p/w500/rVqjmU9zBnDszSGzUZ5leYq1ZSB.jpg
48138,https://image.tmdb.org/t/p/w500/aXBQD515okXQZmYA89ntXMvSJSd.jpg
52067,https://image.tmdb.org/t/p/w500/udHprtPPfDHdcR1ijoY24mt9OB1.jpg
45772,https://image.tmdb.org/t/p/w500/vVQwgfS9gSFviVT4gS7tZAmhRFc.jpg
50204,https://image.tmdb.org/t/p/w500/3VY3gKHPc9dRq8FshSXWbXtgD9B.jpg
18438,https://image.tmdb.org/t/p/w500/gGzovvmOEyNVUu4WEHtw9wfDsqI.jpg
39513,https://image.tmdb.org/t/p/w500/bX8TP2qRWh2OcmeUHGn1ENDkCu6.jpg
37618,https://image.tmdb.org/t/p/w500/grAI6PofWfdW41bNUY5uKRiLn4z.jpg
20993,https://image.tmdb.org/t/p/w500/r5pffTC8XZsrGUYSU8e23dGmGNK.jpg
183894,
47327,https://image.tmdb.org/t/p/w500/nx2pChi41Xv4dsXsfSG3gnKcWaY.jpg
44896,https://image.tmdb.org/t/p/w500/A5MP1guV8pbruieG0tnpPIbaJtt.jpg
50725,https://image.tmdb.org/t/p/w500/nInduPOusI1alDIC0UttFjDIKsO.jpg
54186,https://image.tmdb.org/t/p/w500/xQcnx6jMuPRCeidotgVy6YIls6p.jpg
38050,https://image.tmdb.org/t/p/w500/5ZzeR8iz1nEFLp94OBnbakLZawo.jpg
27582,https://image.tmdb.org/t/p/w500/k37axEHszFP9WOVvbozxF0r7X7g.jpg
48988,https://image.tmdb.org/t/p/w500/eol3uD6whQKOKCmmhF7z39fq2Pe.jpg
49494,https://image.tmdb.org/t/p/w500/e7rcJQWplGZWz57yGlP87rlPmI.jpg
46529,https://image.tmdb.org/t/p/w500/2NrP3h3GEsrPXX60bmjKuYWAvl9.jpg
44943,https://image.tmdb.org/t/p/w500/jloyGeVYZSxM9zsLFvVOWuj2ey4.jpg
28874,https://image.tmdb.org/t/p/w500/yHy8TrRLnuBZ4t2C0l0pSpRXVHO.jpg
56831,https://image.tmdb.org/t/p/w500/8cwqylJVbCfMflcjXQ71CwsXdpf.jpg
36540,https://image.tmdb.org/t/p/w500/7Y0F2gWQwbEmh0d3TGIAMguIv4S.jpg
50321,https://image.tmdb.org/t/p/w500/g94LNU4pipIUJLkTvYIgNGfT2J2.jpg
47533,https://image.tmdb.org/t/p/w500/fui9A4s6Rr26pFdTVV4EGNmYm5i.jpg
72185,https://image.tmdb.org/t/p/w500/331cCojxS1JJhPmit4wsOebBPGF.jpg
26011,https://image.tmdb.org/t/p/w500/yZBHqhCZYAAihDBgMvQziITtLUO.jpg
47931,https://image.tmdb.org/t/p/w500/c7yCrf3PTSdp6RMGktZQhzFcFFM.jpg
15362,https://image.tmdb.org/t/p/w500/k9lhZ0PhY78nzwG034rNpsLXlpW.jpg
50546,https://image.tmdb.org/t/p/w500/ez1EDULOCUUCySHOZU6tz97qbtM.jpg
59490,https://image.tmdb.org/t/p/w500/7qBfQ2x3FnbB7uRaHQOBjfWFBpc.jpg
49730,https://image.tmdb.org/t/p/w500/dMI4XZCfC0VhUNN1Ds6ty6iRoyJ.jpg
38322,https://image.tmdb.org/t/p/w500/n1GSxFcDaZ6lMVf21M0KloPfuhu.jpg
45132,https://image.tmdb.org/t/p/w500/jZrRMGSajZQehg8mz74A5A00L3.jpg
46146,https://image.tmdb.org/t/p/w500/v2W5NEz0p9jPFzbbYt0dP86gsOX.jpg
45612,https://image.tmdb.org/t/p/w500/nTr0lvAzeQmUjgSgDEHTJpnrxTz.jpg
38684,https://image.tmdb.org/t/p/w500/3Cn7D0wEaxnvm8kTta1osNu3QJv.jpg
23629,https://image.tmdb.org/t/p/w500/jtaUDnvIiHUd2ranDcjB5AbPx6o.jpg
58232,https://image.tmdb.org/t/p/w500/uzHIG8nXums3sCAiO4w5heZi3Hc.jpg
13413,https://image.tmdb.org/t/p/w500/1wOReJq1vArLBSejND2Jbw0KeKh.jpg
58496,https://image.tmdb.org/t/p/w500/nZbLCbRoP6iJq5sr8daHQzjnzFh.jpg
110639,
49018,https://image.tmdb.org/t/p/w500/1egpmVXuXed58TH2UOnX1nATTrf.jpg
49010,https://image.tmdb.org/t/p/w500/xxMaO7VoN2BnZit79PedVHnTjcO.jpg
55725,https://image.tmdb.org/t/p/w500/xX0Ryq5J2weFF5BPYb80giKUL02.jpg
48650,https://image.tmdb.org/t/p/w500/gx2ENSap1D4nbjcz7cLLAs4S3fy.jpg
39356,https://image.tmdb.org/t/p/w500/jOcwOnCwTbCvJm7jAbeSo4Jgv0H.jpg
60307,https://image.tmdb.org/t/p/w500/k54R3ag1sLu93Wbfo4quw9sSFyj.jpg
53172,https://image.tmdb.org/t/p/w500/1i1sDWOZecbUZ4Yp9DG5UiTBBRl.jpg
50359,https://image.tmdb.org/t/p/w500/hRa9MJTgCbSuL3h2CVPwUdYOWJH.jpg
64484,https://image.tmdb.org/t/p/w500/nmeKDPvieULQZecpRBeToxQB4qk.jpg
75725,https://image.tmdb.org/t/p/w500/vB5dmtGyfsNQzTfmigrjtoCzTmL.jpg
58857,https://image.tmdb.org/t/p/w500/yUsVsiVXUwClk4vSCx80vrdO6MV.jpg
50456,https://image.tmdb.org/t/p/w500/gRvxRMtejJa9jjfDDUibUIfIJbP.jpg
367647,
54527,https://image.tmdb.org/t/p/w500/hzINyIeovFPMwtwMteSuXdByCby.jpg
23521,https://image.tmdb.org/t/p/w500/d9s1aOsnXfeSOlzYuX6VVmORrFo.jpg
46105,https://image.tmdb.org/t/p/w500/8YGb2712WLwfcV6ZagNaolNfeYv.jpg
49012,https://image.tmdb.org/t/p/w500/foUTAJurvnbUoIUbnuUk5dyHx7M.jpg
41446,https://image.tmdb.org/t/p/w500/tcrI37K98TVopLbcZBa55mWhLT1.jpg
46195,https://image.tmdb.org/t/p/w500/4nJxhUknKV8Gqdhov8pU1YWDYfb.jpg
62215,https://image.tmdb.org/t/p/w500/fMneszMiQuTKY8JUXrGGB5vwqJf.jpg
10195,https://image.tmdb.org/t/p/w500/prSfAi1xGrhLQNxVSUFh61xQ4Qy.jpg
45523,https://image.tmdb.org/t/p/w500/8mJMrrT4tkfZLMFvKQ0Hq6jlXbp.jpg
30969,https://image.tmdb.org/t/p/w500/jJpTrCHb4ETP2zzjA5RQgJHBxed.jpg
56780,https://image.tmdb.org/t/p/w500/tYfZIQb6ZabSUy1s1TRqSrYaAoM.jpg
24447,https://image.tmdb.org/t/p/w500/kSAKi7kvolRwrV5vGM5aMLdhYnX.jpg
202241,
167966,https://image.tmdb.org/t/p/w500/vDaZo3DHytTcawVVKUPP34MrbsX.jpg
55787,https://image.tmdb.org/t/p/w500/8T7Hvb9trKvCAmbSI8cEIU0Sl2T.jpg
57586,https://image.tmdb.org/t/p/w500/nERPMF2kHjc1slLHZYZGwcWX9kg.jpg
51209,https://image.tmdb.org/t/p/w500/yjDvqAMyFlesBtWNUUZMgglo78y.jpg
51497,https://image.tmdb.org/t/p/w500/gEfQjjQwY7fh5bI4GlG0RrBu7Pz.jpg
241620,https://image.tmdb.org/t/p/w500/zUhKXqi5XtTO53UfHMFjAOdZTxQ.jpg
42521,https://image.tmdb.org/t/p/w500/z1cKsKMfjl5n1TNcfnk2rQ20wM0.jpg
46738,https://image.tmdb.org/t/p/w500/yH6DAQVgbyj72S66gN4WWVoTjuf.jpg
43959,https://image.tmdb.org/t/p/w500/cvgRxrEupUFeJ0xzUExJo4dMXbL.jpg
49022,https://image.tmdb.org/t/p/w500/66VZu75VeLGc6tcAypqyGzWcPeN.jpg
55721,https://image.tmdb.org/t/p/w500/gJtA7hYsBMQ7EM3sPBMUdBfU7a0.jpg
38321,https://image.tmdb.org/t/p/w500/fYHiA7LPGl9DG7m3DUs0Td1VMcO.jpg
39410,https://image.tmdb.org/t/p/w500/87hiAyyGFHPuuJ3iXHK8xZSMcRP.jpg
1865,https://image.tmdb.org/t/p/w500/keGfSvCmYj7CvdRx36OdVrAEibE.jpg
59436,https://image.tmdb.org/t/p/w500/4wBG5kbfagTQclETblPRRGihk0I.jpg
51608,https://image.tmdb.org/t/p/w500/ld19CFIo27t41JXSGZdaPMUGTxh.jpg
8967,https://image.tmdb.org/t/p/w500/l8cwuB5WJSoj4uMAsnzuHBOMaSJ.jpg
45243,https://image.tmdb.org/t/p/w500/7sGkjqorTHkaHTz8Q4WWHj8JL9t.jpg
52077,https://image.tmdb.org/t/p/w500/vqJmmfVavVX9F9De3LQLDlGPc6D.jpg
21469,https://image.tmdb.org/t/p/w500/9B4iKnTMY1mdNj441l0y0iFxj23.jpg
49950,https://image.tmdb.org/t/p/w500/eRYEyNvh9UXwXbJVGxArfUKltim.jpg
59678,https://image.tmdb.org/t/p/w500/wzCMnA6NDruLzgWeqMcLPDrGAdF.jpg
59468,https://image.tmdb.org/t/p/w500/uaRfG7n92IiuYcKLl7LJo2gr6qO.jpg
51533,https://image.tmdb.org/t/p/w500/pkwBO3XkQLhgb31vl5ZwmGC5meT.jpg
49444,https://image.tmdb.org/t/p/w500/mtqqD00vB4PGRt20gWtGqFhrkd0.jpg
49538,https://image.tmdb.org/t/p/w500/hNEokmUke0dazoBhttFN0o3L7Xv.jpg
49020,https://image.tmdb.org/t/p/w500/nbzXX3CYtKUBrPeMcG7PVoLQHXB.jpg
70862,https://image.tmdb.org/t/p/w500/1vysYoEj5XFrfcSBrJyWQ4YeHks.jpg
45658,https://image.tmdb.org/t/p/w500/n4wMD3LHyo3nYZNWEOGLzgdyWjX.jpg
55347,https://image.tmdb.org/t/p/w500/io2Tm89or3jO2pDtEAPEACx4wUe.jpg
37686,https://image.tmdb.org/t/p/w500/sytFL6ALMAesKZoarlp7bIDKnns.jpg
19963,https://image.tmdb.org/t/p/w500/5OUzVXBXUH0IWP57bUDiITyHSCC.jpg
44912,https://image.tmdb.org/t/p/w500/fj21HwUprqjjwTdkKC1XZurRSpV.jpg
56272,https://image.tmdb.org/t/p/w500/eLv57AjGugpx2shfaq9crEBVioL.jpg
58224,https://image.tmdb.org/t/p/w500/jGwZ1QI5DaL7mHQ2ZsMV1p8xvPS.jpg
52449,https://image.tmdb.org/t/p/w500/zpIY4qUSX91J9XpPgr0hFrk1eKr.jpg
38356,https://image.tmdb.org/t/p/w500/28YlCLrFhONteYSs9hKjD1Km0Cj.jpg
59861,https://image.tmdb.org/t/p/w500/8GDM7RqM6J1vNUdlU94rmtlNa3e.jpg
38319,https://image.tmdb.org/t/p/w500/bq3gU60TkgBjLUbxSSZVhDhlhmH.jpg
65034,https://image.tmdb.org/t/p/w500/pcrCKELIeNFfFrAoVFpMTpzTqVx.jpg
22907,https://image.tmdb.org/t/p/w500/s2zx7JA87rkQcmsV40k0vbVJ6oh.jpg
73884,https://image.tmdb.org/t/p/w500/vuwFMsVivw5FadTGm0ej9Y0ujaN.jpg
38317,https://image.tmdb.org/t/p/w500/y3b4AYw8dr4hIKTfEAjxUxx0z8G.jpg
51540,https://image.tmdb.org/t/p/w500/uQkUwgyFHAm0jGQERPG6Z9o9Zbj.jpg
49013,https://image.tmdb.org/t/p/w500/okIz1HyxeVOMzYwwHUjH2pHi74I.jpg
24792,https://image.tmdb.org/t/p/w500/cIvxIiwmx2bhDTFuflqgTNNC742.jpg
67109,https://image.tmdb.org/t/p/w500/hGmjlOFPaqwxAxR3XDvalExTlXd.jpg
64780,https://image.tmdb.org/t/p/w500/jV4USc1ivMeaaD0vMrfVfWiWmWb.jpg
59860,https://image.tmdb.org/t/p/w500/dcbqyycrWA56HXq5lm41HYuED8Y.jpg
12445,https://image.tmdb.org/t/p/w500/c54HpQmuwXjHq2C9wmoACjxoom3.jpg
64690,https://image.tmdb.org/t/p/w500/602vevIURmpDfzbnv5Ubi6wIkQm.jpg
1771,https://image.tmdb.org/t/p/w500/vSNxAJTlD0r02V9sPYpOjqDZXUK.jpg
50646,https://image.tmdb.org/t/p/w500/p4RafgAPk558muOjnBMHhMArjS2.jpg
51828,https://image.tmdb.org/t/p/w500/iWPwEkIDAihT5EDPZxFmhtyVrtj.jpg
67913,https://image.tmdb.org/t/p/w500/dtQiStID0le2EMTmJXupPRybARB.jpg
51162,https://image.tmdb.org/t/p/w500/9T8emBz4BqhahoAuhcOU9X2y0IQ.jpg
65599,https://image.tmdb.org/t/p/w500/zOGqKcuApM1Js4C0n4luv9rctBH.jpg
28039,https://image.tmdb.org/t/p/w500/80wyNgKIPJCMTb8lzaG9rbezV10.jpg
13931,https://image.tmdb.org/t/p/w500/npZIG1O3qqQ1TukLXPnx774zBfX.jpg
41513,https://image.tmdb.org/t/p/w500/vRhnslP2gW0QDym7BsMeSuioUfK.jpg
50544,https://image.tmdb.org/t/p/w500/nKhhDFCdzxeJ3GUunQ570LDpUkz.jpg
50004,https://image.tmdb.org/t/p/w500/xgdLPEiHr4HqtNYuzBhmY9nE4Aa.jpg
55846,https://image.tmdb.org/t/p/w500/qjqmhhc7uLub22mhu4V6DjOBwXM.jpg
57361,https://image.tmdb.org/t/p/w500/16Pkg2ChCdACbBKVIAPAZtLL6eb.jpg
59968,https://image.tmdb.org/t/p/w500/47kXCbmHOjxyW5Ao3oQ2uoheHi9.jpg
209802,https://image.tmdb.org/t/p/w500/pzy2cwGh3fssoxqaIJFWOnMax5x.jpg
51620,https://image.tmdb.org/t/p/w500/80mBFNVvak2bA9TJN1MD0yM7Lfi.jpg
61791,https://image.tmdb.org/t/p/w500/oqA45qMyyo1TtrnVEBKxqmTPhbN.jpg
51993,https://image.tmdb.org/t/p/w500/t3eV5bhrQTt7RbheD48ap6Wvtpo.jpg
49520,https://image.tmdb.org/t/p/w500/iV6ARQZyGpjygtzFMdWH9U1Lj9x.jpg
50014,https://image.tmdb.org/t/p/w500/3kmfoWWEc9Vtyuaf9v5VipRgdjx.jpg
62206,https://image.tmdb.org/t/p/w500/pfsNMZcA9aAzvEqdOnq40KwEl7h.jpg
39413,https://image.tmdb.org/t/p/w500/fWd8uTsMmbjFUXAjTTHwMHZglXq.jpg
55779,https://image.tmdb.org/t/p/w500/5uRF7zATPr0hIMfDcMEfnhMGw6a.jpg
55465,https://image.tmdb.org/t/p/w500/cncxLilRHKayn8VKhzjAMHkbN4f.jpg
46261,https://image.tmdb.org/t/p/w500/jMBMm1jwqvILV8p1K44brBnmwLK.jpg
58151,https://image.tmdb.org/t/p/w500/ySQ3v4Fzpy3fePs86eoLiDzwLYM.jpg
55420,https://image.tmdb.org/t/p/w500/qvGJK3lFzpifAdyIupMNdWNX0qr.jpg
44835,https://image.tmdb.org/t/p/w500/dD03azf3h1hUHVzVkkqJs96Kkay.jpg
52015,https://image.tmdb.org/t/p/w500/q5Cq3svR0XPEb9VkVBHPowT1Bxf.jpg
48289,https://image.tmdb.org/t/p/w500/zlavkPAIzIIQppcU9vcQrKZjfmb.jpg
62835,https://image.tmdb.org/t/p/w500/rEdGDgRB3gducezNSIyx2lbKQy4.jpg
55244,https://image.tmdb.org/t/p/w500/ex1m4lIAcdxJLBojN90fD3HoxlU.jpg
63311,https://image.tmdb.org/t/p/w500/xa7uCwGYykrf8MMI8iF5dZvNlrG.jpg
37430,https://image.tmdb.org/t/p/w500/vR6PzXsOfewD1kei8gMbepvwWC6.jpg
16335,https://image.tmdb.org/t/p/w500/Fx6BRXPaO6ZJriVCs08sbpF06D.jpg
40016,https://image.tmdb.org/t/p/w500/j3rk5kKmaJTDyyW8xdwnZT7lPYK.jpg
69798,https://image.tmdb.org/t/p/w500/nePYsVp0qU8EbSXeUdr3xEkHlzN.jpg
48572,https://image.tmdb.org/t/p/w500/mbukOgivZWGNAxEQVt4hLUVME2P.jpg
72744,https://image.tmdb.org/t/p/w500/d38PBlEsj5W9Od581GuWLeTuy4F.jpg
70868,https://image.tmdb.org/t/p/w500/4xNXSOd7y5WcfaDsDJHRTwTLakw.jpg
65055,https://image.tmdb.org/t/p/w500/cjfRqUXtNc2iJHfP60HTq9nFs0.jpg
39538,https://image.tmdb.org/t/p/w500/qL0IooP0bjXy0KXl9KEyPo22ll0.jpg
60308,https://image.tmdb.org/t/p/w500/4yIQq1e6iOcaZ5rLDG3lZBP3j7a.jpg
55785,https://image.tmdb.org/t/p/w500/a964EBCChUHims8RxfU1LC0rws0.jpg
68341,https://image.tmdb.org/t/p/w500/669GmEZsyMlPliURX5myHTStslv.jpg
71689,https://image.tmdb.org/t/p/w500/updMFSOZwEftfkJRpozwBlRlYI2.jpg
18093,https://image.tmdb.org/t/p/w500/tmJ0CVnrMMfTXXWwqvVH5a4CqNA.jpg
24428,https://image.tmdb.org/t/p/w500/RYMX2wcKCBAr24UyPD7xwmjaTn.jpg
49517,https://image.tmdb.org/t/p/w500/bsL9UZPCmQKgl88wXwMulKuw9Jh.jpg
60243,https://image.tmdb.org/t/p/w500/wQVvASmpm8jGhJBQU20OkoMcNzi.jpg
48231,https://image.tmdb.org/t/p/w500/7aU2xjjFhZzQzYXa0UM5JW01N4m.jpg
59440,https://image.tmdb.org/t/p/w500/iM8n4nZJPR2abpnyZ36FUgHiRjr.jpg
10316,https://image.tmdb.org/t/p/w500/w8t4UnJnC24S9ygoaFgmMzRbErd.jpg
74725,https://image.tmdb.org/t/p/w500/qwT2I3ons0oD58jIppKmd4qLtvB.jpg
49021,https://image.tmdb.org/t/p/w500/7O2U0WPFPSvNSUYZlhbnV081lBF.jpg
58699,https://image.tmdb.org/t/p/w500/4bGB2k4JngWLVABKIw1S7cnlh5h.jpg
40807,https://image.tmdb.org/t/p/w500/8f9tM9JVB4ETBhxlQcXIjLckArl.jpg
63375,https://image.tmdb.org/t/p/w500/lwDhFVGTi6ZeJ4wp54EcntyWxox.jpg
74643,https://image.tmdb.org/t/p/w500/z68py0ZqPgeacGPG54AGVRbNBS7.jpg
123723,https://image.tmdb.org/t/p/w500/devLzCOnSjKKXNZmXxVB8Rd86bA.jpg
59852,https://image.tmdb.org/t/p/w500/wK2Kn8L1EItqazOBjVnuQKLa2n1.jpg
64720,https://image.tmdb.org/t/p/w500/dldIX0q5jewe8rSyCh8d5I1RYx3.jpg
58878,https://image.tmdb.org/t/p/w500/tLMiKmFpIFPkTwxwi18hxxd2Q8r.jpg
37239,https://image.tmdb.org/t/p/w500/5avrBzIW7mXrUmUAz8gNz8KxXhB.jpg
39254,https://image.tmdb.org/t/p/w500/4GIeI5K5YdDUkR3mNQBoScpSFEf.jpg
68817,https://image.tmdb.org/t/p/w500/cDUW5RWmyHcTxu7eg9eMqhBQy2J.jpg
60935,https://image.tmdb.org/t/p/w500/dmn2nVo8h7LMnk694JxCRIwK06p.jpg
59437,https://image.tmdb.org/t/p/w500/7puPuSeje8315Pbdxzo8bxHD6EB.jpg
76543,https://image.tmdb.org/t/p/w500/p6PJGuO6K94YylUcAsTTn7Q4cQn.jpg
50837,https://image.tmdb.org/t/p/w500/oDPZ6lch424c1BVZ7jP5tSwrJ6X.jpg
71859,https://image.tmdb.org/t/p/w500/auAmiRmbBQ5QIYGpWgcGBoBQY3b.jpg
10005,https://image.tmdb.org/t/p/w500/7sbLeFbRxSNXHc1ZO4zxFy3sIgc.jpg
52451,https://image.tmdb.org/t/p/w500/woCADkkDIIKrOMEokbFOEsAYtUa.jpg
49530,https://image.tmdb.org/t/p/w500/3Mwj2sIONQckOZP3YwsUXF7U5I4.jpg
44754,https://image.tmdb.org/t/p/w500/zqBao8uRH6TQAJd13tqC22vPB76.jpg
72113,https://image.tmdb.org/t/p/w500/3Imx53XV3T02ADlMxYazYXVNysZ.jpg
50839,https://image.tmdb.org/t/p/w500/qtO57obCJuUBS0en3HLgFgZ19Xk.jpg
72571,https://image.tmdb.org/t/p/w500/9nYranPiWdNmbD5PRPPSL7VUFTS.jpg
72432,https://image.tmdb.org/t/p/w500/sQD8NLW8ZsKHZMx9n7dLHSDgseH.jpg
58233,https://image.tmdb.org/t/p/w500/zDbrU0eSnRGh5gHc1iqTACTNNyT.jpg
59965,https://image.tmdb.org/t/p/w500/4vqkl1w4eSTMdIcL9IrBzln58Wy.jpg
53487,https://image.tmdb.org/t/p/w500/shypvXowguyXUhtbknBAUiHe11D.jpg
76025,https://image.tmdb.org/t/p/w500/cAWLz9kFv4xc6IsEXTj2DrcqD55.jpg
63492,https://image.tmdb.org/t/p/w500/eqn3UeXMY9W1Ow3jIZ6COqbjUWX.jpg
70670,https://image.tmdb.org/t/p/w500/ll32Hyillq6VSC1F7v4m2uZjGKI.jpg
69735,https://image.tmdb.org/t/p/w500/mLZRhulJcDsxZWTdfx0trtk6y07.jpg
77801,https://image.tmdb.org/t/p/w500/98owJxMsoARozljBXpQXH93v2fF.jpg
58423,
59108,https://image.tmdb.org/t/p/w500/jQrroNwP8hbFiUlNMs20emauwPE.jpg
88794,https://image.tmdb.org/t/p/w500/hWHFPhGvCvfHbZCxJSR3n6GsXIf.jpg
73499,https://image.tmdb.org/t/p/w500/t4W10sjJSDAWRUDn2Kb8DQKxiZv.jpg
17578,https://image.tmdb.org/t/p/w500/fQZ3sLR1Fi63NMsNRbjm9q5qODJ.jpg
40658,https://image.tmdb.org/t/p/w500/1z05uhHmSdXV8LGM8DPnBkf86DU.jpg
65229,https://image.tmdb.org/t/p/w500/plEV1Q5u5caYASlG3pq3ON7acN7.jpg
75964,
44826,https://image.tmdb.org/t/p/w500/1dxRq3o3l3bVWNRvvSb7rRf68qp.jpg
37958,https://image.tmdb.org/t/p/w500/4SPPX5KIyaQ9O8n5rLvvUIiIhpF.jpg
71880,https://image.tmdb.org/t/p/w500/kFeAxmZvu0TE4iuLRHQD6Cej8Wf.jpg
77365,https://image.tmdb.org/t/p/w500/2ogmMOC3B7A9vSUseh3f5O4CGA9.jpg
94174,
65057,https://image.tmdb.org/t/p/w500/8cDq5UlOPYeKm39okALCEOsZPxk.jpg
60420,https://image.tmdb.org/t/p/w500/8eIhNKnRfayRwWChx0atZh4vGua.jpg
64328,https://image.tmdb.org/t/p/w500/3bV4esUPbEbT5RydgHRXBSwXW44.jpg
50619,https://image.tmdb.org/t/p/w500/qs8LsHKYlVRmJbFUiSUhhRAygwj.jpg
57212,https://image.tmdb.org/t/p/w500/3aRHhvvngFPJFy5uAjo7GVr3PhL.jpg
23514,https://image.tmdb.org/t/p/w500/uErFROiMrpk7owQWKK3bpD4hSJs.jpg
13060,https://image.tmdb.org/t/p/w500/mh7VBbGPbGEITEPSSyRWQVO6HVW.jpg
38336,https://image.tmdb.org/t/p/w500/ongsJQScENi8QPrt8hXIjh0PKR.jpg
15157,https://image.tmdb.org/t/p/w500/Acw0Syw7s8QFTCkdJgtGR2Eg0SB.jpg
30618,https://image.tmdb.org/t/p/w500/6VG9XFig4djqZEEot3PGGWeIpkf.jpg
57431,https://image.tmdb.org/t/p/w500/rOVS11iGQsFKRPzjXQPfyTmwtDr.jpg
64685,https://image.tmdb.org/t/p/w500/6pszViNvKr1r31pP7gJNYDHEx5P.jpg
45708,https://image.tmdb.org/t/p/w500/48vqo9NZ6SyPohEepFiQNnYvnOg.jpg
9369,https://image.tmdb.org/t/p/w500/lKSunt7dnbITSopaEeeR7KfeSHb.jpg
9642,https://image.tmdb.org/t/p/w500/dW9h1Ez6PRx8PnZUVT27MnG8Wu5.jpg
65759,https://image.tmdb.org/t/p/w500/2gWiQ4mn85jcXtREVePlVViupeV.jpg
51052,https://image.tmdb.org/t/p/w500/brELZkSbkLrcCXJ0xt5hQUMXhut.jpg
91550,https://image.tmdb.org/t/p/w500/aQawgKvHovftR0Ues1tlYrxLEWh.jpg
70074,https://image.tmdb.org/t/p/w500/arJfxShfuZPhqfBZZU6DkPZfnjn.jpg
76163,https://image.tmdb.org/t/p/w500/74rTIGyGoIu5KSxDVMdr8H3MtMo.jpg
13396,https://image.tmdb.org/t/p/w500/b3CMolkeXrPaVvd5vTsssMKfZZo.jpg
70160,https://image.tmdb.org/t/p/w500/yXCbOiVDCxO71zI7cuwBRXdftq8.jpg
49026,https://image.tmdb.org/t/p/w500/hr0L2aueqlP2BYUblTTjmtn0hw4.jpg
49040,https://image.tmdb.org/t/p/w500/1aExL5DTGHj25ZfIC3dDwS84RWi.jpg
58574,https://image.tmdb.org/t/p/w500/y1MYZkwhZK6L0Jy4YMuPktzDOfn.jpg
101173,https://image.tmdb.org/t/p/w500/6W6In8IUJMkxB8aBipulho6QLDd.jpg
57157,https://image.tmdb.org/t/p/w500/4tGMz5xUs9sk8X9B28G6UalHK1d.jpg
62838,https://image.tmdb.org/t/p/w500/TroWD1BdcLEL7Ycqv4kkCRw7KJ.jpg
56292,https://image.tmdb.org/t/p/w500/eRZTGx7GsiKqPch96k27LK005ZL.jpg
74465,https://image.tmdb.org/t/p/w500/dcOvIqdsojUdAtWt1nPT9xS76Su.jpg
65754,https://image.tmdb.org/t/p/w500/8bokS83zGdhaXgN9tjidUKmAftW.jpg
71469,https://image.tmdb.org/t/p/w500/5Ao4qAFbjP7fcFOOdMNvQEnl0Yr.jpg
16939,https://image.tmdb.org/t/p/w500/2rUFvSmkPvMMIhf02uFOfH1TDDA.jpg
55301,https://image.tmdb.org/t/p/w500/vchxBTLtSFBXHwOjh6hrYyrA0yl.jpg
51995,https://image.tmdb.org/t/p/w500/q8kPPcpPUGhdAOP5LYHDMKZBXYP.jpg
80038,https://image.tmdb.org/t/p/w500/cA6putv2ND8snBBa0t9WhlW1TfG.jpg
59006,https://image.tmdb.org/t/p/w500/t6Mr51fTqha0bVFUS8b8YAhxhyJ.jpg
77866,https://image.tmdb.org/t/p/w500/dNNjyZQ0zVtmPa74nJE63Kn0xEx.jpg
269963,https://image.tmdb.org/t/p/w500/8RHmX8qLya7hloxdOBzyzKDySH5.jpg
75301,https://image.tmdb.org/t/p/w500/7W2jIcJoWyMaYNiSkCxhZQX3OQF.jpg
63574,https://image.tmdb.org/t/p/w500/pIgrIGFMZ7CslGPCWI7JHV3R96H.jpg
71688,https://image.tmdb.org/t/p/w500/fx7wpKXOht7WOkeOslvErbrf69Q.jpg
72842,https://image.tmdb.org/t/p/w500/5t8UtFxxdf0QtwUZZ5vF3ei91mO.jpg
79896,https://image.tmdb.org/t/p/w500/bECzzYkRFlCZZAjQ9wboMGyWFcL.jpg
52520,https://image.tmdb.org/t/p/w500/jN0uuc8U6M3sTg9zEaliJV60Stf.jpg
75174,https://image.tmdb.org/t/p/w500/oWI24NRJQK41qdkQ6zhvSviJp5y.jpg
49527,https://image.tmdb.org/t/p/w500/zGVGAupxcQMZjzWhCTaswjPbpH2.jpg
55741,https://image.tmdb.org/t/p/w500/36HScOStUVBOydrQwofZwrG3CUE.jpg
70435,https://image.tmdb.org/t/p/w500/qgMC6RZx4WByrJmbijXSKCkYk0B.jpg
31337,https://image.tmdb.org/t/p/w500/uDV8vKdnYb6XJtzZqu4Lqt6m7Yh.jpg
65760,https://image.tmdb.org/t/p/w500/iIVcea2BHHi7RJgucGEmpt3zkED.jpg
15044,https://image.tmdb.org/t/p/w500/xfjONUpoEakb14m0dRK3Xqc69Xy.jpg
50357,https://image.tmdb.org/t/p/w500/nNWj62BGRoQH4g6kDhi3GlDMnLh.jpg
74998,https://image.tmdb.org/t/p/w500/lN3O0j1DKVnwhO1h5J3utrmrBF2.jpg
72431,https://image.tmdb.org/t/p/w500/jiORLnBsGcVcqIibkGBE213zAyh.jpg
76758,https://image.tmdb.org/t/p/w500/7NVgVX663tdareijAiv0eLiLn6d.jpg
77338,https://image.tmdb.org/t/p/w500/1QU7HKgsQbGpzsJbJK4pAVQV9F5.jpg
54054,https://image.tmdb.org/t/p/w500/eeltLl5jLUl9d96tpKkCAWu4JWu.jpg
58428,https://image.tmdb.org/t/p/w500/aC9XHtf0Opw2IJDVjSkL8eO71An.jpg
58704,https://image.tmdb.org/t/p/w500/6TM68raRJOgfdyrlmToIjh8lHRs.jpg
50698,https://image.tmdb.org/t/p/w500/8vnsB3Rg9Gb91UOaecXRb7dYB37.jpg
76726,https://image.tmdb.org/t/p/w500/kdyrdFIt29FUmLIKvedAc2j4rpo.jpg
65086,https://image.tmdb.org/t/p/w500/nghQnDZE4EsQJ4J4zxR3UqItTpO.jpg
80125,https://image.tmdb.org/t/p/w500/9SmlwvWXuGU0OdrN78Cp9Tg2PTd.jpg
64678,https://image.tmdb.org/t/p/w500/3ahdKyzHbYhvqJdtpsEWipEai98.jpg
192695,
13976,https://image.tmdb.org/t/p/w500/pivw76Oclu3lWdLf3FjwHANXMdD.jpg
59961,https://image.tmdb.org/t/p/w500/7CBhSjQa07LYt0RGejYjWugGmdV.jpg
72570,https://image.tmdb.org/t/p/w500/y5GUXzTvt7kSQbdQrSvbYNoa8HB.jpg
80379,https://image.tmdb.org/t/p/w500/bGntW92XqJ66EIQdBeseee1Q7Um.jpg
54146,https://image.tmdb.org/t/p/w500/KIRFXDuELVg86zDqDH0ESd9QoV.jpg
78480,https://image.tmdb.org/t/p/w500/qcSXbOP1iv859kgQgqZ4Ib9yqKG.jpg
84200,https://image.tmdb.org/t/p/w500/9eIlVo8lvk9fmfP05JGFKlPha80.jpg
73700,https://image.tmdb.org/t/p/w500/ps2q0DqpEOOvSLL6KQNmpqqsbKh.jpg
72545,https://image.tmdb.org/t/p/w500/8WbZOiplh0xuVNVYhYPxsLa7BM5.jpg
51999,https://image.tmdb.org/t/p/w500/iS3eRrE07JqDOiCaovZJt4wL9j0.jpg
64029,https://image.tmdb.org/t/p/w500/646qGnilmPEpMwhDYXQrsMUiweV.jpg
37464,https://image.tmdb.org/t/p/w500/h3bIRCcoSIRbqneTtnooDmK4n4V.jpg
71676,https://image.tmdb.org/t/p/w500/fUJOWsjjE8u1r4YOLYe1RLYy7bm.jpg
21634,https://image.tmdb.org/t/p/w500/1viFwXluAettogGDsTrSUUg29lZ.jpg
54507,
59017,
51875,https://image.tmdb.org/t/p/w500/mDrQ2rRdmlKAOeSUvSFZi0Rt5op.jpg
26397,
59045,https://image.tmdb.org/t/p/w500/AjZgOidGeYN6ZGDHlwx1RZ9UFXV.jpg
57243,https://image.tmdb.org/t/p/w500/xCGGKmAXqVZIHYNT1e1FEUlvu1R.jpg
52454,https://image.tmdb.org/t/p/w500/Y2nVRQWMjmtdqZ6zzo3CuvVDFa.jpg
45569,https://image.tmdb.org/t/p/w500/fLELMBUdDoqJvPDE7CcYn0Ny6y8.jpg
25831,https://image.tmdb.org/t/p/w500/7sWpajczOeWzubfw7VLAMU9OeHS.jpg
79548,https://image.tmdb.org/t/p/w500/5GcbQhm0Qbbf1qt24spUpqX5tfP.jpg
57214,https://image.tmdb.org/t/p/w500/lUPDGT3lyRrq8SvWuNWG2DP64bR.jpg
73723,https://image.tmdb.org/t/p/w500/tePFnZFw5JvjwjQjaKkqDPNMLPU.jpg
73937,https://image.tmdb.org/t/p/w500/q6Pr8fWKh664seri2MaQeIJ6eSI.jpg
75674,https://image.tmdb.org/t/p/w500/1Xcd5ci69pVXMPP02DU11Ffq0yY.jpg
38674,https://image.tmdb.org/t/p/w500/hGUydvM9U9gByvH010c3dsMoPha.jpg
59962,https://image.tmdb.org/t/p/w500/7d1hwECRc1NZlGfAeYE42ki7Fem.jpg
49529,https://image.tmdb.org/t/p/w500/lCxz1Yus07QCQQCb6I0Dr3Lmqpx.jpg
74387,https://image.tmdb.org/t/p/w500/xLmZCfJici1SdT6zmhDtGVWsXXi.jpg
63493,https://image.tmdb.org/t/p/w500/cTaDS6CTIfZ5MH189ub6oE1FATk.jpg
64688,https://image.tmdb.org/t/p/w500/8v3Sqv9UcIUC4ebmpKWROqPBINZ.jpg
82532,https://image.tmdb.org/t/p/w500/eh8KzVUzOeZES67FPjO8NktLtY7.jpg
81796,https://image.tmdb.org/t/p/w500/i5QfNIcg6hc327IWUerea0EczP4.jpg
67748,https://image.tmdb.org/t/p/w500/5LW1vPLa8ueVwdOgR8w5xYkSQGv.jpg
61984,https://image.tmdb.org/t/p/w500/rY6b9faJLXUlvl3GwB7j1lTjQ1r.jpg
80767,https://image.tmdb.org/t/p/w500/qHJTB0oDIFaTHihJBUr4zXlGPDz.jpg
82533,https://image.tmdb.org/t/p/w500/kF5kdsQbRh1U8Bvjyu6iIxOAsEx.jpg
81025,https://image.tmdb.org/t/p/w500/tSmZAKh1H80AGERgMOvXAWTwbVQ.jpg
57165,https://image.tmdb.org/t/p/w500/b9n2R3xZWQ8MVZgndQoV34stS0h.jpg
74308,https://image.tmdb.org/t/p/w500/lw1wlekuMMKxmYg7v01vB7Snkq6.jpg
10679,https://image.tmdb.org/t/p/w500/hVDJM29BSbET4FzI24xLuWSmDUR.jpg
74777,https://image.tmdb.org/t/p/w500/imUIPWoe0Yma5UhZVl6bqX5lF.jpg
71552,https://image.tmdb.org/t/p/w500/de5QBIdVR4dnkBZ4a0zjkS4lTg.jpg
94329,https://image.tmdb.org/t/p/w500/Abnm1Ws3JH0ReCfEhLMPwPcMcGO.jpg
22970,https://image.tmdb.org/t/p/w500/zZZe5wn0udlhMtdlDjN4NB72R6e.jpg
74306,https://image.tmdb.org/t/p/w500/t8g7rIcFquJqsqwIISZ1L5zou1j.jpg
76489,https://image.tmdb.org/t/p/w500/b0nNQCL90RGTwjxLEFsFFLQZKNe.jpg
70436,https://image.tmdb.org/t/p/w500/boE0JFhZRpWLLrKOQE6bCBZGerP.jpg
147269,
54271,https://image.tmdb.org/t/p/w500/hDBDk1wWOQ7PYSaGKbv8dEsFVYB.jpg
62764,https://image.tmdb.org/t/p/w500/pys6zIJN8Sxlk2Ss2GZuYuXPbtw.jpg
44833,https://image.tmdb.org/t/p/w500/9b0Im7SfedHiajTwzSL9zGyBI7M.jpg
74534,https://image.tmdb.org/t/p/w500/gNWiOKTWDvPTpr7QfPWk18gLftz.jpg
91356,https://image.tmdb.org/t/p/w500/zcYCcVxJWulOMNrQJZxzMRuBmm7.jpg
84404,https://image.tmdb.org/t/p/w500/gFYEYUEvXsWzf5cDH64YjibMzpp.jpg
75802,https://image.tmdb.org/t/p/w500/ziWnXi2VyNDD9qPi5wmOuolOCIu.jpg
31967,https://image.tmdb.org/t/p/w500/3HEKlPhoji9i6mJAImI1A98KNzv.jpg
37467,https://image.tmdb.org/t/p/w500/vnofOvxhhG7gwAgSR0XJ9Y6JSMp.jpg
72207,https://image.tmdb.org/t/p/w500/drsY910CSoSkROYypNVwUxI875T.jpg
67660,https://image.tmdb.org/t/p/w500/kfIrKVPDzXJDBzPnFEuoatlaZPW.jpg
77877,https://image.tmdb.org/t/p/w500/vF1ZuIkF9Z71VzVvG265xJUawb0.jpg
72387,https://image.tmdb.org/t/p/w500/kOCpkoMUVae9UIf85gO71SyjLbW.jpg
62213,https://image.tmdb.org/t/p/w500/fd9Ck4cxVlmtXsbeGtQW7WFuUFI.jpg
89326,https://image.tmdb.org/t/p/w500/39FwN8IVp8y46KJ6VjA8oFY8e1o.jpg
40161,https://image.tmdb.org/t/p/w500/cLFecF4VfzuVXjQBnoo9sCDuTqW.jpg
26815,https://image.tmdb.org/t/p/w500/3Z8lLFzPOBfOO4w3CykRaCeh9h.jpg
76493,https://image.tmdb.org/t/p/w500/n0W7kajF4GFMRk2c0wWwMQqTaDM.jpg
28500,https://image.tmdb.org/t/p/w500/aZoIWwA8Am0E4gjpcRRdoZVRLdJ.jpg
41154,https://image.tmdb.org/t/p/w500/90DdoEStzeObs96fsYf4GG544iN.jpg
58595,https://image.tmdb.org/t/p/w500/8yKdQHaqOo1lkaErmqMuYFespYI.jpg
86812,https://image.tmdb.org/t/p/w500/6wStc532wuBrW2NZM3TicEWDmaL.jpg
77561,https://image.tmdb.org/t/p/w500/9GH6VRhwI5SrD178aqPCI1Xpf4P.jpg
72197,https://image.tmdb.org/t/p/w500/bkLeXPDP6sramrTiF5W7TzUl4t0.jpg
70981,https://image.tmdb.org/t/p/w500/m7nZCtHJyDLncBUarfM5h5mrppx.jpg
111440,https://image.tmdb.org/t/p/w500/o0a4iSc5yKEiV15NCTI5GwrZudc.jpg
92591,https://image.tmdb.org/t/p/w500/rW5CetooG545jpkPNpD4FjFAXfe.jpg
12645,https://image.tmdb.org/t/p/w500/x1JpxURGHRkaGM819kVipNdtgR0.jpg
86555,https://image.tmdb.org/t/p/w500/tjE6XUPNNaG6VGPyq1SdCghoMos.jpg
50647,https://image.tmdb.org/t/p/w500/hH1Bla0W4YIn9sdd9NwODzDCcE4.jpg
83666,https://image.tmdb.org/t/p/w500/y4SXcbNl6CEF2t36icuzuBioj7K.jpg
80389,https://image.tmdb.org/t/p/w500/sLzL1xG6JgVEEQ4DqSJpnJw3D2A.jpg
13640,https://image.tmdb.org/t/p/w500/itvuWm7DFWWzWgW0xgiaKzzWszP.jpg
72358,https://image.tmdb.org/t/p/w500/hSxVSMHrW3epffELvi2CC5XdFXb.jpg
84332,https://image.tmdb.org/t/p/w500/gH0l9kiaK1Ulalbq07nqR7jtin5.jpg
80321,https://image.tmdb.org/t/p/w500/ekraj4ksvIKeuvQVEevEJkuybZd.jpg
84355,https://image.tmdb.org/t/p/w500/yEyoOzOEUBMSofsTticDWBOOsv7.jpg
39144,https://image.tmdb.org/t/p/w500/dZCWRFJnwyxYOhzAhf7Xyru4moB.jpg
39145,https://image.tmdb.org/t/p/w500/8UpsSq1MxRfIPDvyqjLLHXzfR5W.jpg
22855,https://image.tmdb.org/t/p/w500/izvMc22ywSLFWUXZEIuJJ8dms75.jpg
116776,https://image.tmdb.org/t/p/w500/4uPs9rjKkGWOmc5QO4VV08YdLpV.jpg
39100,https://image.tmdb.org/t/p/w500/5elbm3iLgGQ6nA5vqUmi9vIojbF.jpg
62177,https://image.tmdb.org/t/p/w500/1XAuDtMWpL0sYSFK0R6EZate2Ux.jpg
13313,https://image.tmdb.org/t/p/w500/qxtpbcbf6KEIHzLetWZOVGJT2lv.jpg
63193,https://image.tmdb.org/t/p/w500/6Ng7aJUk7GjnLYoiQb7221wAdBZ.jpg
39101,https://image.tmdb.org/t/p/w500/fDX4Dp8IKvjBAaEb5MOJrGkxWX0.jpg
13761,https://image.tmdb.org/t/p/w500/gAnmNjw1TCTzS702mj1OwwmXBpM.jpg
76494,https://image.tmdb.org/t/p/w500/51kg6CdfwwrBjDDFhT44TwoAZMr.jpg
81836,https://image.tmdb.org/t/p/w500/f6yBjjTQaOIzSOLVcCqlfcWxUqW.jpg
72331,https://image.tmdb.org/t/p/w500/qv8deK0ZmutAuEpejruQKApIy6r.jpg
89874,https://image.tmdb.org/t/p/w500/lxbjoxnIlwZuvFw9WcRIgiVvBPp.jpg
80585,https://image.tmdb.org/t/p/w500/oVeE2QTUb14jPU2lYEGPE3s8T9j.jpg
88005,https://image.tmdb.org/t/p/w500/rBbCwFLyt7Q25yaw2bEOQh7RMG1.jpg
13042,https://image.tmdb.org/t/p/w500/mWRgBxm7twwntbrX0xZlY8lw3aV.jpg
13932,https://image.tmdb.org/t/p/w500/uKMYT8aAJS9LA8IM1juMqbXTtqU.jpg
13933,https://image.tmdb.org/t/p/w500/nBBl8gWJvVppKqyY4ugdm3znZ9G.jpg
72105,https://image.tmdb.org/t/p/w500/1QVZXQQHCEIj8lyUhdBYd2qOYtq.jpg
77930,https://image.tmdb.org/t/p/w500/cfRv1INLSSumjvxAqEGOP6b0Aw1.jpg
39103,https://image.tmdb.org/t/p/w500/k23L4i0JjwU8D5flnR5damgXFcS.jpg
24752,https://image.tmdb.org/t/p/w500/uqTSXqjaSgSAT2lCv3GyZeodQPG.jpg
39104,https://image.tmdb.org/t/p/w500/pIwjWaEuCcT3QVBd9Ng9wG3kbpU.jpg
34433,https://image.tmdb.org/t/p/w500/6iO8TJCyLI4BiPYOvdwzPV2bhoV.jpg
95516,https://image.tmdb.org/t/p/w500/dgHAFprnEkdD8vFZTFnjoWgmucP.jpg
1930,https://image.tmdb.org/t/p/w500/jexoNYnPd6vVrmygwF6QZmWPFdu.jpg
39105,https://image.tmdb.org/t/p/w500/iihTK9Af8G1ZzBjkIIAV4qQMkzF.jpg
57800,https://image.tmdb.org/t/p/w500/dfp1BZF7FxbBUyzHvMOI9t8NWDD.jpg
84175,https://image.tmdb.org/t/p/w500/nQJmWekGYlXhezGUb21xFfEfwhH.jpg
82525,https://image.tmdb.org/t/p/w500/joyiyBwYY5QCpldqT1FzrTqsTJK.jpg
31218,https://image.tmdb.org/t/p/w500/1fuJJrud26pZ5zoNvkTbV4DOgpQ.jpg
40770,https://image.tmdb.org/t/p/w500/wUEKxqSUv7dZwCwfCceCKkcgE0u.jpg
13929,https://image.tmdb.org/t/p/w500/8PdCk3T9EkcKniUviDogWFCXx28.jpg
80468,https://image.tmdb.org/t/p/w500/3k8CeFdvTOiKaRCnXQ9I7WuazQi.jpg
83191,
80035,https://image.tmdb.org/t/p/w500/gwfgYA9wGpV4QLB0LrcexwfwC19.jpg
193976,
84165,https://image.tmdb.org/t/p/w500/kkP3yg0Y1v0PdxgDtMDJ9obZizt.jpg
73567,https://image.tmdb.org/t/p/w500/6Tt1TQeOI4TpXu1cBUgNGNGeznW.jpg
44251,https://image.tmdb.org/t/p/w500/Apnw8FWoPOIsu14d5dvaNZzFSJE.jpg
39106,https://image.tmdb.org/t/p/w500/A0VKJ6eRIubW6wH4eAwcpQfjoRD.jpg
14863,https://image.tmdb.org/t/p/w500/qQygpzJlFQokYzUXLv3qAVZbuTv.jpg
16716,https://image.tmdb.org/t/p/w500/oi1NcVDXlFEsdpLp37BJmFbVlg9.jpg
52906,https://image.tmdb.org/t/p/w500/tA7MNMfk1BQdEMM8aJhQSLP4fA5.jpg
13930,https://image.tmdb.org/t/p/w500/7GogfWZYkZh802fnaMoDBnu8cfV.jpg
103332,https://image.tmdb.org/t/p/w500/zELurt0GVRkR5X5ymuk7KXUxhC8.jpg
64635,https://image.tmdb.org/t/p/w500/fucmGeZYM4yzqJUnDTc4pKQNCej.jpg
103747,https://image.tmdb.org/t/p/w500/bt9kJ8gwTMaDcmL0INlJYIZ887t.jpg
56909,https://image.tmdb.org/t/p/w500/n97HpLLs6flPoxK1VVPMKN2Bc32.jpg
39323,https://image.tmdb.org/t/p/w500/docwOsWZuwJKQdwcYJtQPBcg6bm.jpg
39324,https://image.tmdb.org/t/p/w500/AfUkiiR0UKeiPXPgTx9bRO4snTB.jpg
18095,https://image.tmdb.org/t/p/w500/hSo4p5z1BoXFUtVe93ys6xX4O6g.jpg
76696,https://image.tmdb.org/t/p/w500/rpGopOQg2QGZI85QgFwOpKZnND1.jpg
37724,https://image.tmdb.org/t/p/w500/d0IVecFQvsGdSbnMAHqiYsNYaJT.jpg
58383,https://image.tmdb.org/t/p/w500/zR9uj0dtm5osrrpM7zwO5ndAtbh.jpg
77953,https://image.tmdb.org/t/p/w500/jMWjJ13sFTT07DwjNlqh8VY4sK6.jpg
85414,https://image.tmdb.org/t/p/w500/qKDoK8hUt8fGGXKpvAnt3AQVUvy.jpg
82696,https://image.tmdb.org/t/p/w500/jTBHePOwIm2XAjGORnfPIAlVUvb.jpg
84327,https://image.tmdb.org/t/p/w500/9VxMIPT3nGusKhr8084m26vdeTj.jpg
77174,https://image.tmdb.org/t/p/w500/9DZPtuYTKYxt6vzHvZ5FLThG4fl.jpg
82650,https://image.tmdb.org/t/p/w500/zGtie23gOL8H6dJvXRNdmCtscRq.jpg
109584,https://image.tmdb.org/t/p/w500/cNeDPyJdeV4Gzs3TcVthM8AJYHW.jpg
76360,https://image.tmdb.org/t/p/w500/itnA0QZio9kzgI3jy1dTwQfutCg.jpg
49526,https://image.tmdb.org/t/p/w500/gHnGhJmE0LByOd4RS2mOASmUqQu.jpg
71864,https://image.tmdb.org/t/p/w500/avf0QddIevLw8kZKfZ4X1cLAitI.jpg
82633,https://image.tmdb.org/t/p/w500/Ahtzwts22ayviD3LEVslfL4nRWB.jpg
71668,https://image.tmdb.org/t/p/w500/eOLA3IrZATSz5FQ6fmG0Q6sSVyq.jpg
202043,
84334,https://image.tmdb.org/t/p/w500/ucM98HuBHSWmn44oiE83hIDc6VB.jpg
263947,
215999,
83403,https://image.tmdb.org/t/p/w500/jUBEmGU3f3ItMInVkCfdWE4NMJJ.jpg
83660,https://image.tmdb.org/t/p/w500/5Ix8SvMu5MllsXLtD0dvZR0vDi2.jpg
83686,https://image.tmdb.org/t/p/w500/aJtPLZS7tlpiQl6pEr8H42K565x.jpg
114150,https://image.tmdb.org/t/p/w500/gsFoJk9g8W3zgaipRrrURk7LbiF.jpg
89708,https://image.tmdb.org/t/p/w500/qodkea4k0pNUmNTl5TJO2PdTqgW.jpg
67166,https://image.tmdb.org/t/p/w500/30CMhouPeumfiF2s8CVUKjrgHGM.jpg
59967,https://image.tmdb.org/t/p/w500/sNjL6SqErDBE8OUZlrDLkexfsCj.jpg
87428,https://image.tmdb.org/t/p/w500/wRpDLQWQgKaos1ZG7XPaUttGwhD.jpg
84329,https://image.tmdb.org/t/p/w500/602vUwe1GPmaRvcrT3OQWqH1Nm1.jpg
71679,https://image.tmdb.org/t/p/w500/ohdUDWVlcbuWphaLu6wS91xdJ73.jpg
100529,https://image.tmdb.org/t/p/w500/fnPAvlWX3HhHC8HlQWKJHgLrwVD.jpg
68722,https://image.tmdb.org/t/p/w500/jjVGdNt4fYb3T2hjISGZ2qnCuaV.jpg
49049,https://image.tmdb.org/t/p/w500/wLx65gtGVnUFCxceHWGszcruCZj.jpg
77016,https://image.tmdb.org/t/p/w500/pDeVKQICkcdwwjHxGj0MeS14YJ6.jpg
84348,https://image.tmdb.org/t/p/w500/xVGfCaTwVdZt3lFqtOVhTDqmG58.jpg
84892,https://image.tmdb.org/t/p/w500/aKCvdFFF5n80P2VdS7d8YBwbCjh.jpg
103663,https://image.tmdb.org/t/p/w500/jkixsXzRh28q3PCqFoWcf7unghT.jpg
103328,https://image.tmdb.org/t/p/w500/4ZuTrrDQhCS9f6KzIX6HfsjjyMd.jpg
82675,https://image.tmdb.org/t/p/w500/mGRtQS39DYIu6gXu5mXQsXFGZPO.jpg
82505,https://image.tmdb.org/t/p/w500/9GqcpWNNVXRTxY1u24VmlZuO5ht.jpg
45397,https://image.tmdb.org/t/p/w500/90rfYovk0nBrRmIcG6lxffDhBld.jpg
85735,https://image.tmdb.org/t/p/w500/eO8O5SwT1bQMHtW6kqEPteMVeiX.jpg
86597,https://image.tmdb.org/t/p/w500/iZGQsDlYcNaJf2MVopAZHs69FI4.jpg
80271,https://image.tmdb.org/t/p/w500/AlnBUoKzzPnczrzzxuh0SYwDa3Z.jpg
97365,https://image.tmdb.org/t/p/w500/6bcerd7CeQ5y5Dilym1O2C8c8Gl.jpg
90125,https://image.tmdb.org/t/p/w500/1UQM8zsQ4HhUr4dMgDDDMBrsq5d.jpg
62214,https://image.tmdb.org/t/p/w500/yGjVbLVdZRBlZTTQVBsj2KUjL1s.jpg
82507,https://image.tmdb.org/t/p/w500/nzx10sca3arCeYBAomHan4Q6wa1.jpg
92171,https://image.tmdb.org/t/p/w500/9qIICBLSZ7hAdQ5QrPydyGHojqu.jpg
76492,https://image.tmdb.org/t/p/w500/3sKT6vtydJ4DkTJtdP5pvfpPa0n.jpg
110354,https://image.tmdb.org/t/p/w500/qeeQ7rfTAXNYh4EqqdolFLkNwKM.jpg
71723,https://image.tmdb.org/t/p/w500/9lkQJVzUh0FWiOnoQWGhJ39vHCO.jpg
68734,https://image.tmdb.org/t/p/w500/m5gPWFZFIp4UJFABgWyLkbXv8GX.jpg
86838,https://image.tmdb.org/t/p/w500/4ukEYAxlSivFcDG6vLxJB6PjTjg.jpg
84306,https://image.tmdb.org/t/p/w500/yjZIATIFTiDs8rmwoF9izbBVsjg.jpg
75736,https://image.tmdb.org/t/p/w500/mbDQA2a3H9CbEHr7bDkaqxAGDO1.jpg
80280,https://image.tmdb.org/t/p/w500/tI1534q0Up7PBcLdXdFerLmIXn3.jpg
99770,https://image.tmdb.org/t/p/w500/rbdGCkvLPxuSvfVwHDK4PmOqmIm.jpg
82990,https://image.tmdb.org/t/p/w500/na5tAslm1kGNcft083AIXMTOsYR.jpg
94348,https://image.tmdb.org/t/p/w500/bQYXid9o6nunJBgmmjo6JFIQe1p.jpg
83542,https://image.tmdb.org/t/p/w500/8naVv2Xu3rWI5JKHz0vCujx6GaJ.jpg
72867,https://image.tmdb.org/t/p/w500/358FTzyn2TusjvdqoW0lLMr7KTY.jpg
61012,https://image.tmdb.org/t/p/w500/xBC7bHZ5UglTw4LMd2lTSgXvQXl.jpg
87826,https://image.tmdb.org/t/p/w500/g3ZjNkQP4M7Cs0clPD9q7EO2P1g.jpg
126797,https://image.tmdb.org/t/p/w500/tqwstYXYKtosbsIHMJdz3FOcCjs.jpg
64689,https://image.tmdb.org/t/p/w500/heaz45kpFa4Oa7iLis0OBas68ls.jpg
84287,https://image.tmdb.org/t/p/w500/fq1MMkiKjCLUO0rZf8FL1JdjHAw.jpg
113947,https://image.tmdb.org/t/p/w500/57o1DBc5DfJXVc8wArAblSbZ8sD.jpg
84341,https://image.tmdb.org/t/p/w500/d4b2k3bB5C6AC9s3FFZhjZw7rB1.jpg
82690,https://image.tmdb.org/t/p/w500/zWoIgZ7mgmPkaZjG0102BSKFIqQ.jpg
82693,https://image.tmdb.org/t/p/w500/y7iOVneBvITlBdhy6tVqXVOa1Js.jpg
87502,https://image.tmdb.org/t/p/w500/1AjXgBM2lkpG3FLQO0f6AK3Bi1e.jpg
96724,https://image.tmdb.org/t/p/w500/2DvjkCbmlg8sbBHZKUZvYPgsT5V.jpg
87827,https://image.tmdb.org/t/p/w500/iLgRu4hhSr6V1uManX6ukDriiSc.jpg
97430,https://image.tmdb.org/t/p/w500/nHgkRj6Igx3QsHmTyF4oAfBjAE7.jpg
123105,https://image.tmdb.org/t/p/w500/fnmYgr4AOOE09zKa7omPW1FWT8K.jpg
98631,https://image.tmdb.org/t/p/w500/s6T399aAmPNQEK8Uf4MImlQdiil.jpg
65851,https://image.tmdb.org/t/p/w500/o0cILOYbqfppTLAhkI2tzA2BWtX.jpg
80215,https://image.tmdb.org/t/p/w500/2B1IqPg97ZhpEov4Fg3si4hI1Kw.jpg
123025,https://image.tmdb.org/t/p/w500/kkjTbwV1Xnj8wBL52PjOcXzTbnb.jpg
72976,https://image.tmdb.org/t/p/w500/fPlBXvxFwqUu5woDtyswMpYdXEk.jpg
135708,https://image.tmdb.org/t/p/w500/xq20qo5gj5eMnDY0bdZDktrLyrl.jpg
73935,https://image.tmdb.org/t/p/w500/sW4MFTfW88Ii8TyZVD7oprzzhOU.jpg
50620,https://image.tmdb.org/t/p/w500/7IGdPaKujv0BjI0Zd0m0a4CzEjJ.jpg
58547,https://image.tmdb.org/t/p/w500/AuCM5jU751cMLKOtHybzUoL6RaX.jpg
60747,https://image.tmdb.org/t/p/w500/aHdxKDX36NOEYE2NyAyP7ThuAcm.jpg
81188,https://image.tmdb.org/t/p/w500/sW4qOa9yF0Ikg7lppncQ0n5UhKX.jpg
101519,https://image.tmdb.org/t/p/w500/sMZyKSo8b47VW1h2zjjGUZIefV1.jpg
97614,https://image.tmdb.org/t/p/w500/5ZM6uKhuEzWZD3xklmqKPuvq1Nj.jpg
102780,https://image.tmdb.org/t/p/w500/gJBPca7enfDFQ0UqmkIiE5XkxEV.jpg
140420,https://image.tmdb.org/t/p/w500/9tvF744hwTm2Bn9hkDjMfEsysKz.jpg
19274,https://image.tmdb.org/t/p/w500/bmQR6gtoBJHUkgALLb1eGruKPll.jpg
18867,https://image.tmdb.org/t/p/w500/lH11m3LC8itFSTWzkS4xVYL6nB.jpg
112336,https://image.tmdb.org/t/p/w500/zlG4QzB00VM6QHUmRkKaboCOgat.jpg
83389,https://image.tmdb.org/t/p/w500/rRLYX4RZIyloHSJwvZKAhphAjiB.jpg
71883,https://image.tmdb.org/t/p/w500/yUkH0y9OsY7J08Dvfzi1P0di559.jpg
25539,https://image.tmdb.org/t/p/w500/ngFYme3fGnwkssHkPXZr3peI6iW.jpg
10044,https://image.tmdb.org/t/p/w500/dZzHBIcJsld2XMvwR75OZGf4NM2.jpg
34280,https://image.tmdb.org/t/p/w500/w4UYJt7etFBmWBR5UhNcG6ttHZw.jpg
110392,https://image.tmdb.org/t/p/w500/b8AKAb65f0CyuYM9FBkFYxePAlu.jpg
49051,https://image.tmdb.org/t/p/w500/yHA9Fc37VmpUA5UncTxxo3rTGVA.jpg
87504,https://image.tmdb.org/t/p/w500/fPqQ4lM1f4bkbpJ9J5Gt8QJRY5D.jpg
40722,https://image.tmdb.org/t/p/w500/A3LppVfwslUokTyETpclKwGAXSM.jpg
97630,https://image.tmdb.org/t/p/w500/wNSdSSxowM3WIqmPJNg3RagYbwP.jpg
139567,https://image.tmdb.org/t/p/w500/kziBJGQFo9f0Vkj9s37qI0G9I0I.jpg
82654,https://image.tmdb.org/t/p/w500/8XAX6KaqNGcLXcwoDwxyU0bxhxm.jpg
83186,https://image.tmdb.org/t/p/w500/k6IvmVvfsoIL8HNVusb4oAQr6Rk.jpg
77875,https://image.tmdb.org/t/p/w500/jYv6MqOoAIpxZd6ydJ4S5S2QHDZ.jpg
82687,https://image.tmdb.org/t/p/w500/55JqWqocsMNx5uanELDRDFqu40J.jpg
75780,https://image.tmdb.org/t/p/w500/uQBbjrLVsUibWxNDGA4Czzo8lwz.jpg
68718,https://image.tmdb.org/t/p/w500/7oWY8VDWW7thTzWh3OKYRkWUlD5.jpg
89492,https://image.tmdb.org/t/p/w500/qoK8bMRM9qBObxLSkW9nQ5P9XhE.jpg
41153,https://image.tmdb.org/t/p/w500/dCbFIzq64uUo5ZR4W3vLFhaJenk.jpg
44470,https://image.tmdb.org/t/p/w500/c6ZouvwSkBPnmKVjeBDwdA44Tx8.jpg
80278,https://image.tmdb.org/t/p/w500/k0DLCiDbnYywOHiISALbl2EH2NE.jpg
82695,https://image.tmdb.org/t/p/w500/6CuzBs2Lb8At7qQr64mLXg2RYRb.jpg
16315,https://image.tmdb.org/t/p/w500/wcYwgCJioHteh7g0RaZ9Y8sEhvY.jpg
88042,https://image.tmdb.org/t/p/w500/815zxi87kTUvleFHjnE5SNzWmVZ.jpg
75761,https://image.tmdb.org/t/p/w500/1IsviP0Tb05xUAFWz5b7FJ0qIHP.jpg
193380,
133694,https://image.tmdb.org/t/p/w500/ziVOzoGfmHD5F90LyeCkBnwuTkP.jpg
118628,https://image.tmdb.org/t/p/w500/ccEVR8sf18psGH5daio9y7OGu93.jpg
38010,https://image.tmdb.org/t/p/w500/9boTcyjQ4IMnosjrFYhTyFsD7F4.jpg
76617,https://image.tmdb.org/t/p/w500/qaPvvHP1kKlQaUAXQZQAWitqBOT.jpg
82682,https://image.tmdb.org/t/p/w500/1eW9kFSuTQfyMvZKtxlnwKRBvI.jpg
68812,https://image.tmdb.org/t/p/w500/56KPE9tPYh2WBdnUMq9EIOwEXGQ.jpg
147538,
142061,https://image.tmdb.org/t/p/w500/arEZYd6uMOFTILne9Ux0A8qctMe.jpg
135921,https://image.tmdb.org/t/p/w500/j7ibOc2uYDZbIr7T0aaFMdIi6Ud.jpg
105538,https://image.tmdb.org/t/p/w500/5zxtGLnd87j6cQZlFjnRZzrrNLI.jpg
76640,https://image.tmdb.org/t/p/w500/3tP4r47v8v6mEj5X5RuG9y8Frbh.jpg
145197,https://image.tmdb.org/t/p/w500/zeV2KXaluXjXAq9wBg6Q0LHJjNm.jpg
84336,https://image.tmdb.org/t/p/w500/ihkceEMJK4XtHXgw97ggsrE3ExP.jpg
69372,
85872,https://image.tmdb.org/t/p/w500/752BCNz9uFiym29bqIsyOaPAln5.jpg
87818,https://image.tmdb.org/t/p/w500/uYa06GxHsCsELx9vOQ11vsT0Aa6.jpg
128190,https://image.tmdb.org/t/p/w500/tGmLQzLuok7qB0xVLv7s6rvUdl3.jpg
117974,https://image.tmdb.org/t/p/w500/l52cpdZcVkEVTaLqga6xxSQoaKX.jpg
60304,https://image.tmdb.org/t/p/w500/j343Rpj3WeNvP0SV80zveve70io.jpg
146837,https://image.tmdb.org/t/p/w500/ospzpJrBaCorNQlZC6VFBqwwUjk.jpg
118677,https://image.tmdb.org/t/p/w500/xEaVD2RJADGWUhlBkhGV0vQoHrP.jpg
93858,https://image.tmdb.org/t/p/w500/mtr1ztUkJs6jsYdzK3gBLsuffr4.jpg
58244,https://image.tmdb.org/t/p/w500/wImo0dC72HRoI5QO85dGavmxW6q.jpg
162145,https://image.tmdb.org/t/p/w500/4TdsXzigS6xYYO9Qn8oOQrZqX1M.jpg
18912,https://image.tmdb.org/t/p/w500/7a4EHUOmvfY0jZTHA7qlOCGO9gv.jpg
121824,https://image.tmdb.org/t/p/w500/pOXmX1rldFQv3rFkWwe4uqbPWPJ.jpg
109421,https://image.tmdb.org/t/p/w500/dk10bwGyj8aRdOTl3EkgATEefh2.jpg
109431,https://image.tmdb.org/t/p/w500/lIliJCGoWT6tEVaDivLpXEf038w.jpg
87436,https://image.tmdb.org/t/p/w500/k3TcTGCgvvvhAiW9pkyWNz9CoNN.jpg
109491,https://image.tmdb.org/t/p/w500/t7PWQHpJHb2ozALCfaPaC5aHxBs.jpg
47964,https://image.tmdb.org/t/p/w500/qJ0csDXAVFMsNn0cRcjy6W6PxAK.jpg
107811,https://image.tmdb.org/t/p/w500/ruPRsaWpSbHv2085k1bO2HbSAUV.jpg
112949,https://image.tmdb.org/t/p/w500/2CbJ3HTb6SFbMeguYH52UQSHOwY.jpg
134481,
123678,https://image.tmdb.org/t/p/w500/sp5B7Tz5ttsgOLnIlCP5uEhtesI.jpg
122857,https://image.tmdb.org/t/p/w500/4pefZa0U5h0avmdvRwWB4xjMFl6.jpg
68179,https://image.tmdb.org/t/p/w500/9la0CSCJqwh6io3yk4Xv3aEZxEA.jpg
132344,https://image.tmdb.org/t/p/w500/qbGKJmNUroDz75kh5Oafoall89e.jpg
134411,https://image.tmdb.org/t/p/w500/1suKSCm8gVUIIOh4MgtWAtzkMe4.jpg
145135,https://image.tmdb.org/t/p/w500/euLgEo2kvuLjYxbfOekWF3l82t6.jpg
130739,https://image.tmdb.org/t/p/w500/gy58pmCztFrpxaRM9rGhv93LgCP.jpg
170657,https://image.tmdb.org/t/p/w500/XcFMQQfx1gMlh1RyEednP6frNC.jpg
28090,https://image.tmdb.org/t/p/w500/oxCb0ptp88gDcfAcDUzkPBfc32v.jpg
81005,https://image.tmdb.org/t/p/w500/9jSI7saUX9Qz0JLh19jX2ulEwL7.jpg
129112,https://image.tmdb.org/t/p/w500/w4iCIZ1kWSOCt0yELjfUMNAToUF.jpg
59255,https://image.tmdb.org/t/p/w500/3iuuvMNa3SxqAd3jrlLKhXEdW9a.jpg
43650,https://image.tmdb.org/t/p/w500/6bt8qmhxVsgbxFLQCoAcekdCFiw.jpg
72559,https://image.tmdb.org/t/p/w500/nZKk8XA0VrvRSdMQvBAF5Nzniwo.jpg
86825,https://image.tmdb.org/t/p/w500/sdmykiEBpNivXMeuxaEwyc0vxyM.jpg
68728,https://image.tmdb.org/t/p/w500/tkzfAUEKoUp4YFNbZV9hfpZOz0z.jpg
49519,https://image.tmdb.org/t/p/w500/27zvjVOtOi5ped1HSlJKNsKXkFH.jpg
124459,https://image.tmdb.org/t/p/w500/Bl95sg5Ljo3Hu9SSL0JOvLerLh.jpg
158011,https://image.tmdb.org/t/p/w500/bpYVSeoaQ8MURmmqnojoMJEUmQj.jpg
117263,https://image.tmdb.org/t/p/w500/gKnx04MxnKcf5uOdhHhAAkqcCg.jpg
84199,https://image.tmdb.org/t/p/w500/tG6jUndWd9FRuvI4j5Z2bhTuq0V.jpg
55892,https://image.tmdb.org/t/p/w500/f8VfbivexOy6ZUZTrqZsHz2vRPU.jpg
97367,https://image.tmdb.org/t/p/w500/vY5j2xQzMGWmxBuhQo0HfA4Lxqb.jpg
127867,https://image.tmdb.org/t/p/w500/6txTmb8OIimrQezgD8ERMmrrbnT.jpg
173153,https://image.tmdb.org/t/p/w500/vGLqUtMmZPEes7q59GoNusNNtjY.jpg
72710,https://image.tmdb.org/t/p/w500/1mfIZw6WgkCX310eoe0Ys14c3Fi.jpg
144340,https://image.tmdb.org/t/p/w500/f3HoCikJxypRtLJptBwvs7L7etE.jpg
109428,https://image.tmdb.org/t/p/w500/1gDV0Lm9y8ufIKzyf0h0GBgb9Zj.jpg
68727,https://image.tmdb.org/t/p/w500/3MVYuyVknNA9yC0Gy6z3zDAiWfX.jpg
133698,https://image.tmdb.org/t/p/w500/iPFBW4KaLyCdXwEsa2TXRBW0Jxe.jpg
75612,https://image.tmdb.org/t/p/w500/eO3r38fwnhb58M1YgcjQBd3VNcp.jpg
59963,https://image.tmdb.org/t/p/w500/gx56ZanaWd4pG930Z44eDLvnQ8N.jpg
109410,https://image.tmdb.org/t/p/w500/iZ7jVGQWj3eBUdqwAPUlKk0BaS2.jpg
110420,https://image.tmdb.org/t/p/w500/3Nllh6JgcrFdtOn6iFOWHudNInd.jpg
127517,https://image.tmdb.org/t/p/w500/mAStXq4ncbLBnujd3LG4KDd7Z3a.jpg
13647,https://image.tmdb.org/t/p/w500/eebNTSRa5Hh5skPKGdGJIJpo9Ls.jpg
42699,https://image.tmdb.org/t/p/w500/8o0ZwBHqueNvlynd2VX4xySRrFM.jpg
134374,https://image.tmdb.org/t/p/w500/txagTxnwbpSOvSf6JdIIvUPsJHN.jpg
15257,https://image.tmdb.org/t/p/w500/p8PZfkrCuXanfYr3k6xAS6WzN8Y.jpg
121606,https://image.tmdb.org/t/p/w500/wrzbVOuiuwSPMfWVaUQUDbyqx9V.jpg
84204,https://image.tmdb.org/t/p/w500/n1CkFfuDCh4NDZgaXmyna3V0Hxc.jpg
76589,https://image.tmdb.org/t/p/w500/seCbcjdZYUl8SRKjeWfyi2ngzFj.jpg
44865,https://image.tmdb.org/t/p/w500/ydBVVIscL6TsX5hYztA5YpBCwJ3.jpg
109414,https://image.tmdb.org/t/p/w500/7Wdc3etyBJA4432TYtz6n9GQd1c.jpg
68721,https://image.tmdb.org/t/p/w500/qhPtAc1TKbMPqNvcdXSOn9Bn7hZ.jpg
174321,https://image.tmdb.org/t/p/w500/mF14chZNzgDRZffs8Wk8lPwdNQA.jpg
103731,https://image.tmdb.org/t/p/w500/o2jT5jQdKh1HAF0fMKuGwBOwOYB.jpg
25117,https://image.tmdb.org/t/p/w500/1xcuMgFbvWZBoTKS46Xbo5kOMj.jpg
165739,https://image.tmdb.org/t/p/w500/x1xjvT12cF6CABsa8ji5Lj7GNyh.jpg
45736,https://image.tmdb.org/t/p/w500/f6IALg4S0qujZha9xbFBLnELksZ.jpg
72525,https://image.tmdb.org/t/p/w500/l3HSd4Nj6YKKUiE6q9WGow94f45.jpg
64682,https://image.tmdb.org/t/p/w500/nimh1rrDDLhgpG8XAYoUZXHYwb6.jpg
54138,https://image.tmdb.org/t/p/w500/7XrRkhMa9lQ71RszzSyVrJVvhyS.jpg
116741,https://image.tmdb.org/t/p/w500/hIh3ZgsZ31nbUAGn5SKIZGKiKCX.jpg
16150,https://image.tmdb.org/t/p/w500/kXyS0tsKssgECta1HeQCqIho1QH.jpg
27861,https://image.tmdb.org/t/p/w500/ry3IE86Ibo9R0AjEXs37JrweI9I.jpg
20803,https://image.tmdb.org/t/p/w500/6f7vhvnma8sbO6821ShE5ViA3r8.jpg
77987,https://image.tmdb.org/t/p/w500/84HR8v3vtz91vTouBX3H5eEWJvP.jpg
109439,https://image.tmdb.org/t/p/w500/vtxuPWkdllLNLVyGjKYa267ntuH.jpg
82992,https://image.tmdb.org/t/p/w500/thSmnRdrzPBBospIOJjLZBReqzo.jpg
116711,https://image.tmdb.org/t/p/w500/81cSsWzjTfR3cJSqnTiHwy1eyPK.jpg
197467,https://image.tmdb.org/t/p/w500/gNGq4u0cymxZqGADZrx7AWrSB5m.jpg
86282,https://image.tmdb.org/t/p/w500/4x3Hy0XX2iuGglEznKEMGHUyG7h.jpg
2077,https://image.tmdb.org/t/p/w500/oaKKcsUChu117urmWBz9Os23Ad9.jpg
197481,https://image.tmdb.org/t/p/w500/pocmh0P8Ddf5w33pP3Vuqm0JRP9.jpg
42151,https://image.tmdb.org/t/p/w500/2WMwkZ4Qmsi3X6WvfjvBsC1er6F.jpg
121986,https://image.tmdb.org/t/p/w500/jrq1NoKvsxWCcffVOjegiYwloFN.jpg
104755,https://image.tmdb.org/t/p/w500/nqZ6CGGZpQWt139YioekSYHvvkU.jpg
119675,https://image.tmdb.org/t/p/w500/p3PF7jIUMAyZjGMaTPVbR405a2W.jpg
130824,https://image.tmdb.org/t/p/w500/tDaxB5juEGwXD7oZwh8IXsnisar.jpg
86843,https://image.tmdb.org/t/p/w500/paSNMYfpSrf3sOWbH4C3bHSSapB.jpg
82700,https://image.tmdb.org/t/p/w500/iXMvYIlzzJBs352CfeiQcBvovZt.jpg
75656,https://image.tmdb.org/t/p/w500/tWsNYbrqy1p1w6K9zRk0mSchztT.jpg
133463,https://image.tmdb.org/t/p/w500/k0sJHCm3vRqGioWywLsLnR6ujUf.jpg
147773,https://image.tmdb.org/t/p/w500/4DgA0EDDVv37C8xISc3Vv0rhxlL.jpg
91739,https://image.tmdb.org/t/p/w500/kDUEegV4P8odhUTjHE2e2kWMZo3.jpg
49521,https://image.tmdb.org/t/p/w500/dksTL9NXc3GqPBRHYHcy1aIwjS.jpg
156700,https://image.tmdb.org/t/p/w500/6dcIbwJuxlEnzLe0EaGFvsh4ZdS.jpg
158015,https://image.tmdb.org/t/p/w500/46X1ei9uf13nkkr0OhWldGyr5Uh.jpg
174188,https://image.tmdb.org/t/p/w500/9yc5UCe3i5mrHuIWsGgsKfI37rd.jpg
159014,https://image.tmdb.org/t/p/w500/6iRxKxfE6SB586cQV3BH8NSMzoZ.jpg
96936,https://image.tmdb.org/t/p/w500/tYLHIM8LIhqCYKS2wdaIOX8tetf.jpg
62211,https://image.tmdb.org/t/p/w500/y7thwJ7z5Bplv6vwl6RI0yteaDD.jpg
160085,https://image.tmdb.org/t/p/w500/3b9tQFCfnCGFcM7kRKWJAZcw2qA.jpg
80518,https://image.tmdb.org/t/p/w500/7RvBQOTZGhCoPvLiF3Ugp2Q94Ux.jpg
103620,https://image.tmdb.org/t/p/w500/q1w6cxXKQszEPkCzTl36mIPW6PB.jpg
120292,https://image.tmdb.org/t/p/w500/wYxr14jTu02noGxXRqPDJgK37wC.jpg
68726,https://image.tmdb.org/t/p/w500/mmznhaQDwlHWpUwKuNxtQiubbmM.jpg
177271,https://image.tmdb.org/t/p/w500/7nezWm9gOsQPKfbHkUiB8R4SSZO.jpg
152742,https://image.tmdb.org/t/p/w500/ibDGPgUZn6vxHiSgt2xeQyFp8Np.jpg
53928,https://image.tmdb.org/t/p/w500/jtf60tNMJQ6Jbman4Fi43rnSIVA.jpg
72190,https://image.tmdb.org/t/p/w500/aCnVdvExw6UWSeQfr0tUH3jr4qG.jpg
68724,https://image.tmdb.org/t/p/w500/uiiXHBd9oUrtUa4YqZiAoy05cRz.jpg
93456,https://image.tmdb.org/t/p/w500/oyMPJJZoOpLHgJoFPUOn6DgkbWJ.jpg
117251,https://image.tmdb.org/t/p/w500/6TeIVKPw7nXXWy2zKmDmlnSwzb7.jpg
107985,https://image.tmdb.org/t/p/w500/kpglnOBYmKn0AkkWDzGxzKHDbds.jpg
136418,https://image.tmdb.org/t/p/w500/bN2aGUOxHRwGms68WTDr2MHzkKa.jpg
136795,https://image.tmdb.org/t/p/w500/yERBa1y5zNUOTRKQPiDCPIc2fuv.jpg
57201,https://image.tmdb.org/t/p/w500/xRmsqvHnaWmrazJl9bTBqs4LAjp.jpg
109099,https://image.tmdb.org/t/p/w500/56TkyoZ9fHkXwGWOng4w3q3SxCw.jpg
159117,https://image.tmdb.org/t/p/w500/o4hcWsHaHaNQ9BBReOxLvYJNRhA.jpg
136386,https://image.tmdb.org/t/p/w500/ixFAaIgcJ83o5ge7Mu6FjgKw5iZ.jpg
157386,https://image.tmdb.org/t/p/w500/tYDbDuZ3K4Xwp3cwtmZM6k53bwq.jpg
157375,https://image.tmdb.org/t/p/w500/ecArdkI6uDNBZ59482pv7lDqVzY.jpg
205321,https://image.tmdb.org/t/p/w500/atEmHkVFTSGRYt2PeCiziQqbZnI.jpg
178946,https://image.tmdb.org/t/p/w500/zzQRBkQnO0qgaWrlexUfA0KioLL.jpg
111969,https://image.tmdb.org/t/p/w500/byic4VFVrpPyjDWK54CcsxYWW85.jpg
30963,https://image.tmdb.org/t/p/w500/nSbkFgHYK1OFKh0WGyLw8ItC50E.jpg
157354,https://image.tmdb.org/t/p/w500/oXSy3nEKFtfw5iRxdG8ouEFAnxs.jpg
49524,https://image.tmdb.org/t/p/w500/rS0kByPD4YF8pQ85KjzMdGiu7Xf.jpg
179111,https://image.tmdb.org/t/p/w500/dKhMJr8yoHVyvxyUiAeIn2hKVdL.jpg
138843,https://image.tmdb.org/t/p/w500/wVYREutTvI2tmxr6ujrHT704wGF.jpg
77950,https://image.tmdb.org/t/p/w500/w6GdF5hcnsU5IwaRhyhnysNy5hO.jpg
76170,https://image.tmdb.org/t/p/w500/8lzmovtARDXnE7kTDOum02i6fXv.jpg
172533,https://image.tmdb.org/t/p/w500/iunbsMWtkwfrtRzU7hdCHhPjjJf.jpg
146216,https://image.tmdb.org/t/p/w500/tbksijr6g340yFWRgI4JfwrtM9h.jpg
198062,https://image.tmdb.org/t/p/w500/475PTJRhikorye5BnTan5BPm85j.jpg
192126,https://image.tmdb.org/t/p/w500/3LDh44NHhTa27TfO0ntWiilogKo.jpg
136400,https://image.tmdb.org/t/p/w500/ptURGAFktibhk7DEAbMazlmNqWa.jpg
160588,https://image.tmdb.org/t/p/w500/nsj0RLRI10351uYMoAKPur6Derd.jpg
179144,https://image.tmdb.org/t/p/w500/1cmOc3ZPkuCTOTqHEsRr3Pk81Um.jpg
58447,https://image.tmdb.org/t/p/w500/wAwzuwe5BGglw4WEdSViSKx02wZ.jpg
185574,https://image.tmdb.org/t/p/w500/uMiRDSnFRpKicYbikKa8aO1QKbU.jpg
76285,https://image.tmdb.org/t/p/w500/tAu90qEpLqwqiZLsMqpaMVr55oN.jpg
77931,https://image.tmdb.org/t/p/w500/tmjvgbEH4BKYFfHmWXjXrHgi8wT.jpg
177699,https://image.tmdb.org/t/p/w500/oqdSe46XQ9CKcj1WMyfD2LaVoER.jpg
76544,https://image.tmdb.org/t/p/w500/jXq5Gjy8vc3iifDgtObZ4i6qNe8.jpg
21683,https://image.tmdb.org/t/p/w500/mlmhpUArJdpRPO211v3lETe3uzg.jpg
138832,https://image.tmdb.org/t/p/w500/yNJreiR2PuiGwsWWJC7cWpgXwCL.jpg
109418,https://image.tmdb.org/t/p/w500/hT6ijOtjtYrnyDhN7VA2QWyGFAm.jpg
59859,https://image.tmdb.org/t/p/w500/1go2A3gdQjaMuHWquybgoJlQRcX.jpg
87421,https://image.tmdb.org/t/p/w500/pUul9pGWOKT7X0smkTvsIEIQxcP.jpg
151960,https://image.tmdb.org/t/p/w500/i2xgU0y0p77WTrB0oIkbpdaWq8R.jpg
158999,https://image.tmdb.org/t/p/w500/kCk4mDFE96Mn1AYfEcbxkIiw7ND.jpg
149870,https://image.tmdb.org/t/p/w500/jfwSexzlIzaOgxP9A8bTA6t8YYb.jpg
115782,https://image.tmdb.org/t/p/w500/mOyZ0UAWaOJartFq2G3Cv0soFtQ.jpg
132363,https://image.tmdb.org/t/p/w500/qyWvpylSqs7wmA4TrUIrGCgWJtv.jpg
157360,https://image.tmdb.org/t/p/w500/xbuiPYXOk1aHaNf7o2mAQxeDs7s.jpg
122906,https://image.tmdb.org/t/p/w500/iR1bVfURbN7r1C46WHFbwCkVve.jpg
30061,https://image.tmdb.org/t/p/w500/5Cjrxbv0BIxzgKFC9PYcgmPtnMV.jpg
83899,https://image.tmdb.org/t/p/w500/l163jakfKvchUTVTtBi0KA7ZhIc.jpg
147129,https://image.tmdb.org/t/p/w500/x3oMuJQdkOMVzkS6FoJd6BDa1G7.jpg
146227,https://image.tmdb.org/t/p/w500/z4sEWm1ykf9WX5WJU4XMD4oI5sI.jpg
49802,https://image.tmdb.org/t/p/w500/c34bVzr6akMEJ7j2yrzRfgPJlVO.jpg
17282,https://image.tmdb.org/t/p/w500/j5oRakY1PoEd4c56LtpyuBVek5e.jpg
49047,https://image.tmdb.org/t/p/w500/kZ2nZw8D681aphje8NJi8EfbL1U.jpg
212716,https://image.tmdb.org/t/p/w500/67x9NJyjK4u02NpISnChDMKzCUr.jpg
115199,https://image.tmdb.org/t/p/w500/cJHq7n8fl6p5tY0Jr6GQ2uoO0rR.jpg
146233,https://image.tmdb.org/t/p/w500/uhviyknTT5cEQXbn6vWIqfM4vGm.jpg
156711,https://image.tmdb.org/t/p/w500/8f9XX2rIOY5kmzivS5sZfnVuCxE.jpg
91586,https://image.tmdb.org/t/p/w500/w5JjiB3O1CLDXbTJe1QpU5RHmlU.jpg
96721,https://image.tmdb.org/t/p/w500/5hpcfL3WH5ArSPUlfD4E1TtaOd0.jpg
112205,https://image.tmdb.org/t/p/w500/x2arN02JFsZcDKmBb0SIjG8Smc8.jpg
169813,https://image.tmdb.org/t/p/w500/qKnsyaJZLXfiL2JhIJEkpA8C3LU.jpg
102059,https://image.tmdb.org/t/p/w500/xpyePeVClwq85miKvY1r4T8ps5.jpg
129139,https://image.tmdb.org/t/p/w500/vSVYCcvDJljrESZo1jJyXPVvwfk.jpg
121676,https://image.tmdb.org/t/p/w500/gCeZGBFcxjyGdvFncJqCGffBCpw.jpg
129670,https://image.tmdb.org/t/p/w500/o1t2Mw18EEBnl8v4Nby3PFjxnM1.jpg
209263,https://image.tmdb.org/t/p/w500/p5naJg0K8xF0h0HWEfiz6rc9lC4.jpg
138697,https://image.tmdb.org/t/p/w500/uh8bwvgGXeUKzdL4oSul9zxyTcd.jpg
157820,https://image.tmdb.org/t/p/w500/y41mndWYov3oPSZdHUtyjEdALvF.jpg
51452,
157409,https://image.tmdb.org/t/p/w500/jX34ccG13P66S4qVqLRRyR0hZLS.jpg
172828,https://image.tmdb.org/t/p/w500/1dmHunFILNXKzjOkl1A7IIsTI58.jpg
146238,https://image.tmdb.org/t/p/w500/ck5jZjv7WVoCBBgTH1gJlhyCLPy.jpg
152584,https://image.tmdb.org/t/p/w500/kgUk1wti2cvrptIgUz0VTAtSF6w.jpg
109451,https://image.tmdb.org/t/p/w500/ss5NcK2NWFg2YcKKYXLrk8q1myS.jpg
109424,https://image.tmdb.org/t/p/w500/gAH73mMU7rgGZrpYkFYgFgSNHs5.jpg
51985,https://image.tmdb.org/t/p/w500/7J8qq1O1kAjVdpDJnxuzNC5tH3H.jpg
106747,https://image.tmdb.org/t/p/w500/3i4UgSZmAJXt6Euy5azvknmzsm9.jpg
85889,https://image.tmdb.org/t/p/w500/1F2q79eQqEEiak6sslCzdbyCbr5.jpg
107846,https://image.tmdb.org/t/p/w500/qOZPLflxDqKogu9v9hYw3lolxGs.jpg
55370,https://image.tmdb.org/t/p/w500/tPEDn3u2q8q82kREjiGKmfA7rPm.jpg
133805,https://image.tmdb.org/t/p/w500/kloXz9qwO23z9Kbt3z3MgnjF4xO.jpg
173495,https://image.tmdb.org/t/p/w500/et7jpooiP4K7eawUhmbYJmRyI7J.jpg
109091,https://image.tmdb.org/t/p/w500/aNiLkGnzVb5CorZHKk16w9S4COt.jpg
158752,https://image.tmdb.org/t/p/w500/g3qZofBWiLauJviv27f8zpEFbki.jpg
146015,https://image.tmdb.org/t/p/w500/7kNcpmP1Pe9fWLKEbEOX5GEWueC.jpg
76203,https://image.tmdb.org/t/p/w500/xdANQijuNrJaw1HA61rDccME4Tm.jpg
152747,https://image.tmdb.org/t/p/w500/9cVA4oX2xHgiglv6hemxwAaofsq.jpg
80274,https://image.tmdb.org/t/p/w500/vmd3CNeG2B9FXsit61oc7oxabej.jpg
208134,https://image.tmdb.org/t/p/w500/dDSMzBEaM0LYSy9Muo0zsCo77Vh.jpg
76338,https://image.tmdb.org/t/p/w500/wD6g4EcmR6R3VNbuBmNOVq2qWrM.jpg
152532,https://image.tmdb.org/t/p/w500/7Fdh7gUq3plvQqxRbNYhWvDABXA.jpg
194101,https://image.tmdb.org/t/p/w500/5Bj6Oku5o7mcqZHMn6sZM1ifMhd.jpg
137093,https://image.tmdb.org/t/p/w500/9Aht200Eu2jYiE9cEQdFfNDtHl6.jpg
205220,https://image.tmdb.org/t/p/w500/eBUv2GmGdXmCk1AaSOmyiu70hN8.jpg
203833,https://image.tmdb.org/t/p/w500/wj4U5sMLcJMa3WR9CpRR9e2sdgZ.jpg
101299,https://image.tmdb.org/t/p/w500/qdXXEFGuLLfMWa1DGEkWFUo8Zwd.jpg
57158,https://image.tmdb.org/t/p/w500/xQYiXsheRCDBA39DOrmaw1aSpbk.jpg
64686,https://image.tmdb.org/t/p/w500/xDHnmcroujCRG0ysYQaiswjbyHd.jpg
146239,https://image.tmdb.org/t/p/w500/huXHYDclKT4RM1OvS3O7SXYRAU0.jpg
41602,https://image.tmdb.org/t/p/w500/7BbrgKfnRfEFIePqdRcWzuHs3KI.jpg
137312,https://image.tmdb.org/t/p/w500/rVuLdqIO2AWzciwFEv4mEjsfObG.jpg
253941,
80662,https://image.tmdb.org/t/p/w500/9Yc6ip8cBDbkfy5K8Ob401PjlJa.jpg
109445,https://image.tmdb.org/t/p/w500/m4uhSpErBKprhsclr0zynTYdupb.jpg
86829,https://image.tmdb.org/t/p/w500/nNxK3pC3DMpPpWKMvo2p3liREVT.jpg
106646,https://image.tmdb.org/t/p/w500/kW9LmvYHAaS9iA0tHmZVq8hQYoq.jpg
204082,https://image.tmdb.org/t/p/w500/6pF8D9bDIAmuHgCqGKEfuNWRQam.jpg
192136,https://image.tmdb.org/t/p/w500/nzjwDSwLbalv7bCXnFbkAuIxXLx.jpg
75629,https://image.tmdb.org/t/p/w500/d0s1xvykzl0kz7fP5S2ROYqphdz.jpg
174311,https://image.tmdb.org/t/p/w500/spCLVHZnOCcjrGwCEaVi8ADKRsn.jpg
212063,https://image.tmdb.org/t/p/w500/vEF0f8dktdp4NbUbpi0xSzwUAY8.jpg
168672,https://image.tmdb.org/t/p/w500/koXGRfatN0tURFWMA0Keb0p0Gtg.jpg
116745,https://image.tmdb.org/t/p/w500/tY6ypjKOOtujhxiSwTmvA4OZ5IE.jpg
152601,https://image.tmdb.org/t/p/w500/lEIaL12hSkqqe83kgADkbUqEnvk.jpg
39260,https://image.tmdb.org/t/p/w500/7fN1ZDG7sumIgndF8KfzEAvzkL8.jpg
45697,https://image.tmdb.org/t/p/w500/sAqIotgXveaOjNFGd3MCwzCjHat.jpg
193756,https://image.tmdb.org/t/p/w500/zaBIrloyhGK7iNTZMb3f9SARsl8.jpg
140823,https://image.tmdb.org/t/p/w500/4RkcUe5PKnYvrCwMjk8giUAoID7.jpg
40897,https://image.tmdb.org/t/p/w500/hwBOt1t9lX1cGjNxAiz2lou5fhS.jpg
87516,https://image.tmdb.org/t/p/w500/iX93YdBrZA1EpGbphmjf4ARj1Za.jpg
209232,https://image.tmdb.org/t/p/w500/mlE9wNxyzGQPJm26Fn8eBr1H1gx.jpg
109443,https://image.tmdb.org/t/p/w500/BAdmxMdCqzjs6hx3KuEtnoWP8d.jpg
110415,https://image.tmdb.org/t/p/w500/nzccOvhrLGI0nvAknCEAk8bchD9.jpg
37129,https://image.tmdb.org/t/p/w500/4TE8gM826e1OU62AErJ5LS4F1os.jpg
20894,https://image.tmdb.org/t/p/w500/ahjecMDcBkcxxaKqsH66sJwapAC.jpg
20878,https://image.tmdb.org/t/p/w500/orp7Ec8fDDHXFYnAjOPWsuF0Dhe.jpg
166271,https://image.tmdb.org/t/p/w500/gBsO7Sp3g1oOaxQ44pomsJLm7m7.jpg
158990,https://image.tmdb.org/t/p/w500/oTGY0n5MFueHv7GP1P9aPhuR11I.jpg
27190,https://image.tmdb.org/t/p/w500/zDxpOQi7kkokDLxZkVQhejp2VHu.jpg
180894,https://image.tmdb.org/t/p/w500/f4i1wzuyFXv6NHREAy4fPPGSH7E.jpg
233063,https://image.tmdb.org/t/p/w500/hV88MiailtnGVF6rbp6Ug6UBKYS.jpg
27584,https://image.tmdb.org/t/p/w500/3pZzS9R1r6qHvstMxmGq54JkFDR.jpg
64807,https://image.tmdb.org/t/p/w500/jTq9jYTKKo6EhQPso4xTMpPYYXW.jpg
13194,https://image.tmdb.org/t/p/w500/f4htbMf2LORgMjKn0litcUFWuWY.jpg
152603,https://image.tmdb.org/t/p/w500/6xY2MhYjFPb4xU3KlBJcFAJmMsF.jpg
230657,
13632,https://image.tmdb.org/t/p/w500/A1fwL6i2PObYIeOW6iMhimLpIa3.jpg
122796,https://image.tmdb.org/t/p/w500/Am8zDtxkWlqtY5nVn7TKgsgw6C7.jpg
204810,https://image.tmdb.org/t/p/w500/su3Jt6PTVjyfbE8f2FVSHxVWksM.jpg
126963,https://image.tmdb.org/t/p/w500/nxZEdYcHMuD8SSuwusDnK9CD2H1.jpg
243531,https://image.tmdb.org/t/p/w500/kxtp9hqHK22x9DUVsQE58rrpJvz.jpg
159128,https://image.tmdb.org/t/p/w500/3Q0rtUfNHFOEnVoRv1pmKaAbZEV.jpg
39102,https://image.tmdb.org/t/p/w500/1lmwZTsqwTtvd3m60pyQfhGM2Ut.jpg
206408,https://image.tmdb.org/t/p/w500/urOhy4mkGTcRHjXBotanF6zyBJw.jpg
39148,https://image.tmdb.org/t/p/w500/eZkTQ4epHmVygmNnUCGAOzFqQH9.jpg
168530,https://image.tmdb.org/t/p/w500/zdGSv5FEeqYL5xBUaeW46fCERO2.jpg
137094,https://image.tmdb.org/t/p/w500/m7HcLUodrD4lM4s0Hui1tzO2pjO.jpg
157350,https://image.tmdb.org/t/p/w500/aNh4Q3iuPKDMPi2SL7GgOpiLukX.jpg
6418,https://image.tmdb.org/t/p/w500/fiWLuGIUAcJtu2hs7KlcZ0O2Ix3.jpg
126319,https://image.tmdb.org/t/p/w500/iJPbRASktYW0I009Ktc2zUE6Fvg.jpg
137968,https://image.tmdb.org/t/p/w500/wAQsxWn82CXsFxrItzzSfYJdSd3.jpg
100241,https://image.tmdb.org/t/p/w500/pQkJ1tNsKRvYhwbC8eztLElKrmS.jpg
157099,https://image.tmdb.org/t/p/w500/9PpwTNDsXnuGHcwBdpgybVSwsFN.jpg
110414,
181886,https://image.tmdb.org/t/p/w500/vf40tyDRKZsBmaLsYeopzfFLzLx.jpg
15359,https://image.tmdb.org/t/p/w500/u6sI0yLJXkmrbSJzVRCmmfa4nhx.jpg
152760,https://image.tmdb.org/t/p/w500/wiWAg4mKV2S4vImPxsPRIdj2R2B.jpg
137106,https://image.tmdb.org/t/p/w500/lbctonEnewCYZ4FYoTZhs8cidAl.jpg
97020,https://image.tmdb.org/t/p/w500/gM5ql3BKYmHG3WtZ0buKXN7xY8O.jpg
209247,https://image.tmdb.org/t/p/w500/4R6ojBfyO8fj3WszLE9rog5qR4W.jpg
249397,https://image.tmdb.org/t/p/w500/iLUNqgNKuWn667kXCKztSxYbT3k.jpg
74461,https://image.tmdb.org/t/p/w500/7TP8E4nTqT0SFkwlj2kYRfMRwfH.jpg
197082,https://image.tmdb.org/t/p/w500/b9pCYixO3ZO7tB303efB3O4nkqC.jpg
99367,https://image.tmdb.org/t/p/w500/ieLOyHzoJKyflqGdfj82S1MMm5A.jpg
157834,https://image.tmdb.org/t/p/w500/j2sEI9FOaJszidVatzIaaMPdLsm.jpg
137321,https://image.tmdb.org/t/p/w500/dwDAUpidqVEql6w1o51VIPlMtbG.jpg
146375,https://image.tmdb.org/t/p/w500/lJSNu2WJ5PGuEnyD8mfSVp5yY0H.jpg
103732,https://image.tmdb.org/t/p/w500/ukLiNofpuMKQlB5NnhC9mhLlH2G.jpg
210047,https://image.tmdb.org/t/p/w500/1b4O7zqjLVEvdbJcIeLUP77gOSF.jpg
17684,https://image.tmdb.org/t/p/w500/n5hHf0x8i62kbUycqHgkop7jUDy.jpg
249923,https://image.tmdb.org/t/p/w500/aod4XeUKVEDuao4ekQ4sBApt6sw.jpg
222899,https://image.tmdb.org/t/p/w500/z3dVYQtxXldDawz7d15wqt2PQLe.jpg
120467,https://image.tmdb.org/t/p/w500/eWdyYQreja6JGCzqHWXpWHDrrPo.jpg
84319,https://image.tmdb.org/t/p/w500/igSjDMaviTLS3mrq3r9CzNC46uw.jpg
21474,https://image.tmdb.org/t/p/w500/o3zsel0aCcBWgOCytyFa9FxuPTk.jpg
225565,https://image.tmdb.org/t/p/w500/tjDAdesZNYFyRNnZvLT0osc7S2t.jpg
157336,https://image.tmdb.org/t/p/w500/gEU2QniE6E77NI6lCU6MxlNBvIx.jpg
192102,https://image.tmdb.org/t/p/w500/8xOH2JhBHPmk2ZCniBpWhiZ6xeC.jpg
205724,https://image.tmdb.org/t/p/w500/xWXn2Pfrkbe7Xuwv2BZ2UL53Wdf.jpg
225574,https://image.tmdb.org/t/p/w500/Nkgaj3X0W2jHQ1TzHEgWFpN3kJ.jpg
85444,https://image.tmdb.org/t/p/w500/9aamZ9pJpWnPjYvQz68dsX15YwZ.jpg
198375,https://image.tmdb.org/t/p/w500/mXUCVq3HMtS4Y9IQ8vmEOPyN0vH.jpg
53182,https://image.tmdb.org/t/p/w500/wYDdWN1McB1Sio4z1dPSkb40Z78.jpg
202141,https://image.tmdb.org/t/p/w500/3MHs9BrHt6ZjlPvaL4CP1ULYV2Z.jpg
242076,https://image.tmdb.org/t/p/w500/iWVuYsgZYhtDVroaxu6zCF5FA63.jpg
82703,https://image.tmdb.org/t/p/w500/hPcImYndWESKHzT2GHVCDsUxzYg.jpg
97370,https://image.tmdb.org/t/p/w500/55wmcXJIDYITr7JDijJTdvwSaAv.jpg
136797,https://image.tmdb.org/t/p/w500/z42kyMizgDKetejusZgucSQsQ4l.jpg
242042,https://image.tmdb.org/t/p/w500/7CWdmxafzSVEUv4mMlOpw89NKXE.jpg
177494,https://image.tmdb.org/t/p/w500/qWBAPJdew9MRUv8ApRPkXAM1feB.jpg
209403,https://image.tmdb.org/t/p/w500/9ZOz1GTFsrfGZNziZHupOvqUdub.jpg
235260,https://image.tmdb.org/t/p/w500/7xWa1p2qMn4rxGIvRDDebJrXMiI.jpg
83201,https://image.tmdb.org/t/p/w500/ptvbHUWpU8Nh6vrmSvjx4ESDgfC.jpg
134350,https://image.tmdb.org/t/p/w500/6jVK9vvUDp9eH0JSIUgcvlrqdGa.jpg
236737,https://image.tmdb.org/t/p/w500/vUbn2Dy9qWWV8VnktvuGn9YiCRL.jpg
100402,https://image.tmdb.org/t/p/w500/tVFRpFw3xTedgPGqxW0AOI8Qhh0.jpg
86834,https://image.tmdb.org/t/p/w500/trtD17IqSWV9Nbn4OILztc9GuCX.jpg
227783,https://image.tmdb.org/t/p/w500/4iHnGlmOjAj2k5zUftYDIzSITCf.jpg
53168,https://image.tmdb.org/t/p/w500/dmJWvKNgeCrIwJH6AapdSMiZHop.jpg
155084,https://image.tmdb.org/t/p/w500/x4tC1s6oFG9nEyxVSM0FiIsLea1.jpg
145220,https://image.tmdb.org/t/p/w500/o9mGTVnnsqMS3Oh2IloPKPpLiL3.jpg
119360,https://image.tmdb.org/t/p/w500/bvwPVIo33VT192KRx4aBiWTQ5Fc.jpg
256561,https://image.tmdb.org/t/p/w500/ohLJT2UiFLsiw3SeXrbw6dxT7Fg.jpg
209799,https://image.tmdb.org/t/p/w500/8BiCtoif98SAhSRRNfshRL75xCW.jpg
180299,https://image.tmdb.org/t/p/w500/olA39iaXISiKEkACdELgr0ZRvIF.jpg
25706,https://image.tmdb.org/t/p/w500/cKafo8AqHsFi42uAmRUn334HQn8.jpg
102382,https://image.tmdb.org/t/p/w500/dGjoPttcbKR5VWg1jQuNFB247KL.jpg
157832,https://image.tmdb.org/t/p/w500/dQMjyTA3L2pPkMGzh3bhrDQbhWy.jpg
157547,https://image.tmdb.org/t/p/w500/yCzR1yKRLiJyTDLgY1ppazXEmdE.jpg
249660,https://image.tmdb.org/t/p/w500/yKUzBolWrwyByevBtDPfy3kIumv.jpg
244509,https://image.tmdb.org/t/p/w500/i58D3vIxp7OF1bd5wLQ6Y67e3PL.jpg
172385,https://image.tmdb.org/t/p/w500/gVNTBrjxh2YRmQFjlaqrNbHVvrd.jpg
262481,https://image.tmdb.org/t/p/w500/sXgXPtynmZnLLISonrrc7XtrLKv.jpg
214030,https://image.tmdb.org/t/p/w500/bThnmRhh0d3oKcmte2w0aArm8Lq.jpg
157353,https://image.tmdb.org/t/p/w500/qmOKJWl3wnXDcLhjtJHnCCCvAiO.jpg
167575,https://image.tmdb.org/t/p/w500/kbSuJBmPXn72SibvzXk6eGVo1D2.jpg
193610,https://image.tmdb.org/t/p/w500/yHnbb6z8REuFIyBLT2Nj3MX54dY.jpg
184345,https://image.tmdb.org/t/p/w500/oV7M00fPXy5P0nbdeMbSUjYv0vx.jpg
12242,https://image.tmdb.org/t/p/w500/ovAxLGM0I9Dn2DIUuYhgvNVbwht.jpg
254473,https://image.tmdb.org/t/p/w500/6OopiNRk7lWP0hPsY0eYqq2kQTi.jpg
210479,https://image.tmdb.org/t/p/w500/tTREq5tTyYwmSLDRMhybJ82zXcX.jpg
195589,https://image.tmdb.org/t/p/w500/sN1RU08CMi8xkRIibremh3AOdgw.jpg
258096,https://image.tmdb.org/t/p/w500/nHNjwY0C2OAWqGDAq6roJk3Hn5O.jpg
252680,https://image.tmdb.org/t/p/w500/gP97yU8YrVZY2yLxTwsicS8KuSe.jpg
240832,https://image.tmdb.org/t/p/w500/kRbpUTRNm6QbLQFPFWUcNC4czEm.jpg
127585,https://image.tmdb.org/t/p/w500/tYfijzolzgoMOtegh1Y7j2Enorg.jpg
124905,https://image.tmdb.org/t/p/w500/zokD6uxR2iWfYM3Y84yGJvnNTK7.jpg
187596,https://image.tmdb.org/t/p/w500/3zMS66gtw8ccvy1BWD6thJ67jgX.jpg
188166,https://image.tmdb.org/t/p/w500/q0itEsso2drJXqH9kfdidxIT5dF.jpg
212778,https://image.tmdb.org/t/p/w500/hyp8EXDmO4dSC8V6Q5jU7gD1kcg.jpg
210947,https://image.tmdb.org/t/p/w500/bMkRWgAvwe0XkpL8swG7UA4N4Q8.jpg
232672,https://image.tmdb.org/t/p/w500/o2YrH9jS7CAfWjETHFeL0tth79E.jpg
198277,https://image.tmdb.org/t/p/w500/qx4HXHXt528hS4rwePZbZo20xqZ.jpg
102651,https://image.tmdb.org/t/p/w500/bDG3yei6AJlEAK3A5wN7RwFXQ7V.jpg
254474,https://image.tmdb.org/t/p/w500/gdb7v5GCfijrCjOjzbziGMGs6JA.jpg
194722,https://image.tmdb.org/t/p/w500/6hhXewoxobQ0C6sWFmvnsslvZOB.jpg
137698,https://image.tmdb.org/t/p/w500/2qbsG9t943DciYTHITISzXQltqt.jpg
188161,https://image.tmdb.org/t/p/w500/n9SicwnoNGWBwE75le27sUhCLMm.jpg
137113,https://image.tmdb.org/t/p/w500/uUHvlkLavotfGsNtosDy8ShsIYF.jpg
177677,https://image.tmdb.org/t/p/w500/fRJLXQBHK2wyznK5yZbO7vmsuVK.jpg
20880,https://image.tmdb.org/t/p/w500/q9JKL5NFOTQEJ1mBaBIhWJrAoe3.jpg
198185,https://image.tmdb.org/t/p/w500/nO5Hq7fJhxmhuycELyVX6FamOjl.jpg
174323,https://image.tmdb.org/t/p/w500/f4fR1WMgSv7K93ZPoJlPyvaApdE.jpg
192133,https://image.tmdb.org/t/p/w500/j1bmOXGXQ1pcqvHkVjsk0sXaF5e.jpg
255268,https://image.tmdb.org/t/p/w500/h51RmbFvlkIszrAjJD40H2jLd9W.jpg
248212,https://image.tmdb.org/t/p/w500/1FevzSkxlAYnu3fsU3NWJnUoWZP.jpg
222935,https://image.tmdb.org/t/p/w500/ep7dF4QR4Mm39LI958V0XbwE0hK.jpg
82881,https://image.tmdb.org/t/p/w500/ak5SCuJbdf8G4NbQ1KIUHjplrF1.jpg
157851,https://image.tmdb.org/t/p/w500/aoMNfiaMmT7o7wY8oXWCLErZtah.jpg
187017,https://image.tmdb.org/t/p/w500/850chzYHYbT3IISl6Q7dbBuFP2B.jpg
156022,https://image.tmdb.org/t/p/w500/9u4yW7yPA0BQ2pv9XwiNzItwvp8.jpg
82702,https://image.tmdb.org/t/p/w500/d13Uj86LdbDLrfDoHR5aDOFYyJC.jpg
194662,https://image.tmdb.org/t/p/w500/rHUg2AuIuLSIYMYFgavVwqt1jtc.jpg
85350,https://image.tmdb.org/t/p/w500/2BvtvDUyxiMJ4dmKfiQf4qdOHQN.jpg
184098,https://image.tmdb.org/t/p/w500/bsKfhf0y9Zx7h4j5GHu1JANpKwl.jpg
209451,https://image.tmdb.org/t/p/w500/kz956Y83YtT6vTyg0Q40mzRe2UM.jpg
27460,https://image.tmdb.org/t/p/w500/4T0YjvnBaMASZkkRKxMIe6IoWO0.jpg
250658,https://image.tmdb.org/t/p/w500/6yfXtkVPWxeU3OonoKDem4Hrdbb.jpg
91314,https://image.tmdb.org/t/p/w500/jyzrfx2WaeY60kYZpPYepSjGz4S.jpg
171372,https://image.tmdb.org/t/p/w500/mGzqs4CHW8LomreoPATnyrTXk7j.jpg
180296,https://image.tmdb.org/t/p/w500/ifvKTtvmPYOGed2hP9ogPq98In7.jpg
186988,https://image.tmdb.org/t/p/w500/s7QhAAnHcwc9w45pGQLrBUJwdxh.jpg
218836,https://image.tmdb.org/t/p/w500/pOmteFeBDI9FJOPTDvYJYFeAtdp.jpg
226486,https://image.tmdb.org/t/p/w500/efsVMziwE9BNTDX5fNmYVA5oAzJ.jpg
64246,https://image.tmdb.org/t/p/w500/aSM1ki4WSEgvPYMZ9K28aylImFF.jpg
242224,https://image.tmdb.org/t/p/w500/qt3fqapeo94TfvMyld8P7gkpXLz.jpg
244786,https://image.tmdb.org/t/p/w500/7fn624j5lj3xTme2SgiLCeuedmO.jpg
210577,https://image.tmdb.org/t/p/w500/ts996lKsxvjkO2yiYG0ht4qAicO.jpg
152790,https://image.tmdb.org/t/p/w500/v0tiYRNhMYbefWlgWFmbhXiOwjr.jpg
119450,https://image.tmdb.org/t/p/w500/kScdQEwS9jPEdnO23XjGAtaoRcT.jpg
184346,https://image.tmdb.org/t/p/w500/Uz32ERsyCmGwV8Eg2wmT2ooWpo.jpg
253235,https://image.tmdb.org/t/p/w500/mp6aEHJa1SUQD0BvmbytvVjHk8.jpg
225886,https://image.tmdb.org/t/p/w500/pFdS7SIdjcrYXtf141dabWVly9B.jpg
244267,https://image.tmdb.org/t/p/w500/2P31jhd1dWUAPD8dmnSrwkQ8CNN.jpg
238636,https://image.tmdb.org/t/p/w500/qwqHHZLZSUvMkAMQ47ymtfjEifY.jpg
118340,https://image.tmdb.org/t/p/w500/jPrJPZKJVhvyJ4DmUTrDgmFN0yG.jpg
242095,https://image.tmdb.org/t/p/w500/r5v3gzfxtnO9bKebs5Ujee6LLP1.jpg
138103,https://image.tmdb.org/t/p/w500/ruW3malZtlg66ODfg614dFbXO68.jpg
184315,https://image.tmdb.org/t/p/w500/5X3VOy9lD44VclKsWTi8gHZGjhL.jpg
157849,https://image.tmdb.org/t/p/w500/6B76Z5Ct758RfKFoFg37skVRiMp.jpg
244566,https://image.tmdb.org/t/p/w500/4ZQ8LoU9SwSxSrmc3aOtHmruk26.jpg
209269,https://image.tmdb.org/t/p/w500/b36OAp2q5m0oZ4oUcwg2B0cTHrV.jpg
239566,https://image.tmdb.org/t/p/w500/dVbGeU5agxFGcJnL5hk4uO8W7i2.jpg
229297,https://image.tmdb.org/t/p/w500/mNYZUVDj4ORSPHWinmqJbXyuG6W.jpg
253306,https://image.tmdb.org/t/p/w500/jPKEeHmUuoDnIaRs6VUqSr4qRGR.jpg
228194,https://image.tmdb.org/t/p/w500/1vFhSr7INoulu18smHqicft05i8.jpg
242643,https://image.tmdb.org/t/p/w500/b9KxvIAZkl2f57kjObj8Z9z9LhL.jpg
192623,https://image.tmdb.org/t/p/w500/WEfZOov8X9tZ68oorepZnNTBEA.jpg
244610,https://image.tmdb.org/t/p/w500/iC6Ku4hP613Y55r2yypahsEKdly.jpg
76757,https://image.tmdb.org/t/p/w500/xzQ25m9vrdyvpLX74T3B3KB40Ou.jpg
98566,https://image.tmdb.org/t/p/w500/azL2ThbJMIkts3ZMt3j1YgBUeDB.jpg
273404,https://image.tmdb.org/t/p/w500/3osrKXIz5OkSrpnEt1hqHAAyvbd.jpg
48347,https://image.tmdb.org/t/p/w500/bh3xjLeLTSxtgoMkyGwE62tg1Ty.jpg
227156,https://image.tmdb.org/t/p/w500/dul62Av4pgi5x8LP7ELHzNyka9Z.jpg
174337,https://image.tmdb.org/t/p/w500/rIYgspS4xulnonEUG2Xh3VXfDt0.jpg
286709,https://image.tmdb.org/t/p/w500/vnM4uANJz8cDLvBZUVFFqfLsIty.jpg
193893,https://image.tmdb.org/t/p/w500/pf4FoUr2phn5WyZjU7rLXSiW1Ve.jpg
242022,https://image.tmdb.org/t/p/w500/xP328XWLccsitiTTClWGTNlwz48.jpg
211067,https://image.tmdb.org/t/p/w500/thdioQOYqqusDUfT6trgwMIoNaQ.jpg
189,https://image.tmdb.org/t/p/w500/50kALxDX4mmzIRljbNbPY0u4cie.jpg
249164,https://image.tmdb.org/t/p/w500/7Twh8h3Wh7GC9npTAEUThgkxkWL.jpg
221902,https://image.tmdb.org/t/p/w500/2qpZZ5a5Axpk8OeCtrvNTQfJiB2.jpg
220289,https://image.tmdb.org/t/p/w500/ezUtb9m5DeLwL2gxi4gktzNCvQv.jpg
256274,https://image.tmdb.org/t/p/w500/oJZSajKLJkoTOzSZQN2ZwRnPwHZ.jpg
242090,https://image.tmdb.org/t/p/w500/ewsYTI6KKQw3IDPFmVVbHq89kxv.jpg
88573,https://image.tmdb.org/t/p/w500/wuZ6uVkuaKfehCSKMKb5SznEkpc.jpg
241848,https://image.tmdb.org/t/p/w500/8hGMD8PhOJrzkew0RZyOWqDhGJR.jpg
234200,https://image.tmdb.org/t/p/w500/mrITqHNw0XzT7egAPByDuiE3QZf.jpg
254191,https://image.tmdb.org/t/p/w500/n7n7sRffr6UloXNlprZTVLSV3Eo.jpg
154400,https://image.tmdb.org/t/p/w500/olQInYvVCW2wycMSU1ogo9Jshml.jpg
246400,https://image.tmdb.org/t/p/w500/pUmYsh07P2Bq6ip2RZmOq6mr2vF.jpg
244772,https://image.tmdb.org/t/p/w500/lDygTdg1KlrVJVzqsFL515uGzSe.jpg
27286,https://image.tmdb.org/t/p/w500/9gllAA4UnQWQVkpe2RVXTOMr90P.jpg
198663,https://image.tmdb.org/t/p/w500/ode14q7WtDugFDp78fo9lCsmay9.jpg
244506,https://image.tmdb.org/t/p/w500/aqNzRiaEsfv567Ji9njJofblRBE.jpg
169917,https://image.tmdb.org/t/p/w500/euPgyPsiNFp6gOBB7nUFxvN5ZaY.jpg
244264,https://image.tmdb.org/t/p/w500/kL2ccASO8O6v92gGTaaY5gOCAI4.jpg
32891,https://image.tmdb.org/t/p/w500/dKJFtBGBCVr4t1PXG5JvjKNQ4od.jpg
230779,https://image.tmdb.org/t/p/w500/cyEpCV8nLfhloAkwNxel4OjIhAA.jpg
284427,https://image.tmdb.org/t/p/w500/oR3tbNzJMJmCKS5O5fanU9yxIOk.jpg
149871,https://image.tmdb.org/t/p/w500/mWRQNlWXYYfd2z4FRm99MsgHgiA.jpg
239678,https://image.tmdb.org/t/p/w500/rVUI2267FdetVWz9UBQbqTmRVhQ.jpg
15916,https://image.tmdb.org/t/p/w500/dRUB7sDcedqatDfyuRqyQulmW97.jpg
190859,https://image.tmdb.org/t/p/w500/vJgtfUmZE5i4L12sOryAPuBa04K.jpg
246403,https://image.tmdb.org/t/p/w500/pA2SgITmH0lzet9Nn5cxeinRKMv.jpg
254375,https://image.tmdb.org/t/p/w500/lymRg46xAt6s9ApWa9MBcgnzXAS.jpg
149509,https://image.tmdb.org/t/p/w500/tjTy6W05mPXXw87IqpjeGNhIcM4.jpg
250546,https://image.tmdb.org/t/p/w500/yLsuU2P2SpDYFwtZQ7dtfVAf6TE.jpg
286554,https://image.tmdb.org/t/p/w500/rz0YnlHieXP9SBuJU4ANBW8ttIw.jpg
49017,https://image.tmdb.org/t/p/w500/xJJFZ7tYASyQ7rNOLTrb2JpDc7A.jpg
227300,https://image.tmdb.org/t/p/w500/pLmIFQu2fFB6YkYuYzBotKMFGqZ.jpg
262543,https://image.tmdb.org/t/p/w500/v2CokOK5RfdkTo6C26PifDCndoX.jpg
244761,https://image.tmdb.org/t/p/w500/wLoFxTZFEfAzFLk2qSoPbcz58Jb.jpg
206487,https://image.tmdb.org/t/p/w500/38Xr1JnV1ZcLQ55zmdSp6n475cZ.jpg
146381,https://image.tmdb.org/t/p/w500/z6GrOTKOazrLnHQWVrN1pA082qi.jpg
48585,https://image.tmdb.org/t/p/w500/mT505ts2fpLMzhBSlqUvxp9NxGG.jpg
246741,https://image.tmdb.org/t/p/w500/a2rD3i3DBMeYbA34rBv6z3B9S3a.jpg
245891,https://image.tmdb.org/t/p/w500/fZPSd91yGE9fCcCe6OoQr6E3Bev.jpg
208869,https://image.tmdb.org/t/p/w500/1jva5sTJnlz9g11Xm0GTxl6WAIk.jpg
205587,https://image.tmdb.org/t/p/w500/3K93GWotLXe4FqpErri0xkpLaD5.jpg
295538,https://image.tmdb.org/t/p/w500/h2rtO45j5BehkqeXwfJ434ZCmDh.jpg
228150,https://image.tmdb.org/t/p/w500/pfte7wdMobMF4CVHuOxyu6oqeeA.jpg
266285,https://image.tmdb.org/t/p/w500/xQsv3OI8UT6s9Rn3C0WxO24bnEx.jpg
239563,https://image.tmdb.org/t/p/w500/1bb7MTHCIPhpKZFysDpxNaNrdMk.jpg
289727,https://image.tmdb.org/t/p/w500/IrJiEtUa2OhZvFEM2pseyaxChd.jpg
242582,https://image.tmdb.org/t/p/w500/j9HrX8f7GbZQm1BrBiR40uFQZSb.jpg
177572,https://image.tmdb.org/t/p/w500/2mxS4wUimwlLmI1xp6QW6NSU361.jpg
228326,https://image.tmdb.org/t/p/w500/aotTZos5KswgCryEzx2rlOjFsm1.jpg
200727,https://image.tmdb.org/t/p/w500/8Mf9GgyNv5jjLAAPGsom9skH2Du.jpg
273271,https://image.tmdb.org/t/p/w500/lfggWOEZ9pL34XKYisBTJ0vFnFS.jpg
264660,https://image.tmdb.org/t/p/w500/dmJW8IAKHKxFNiUnoDR7JfsK7Rp.jpg
40081,https://image.tmdb.org/t/p/w500/eKdvNCKtiuUFvwCXtpwISw8jqZ5.jpg
234862,https://image.tmdb.org/t/p/w500/cUDszLzmJ8SoB9ls4NyyTdfkdVY.jpg
251232,https://image.tmdb.org/t/p/w500/1MSFfjvgf9auNANWcaGTvzf1TcW.jpg
116440,https://image.tmdb.org/t/p/w500/6db4Dzg3GmlQxbUrJCDhcbMvMxN.jpg
178446,
55596,https://image.tmdb.org/t/p/w500/gR5DOCDn5s4uCgTbcsaBBI1ci98.jpg
265180,https://image.tmdb.org/t/p/w500/dwmHSBBiu2ow271zrQ33rPKZDSC.jpg
44092,https://image.tmdb.org/t/p/w500/jIQAm7YlBoZqllu4gbnagRlO9NY.jpg
185567,https://image.tmdb.org/t/p/w500/h5OZD7pVkIKR5jf4lGFzQQrLmLc.jpg
238628,https://image.tmdb.org/t/p/w500/jNKUXcwZr1vpgq7sGTCEqdngo4Z.jpg
260001,https://image.tmdb.org/t/p/w500/434samTfccB2N7zl0saWp9ev5pL.jpg
256092,https://image.tmdb.org/t/p/w500/wSujXhZJPvwKtMhIAuIuXZ93gYO.jpg
79723,https://image.tmdb.org/t/p/w500/2NyrICtZIlDvJjzcau2tUkqdhGw.jpg
203793,https://image.tmdb.org/t/p/w500/pk2d5ahR9g4R3YDlhNA5m1vHhFv.jpg
241842,https://image.tmdb.org/t/p/w500/bllzic3ydohA9i1fL3bCiRZMVK9.jpg
37133,https://image.tmdb.org/t/p/w500/ah3I42TBowkiCVH5DxznO8HmVly.jpg
84111,https://image.tmdb.org/t/p/w500/mQ07Y4KlYZlJjVSEp2AFTYZA9i.jpg
77067,https://image.tmdb.org/t/p/w500/uDhZDedBv9eRDkuJSTbM77EmHI1.jpg
205596,https://image.tmdb.org/t/p/w500/zSqJ1qFq8NXFfi7JeIYMlzyR0dx.jpg
171274,https://image.tmdb.org/t/p/w500/hyan5Uc0lGpPuad94DM1pLxneiP.jpg
244403,https://image.tmdb.org/t/p/w500/ka3gEmHph5FTJouSdOOK02Ck6bx.jpg
131631,https://image.tmdb.org/t/p/w500/2hTPkBiXoMmrdtYgHtB9WU5dg80.jpg
295315,https://image.tmdb.org/t/p/w500/wDPjTT14pIbKs5r1ZJazRsDwTRQ.jpg
147441,https://image.tmdb.org/t/p/w500/uaDj37JtvLan9tihxZ18e6qL33b.jpg
265195,https://image.tmdb.org/t/p/w500/ucFsh8uU0Lsw7zouQFaRrs2ElOs.jpg
17009,https://image.tmdb.org/t/p/w500/u7MciwvfyYrvZEua22wz48Puu7O.jpg
21811,https://image.tmdb.org/t/p/w500/tRgkoCVw7W1e1ghMEtDlguzrSsa.jpg
100042,https://image.tmdb.org/t/p/w500/cvEi0xV7TUkabJGuzulhvbMjrHi.jpg
206821,https://image.tmdb.org/t/p/w500/nXWsjQefKVsJdQQsu5NZT1Zk1rv.jpg
261037,https://image.tmdb.org/t/p/w500/fpYXvWGKPwk51UTk8hqo0qE13qk.jpg
301566,https://image.tmdb.org/t/p/w500/mloofB4SaWLJCh1eGHb0dPvVybE.jpg
17808,https://image.tmdb.org/t/p/w500/5F7FS2brRyRp2lSLEsuvuRBSsrt.jpg
266856,https://image.tmdb.org/t/p/w500/kJuL37NTE51zVP3eG5aGMyKAIlh.jpg
282848,https://image.tmdb.org/t/p/w500/cS0WmE5Hpq1HyLlpuAJ6SoHR2aS.jpg
263614,https://image.tmdb.org/t/p/w500/b59YdJZyRUu04hnWdmmz4kPjbTF.jpg
10258,https://image.tmdb.org/t/p/w500/gOVdfrRfzQjYwezOxIap13j05d8.jpg
110416,https://image.tmdb.org/t/p/w500/16LQC6zpqB0l74mVWb93a2oMFnX.jpg
205775,https://image.tmdb.org/t/p/w500/weVvNPfk6FM9vBg3BXtRtNAmiYM.jpg
303623,https://image.tmdb.org/t/p/w500/7O41oM6Va5wffkIjunwqAoseNs9.jpg
135397,https://image.tmdb.org/t/p/w500/rhr4y79GpxQF9IsfJItRXVaoGs4.jpg
215032,https://image.tmdb.org/t/p/w500/ggHgV6OfSAkCZeUbQtMK1sNWq9G.jpg
293310,https://image.tmdb.org/t/p/w500/nOVhX69EAxtSKEEnr5UcSd5UVci.jpg
170522,https://image.tmdb.org/t/p/w500/oppvIr8jmTXEVkzRHtipxcmvdQ5.jpg
294538,https://image.tmdb.org/t/p/w500/9jveY5ak0bmEWpJaQTLFPB2dUwu.jpg
227159,https://image.tmdb.org/t/p/w500/boBOkwIqgrs8noxBUSDkkicKa4K.jpg
88107,https://image.tmdb.org/t/p/w500/c9Q0zxjCPBS84y2akpowbnNcnOQ.jpg
10473,https://image.tmdb.org/t/p/w500/yTRf0eiLAFCSRfiboiUFUloRc3l.jpg
25518,https://image.tmdb.org/t/p/w500/8KE4MGBu9BNr2dawI17n1We64nF.jpg
270946,https://image.tmdb.org/t/p/w500/gbrNsZ1dOK789NwWPyC0SuEABgr.jpg
252178,https://image.tmdb.org/t/p/w500/wbhqBocsP7QoX8SZLvCsGOWUAaQ.jpg
75491,https://image.tmdb.org/t/p/w500/pcjwhq6hF3z2Wir0ZcKHTxmtRsH.jpg
284293,https://image.tmdb.org/t/p/w500/MeJJCT1o87j7D0mR3yQs4s4PIA.jpg
116149,https://image.tmdb.org/t/p/w500/wpchRGhRhvhtU083PfX2yixXtiw.jpg
294254,https://image.tmdb.org/t/p/w500/mYw7ZyejqSCPFlrT2jHZOESZDU3.jpg
79218,https://image.tmdb.org/t/p/w500/ue5417HaDcvgMDusryenwwwZARq.jpg
244458,https://image.tmdb.org/t/p/w500/weY5OVSFmxvA3D4lfyhgvugklEh.jpg
70966,https://image.tmdb.org/t/p/w500/xo49kkG6AkIOEckL1hvieUx1eCH.jpg
250798,https://image.tmdb.org/t/p/w500/xeUxtEDEA4AXWg7pV5oen0rn4EX.jpg
297596,https://image.tmdb.org/t/p/w500/gL6riNxQeyPXT5YsgqE2aWhl1zi.jpg
123107,https://image.tmdb.org/t/p/w500/sWgCQPypdN9jFaUSjItPn9htW9p.jpg
17135,https://image.tmdb.org/t/p/w500/yLXlIJIGmlDZMPbGaQ1l55vhCap.jpg
270005,https://image.tmdb.org/t/p/w500/k5U1M1frRT1AnP89dYw4eBpoWfE.jpg
245916,https://image.tmdb.org/t/p/w500/8gaNZiKZHvKCqMDByY00dUIV0YC.jpg
15261,https://image.tmdb.org/t/p/w500/hMRjQuTZQ8bZNrwqkKhBgbh8MkF.jpg
42441,https://image.tmdb.org/t/p/w500/ebPrIDhdixbIg71QphfoiuFTyPW.jpg
253272,https://image.tmdb.org/t/p/w500/qwMZYSkLofFC27oBeZ1hZWgliXw.jpg
122917,https://image.tmdb.org/t/p/w500/xT98tLqatZPQApyRmlPL12LtiWp.jpg
273895,https://image.tmdb.org/t/p/w500/wq4lhMc4BuOyQqe1ZGzhxLyy3Uk.jpg
227306,https://image.tmdb.org/t/p/w500/vAlHUjHwLWMV5mg4epGR9WSIfiy.jpg
246080,https://image.tmdb.org/t/p/w500/oqOXFP35a2DjxjdpmEaOTIfI5TS.jpg
22285,https://image.tmdb.org/t/p/w500/slw7rwZBErz5MQHBhYut86YATlz.jpg
277547,https://image.tmdb.org/t/p/w500/4B2FLN0c2vY6im3Oe2ZkYftulmq.jpg
24388,https://image.tmdb.org/t/p/w500/3VO1tfqK9ZGCyfCrLKQJC6eqOrl.jpg
137347,https://image.tmdb.org/t/p/w500/o3sIjA3fmLtDEl0p4scRSVvRr8q.jpg
252171,https://image.tmdb.org/t/p/w500/cd2rCE1nun7CESjBI8PGNEof1tb.jpg
20147,https://image.tmdb.org/t/p/w500/udpZ1HTMNPS9fi4s6PNY2QLIJqf.jpg
32916,https://image.tmdb.org/t/p/w500/1cKL7mZW5shP9r9TlTNQX4doMQN.jpg
265177,https://image.tmdb.org/t/p/w500/3zyQtPg3avKprmJP2gBiYgyWUQC.jpg
228970,https://image.tmdb.org/t/p/w500/ohhWI4Xwf4m4HjbQiIkyAhLekUy.jpg
284296,https://image.tmdb.org/t/p/w500/nM5zWv6zpWHsrKNMrPKg23UHZCA.jpg
308571,https://image.tmdb.org/t/p/w500/abpDJ3XyqSp0sQdG7SIAItjBHb1.jpg
87093,https://image.tmdb.org/t/p/w500/203HAjJcLMl7xThcTqZx4zmEGcV.jpg
224141,https://image.tmdb.org/t/p/w500/pf0TdnITu380Zp8DMQx0jcwDsAS.jpg
243684,https://image.tmdb.org/t/p/w500/dzFHIxCcvq2CZVFCsgz7n1z5oIM.jpg
228967,https://image.tmdb.org/t/p/w500/tIDC4xT65l7a8qbgg8GvwD5g8c5.jpg
207703,https://image.tmdb.org/t/p/w500/r6q9wZK5a2K51KFj4LWVID6Ja1r.jpg
191489,https://image.tmdb.org/t/p/w500/3bjakdfXXzQ1M82vpqyQXH85lz0.jpg
181533,https://image.tmdb.org/t/p/w500/xwgy305K6qDs3D20xUO4OZu1HPY.jpg
51239,https://image.tmdb.org/t/p/w500/aYR9jDH3fFTdPVreFKfaavTCscn.jpg
120605,https://image.tmdb.org/t/p/w500/5o5uPBWe0pYj7nHmE7V8yoNlLQb.jpg
68737,https://image.tmdb.org/t/p/w500/7Q8DfXSjcFSSQDOxz1Sk865wNqI.jpg
298533,https://image.tmdb.org/t/p/w500/3Foy86VCs8MZhTieDsglSTm4xMU.jpg
19946,https://image.tmdb.org/t/p/w500/3SMoPcN86q9DcSJEzIqls1u8fS3.jpg
286532,https://image.tmdb.org/t/p/w500/eR9muFXkNCknGdfTQSeDS6tdPdZ.jpg
92321,https://image.tmdb.org/t/p/w500/mDqzHV8UXWWNpZkoAbKmKX1ZxEE.jpg
297222,https://image.tmdb.org/t/p/w500/z2x2Y4tncefsIU7h82gmUM5vnBJ.jpg
198184,https://image.tmdb.org/t/p/w500/uuDUpzlMFomdSfNWlpEPS9nVZWV.jpg
265297,https://image.tmdb.org/t/p/w500/jRmQNj8NacAHJnzwfvFvglKSGB6.jpg
285700,https://image.tmdb.org/t/p/w500/jJOuPUrkpUDETHqfZU0hXWvuWU0.jpg
260346,https://image.tmdb.org/t/p/w500/vzvMXMypMq7ieDofKThsxjHj9hn.jpg
201088,https://image.tmdb.org/t/p/w500/7zu6HPnKPjNA7NuR4DGRdaH0PdX.jpg
126644,https://image.tmdb.org/t/p/w500/en5KODxMeWO5KgFDFh8974mfSgS.jpg
294652,https://image.tmdb.org/t/p/w500/yRLVyhQfkW2hn15e8NIqarswLAr.jpg
87101,https://image.tmdb.org/t/p/w500/oZRVDpNtmHk8M1VYy1aeOWUXgbC.jpg
86705,https://image.tmdb.org/t/p/w500/ufE8KAkLQT9u91AgDSc5Oxa3DjW.jpg
27317,https://image.tmdb.org/t/p/w500/fk7grnwQtt1W9PkJj0Gc2sc300N.jpg
68352,https://image.tmdb.org/t/p/w500/6hDaMnK72qbBdVjdNCRrhu5IvCK.jpg
267573,https://image.tmdb.org/t/p/w500/u45gBnx1FBgMccThUAFpoqOMBms.jpg
14749,https://image.tmdb.org/t/p/w500/zdfc6vrNQMttoaQvUbyYb6BvvGF.jpg
289394,
50327,https://image.tmdb.org/t/p/w500/muzQuNYEQfZEPIN7G5shtKKT3fP.jpg
13654,https://image.tmdb.org/t/p/w500/rFTt7pNSCJKLZ2RZldJuq6ON6Ti.jpg
244688,https://image.tmdb.org/t/p/w500/sOqB812jWYgcHCyT2PVEk3RBtSm.jpg
250225,https://image.tmdb.org/t/p/w500/fVUvn7boQY0R7F8V31BdgrpCN52.jpg
256876,https://image.tmdb.org/t/p/w500/xFP2rDfvymSAdVLXRUM6xF8RqPz.jpg
270303,https://image.tmdb.org/t/p/w500/iwnQ1JH1wdWrGYkgWySptJ5284A.jpg
287084,https://image.tmdb.org/t/p/w500/dHXH9Gzk14am6KFFG7B3W60P5R4.jpg
19254,https://image.tmdb.org/t/p/w500/3S9fkzkl3kqgnlZUvBF1SqYKVm0.jpg
26190,https://image.tmdb.org/t/p/w500/fxF3wocrYyq7hClXAUBKQYoWgyP.jpg
46967,https://image.tmdb.org/t/p/w500/9DKunkJiOxInOXZsk22bULt1428.jpg
32836,https://image.tmdb.org/t/p/w500/iKycji2aWSOS8at0W4VIEm2cmec.jpg
14862,https://image.tmdb.org/t/p/w500/fhZNX8SCvtrrTfh8NV5EgtZC9d0.jpg
102517,https://image.tmdb.org/t/p/w500/orjul6lasZWOgDYxK2yZCjeeBe9.jpg
30178,https://image.tmdb.org/t/p/w500/zImw7IVg8dxPkqMfT0L33sdsIHC.jpg
14407,https://image.tmdb.org/t/p/w500/kAruqIkf1GxYyWS03pq7NKdp6dC.jpg
84575,https://image.tmdb.org/t/p/w500/oIkcTCUdvc5fDyG2IxdCd26hRQ7.jpg
133365,
47003,https://image.tmdb.org/t/p/w500/4y9dTIvtLBEiRQJkmEOOuUHBu4Y.jpg
256740,https://image.tmdb.org/t/p/w500/dTxOsk0wVG1EgyCbWbaNxQXZLxy.jpg
80985,https://image.tmdb.org/t/p/w500/nC88F3tNp1MKSFWMPGEixjqvhu9.jpg
76341,https://image.tmdb.org/t/p/w500/hA2ple9q4qnwxp3hKVNhroipsir.jpg
280092,https://image.tmdb.org/t/p/w500/iDdGfdNvY1EX0uDdA4Ru77fwMfc.jpg
140607,https://image.tmdb.org/t/p/w500/wqnLdwVXoBjKibFRR5U3y0aDUhs.jpg
271969,https://image.tmdb.org/t/p/w500/c9CoGrBA5yw8A7YBMz0hGzfzpNq.jpg
68735,https://image.tmdb.org/t/p/w500/nZIIOs06YigBnvmlJ2hxZeA8eTO.jpg
99861,https://image.tmdb.org/t/p/w500/4ssDuvEDkSArWEdyBl2X5EHvYKU.jpg
166426,https://image.tmdb.org/t/p/w500/qwoGfcg6YUS55nUweKGujHE54Wy.jpg
141052,https://image.tmdb.org/t/p/w500/eifGNCSDuxJeS1loAXil5bIGgvC.jpg
102899,https://image.tmdb.org/t/p/w500/rQRnQfUl3kfp78nCWq8Ks04vnq1.jpg
166424,https://image.tmdb.org/t/p/w500/cDroz5qSlP8xZ6tOpeYoPkBvKyL.jpg
293660,https://image.tmdb.org/t/p/w500/3E53WEZJqP6aM84D8CckXx4pIHw.jpg
284054,https://image.tmdb.org/t/p/w500/uxzzxijgPIY7slzFvMotPv8wjKA.jpg
299536,https://image.tmdb.org/t/p/w500/7WsyChQLEftFiDOVTGkv3hFpyyt.jpg
284053,https://image.tmdb.org/t/p/w500/rzRwTcFvttcN1ZpX2xv4j3tSdJu.jpg
283995,https://image.tmdb.org/t/p/w500/y4MBh0EjBlMuOzv9axM4qJlmhzz.jpg
271110,https://image.tmdb.org/t/p/w500/rAGiXaUfPzY7CDEyNKUofk3Kw2e.jpg
284052,https://image.tmdb.org/t/p/w500/xf8PbyQcR5ucXErmZNzdKR0s8ya.jpg
246655,https://image.tmdb.org/t/p/w500/ikA8UhYdTGpqbatFa93nIf6noSr.jpg
202249,
268171,https://image.tmdb.org/t/p/w500/yNzVwtlqOmPLVKD5zZIzAME9vYc.jpg
31981,https://image.tmdb.org/t/p/w500/8GyTQCTnXE5JExI9Z8lncyRCpoO.jpg
36983,https://image.tmdb.org/t/p/w500/kzQNHyfqdbUdpJqHyqtZSQYxq5F.jpg
228074,https://image.tmdb.org/t/p/w500/hgdWIKhE9T3Dqr0D78YJzx2L97k.jpg
252360,https://image.tmdb.org/t/p/w500/yetbsCuB6fmzI4lpJMvqwJcehti.jpg
284276,https://image.tmdb.org/t/p/w500/5GJEZovjtKisJxNMG6fBTCxNzZi.jpg
48132,https://image.tmdb.org/t/p/w500/6pyliHh44dOQM476EnSGuuP4Fht.jpg
85439,https://image.tmdb.org/t/p/w500/khcQB7EDZUbo0AVqFORK9pWkZrJ.jpg
114735,https://image.tmdb.org/t/p/w500/ovwEWbDo4Zb6Kpm43HdeyiIssXM.jpg
279828,https://image.tmdb.org/t/p/w500/mJXHsvyg1SlxtIFg5yO38ODjdwx.jpg
72585,https://image.tmdb.org/t/p/w500/5w7A4i3vIZXKbkpvLIxOzwAlXtk.jpg
284536,https://image.tmdb.org/t/p/w500/hIgU3cxn7Y87joQGM3srofnXOm5.jpg
108181,https://image.tmdb.org/t/p/w500/xN8Dv4DXCoJjupn12QjAgYCYfgi.jpg
210860,https://image.tmdb.org/t/p/w500/zIRDhdAuMevOuY2vs3s1HNcqDq7.jpg
216015,https://image.tmdb.org/t/p/w500/63kGofUkt1Mx0SIL4XI4Z5AoSgt.jpg
27850,https://image.tmdb.org/t/p/w500/y9RJCxJMbWqhXjkBgC0VXETmHj6.jpg
34560,https://image.tmdb.org/t/p/w500/dJsmptwkTWbxk1NwLAKeoYtcTuJ.jpg
48874,https://image.tmdb.org/t/p/w500/e0KbZdRvxuki9nrXqRtpkgcj3Vt.jpg
36129,https://image.tmdb.org/t/p/w500/4sMh4bpyy5zhOS7G48WOsOBIhIH.jpg
159704,https://image.tmdb.org/t/p/w500/ges2OZpsNCrW72YtcdXJNKUakjx.jpg
250066,https://image.tmdb.org/t/p/w500/526uxanwv4mMK0YTxjVrsmMXXo2.jpg
321130,https://image.tmdb.org/t/p/w500/v8RUUNC6zyPWgbru30tJVnsi2Q6.jpg
189197,
302429,https://image.tmdb.org/t/p/w500/vjCdrK8gGRFnyuZb1j9BzgN2RaY.jpg
272693,https://image.tmdb.org/t/p/w500/aHzdMSKwq9ucnP2yXl5zYIfKgGl.jpg
89247,https://image.tmdb.org/t/p/w500/hP01XESKLSl0J8Lw5I1cwONtKhK.jpg
9948,https://image.tmdb.org/t/p/w500/uTrVvEtN4Gq7l0Zxd8KRYyiTvm3.jpg
20875,https://image.tmdb.org/t/p/w500/di0OpDXkIj53Fv2wy6f5As8AbNA.jpg
227719,https://image.tmdb.org/t/p/w500/9u5Rb0e7mx8qOO7zj39KnIRWClr.jpg
321594,https://image.tmdb.org/t/p/w500/9ULqaND2rzNFL4OAxCbSrY7UWem.jpg
167073,https://image.tmdb.org/t/p/w500/cs7W8j5lI7qzRW6tKSj9p1Q0Ze7.jpg
249688,https://image.tmdb.org/t/p/w500/3fEuVd8Xorwtk5kFVvyiNlOtcIw.jpg
309299,https://image.tmdb.org/t/p/w500/kMTLGbekuHkpw4M8XKdN2d7n2aF.jpg
309245,https://image.tmdb.org/t/p/w500/d9U2ckK2dNSBlhrs3wNKbK375ce.jpg
309503,https://image.tmdb.org/t/p/w500/avntORrvVqBglLm0FrlSLrfIl4n.jpg
232572,https://image.tmdb.org/t/p/w500/2TiaYwYeGRsYsfqH8dNjlYbIu1Z.jpg
245706,https://image.tmdb.org/t/p/w500/ncP8XQ0bXP0xSpJmMsRt8mUcEXd.jpg
319075,https://image.tmdb.org/t/p/w500/d0DgEvMNrGGlUXqyQ7HJbgnIxO7.jpg
318224,https://image.tmdb.org/t/p/w500/zWHQYR9srde9nZjU6Dot8qTjoni.jpg
318044,https://image.tmdb.org/t/p/w500/8XpM91NVq6IyCnDkiWf4xjHpewK.jpg
194537,https://image.tmdb.org/t/p/w500/61lbpT6ucASzSuXS9887wEao688.jpg
125336,
283330,https://image.tmdb.org/t/p/w500/uImYG8bSXIS66WdRJDl4qhVQQrv.jpg
308638,https://image.tmdb.org/t/p/w500/34sJQxmJT42jioSiabF5QobG0NC.jpg
308639,https://image.tmdb.org/t/p/w500/n6u00imN7AX2NiyWUc5kTgHXmEf.jpg
308369,https://image.tmdb.org/t/p/w500/eLjS2bLMjln2n2I73Xu6TaANPDZ.jpg
308024,https://image.tmdb.org/t/p/w500/3XsGz8FbapcT8TsIeeTZrknJ2O8.jpg
308032,https://image.tmdb.org/t/p/w500/orMkBkPqu7szuBRdMLUB4TWKiVV.jpg
110390,https://image.tmdb.org/t/p/w500/h2uRIr0fNpZbTGH5youi7MDRL2T.jpg
72784,https://image.tmdb.org/t/p/w500/6UrNb7sdolnuqxBJ4I8OxTUvTmQ.jpg
307663,https://image.tmdb.org/t/p/w500/cBwZIq1QFasmsC9Wi3HvyEljfYN.jpg
278468,
102959,https://image.tmdb.org/t/p/w500/7P5RPPdTdVsiaygDky0g4EcqUMj.jpg
27866,https://image.tmdb.org/t/p/w500/xixDPGXhg9Kz93HspsDo1iHf5PO.jpg
216553,https://image.tmdb.org/t/p/w500/nwRE4yenVnThmFPtOdy7nJza7sq.jpg
289333,https://image.tmdb.org/t/p/w500/pqGtStSCU0F3cZyEItCaqol24Mi.jpg
89292,https://image.tmdb.org/t/p/w500/kPfXplEnUW2OIsOCydTmuxu2lw5.jpg
273248,https://image.tmdb.org/t/p/w500/jIywvdPjia2t3eKYbjVTcwBQlG8.jpg
251016,https://image.tmdb.org/t/p/w500/enzIl146apkFGt6YIrYpaFPTTTN.jpg
265208,https://image.tmdb.org/t/p/w500/zN80Tlly8oMpKbVJv2TfRIj8dHG.jpg
286565,https://image.tmdb.org/t/p/w500/eoF6wYVj1vbrCWjL0rBkdZpgrxS.jpg
252838,https://image.tmdb.org/t/p/w500/ciR2suRkfJen9lQvfz22lgCj7g7.jpg
290999,https://image.tmdb.org/t/p/w500/oyF0zNkTfvodHvkSEs9E88jvQRi.jpg
241251,https://image.tmdb.org/t/p/w500/gicmSeLG6Uh7BF1r1mxZHUQ8r26.jpg
263105,https://image.tmdb.org/t/p/w500/sxgQDPNkky07l1bv9g8AyoB4jJp.jpg
320007,https://image.tmdb.org/t/p/w500/9P8QgfoMcFX7vp2Gj2cYFecHVRZ.jpg
248933,https://image.tmdb.org/t/p/w500/8s59L4YCmDNyQAkSrlkvc3Vc3fp.jpg
37058,https://image.tmdb.org/t/p/w500/1jq9zUwPIFGid3BMrLLcm3YY2nY.jpg
206296,https://image.tmdb.org/t/p/w500/dxTLKSTyGb5IXB64iNgU9AWAsXT.jpg
201085,https://image.tmdb.org/t/p/w500/f9TOb5anVwZeSbYjU1qNxPk3KUk.jpg
300803,https://image.tmdb.org/t/p/w500/mN6B5ITOFelW7OhR7tGd51VhXmH.jpg
17870,https://image.tmdb.org/t/p/w500/b5T4xRePE7VckU5xAFZh6jUEgD0.jpg
195862,https://image.tmdb.org/t/p/w500/wy0V2Ddac3vkVXxrLMIXVPA6qhs.jpg
105554,https://image.tmdb.org/t/p/w500/f7Dg4t7hOFsRRNfmVM9ebEomYdM.jpg
117098,https://image.tmdb.org/t/p/w500/x4vlDX1xc0ZPRYnzyiGMpUOBSPv.jpg
259395,https://image.tmdb.org/t/p/w500/hguiOqqFzYPwIIm6GZBjTAjiqzH.jpg
11425,https://image.tmdb.org/t/p/w500/nbU3UgIjxNTrSSe2gcOSGQjf55a.jpg
15567,https://image.tmdb.org/t/p/w500/flwMGZcOO80lqsnZ6lIwsKja5N.jpg
243938,https://image.tmdb.org/t/p/w500/lBroHetSm8RMI8zp7ThpFJsw9E1.jpg
269711,https://image.tmdb.org/t/p/w500/5eHUeluD8dKncrT6nEOuRUhFUAH.jpg
13590,https://image.tmdb.org/t/p/w500/tSiyjmGJEWprHWPR8Eop1ML82gB.jpg
286873,https://image.tmdb.org/t/p/w500/bx70ZCmLlzu0kALPGoiBezGPG7o.jpg
325358,https://image.tmdb.org/t/p/w500/iuIWl90qCpoxv6g775JB6Kg0m86.jpg
179150,https://image.tmdb.org/t/p/w500/l6aty0lfqsTefZ5xduwT7D44N1q.jpg
278632,https://image.tmdb.org/t/p/w500/56W0KP6xEpvAjVf3Ofc0yyhfuNk.jpg
256591,https://image.tmdb.org/t/p/w500/lOzGWjceYTd0kd5HyX7Ch46O9kh.jpg
119569,https://image.tmdb.org/t/p/w500/hnSxG8clwLuAXEkp9emc8HCUcHD.jpg
268238,https://image.tmdb.org/t/p/w500/j4PARl3gDpv2K45YAv0tgocLW5K.jpg
13643,https://image.tmdb.org/t/p/w500/m9fIvowFHpVjGn5OzFKudp2XJLD.jpg
290764,https://image.tmdb.org/t/p/w500/2XoazCkD4gRlqkJK7q6TOTUx1ta.jpg
228203,https://image.tmdb.org/t/p/w500/yyhniD8A7Mv6SOn8oo1Ba2K0mKc.jpg
239573,https://image.tmdb.org/t/p/w500/eVWVZf3fkx9eNqbHyn9xNlmC2h4.jpg
196750,https://image.tmdb.org/t/p/w500/p0kHK9nJoLzpqa6tqOzPgPkdxYN.jpg
241554,https://image.tmdb.org/t/p/w500/owTdkLW0uoVTUPtM5h4gw88prdC.jpg
279972,https://image.tmdb.org/t/p/w500/xCE04zhX6TSQF1VvViyVTBVqvkr.jpg
112454,https://image.tmdb.org/t/p/w500/gp5QyaU49utfWVVL698BzlN2vMh.jpg
150689,https://image.tmdb.org/t/p/w500/j91LJmcWo16CArFOoapsz84bwxb.jpg
228968,https://image.tmdb.org/t/p/w500/6JAb9jQa4sONkutfqfR3I7LFpGd.jpg
238215,https://image.tmdb.org/t/p/w500/k6CYisrf2J2FXzvSXVJSscHc7Kj.jpg
175774,https://image.tmdb.org/t/p/w500/lCfUO2be7jlskyTXRnf1bQtdIes.jpg
266647,https://image.tmdb.org/t/p/w500/w8i0mZR7MEL7c3bXSsuYg7VJsew.jpg
252512,https://image.tmdb.org/t/p/w500/rdYXGeK3OZjBrd2R8A1sSS0Kxcq.jpg
27036,https://image.tmdb.org/t/p/w500/cr08ujYek3XCXpYXwrpGGtENnoR.jpg
262500,https://image.tmdb.org/t/p/w500/dP5Fb6YRfzmCQtRbHOr2kO7tJW9.jpg
39385,https://image.tmdb.org/t/p/w500/z1JRKYnac2SvvQsCbHaVM2E5x0v.jpg
213110,https://image.tmdb.org/t/p/w500/gTANNf43FKKxN5bEGNGIhBF9Wg2.jpg
228161,https://image.tmdb.org/t/p/w500/usFenYnk6mr8C62dB1MoAfSWMGR.jpg
245703,https://image.tmdb.org/t/p/w500/hgDRq1l4ATxwufWjILKsYtglbI6.jpg
266396,https://image.tmdb.org/t/p/w500/fhwRY5aprUyUG7maRWCmtoTb4lh.jpg
168259,https://image.tmdb.org/t/p/w500/wurKlC3VKUgcfsn0K51MJYEleS2.jpg
293970,https://image.tmdb.org/t/p/w500/gQYKSRVo5iZACFOY6x50RblI6rx.jpg
241855,https://image.tmdb.org/t/p/w500/oaHzLdPpOB4UnLTgy7wcBq6Swuf.jpg
327029,
13015,https://image.tmdb.org/t/p/w500/djoek5ZJA1J7E6vD0jAoUN5Mqjb.jpg
184155,https://image.tmdb.org/t/p/w500/qYXz5nWpZkquk8mzxmpISPwv6Qc.jpg
32334,https://image.tmdb.org/t/p/w500/njP3HZQpCyI9vDyVAHjYqMKdYNC.jpg
257091,https://image.tmdb.org/t/p/w500/rJPbS2cYOYhDCjT5NmW1Fm6gFl3.jpg
305091,https://image.tmdb.org/t/p/w500/qF1fDtJ1vU3hrLDNJCgRoQekFmM.jpg
238302,https://image.tmdb.org/t/p/w500/luIe2Qe7dYmlJ37CvDaLp2sKxc1.jpg
33436,https://image.tmdb.org/t/p/w500/wCtaWDaOiGPVEoo7tiPBSH7sQx9.jpg
24696,https://image.tmdb.org/t/p/w500/q5cmiZHBLZBsDGCugyNUJiyxuJg.jpg
35428,https://image.tmdb.org/t/p/w500/kprgQJtu9I5ZWaDHeTTufDIGgaa.jpg
237756,https://image.tmdb.org/t/p/w500/dfsDkaWN8jhoa4przuvP1S3woqm.jpg
298093,https://image.tmdb.org/t/p/w500/xMwrmcAxJ2CpDnPXZVXTRiw7tsv.jpg
44664,https://image.tmdb.org/t/p/w500/ufTt0YqzlZvNjht4YVEqzXWtaXK.jpg
46836,https://image.tmdb.org/t/p/w500/oM45veApm8KhnSolOROA67ScjJu.jpg
263109,https://image.tmdb.org/t/p/w500/1GMvKNy2Ht5QwI0oV0ycYnxzWdC.jpg
308504,https://image.tmdb.org/t/p/w500/kDDwAQHkqPy8RYQc38lFTuRw8Ro.jpg
321640,
321528,https://image.tmdb.org/t/p/w500/aGp9XDXmVM5lCKHWtgBC15S7XLr.jpg
268523,https://image.tmdb.org/t/p/w500/t3w7bVAlihvm0uYbhWNptAJKgVc.jpg
304357,https://image.tmdb.org/t/p/w500/sbJ3b8c6VpR9fHHnizPcqJ3cUIH.jpg
320996,https://image.tmdb.org/t/p/w500/gXuT1R89O9Z07dI9dnEHm2lhODr.jpg
228108,https://image.tmdb.org/t/p/w500/1lkp87orcl6IjrdJJTJPnY2gEoc.jpg
30296,https://image.tmdb.org/t/p/w500/qD0Q7Q9K6LSKFtug1heQdjAllvG.jpg
158852,https://image.tmdb.org/t/p/w500/kziYpr5Nfw60P0My8aj1sgCEqed.jpg
335145,https://image.tmdb.org/t/p/w500/1qtbNeTKp97YqZpoiaAQm3BOcLI.jpg
253303,https://image.tmdb.org/t/p/w500/F3hbtNjvpQnFr7qWSHOJIoSb1x.jpg
256961,https://image.tmdb.org/t/p/w500/qML63w7vgspicwLK6xXGLK17cM0.jpg
278990,https://image.tmdb.org/t/p/w500/8sf6aMGE2CYTo4KLWN8bkaHNb2W.jpg
270400,https://image.tmdb.org/t/p/w500/z568idoup0lE4qxlUfQt4T1F7tO.jpg
14572,https://image.tmdb.org/t/p/w500/vIyWhMyMEHnavjUhbusOXDwrJgz.jpg
278316,https://image.tmdb.org/t/p/w500/dUqIwSKX9cEkahmv1lsolT8ouE9.jpg
228205,https://image.tmdb.org/t/p/w500/qdUVfvPBvT6cetDDM7rn8y2CNZE.jpg
254936,https://image.tmdb.org/t/p/w500/xJTrdoiowuVfij1QyzdeMicf5QP.jpg
313074,https://image.tmdb.org/t/p/w500/jzGCV0V4B5L0VgmAYGMawqaIhha.jpg
319389,https://image.tmdb.org/t/p/w500/mxFjqVyBjzvjLrBQ5wKvxdC3OyL.jpg
256924,https://image.tmdb.org/t/p/w500/sf9ndc9l6alP9DhJF1ZpKz1PaXK.jpg
50794,https://image.tmdb.org/t/p/w500/xFDvO48Gq7putBBJmvjZAXARHQW.jpg
192712,https://image.tmdb.org/t/p/w500/twNC3WumNZvTk5TGvLY8okhXDaB.jpg
332340,https://image.tmdb.org/t/p/w500/tJskXY0qQcc21UzkGPyiGRKw2md.jpg
254128,https://image.tmdb.org/t/p/w500/2Gfjn962aaFSD6eST6QU3oLDZTo.jpg
284537,https://image.tmdb.org/t/p/w500/pGZV5m7T8NzNC4V2gk304W5SpVX.jpg
300302,https://image.tmdb.org/t/p/w500/gqQ1iQG5dps56WNRDvYmPBdn06p.jpg
268159,https://image.tmdb.org/t/p/w500/5rqpXAo4ai1S45L4KyRd2zfrMT8.jpg
249070,https://image.tmdb.org/t/p/w500/cx9AOBOv9Qf5ufZYQMbfTV7w7VY.jpg
335819,https://image.tmdb.org/t/p/w500/d57C8xTZ6KzmF0rZcYi00AmklU6.jpg
275601,https://image.tmdb.org/t/p/w500/y9hw9XSk8uVgLRfq3cweiAEJtU.jpg
306482,https://image.tmdb.org/t/p/w500/4x7gzun1Llfgt9AtMj9Jx8druIF.jpg
301728,https://image.tmdb.org/t/p/w500/uDxbsPqH2451rlG8aRjUQCWh5gN.jpg
254470,https://image.tmdb.org/t/p/w500/oFBQUufCV4c8WZoNhtGM17p884H.jpg
258099,https://image.tmdb.org/t/p/w500/rEwXZIOh3CLVA5JJmxT5kaYY6ff.jpg
258480,https://image.tmdb.org/t/p/w500/cJeled7EyPdur6TnCA5GYg0UVna.jpg
31139,https://image.tmdb.org/t/p/w500/21TgZRiA5gDlyCwQEyYqZcqwMgN.jpg
42279,https://image.tmdb.org/t/p/w500/fZi6LHEs2BmuthHs5IyWYWj2DA5.jpg
254320,https://image.tmdb.org/t/p/w500/7Y9ILV1unpW9mLpGcqyGQU72LUy.jpg
256057,https://image.tmdb.org/t/p/w500/rHyeILjVAejwMKiTHkxk6kaY2kV.jpg
287424,https://image.tmdb.org/t/p/w500/twa9gXjocLM629sJrQYVtmF306R.jpg
268920,https://image.tmdb.org/t/p/w500/lobNOBHuJQCP9ZYAf86MBMwRrmZ.jpg
223485,https://image.tmdb.org/t/p/w500/j3PmbRZvf5KpNbapSjn8b0CpD6a.jpg
171424,https://image.tmdb.org/t/p/w500/dTnAYyUwp6lT0cKrt4aNujj5mdF.jpg
248574,https://image.tmdb.org/t/p/w500/8emz9dKW8KKIqG8WcFG1lJbr2ub.jpg
5061,https://image.tmdb.org/t/p/w500/tZE4PPIX1qhUZjyajzDLwsEZtVT.jpg
25973,https://image.tmdb.org/t/p/w500/c08XFez7JngaahzAZ2fojewfNrt.jpg
47759,https://image.tmdb.org/t/p/w500/5uTHVn53ZFD1YKsvLqYd2DcGQig.jpg
259954,https://image.tmdb.org/t/p/w500/sQM9OKpj876pDWFbkfRIrpQG6fZ.jpg
20870,https://image.tmdb.org/t/p/w500/5ZvVM7DLNtAmAsoclxf9GvxZVBA.jpg
104522,https://image.tmdb.org/t/p/w500/pFy7fz3P7TDb0XTHjLF7zkQzCLM.jpg
25936,https://image.tmdb.org/t/p/w500/ud4pLEr5KCkAGXeOHeKglspOHbt.jpg
286217,https://image.tmdb.org/t/p/w500/3ndAx3weG6KDkJIRMCi5vXX6Dyb.jpg
333381,https://image.tmdb.org/t/p/w500/idXlni6MEieEvRaDHxSPyeqP5pS.jpg
251516,https://image.tmdb.org/t/p/w500/MtMPSNYFMg33Rsp9wxnmqnnvPx.jpg
20963,https://image.tmdb.org/t/p/w500/mqWVEMgT7Ku1ks6kkOOgTkRqURU.jpg
310593,https://image.tmdb.org/t/p/w500/ceRN51oeadmccAvqvDxpnnNRcLU.jpg
334074,https://image.tmdb.org/t/p/w500/npyCpfYyYknFoY2iJPyfqp70FVX.jpg
318256,https://image.tmdb.org/t/p/w500/75ot83QOkc02vujyzmIbumQCU6Y.jpg
27937,https://image.tmdb.org/t/p/w500/ghN6gV4EsCwd3hjrjMNpwZEyrjX.jpg
10986,https://image.tmdb.org/t/p/w500/3B5MA242hHcnpf54hGWKbVovPmX.jpg
20359,https://image.tmdb.org/t/p/w500/c1Mvyd983ZyrU5Vf2aKEe6WncSq.jpg
238713,https://image.tmdb.org/t/p/w500/6On9Ed52fz8W1h9PzaDQ12ZfHdn.jpg
271718,https://image.tmdb.org/t/p/w500/wrY629UTCUAKLJ4CxQXz6DCE7pr.jpg
17381,https://image.tmdb.org/t/p/w500/8JHpqkXuNUQNL3kBxPggw4GUvu1.jpg
280276,https://image.tmdb.org/t/p/w500/lPMzt2qHJPpA0USYhtdjmxPsyug.jpg
222936,https://image.tmdb.org/t/p/w500/58Y4CjcRX8AtMNtI0AXu9H7iebP.jpg
300168,https://image.tmdb.org/t/p/w500/m5yyMErIDbdzVLIDXVBG6EzM1oF.jpg
188222,https://image.tmdb.org/t/p/w500/28dqsx1jCxhR05DfH35ui13ywNZ.jpg
321109,https://image.tmdb.org/t/p/w500/8TIXHoByfOPv7d88cM4OGxhTUx7.jpg
343371,https://image.tmdb.org/t/p/w500/bUFrAhqlER7oJVdfCcfp2rzHfeC.jpg
86541,https://image.tmdb.org/t/p/w500/oduJ7jj5DsVuvIctPxHRcb88vfr.jpg
53210,https://image.tmdb.org/t/p/w500/gRZYLCncLa2mzE59qY38McDlFdN.jpg
150540,https://image.tmdb.org/t/p/w500/2H1TmgdfNtsKlU9jKdeNyYL5y8T.jpg
307931,https://image.tmdb.org/t/p/w500/gr0hihtD5wxvsH8N4HB66XKfnAo.jpg
250556,https://image.tmdb.org/t/p/w500/8z255VNqrNaBhh6MwKAABOKx9K4.jpg
271714,https://image.tmdb.org/t/p/w500/4jn0hDsl6lsv4qEc7aiLlgbaIjo.jpg
131634,https://image.tmdb.org/t/p/w500/7uLJCuK0ufoDklUdOORC8XanOKw.jpg
257344,https://image.tmdb.org/t/p/w500/d26S5EfVXLNxRXqyFy1yyl3qRq3.jpg
259316,https://image.tmdb.org/t/p/w500/fLsaFKExQt05yqjoAvKsmOMYvJR.jpg
42293,https://image.tmdb.org/t/p/w500/i7iS8HgmMprSdVQHYgVMYAI9l1A.jpg
74849,https://image.tmdb.org/t/p/w500/lGJDx7RCgyMMa3owtp150umMnnJ.jpg
280996,https://image.tmdb.org/t/p/w500/nNHkoefLcdtaHyG08G8aDn1yFMw.jpg
328111,https://image.tmdb.org/t/p/w500/5f8rTQq42nQVGGes9SCV9AnD0II.jpg
18839,https://image.tmdb.org/t/p/w500/6FQboZCHxIRYF4TIJZ1gxZ4XqpR.jpg
238615,https://image.tmdb.org/t/p/w500/jhzjPJnwiQwBzW0nIHBC01fr9GG.jpg
274854,https://image.tmdb.org/t/p/w500/gPA6PFBQPlAY7sCOCKKSSB7HyNl.jpg
287903,https://image.tmdb.org/t/p/w500/mzPCU6xQ2XQmD76cDVZPm5PZAaS.jpg
297761,https://image.tmdb.org/t/p/w500/sk3FZgh3sRrmr8vyhaitNobMcfh.jpg
47933,https://image.tmdb.org/t/p/w500/9S50foUIYGwiNPWOxi1WJF6IPwI.jpg
188927,https://image.tmdb.org/t/p/w500/cnQp8GmOWahIgQaH60Kwez3TNzw.jpg
19670,https://image.tmdb.org/t/p/w500/3ubefqLk26Gy0lXCfGIu8hQrBak.jpg
37588,https://image.tmdb.org/t/p/w500/oSJhm6X4FOAmBSEfTe2OvqGuBN0.jpg
41378,https://image.tmdb.org/t/p/w500/nUidOywTrK8kceDCOHQRuLGqs4y.jpg
141131,https://image.tmdb.org/t/p/w500/8XKX4MUeU7hauNY0EndClNlYidF.jpg
214756,https://image.tmdb.org/t/p/w500/38C91I7Xft0gyY7BITm8i4yvuRb.jpg
86828,https://image.tmdb.org/t/p/w500/2gkyLFG3MpbqXC1eF8dlSge886s.jpg
211672,https://image.tmdb.org/t/p/w500/dr02BdCNAUPVU07aOodwPYv6HCf.jpg
10450,https://image.tmdb.org/t/p/w500/s4mxntM3FM7joVGz1LECSGfvYtm.jpg
36692,https://image.tmdb.org/t/p/w500/xgr8VRMyNrw8RooFuwrIxGnITVg.jpg
105864,https://image.tmdb.org/t/p/w500/8RSkxOO80btfKjyiC5ZiTaCHIT8.jpg
261023,https://image.tmdb.org/t/p/w500/zfwciv4LIJkNQsfuhYGv0Nkiweg.jpg
206647,https://image.tmdb.org/t/p/w500/zj8ongFhtWNsVlfjOGo8pSr7PQg.jpg
17922,https://image.tmdb.org/t/p/w500/nOTFmar2FyhDEDFNIMQL97K5Pcg.jpg
72886,https://image.tmdb.org/t/p/w500/11IzPcxoq22dqrftKgt5CZPHjhM.jpg
331446,https://image.tmdb.org/t/p/w500/r8qy2CgaSjJYusWy3XkbZieK5aG.jpg
16390,https://image.tmdb.org/t/p/w500/qJ0UlWWrBn2fnAg4SifTJbDUuaf.jpg
12902,https://image.tmdb.org/t/p/w500/hmeJnofknkSnczzN3J7Wvfn7OGI.jpg
119321,https://image.tmdb.org/t/p/w500/i0zImtsknzWLl5OvAQ23Y3gfEYZ.jpg
36972,https://image.tmdb.org/t/p/w500/t0DDWZVOyRjrpotc2qOvcFsRryp.jpg
20720,https://image.tmdb.org/t/p/w500/hYYiubXgtEmWvsaKVp3ssAzUr9l.jpg
34509,https://image.tmdb.org/t/p/w500/gMA34cMwtPKG1GbKlWokMSmUDIE.jpg
34513,https://image.tmdb.org/t/p/w500/AdLLNHy5EeIsu4mWu6ULTMCsDCK.jpg
14092,https://image.tmdb.org/t/p/w500/5ngIhoA0b4aGBoPFPURAbDwCKT7.jpg
261414,https://image.tmdb.org/t/p/w500/oAPbSMOWJCXXJbRYNBfzojE8Lql.jpg
74510,https://image.tmdb.org/t/p/w500/jk7C5sIDHSGiJjBQz6bmPNP1WOF.jpg
60293,https://image.tmdb.org/t/p/w500/b964RtitRMbUSwTnv4qdbRzUwug.jpg
300685,https://image.tmdb.org/t/p/w500/9o97CIpO5FgNXBYoXYxfgoV4lrz.jpg
85860,https://image.tmdb.org/t/p/w500/nmo8R1FpBEsC80qYOaXtx2vMrSa.jpg
81003,https://image.tmdb.org/t/p/w500/xON7QZ6yHYt1S1Aji0wfGQ1a7ml.jpg
321697,https://image.tmdb.org/t/p/w500/ljiRO29Y9khEERRqMluptUYunJ9.jpg
225728,https://image.tmdb.org/t/p/w500/rhadC1S2Zeckisg0mbn4OYOZC9U.jpg
296099,https://image.tmdb.org/t/p/w500/fYDALvoCt3DBlSWN6pSAnGQ9ld7.jpg
250574,https://image.tmdb.org/t/p/w500/qn53D574tT0YRyLgirEFHQwGUXw.jpg
254024,https://image.tmdb.org/t/p/w500/nFY7bO60ENfXRq4fqzA22snQUls.jpg
324333,https://image.tmdb.org/t/p/w500/77iVwo0oBaHRk4sFOBcMCh71xlr.jpg
239568,https://image.tmdb.org/t/p/w500/qnhMdtcbZnzcA9cMuZttwosaXji.jpg
312796,https://image.tmdb.org/t/p/w500/slfooToW48qtqEHKr755VjksRWG.jpg
317744,https://image.tmdb.org/t/p/w500/alRvln4lzGjdSExC37vr1spSTF7.jpg
240483,https://image.tmdb.org/t/p/w500/n9zyjUoTkcxWPC2osR2AdblPza1.jpg
309887,https://image.tmdb.org/t/p/w500/moZSQaD6GPRELWZO9qbRJjzq7re.jpg
33723,https://image.tmdb.org/t/p/w500/kyGFZeCOMylgpEC4LelxAL86Eeo.jpg
38918,https://image.tmdb.org/t/p/w500/sAQPWUoDmbY01KqZrqg4VRbnqeA.jpg
217412,https://image.tmdb.org/t/p/w500/xpzJezYGChp6Wchj5eh1VQ9Dvua.jpg
30341,https://image.tmdb.org/t/p/w500/45iFu2qhIDrRHfwEPRUsZUaqJlz.jpg
79698,https://image.tmdb.org/t/p/w500/6esL8UH2sXXqbfbaV6bFEUBCDOr.jpg
209112,https://image.tmdb.org/t/p/w500/5UsK3grJvtQrtzEgqNlDljJW96w.jpg
128767,https://image.tmdb.org/t/p/w500/owFV0qujjF1l3TdD3ZJCp6pW5og.jpg
44859,https://image.tmdb.org/t/p/w500/lFjv4XTWRW1Q84A42ACzkQgBIDR.jpg
88673,https://image.tmdb.org/t/p/w500/lRAKBACw4h85ltnDIuETTYlsPr2.jpg
331781,https://image.tmdb.org/t/p/w500/qL0RepWSNUuZoeDXfyhqowVYhrn.jpg
253622,https://image.tmdb.org/t/p/w500/rUdcfBb2HLtXqnE8Sngk38bSuKV.jpg
29419,https://image.tmdb.org/t/p/w500/2UEBhca8be67AMKVeW7C1Pa0TKO.jpg
264999,https://image.tmdb.org/t/p/w500/jkuCNd3wOmf4sDlZ89HEt8jmsqr.jpg
278927,https://image.tmdb.org/t/p/w500/2Epx7F9X7DrFptn4seqn4mzBVks.jpg
65973,
303857,https://image.tmdb.org/t/p/w500/soq3AxjALdBfdPAm8H7yuMmNL5Y.jpg
203801,https://image.tmdb.org/t/p/w500/y5yZaForGSJbPD66Cvq9AT5WMAD.jpg
337879,https://image.tmdb.org/t/p/w500/mJNmwYyhM6FuvGoyAXUg1PR5dwy.jpg
287689,https://image.tmdb.org/t/p/w500/h5yZf1uHyGstsGoWkjO8W1ccSzn.jpg
285783,https://image.tmdb.org/t/p/w500/tiESRqurrZwAC0hpERogOsBhjeg.jpg
300671,https://image.tmdb.org/t/p/w500/AskDcQ6Sa6jImyt2KDQbgRuPebH.jpg
158182,https://image.tmdb.org/t/p/w500/jrev43dDMMmr1iLl69HoxHOHuas.jpg
301748,https://image.tmdb.org/t/p/w500/4OGyobNioLlo1aj4ioxxmsssSCj.jpg
299245,https://image.tmdb.org/t/p/w500/4oBk2DsYRO0VuloOX52ROmz2QhU.jpg
240566,https://image.tmdb.org/t/p/w500/cpvQrnZwGvzG0moL4oMdmKMYKDB.jpg
293299,https://image.tmdb.org/t/p/w500/6hAgSxgd2YIK5pYhwowtnlGpwbe.jpg
335970,https://image.tmdb.org/t/p/w500/nde744Wjaj11BXA4npXcByLDMkw.jpg
49418,https://image.tmdb.org/t/p/w500/hUJL1hYJq3coWD8VjdyK0NwzQ3M.jpg
60843,https://image.tmdb.org/t/p/w500/xcwIb5YEfTeVqCRJXNL8Ai1RcEj.jpg
182560,https://image.tmdb.org/t/p/w500/acJXtT4ZX7nWIhOaCfSAGBxFw71.jpg
62931,
329134,https://image.tmdb.org/t/p/w500/qXJTn2ZMhrbs4TawcZfoI2Ifwws.jpg
281957,https://image.tmdb.org/t/p/w500/ji3ecJphATlVgWNY0B0RVXZizdf.jpg
282984,https://image.tmdb.org/t/p/w500/ipAqhEWRzEuD6aXlAWIvEEF1KUe.jpg
21784,https://image.tmdb.org/t/p/w500/8HLaU56x44piiz8B5YHZwUrCnmo.jpg
326215,https://image.tmdb.org/t/p/w500/gEJXHgpiKh89Vwjc4XUY5CIgUdB.jpg
307081,https://image.tmdb.org/t/p/w500/kSQ49Fi3NVTqGGXILmxV2T2pdkG.jpg
273481,https://image.tmdb.org/t/p/w500/lz8vNyXeidqqOdJW9ZjnDAMb5Vr.jpg
284303,https://image.tmdb.org/t/p/w500/2qGRjDPpai1J2DBrs2Cwqm9fIx9.jpg
346592,https://image.tmdb.org/t/p/w500/eLxk3fmxtfxRCMavwdxP4R6BRzs.jpg
283350,https://image.tmdb.org/t/p/w500/qBnkNKjbJV0E8GvEPidBS1nIRWD.jpg
291270,https://image.tmdb.org/t/p/w500/4DJ1zNr4Y6q7zQ27goEYla46VdO.jpg
318781,https://image.tmdb.org/t/p/w500/p7oGFkMGaQR27R1olN9RoMzg4vS.jpg
212168,https://image.tmdb.org/t/p/w500/eC8babU050Nwnss5CnAJyymGkB.jpg
253344,https://image.tmdb.org/t/p/w500/2rW0u6qDw8kBRS4Ak3Wx1uauYaq.jpg
30459,https://image.tmdb.org/t/p/w500/929UzpnRMgolTdyvhr11BpSXTeX.jpg
329289,https://image.tmdb.org/t/p/w500/6PORF8ervLTX0XKeLa4sVKyjQA4.jpg
11441,https://image.tmdb.org/t/p/w500/9Mo9IKxv7XOMJrdVpWY0iZqPMhe.jpg
257211,https://image.tmdb.org/t/p/w500/9UoAC9tu8kIyRy8AcJnGhnH0gOH.jpg
27412,https://image.tmdb.org/t/p/w500/2IRG18T8Jt6H8oa0dNM01Ikxc5e.jpg
292431,https://image.tmdb.org/t/p/w500/dX6Lt1CtnqI6Ai4vL2fj61CFbeD.jpg
264644,https://image.tmdb.org/t/p/w500/pCURNjeomWbMSdiP64gj8NVVHTQ.jpg
277546,https://image.tmdb.org/t/p/w500/2fPnVkWueayfbqk2g66fSTLoyWu.jpg
328425,https://image.tmdb.org/t/p/w500/kH3qLP8pn68Xq5XwvmPkCyaAU7W.jpg
25161,https://image.tmdb.org/t/p/w500/vnUzbdtqkudKSBgX0KGivfpdYNB.jpg
310131,https://image.tmdb.org/t/p/w500/zap5hpFCWSvdWSuPGAQyjUv2wAC.jpg
296313,https://image.tmdb.org/t/p/w500/6lZ1EjOoWJiZaGJe38052Hmt73l.jpg
351964,https://image.tmdb.org/t/p/w500/ueiLy3gu0yeoJy7hf9TzTdXfWa1.jpg
281979,https://image.tmdb.org/t/p/w500/ikb6cZI8RXUqcxApMJmIdimAJ1X.jpg
278604,
298312,https://image.tmdb.org/t/p/w500/hDrToKMpKYTdwdpOhshL8ko6WVp.jpg
290751,https://image.tmdb.org/t/p/w500/gJl4iTxQlazkPCplGmSLGBUwqg9.jpg
143634,https://image.tmdb.org/t/p/w500/hEVfAMHmgTH3rDztOrFtnWoWSMP.jpg
343295,https://image.tmdb.org/t/p/w500/74oz1uPUxnRwys0D9JMKNMialE0.jpg
332270,https://image.tmdb.org/t/p/w500/cURuQIcuJ5U8ToPJByqytaIpL7U.jpg
261392,https://image.tmdb.org/t/p/w500/g9JX6RZQoTInDJhbrKItnOr47qr.jpg
277216,https://image.tmdb.org/t/p/w500/1CiLJx8Xtv3TbbFj6k7BboSmKgC.jpg
310133,https://image.tmdb.org/t/p/w500/6MCvmPcMdbmdsIeRNQhKzLcZorP.jpg
134777,
308084,https://image.tmdb.org/t/p/w500/EKLR5c61XQzBTeMokFrmS3kdt8.jpg
258284,https://image.tmdb.org/t/p/w500/jR3rrAtFhK6MufgJIlNYoo0Iyfd.jpg
50162,https://image.tmdb.org/t/p/w500/6OUcCg7jgk0jYqh8QSUlMslD2Hn.jpg
274479,https://image.tmdb.org/t/p/w500/nZAs0HbW82TI1i4Xid83M941Pki.jpg
333339,https://image.tmdb.org/t/p/w500/pU1ULUq8D3iRxl1fdX2lZIzdHuI.jpg
228066,https://image.tmdb.org/t/p/w500/bYUmSLPtWylFKbEBHOXT1kt9l5b.jpg
354556,https://image.tmdb.org/t/p/w500/kK0NuA3YjD0YdofmXFO68UaBvKR.jpg
48297,https://image.tmdb.org/t/p/w500/bKRXF9EIgSP1hzckjUTmj7VEr2m.jpg
273477,https://image.tmdb.org/t/p/w500/lUKvvSnjFlazrdh6wyHxHrdMknD.jpg
245168,https://image.tmdb.org/t/p/w500/y706qec117bN2S7XgCs2Yz8jEfv.jpg
253255,https://image.tmdb.org/t/p/w500/fhm3SFtrcyzA1rGT00OnOeZ4WDF.jpg
310135,https://image.tmdb.org/t/p/w500/ArUqADkwycYtNVuXSoSXVrdJ8iJ.jpg
287241,https://image.tmdb.org/t/p/w500/r6carqRHObNUtlJVKcrIye6A85H.jpg
323272,https://image.tmdb.org/t/p/w500/unxQeVUi5DH01r7ZNvAHwpvX7UK.jpg
276907,https://image.tmdb.org/t/p/w500/4shf5Alq4KWCKqrAAQe0JGJHYp5.jpg
323373,https://image.tmdb.org/t/p/w500/cwy9sGEOAuzpZXzXBVln1PZ4vxn.jpg
306819,https://image.tmdb.org/t/p/w500/mXZZIacI5FC8thzSC0lgQBQ2uAX.jpg
241843,https://image.tmdb.org/t/p/w500/qnH3SCfb3ePz9qM8BvBtq9JLLXY.jpg
27924,https://image.tmdb.org/t/p/w500/vuvDijb0g4nzj3TdP9ugeIKgIK3.jpg
27934,
27935,https://image.tmdb.org/t/p/w500/htvbPwc21Ey2yk4RDv69JM7ivRw.jpg
46010,https://image.tmdb.org/t/p/w500/hCoon0OCV0eT3MKRrnEOkU4j0JH.jpg
57778,https://image.tmdb.org/t/p/w500/51iIpaPeoVj8yCo92GpWzUnPIiM.jpg
42275,https://image.tmdb.org/t/p/w500/1vBA6HKOPQl6T3qf17FPQkfrszC.jpg
31648,https://image.tmdb.org/t/p/w500/fVzfgLPgrEOti2svUqwyLCtIeML.jpg
324308,https://image.tmdb.org/t/p/w500/y8zA8Vdh5AQRULuDDp2xx08DNNx.jpg
313922,https://image.tmdb.org/t/p/w500/evZicaR7nXe4LiD9G6QYTorcJGO.jpg
283587,https://image.tmdb.org/t/p/w500/1D4vcJmJc58WXarpRtwgd2do9Rg.jpg
317981,https://image.tmdb.org/t/p/w500/ymDJQsmDSgQ4IGZAxW4aR0WpVAr.jpg
295884,https://image.tmdb.org/t/p/w500/6MLSD1OYGDWkCk05m7vA1xCrfKr.jpg
2798,https://image.tmdb.org/t/p/w500/imsP4Vl1UpsLf27DPxX1atIubBB.jpg
230896,https://image.tmdb.org/t/p/w500/e7F2ZNA7wMneoSKGonLKjDmjFEd.jpg
263472,https://image.tmdb.org/t/p/w500/cUC4rUb1Cs2KMaZ6RD4uYUEEwls.jpg
200813,
32285,https://image.tmdb.org/t/p/w500/8ISnTeqcRef2IkReM3sHvxJyYKX.jpg
303991,https://image.tmdb.org/t/p/w500/4t56LZ1KbOOxgKfqMKN6truBDVc.jpg
327389,https://image.tmdb.org/t/p/w500/mTBkd01Sdx4mfZaxgdqoLdygUFA.jpg
10317,https://image.tmdb.org/t/p/w500/niDI0NHB11nONifUg8sV6o0mzIk.jpg
254302,https://image.tmdb.org/t/p/w500/47aaJXO87scDABLUT7vg2bHsdrF.jpg
296100,https://image.tmdb.org/t/p/w500/rfeNBaiMBg0UQsBQFv1qsjTjZWn.jpg
334538,https://image.tmdb.org/t/p/w500/3xBUU6pYZPe9tqVH2R430y6psEm.jpg
285840,https://image.tmdb.org/t/p/w500/xFRFBJTmFJ4PMQvOv2VpRTbFdO.jpg
253412,https://image.tmdb.org/t/p/w500/4xmndWnTYTE4bDdlWrkZyaGcZlo.jpg
330764,https://image.tmdb.org/t/p/w500/eRKgcuXSP9KiGlh2tlS85oh6ceN.jpg
314365,https://image.tmdb.org/t/p/w500/8DPGG400FgaFWaqcv11n8mRd2NG.jpg
245698,https://image.tmdb.org/t/p/w500/5vcLstd2hYn0XhyuEKaPbBZAqSh.jpg
325348,https://image.tmdb.org/t/p/w500/ik1uZyiMSxF9HqrgRKUNfMCfr3z.jpg
295964,https://image.tmdb.org/t/p/w500/iptu4zfvbeULkeuoVkTl2mOqTPS.jpg
315841,https://image.tmdb.org/t/p/w500/kMPpxlQhsqzImbhctl3lDrOHoQZ.jpg
18303,https://image.tmdb.org/t/p/w500/wK8P91PlbLqXi75AlzaxErd1e8q.jpg
296065,https://image.tmdb.org/t/p/w500/oSTFMqFpVB4yq9SOIxBp8xZ9jh5.jpg
329263,https://image.tmdb.org/t/p/w500/wbpmtx3XUZIwHA8sVqWpHyTIV0V.jpg
19636,https://image.tmdb.org/t/p/w500/puk8ca4bL9HG1R8BwORif8bHGqY.jpg
277967,https://image.tmdb.org/t/p/w500/lSQ9fgPwhZfcFKxChHjHrbEiDLm.jpg
159824,https://image.tmdb.org/t/p/w500/3nFnrivNgipSKZ8LZJJbRSlAcTR.jpg
330206,https://image.tmdb.org/t/p/w500/x4R8eSyHhMQHdKjxeLC3LBC4PWS.jpg
13968,https://image.tmdb.org/t/p/w500/bC15nPOGIOXohhqzC2GTg0DlqIy.jpg
309809,https://image.tmdb.org/t/p/w500/je5Z7gbFTzrs3FPHINo9yGiHoVo.jpg
301228,https://image.tmdb.org/t/p/w500/puxZMIhfaIzRqBzu0J64soz5ewv.jpg
330112,https://image.tmdb.org/t/p/w500/hQDEvfqoYD33JnMWKccVDeWOkVG.jpg
297762,https://image.tmdb.org/t/p/w500/v4ncgZjG2Zu8ZW5al1vIZTsSjqX.jpg
339988,https://image.tmdb.org/t/p/w500/bQVqd5rWrx5GbXhJNuvKy4Viz6j.jpg
68730,https://image.tmdb.org/t/p/w500/x5T0cQDYws0xRBVG4Q3wpcrcmax.jpg
296098,https://image.tmdb.org/t/p/w500/fmOOjHAQzxr0c1sfcY4qkiSRBH6.jpg
316042,https://image.tmdb.org/t/p/w500/zdn34Jx3rRkhDGsD0qcB0cA1HzB.jpg
273197,https://image.tmdb.org/t/p/w500/hqfKwoVMe3WCtTWWv2rIW6Oe05X.jpg
244316,https://image.tmdb.org/t/p/w500/i5GbFCeZ0fG5xb2ta6B3yNgzIM7.jpg
359364,https://image.tmdb.org/t/p/w500/l02W63OGQKYugJrs3Uw8nA9gii4.jpg
319996,https://image.tmdb.org/t/p/w500/z2cSwPEt4VUrEdhzFTWBrvkNemK.jpg
323792,https://image.tmdb.org/t/p/w500/rwXmbnXIQcfmdK0phXcMIZgX0KA.jpg
270487,https://image.tmdb.org/t/p/w500/txvoksUbyxqvaOvDfEbwW5nEcmX.jpg
319073,https://image.tmdb.org/t/p/w500/994hnuZUbkAkpCZMaqasMw2cWvj.jpg
318917,https://image.tmdb.org/t/p/w500/1CxZWytSiCzZiZA5k0AiLUFtQNA.jpg
259985,https://image.tmdb.org/t/p/w500/eVQ3XX6MJELZOLIuWuCv1lpM1MW.jpg
230211,https://image.tmdb.org/t/p/w500/7ZGNVpzGEWYLpzE7J9FL8WOLlxc.jpg
333287,https://image.tmdb.org/t/p/w500/rDxDSABzncDluXgqCQjjMjYej96.jpg
141819,https://image.tmdb.org/t/p/w500/5HDsSXIivf0WW4vwi83CgjlAeRY.jpg
211005,https://image.tmdb.org/t/p/w500/f1aHVJQKflibJQhjCN8jZCobLyW.jpg
5846,https://image.tmdb.org/t/p/w500/7zpyHnfykViMlE0x5gREq0X2yqc.jpg
257445,https://image.tmdb.org/t/p/w500/aeZT9pqEgrmXOGdESFkAuVjX6kw.jpg
304372,https://image.tmdb.org/t/p/w500/k1U3ROFFCVbu9H63lKYMbXEHeJI.jpg
253414,https://image.tmdb.org/t/p/w500/jGNOsJjpsJ4yWe3InuiXgYk8VuW.jpg
218784,https://image.tmdb.org/t/p/w500/uOfXM61tr3sDoyyAaNTDyfxxyaE.jpg
294963,https://image.tmdb.org/t/p/w500/4MmTHpn2Y8emqvBgvOjufImUmKZ.jpg
329020,https://image.tmdb.org/t/p/w500/mGETWBPMDHgpdFVsJf8cYGsPWnz.jpg
298382,https://image.tmdb.org/t/p/w500/5Loofmo5GTt1Qe2Dz5ERLVlN98T.jpg
291343,https://image.tmdb.org/t/p/w500/38kSPGVG3PevHQdpph8bR7wCERl.jpg
294016,https://image.tmdb.org/t/p/w500/2RERIRnZkROSeHZAIf8PSxhzOqs.jpg
34729,https://image.tmdb.org/t/p/w500/40gZ2WhqpZVv8woW0fCH8bMFzx8.jpg
74836,https://image.tmdb.org/t/p/w500/kGkxSrodJfiemGsYdol3QYg5vn.jpg
268788,https://image.tmdb.org/t/p/w500/pq98iZgCqq8gMiamWqdeAFQlBkI.jpg
321741,https://image.tmdb.org/t/p/w500/1jEMpmmHEIO71tsMK0OGucDttxj.jpg
227973,https://image.tmdb.org/t/p/w500/aiwdwnl7RFs1vcBanOKr13ye3wE.jpg
36693,https://image.tmdb.org/t/p/w500/8fesxO5RKl3Hd6XIUohr66jlMdK.jpg
27940,https://image.tmdb.org/t/p/w500/yAgBjMZMKG9rn0aKZBZ6Prx83T5.jpg
45227,https://image.tmdb.org/t/p/w500/oj501hxty4iZCUUiV6GLPCdYw3M.jpg
84254,https://image.tmdb.org/t/p/w500/5W1OR1Tv7JAbphYNYrUgWvkL24I.jpg
288171,https://image.tmdb.org/t/p/w500/rZz8AmDvFqUY4tBcD69ou3OfiWx.jpg
13986,https://image.tmdb.org/t/p/w500/HKUrZZbXnwCM4129fPlgHEg0eG.jpg
315465,https://image.tmdb.org/t/p/w500/kzKJxfIdZ70nsPfKyq7hlYlJwSx.jpg
312221,https://image.tmdb.org/t/p/w500/1BfTsk5VWuw8FCocAhCyqnRbEzq.jpg
91417,https://image.tmdb.org/t/p/w500/tieHyFlHwnU4gdKY9vBNCW7U5iw.jpg
324325,https://image.tmdb.org/t/p/w500/zU6hCAaOXj55xjJR6BeSZu3iWBo.jpg
367326,https://image.tmdb.org/t/p/w500/pJPeU4DhVMqHnZ9qcAKW2UkdUUP.jpg
339527,https://image.tmdb.org/t/p/w500/pbcXpZgem8kgr90RwIUNAbC2ite.jpg
360203,https://image.tmdb.org/t/p/w500/hANP0oWUR1B0uiHB7no2jsjhsoN.jpg
53179,https://image.tmdb.org/t/p/w500/2ToezxqfIvCcuFzVmGp82FOBkQy.jpg
39850,https://image.tmdb.org/t/p/w500/bz8pWVNsbg1MMKCgp2VX6wFOXJX.jpg
19100,https://image.tmdb.org/t/p/w500/507mUw7mtYpmjwJncOggw9gBZcG.jpg
20975,https://image.tmdb.org/t/p/w500/zAmv4i2sARwa17npj8rJD4OA4md.jpg
127605,
83456,https://image.tmdb.org/t/p/w500/9T3bl4c3mM2MYM4BL8TefSQEOB2.jpg
127608,https://image.tmdb.org/t/p/w500/dmynhqV1y9vpaGc45mmsSbtaSAL.jpg
270393,https://image.tmdb.org/t/p/w500/grhI2R0FACyPb7g6nJjozG3gl7K.jpg
126846,https://image.tmdb.org/t/p/w500/f8DfsnLKFWjQ5L21VSwDeODJ4iN.jpg
72093,
72095,
317182,https://image.tmdb.org/t/p/w500/a5XHo7MQgX3V7nNlEnl5gwZURDL.jpg
315623,https://image.tmdb.org/t/p/w500/3sYoDpCA5Ps5wnX8RZhihKZduuP.jpg
315620,https://image.tmdb.org/t/p/w500/6dQv1PfE654y3uaA7jW2tIyEEUV.jpg
282963,https://image.tmdb.org/t/p/w500/9qKoF7XjkcbWYwekBCKt7W7rDHc.jpg
317190,https://image.tmdb.org/t/p/w500/3jc2spp0w3a50drKFCHgdyj4u0d.jpg
335209,https://image.tmdb.org/t/p/w500/qav0QtsBKvcnpJHqFgFTjynkTca.jpg
282758,https://image.tmdb.org/t/p/w500/dy7JzhXnDFhQsHRiPXxpu62j3yQ.jpg
321751,https://image.tmdb.org/t/p/w500/musAGdMpfvxhNvEnxXgmzcjBxWL.jpg
63441,https://image.tmdb.org/t/p/w500/vr54E7RjvMLE4rFgb1NPgZdnpj6.jpg
48300,https://image.tmdb.org/t/p/w500/qupi6LGWSMSTaZHWPYUyAyVplLx.jpg
104515,https://image.tmdb.org/t/p/w500/pXEJRDIbFdXbtNSSLQLB5xIzorZ.jpg
339751,https://image.tmdb.org/t/p/w500/gHxF63YSELrjoJyHcebpDz1Uqvz.jpg
299687,https://image.tmdb.org/t/p/w500/ja34BV577dtjWl2S5G1tB93IjYb.jpg
364067,https://image.tmdb.org/t/p/w500/2ir2DjNNXmMePsyc4inFa8oI23r.jpg
340275,https://image.tmdb.org/t/p/w500/gZqsDMGWLkRPvv2tASiMomj8GOt.jpg
300693,https://image.tmdb.org/t/p/w500/qmpMRABYbQjgtxwJ6xMPc8KskzA.jpg
323656,https://image.tmdb.org/t/p/w500/8lFSRcFdxr9sGbYqWZrs03Lin7u.jpg
318846,https://image.tmdb.org/t/p/w500/scVEaJEwP8zUix8vgmMoJJ9Nq0w.jpg
333088,https://image.tmdb.org/t/p/w500/7wwsxlSZTCK9OOtcCLcopiWB3PK.jpg
347969,https://image.tmdb.org/t/p/w500/kPc80jywR5Nm2KIQjkY5i4VXSx4.jpg
367735,https://image.tmdb.org/t/p/w500/pzM9t33T2YUA7vaCb2GxaDrlTW1.jpg
246355,https://image.tmdb.org/t/p/w500/uvjBl6LHmb5JpAbmSZzeWA1c7Sv.jpg
369879,
237584,https://image.tmdb.org/t/p/w500/eZLpBNG84wAI5c9XCQBa7w78ElX.jpg
26736,https://image.tmdb.org/t/p/w500/vrjLcGBLurVem5lXN8237qz4tyE.jpg
303867,https://image.tmdb.org/t/p/w500/hpg5iDsNzve0WAVjGPO9CzKqDEC.jpg
329833,https://image.tmdb.org/t/p/w500/n8AJzALlTPBwe9Tkv3tdxbiAr9i.jpg
259694,https://image.tmdb.org/t/p/w500/a4Ce3qHqIyHM3QfGsiVTAu3YADJ.jpg
201223,https://image.tmdb.org/t/p/w500/sstaOUvPmMYzeWbYaeDXrYWBp44.jpg
26702,https://image.tmdb.org/t/p/w500/yaEEwdekGIciimxTmvVoybP9gAj.jpg
279690,https://image.tmdb.org/t/p/w500/vzqwe4uuINJhbPqvlbVShBnCvHv.jpg
282069,https://image.tmdb.org/t/p/w500/lNzCFguC8wEyJWP89ewQYK8d2nJ.jpg
282070,https://image.tmdb.org/t/p/w500/qO8zQ9dSADWiwRnR7oCOsPDuOom.jpg
125464,https://image.tmdb.org/t/p/w500/HEHGkQM1dIep8JURqfHNYIn2O9.jpg
340666,https://image.tmdb.org/t/p/w500/mdLDgQBD0va09npSQX5Zgo2evXM.jpg
356486,https://image.tmdb.org/t/p/w500/taXsvq2EpUTcU0QZtKYIYQ86C22.jpg
274167,https://image.tmdb.org/t/p/w500/fB9lALk9zKsMYWvf0bJSkJN219Z.jpg
266294,https://image.tmdb.org/t/p/w500/hpvHqAiusQtGNDx48dA3z5ejjon.jpg
362886,https://image.tmdb.org/t/p/w500/cpWLQw59uTsrz27bDyPMrxn0Y.jpg
140300,https://image.tmdb.org/t/p/w500/oajNi4Su39WAByHI6EONu8G8HYn.jpg
92499,https://image.tmdb.org/t/p/w500/5kiUh29bcQe66Mjs98O31vGwlUr.jpg
102051,https://image.tmdb.org/t/p/w500/eQlcwDRPk3w5yDnBE9vTr34T1qC.jpg
344041,https://image.tmdb.org/t/p/w500/9gqp8wFesW3LxxvCPKswLchPSeO.jpg
256687,https://image.tmdb.org/t/p/w500/3DJ8KOT2t8y8FiLn3hrMyPT9MyS.jpg
58431,https://image.tmdb.org/t/p/w500/jsJlOhVHiz1xXr36616EI8tJ4b2.jpg
302026,https://image.tmdb.org/t/p/w500/cz3tMdY7XPjzhEWH7hdKOn3doJ1.jpg
354216,https://image.tmdb.org/t/p/w500/xLw8nDNLuffMdvjYXQLwL6UCXcs.jpg
325173,https://image.tmdb.org/t/p/w500/1mB2uLg9qDzLX6BpJReAFAPyAtv.jpg
370646,
32643,https://image.tmdb.org/t/p/w500/j4NQTMsVEHgqacmxvnenF7HX7GA.jpg
371759,https://image.tmdb.org/t/p/w500/9kFkdqbJYHL7pfGZ5uBw4rCwJjJ.jpg
272548,https://image.tmdb.org/t/p/w500/p8Gq5dL2CxQf5QA6ILvnudhQada.jpg
371492,https://image.tmdb.org/t/p/w500/h6GBWqZXrZyXwGzY5O4mUc3rAjB.jpg
284514,https://image.tmdb.org/t/p/w500/fRAlUIsJ0yfcAslfMIZOPm6ftUS.jpg
326094,https://image.tmdb.org/t/p/w500/s7D9c9kSdYbYO3hSvZHVBiUf9gk.jpg
323675,https://image.tmdb.org/t/p/w500/2433Vt8xuDnAIDAJTNx6DEtf9Qb.jpg
312669,https://image.tmdb.org/t/p/w500/irz7aLl87kGnwzdHoYs4iObLdFa.jpg
319888,https://image.tmdb.org/t/p/w500/r562gvTRVHnDSvG7MrKHEECSn1V.jpg
222619,https://image.tmdb.org/t/p/w500/qqyeOrfwCEZiIjxnSUVPJs1QcMM.jpg
331962,https://image.tmdb.org/t/p/w500/nM26QosEfgjEegONCiNNrYMBTxD.jpg
273899,https://image.tmdb.org/t/p/w500/jkUKuPK0dJwP9o47npgLipp83D0.jpg
337029,https://image.tmdb.org/t/p/w500/kzTvgsGFd7zpGbwDsA4p8Nkdzj9.jpg
340255,https://image.tmdb.org/t/p/w500/nIIUpF9EaSGsrXyuPBGxifSCgNe.jpg
335778,https://image.tmdb.org/t/p/w500/6hGh4z503k8wA8mLlmvwhTSGja.jpg
329004,https://image.tmdb.org/t/p/w500/hd491WgKPxeQus2LnvFbYmyUFmt.jpg
291870,https://image.tmdb.org/t/p/w500/k0Lz1TfSlbcQthQKYGwE7blDfwN.jpg
21266,https://image.tmdb.org/t/p/w500/lD2P13VNAiIhoAs0gIhfnRazZRV.jpg
333377,https://image.tmdb.org/t/p/w500/z30fIUchddu5RPUN8JWFiDhk2yp.jpg
333040,
77294,https://image.tmdb.org/t/p/w500/wA46TGkU7lz7QvkiemrwvpN0A29.jpg
300673,https://image.tmdb.org/t/p/w500/6UG91TJ4DKI6FGdqXZfDBeRZHX8.jpg
18874,https://image.tmdb.org/t/p/w500/tExdDYmxqv30rtf2dMkTAVpzORf.jpg
348089,https://image.tmdb.org/t/p/w500/ygzNOhZ4yAbA3QYqFjIFzI6ctwP.jpg
205584,https://image.tmdb.org/t/p/w500/hzH7fwaTyQNITLo40Hu3R7cVMqv.jpg
336808,https://image.tmdb.org/t/p/w500/t3Lmw8jvm7tpik0lSkub8hU4oRW.jpg
323677,https://image.tmdb.org/t/p/w500/3pKLVyz6LGQU8xEDhYHSHsfy5Bg.jpg
333371,https://image.tmdb.org/t/p/w500/84Dhwz93vCin6T1PX6ctSvWEuNE.jpg
267860,https://image.tmdb.org/t/p/w500/iEbLkYzyiUdOKNK4WNBFyGH7r2Y.jpg
269149,https://image.tmdb.org/t/p/w500/hlK0e0wAQ3VLuJcsfIYPvb4JVud.jpg
279641,https://image.tmdb.org/t/p/w500/xaLpB1dhUWkmpJSsJ41vFVpeHf2.jpg
258363,https://image.tmdb.org/t/p/w500/67Ue5or6ZPScqkagC3EJSOYuzyR.jpg
267193,https://image.tmdb.org/t/p/w500/2jQGFmShpdflApc5oidJZ97m1d1.jpg
20051,https://image.tmdb.org/t/p/w500/3vc6GWhFciyrL7JyAULko1nUdSu.jpg
92060,https://image.tmdb.org/t/p/w500/dYHGoPMkZMVuBA4EydmDQMo1EEv.jpg
330348,https://image.tmdb.org/t/p/w500/fxWlMDP1vmr85VWiLPTTLL43fTx.jpg
378779,
354251,https://image.tmdb.org/t/p/w500/jHwarubiAKFdMt6MfM0TZ8mY8uO.jpg
365222,https://image.tmdb.org/t/p/w500/RTt4lgyTDI8JHMGbZGDDbcZmkM.jpg
353609,https://image.tmdb.org/t/p/w500/zblbGyTt7WwwKk2uppERHwYJ6TF.jpg
148184,
371645,https://image.tmdb.org/t/p/w500/hkmz9rxgcweizXNElozGeKwmAJE.jpg
44351,https://image.tmdb.org/t/p/w500/d2xy1yFP6Whael1l922OcZ3qpBm.jpg
40123,https://image.tmdb.org/t/p/w500/e0jqLkjEOtfRhugXs84tfZtT9i8.jpg
46632,https://image.tmdb.org/t/p/w500/kHSWQuSh846LTNykbatsp6No2Nu.jpg
16403,https://image.tmdb.org/t/p/w500/90dWmvkiNDEgIhy4cC8HbKAsiLk.jpg
332721,https://image.tmdb.org/t/p/w500/6MnhydfF3L97zJ0GlukE58kOByo.jpg
334495,https://image.tmdb.org/t/p/w500/1ugzwqaN5mcIgigfI1J3T1Zedym.jpg
383809,https://image.tmdb.org/t/p/w500/8FUyxT4mdCSKjbME2qC6fuq8Z8w.jpg
301365,https://image.tmdb.org/t/p/w500/d93h9dHIez9zRg4ooG6o1ZiQ776.jpg
140554,https://image.tmdb.org/t/p/w500/2pThyBOA43DS9YUxHDDUcWiF7EU.jpg
333352,https://image.tmdb.org/t/p/w500/xMY2XbaRtmto9LXwo83wnYRKN2U.jpg
359025,https://image.tmdb.org/t/p/w500/4DOzp5Rx8roC9YvvDgmoZAGeiGF.jpg
333385,https://image.tmdb.org/t/p/w500/yuive5iOJF72ANOetEypK5SpfRv.jpg
55495,https://image.tmdb.org/t/p/w500/ae8uVEoQlk7nK6fhpFykVIeeHcM.jpg
315664,https://image.tmdb.org/t/p/w500/qciyu815r7vQ4d9usO3QLww3HVt.jpg
302688,https://image.tmdb.org/t/p/w500/lfPqApnLVPsYfdbpSHNnHIxTdmd.jpg
314029,https://image.tmdb.org/t/p/w500/5UZOBQBxofQguD2jGgHxvZjqiLI.jpg
186759,https://image.tmdb.org/t/p/w500/eElBXTTBBy9xgnJh6rMQcXm17En.jpg
342521,https://image.tmdb.org/t/p/w500/dPWlBmCixh9k3Jjb7c7jkIaxBbL.jpg
254952,https://image.tmdb.org/t/p/w500/yOy74rhDxiikZkqWnrnhCmEqeDb.jpg
387893,https://image.tmdb.org/t/p/w500/ysQqYp9G37Q114Nc6uvCHbDmaj6.jpg
295699,https://image.tmdb.org/t/p/w500/vAIFZ8bw0spSvcIYgfuX99B3H2w.jpg
369557,https://image.tmdb.org/t/p/w500/sUWpVlrvzU2SJbnVZqIeKulPKwk.jpg
351065,https://image.tmdb.org/t/p/w500/gbyJSsrJyIOyr9o12B5A2Zsix4T.jpg
370755,https://image.tmdb.org/t/p/w500/hhpXV2SntaApx411hObmopQejdV.jpg
290595,https://image.tmdb.org/t/p/w500/ci1QXfBSUBVpLuzxi9A208uwUVi.jpg
325133,https://image.tmdb.org/t/p/w500/gu3PEiV2uEUXYWbmg1Oiw21Waa.jpg
29398,https://image.tmdb.org/t/p/w500/9beJl9aNrqKi8RFfhQ2MoWTKIJz.jpg
301608,https://image.tmdb.org/t/p/w500/ps5FhW4WQuH1Ure2msdZkH7psqK.jpg
376570,https://image.tmdb.org/t/p/w500/zHzBTd502IZf60x8n2g0TB01vPF.jpg
24784,https://image.tmdb.org/t/p/w500/wrfNw9UxWnOWPscLVXBZytGRItl.jpg
49381,https://image.tmdb.org/t/p/w500/bPsHHpT1oN6awwzbI71Bzzwm9mB.jpg
1659,https://image.tmdb.org/t/p/w500/ybD59vpUjk5xjW0rRBRxcLwdjms.jpg
1652,https://image.tmdb.org/t/p/w500/yPmbdbFTXgxhQARyYo1w2avXk77.jpg
353326,https://image.tmdb.org/t/p/w500/v2X1BtkxaV8pzLbmM8a5gTdpg7B.jpg
366901,https://image.tmdb.org/t/p/w500/sYCwDIeGfOjxesa3j6wu44EjhwU.jpg
7237,https://image.tmdb.org/t/p/w500/39Emk29cNi1lBfW86yGFCVOawzp.jpg
303858,https://image.tmdb.org/t/p/w500/r0Es5M6zTFpuV2sSaYtAlzz10qw.jpg
326423,https://image.tmdb.org/t/p/w500/9mwzidlGgWfr2hcMWUKM86lOqdo.jpg
127380,https://image.tmdb.org/t/p/w500/3UVe8NL1E2ZdUZ9EDlKGJY5UzE.jpg
323676,https://image.tmdb.org/t/p/w500/q6TAy2EWMpuT6gpxlO3ofj0RYrq.jpg
153518,https://image.tmdb.org/t/p/w500/iOH0fEFtV9z9rZp9zmBFGGeWicv.jpg
327536,https://image.tmdb.org/t/p/w500/kaf6zS27Oll9ja55PYMC7OpB8oa.jpg
332411,https://image.tmdb.org/t/p/w500/6NvLA3BP5ktLaZ1qdLY0oHsaqwD.jpg
384737,https://image.tmdb.org/t/p/w500/dOQv2PDBu9bBCZRLeRp6QQYJDr3.jpg
302401,https://image.tmdb.org/t/p/w500/yfK7zxNL63VWfluFuoUaJj5PdNw.jpg
34935,https://image.tmdb.org/t/p/w500/YR0MeIbbinhc0qLr2vg3Zmqbw6.jpg
234004,https://image.tmdb.org/t/p/w500/649xP2LST4VIrZ5cLPw7Ys9movF.jpg
386891,https://image.tmdb.org/t/p/w500/pHzVWzyyBHNil44ge1aMYqGlcSx.jpg
380254,https://image.tmdb.org/t/p/w500/ssSm8ZpOdKffynphV0z2ENYUNwm.jpg
245917,https://image.tmdb.org/t/p/w500/1wEl5WHQO2SdWQ6S3gLBaaobf4c.jpg
290250,https://image.tmdb.org/t/p/w500/clq4So9spa9cXk3MZy2iMdqkxP2.jpg
383121,https://image.tmdb.org/t/p/w500/6iVUHy9P7gzaCbMjj13qc6t7my4.jpg
3786,https://image.tmdb.org/t/p/w500/up1T1QGSSCfoyuCra0Qnv2yItFt.jpg
44238,https://image.tmdb.org/t/p/w500/AkmArVfTaXS9SPqOjWe80TY0vCC.jpg
380111,https://image.tmdb.org/t/p/w500/nL1WhzLiD2nZ7ixQcp5K0z4eEB7.jpg
332567,https://image.tmdb.org/t/p/w500/bnBV7hZmLuA0Si5Aop481sPF2RY.jpg
13099,https://image.tmdb.org/t/p/w500/2URAvYZ67Wwo7iceIfTHl050luM.jpg
290098,https://image.tmdb.org/t/p/w500/dLlH4aNHdnmf62umnInL8xPlPzw.jpg
241259,https://image.tmdb.org/t/p/w500/4g043PWVXkjHkxEEsEfwuAxlM8i.jpg
267935,https://image.tmdb.org/t/p/w500/vssXmCrfCiARkQ0512oG0wjh2h9.jpg
359871,https://image.tmdb.org/t/p/w500/mTAZFb79cum6bfU41C96DwMCp6Y.jpg
223702,https://image.tmdb.org/t/p/w500/vNgdPJQ5CI60oEiiHLKRNrsDhMy.jpg
13125,https://image.tmdb.org/t/p/w500/jbkAJh4mnYX95Kg7o521vqTLtm8.jpg
387398,https://image.tmdb.org/t/p/w500/uJUxM5S1FTNvs65hFaBUid9BSq7.jpg
384798,https://image.tmdb.org/t/p/w500/xn6t1nYJaUMmudnHHiK390AORNu.jpg
334533,https://image.tmdb.org/t/p/w500/2sFME73GaD8UsUxPUKe60cPdLif.jpg
374475,https://image.tmdb.org/t/p/w500/v3gf7T8hb8aYv05X2jHmxJQWPZr.jpg
293670,https://image.tmdb.org/t/p/w500/aXlL7yYwpXInhltamtzKQFBG08G.jpg
83501,https://image.tmdb.org/t/p/w500/psJJKzF7WX2lSvNzw1LgidTArvw.jpg
337154,https://image.tmdb.org/t/p/w500/rzj9ZSleGgsKkY3q6sDDoAxjSu0.jpg
291805,https://image.tmdb.org/t/p/w500/A81kDB6a1K86YLlcOtZB27jriJh.jpg
396292,https://image.tmdb.org/t/p/w500/8stTLVktSAATgFdCeaEUSh6WU2j.jpg
339397,https://image.tmdb.org/t/p/w500/q9fohCRpQ7m8OTyi82fxa3B86te.jpg
37433,https://image.tmdb.org/t/p/w500/9I4LJTregQm0bEAMXsPwFGnA5WZ.jpg
347031,https://image.tmdb.org/t/p/w500/8pxn8CQ6SD6tly75lrKw08wfZKv.jpg
389053,https://image.tmdb.org/t/p/w500/z9VCm2E6gCAwbM2SELRawfqdXBO.jpg
5434,https://image.tmdb.org/t/p/w500/jMXaIDsW89wvDDswdZNqOvEQxHw.jpg
308531,https://image.tmdb.org/t/p/w500/euVaCiCWz3AALcQXHT6aUqdGUo6.jpg
318121,https://image.tmdb.org/t/p/w500/zZ0eda1GyHILNSoq9KF5u0hcq6O.jpg
341012,https://image.tmdb.org/t/p/w500/jBZeZZNjYBUU21zFvBnin5n62bv.jpg
398854,https://image.tmdb.org/t/p/w500/8IcjnuBXAbmS75wqcGb9WYqSTY.jpg
33108,https://image.tmdb.org/t/p/w500/raiDo8aDJT1asLrGbqU3012kEbH.jpg
192040,
400608,https://image.tmdb.org/t/p/w500/dqHTk96sbQI2En5HJIsgelWi5Cv.jpg
259693,https://image.tmdb.org/t/p/w500/zEqyD0SBt6HL7W9JQoWwtd5Do1T.jpg
245913,https://image.tmdb.org/t/p/w500/b1XoAl8TJi7zbKO3GUzRUBrpSxq.jpg
43074,https://image.tmdb.org/t/p/w500/wJmWliwXIgZOCCVOcGRBhce7xPS.jpg
302699,https://image.tmdb.org/t/p/w500/7Ou0TRJLi72AwLEUlo7Kym4XuNB.jpg
377462,https://image.tmdb.org/t/p/w500/ubXcFOttFt8HINYgeuETwb6x3B7.jpg
30948,https://image.tmdb.org/t/p/w500/sszwRWxeqA8LvZvZKIxVmtgZBbP.jpg
267192,https://image.tmdb.org/t/p/w500/f3KG63zvQGvakfwOTUb8ODgHEnP.jpg
68309,https://image.tmdb.org/t/p/w500/c0o7shDXIMZnB4uEcc2sVlkc6ZZ.jpg
324668,https://image.tmdb.org/t/p/w500/ziU0b3hRM6raH1u4wym02EYMLZ6.jpg
278348,https://image.tmdb.org/t/p/w500/jKqWJh3w88vxUwy0obaanuOej4L.jpg
90351,https://image.tmdb.org/t/p/w500/anVq54Gx3dyM46Vt4DORKCp7sHw.jpg
258489,https://image.tmdb.org/t/p/w500/eJrfz178xBGlxjDGxnBXTzWWa4w.jpg
316727,https://image.tmdb.org/t/p/w500/gg7tlp45xqGWMra0sqQVPvybje2.jpg
316023,https://image.tmdb.org/t/p/w500/alWBdyvXf1LSixnn1IfID5HMtLx.jpg
278154,https://image.tmdb.org/t/p/w500/dWyaaP1dmW5peBvgiVaugdRuyYD.jpg
345911,https://image.tmdb.org/t/p/w500/pOvxddYJScB3PMmaHp2ZnLChhrD.jpg
294272,https://image.tmdb.org/t/p/w500/A9x4Ogk8KUXTfU649NS6lS9TCmu.jpg
340611,https://image.tmdb.org/t/p/w500/2xNGhpg7BoQZIh6ufGNaRRPv706.jpg
337874,https://image.tmdb.org/t/p/w500/kQBy81VxGA20wbwouOruNyucCnG.jpg
359412,https://image.tmdb.org/t/p/w500/bAvmDn5C7arBoRrfaG3b3Kdue1q.jpg
399106,https://image.tmdb.org/t/p/w500/5fu2d809jepLwEpES7wggiECLoQ.jpg
274504,https://image.tmdb.org/t/p/w500/tK0g8O8Lb45VGT4aqLGQx0lpUBv.jpg
70193,https://image.tmdb.org/t/p/w500/37UiCE8LyyRLlg9p50LL2QvBmzz.jpg
337703,https://image.tmdb.org/t/p/w500/wOBU3SLjQ9358Km9YWYasPZyebp.jpg
400411,https://image.tmdb.org/t/p/w500/me74BRzuDvzD5LuAPU4EZOJtsyU.jpg
328387,https://image.tmdb.org/t/p/w500/qmSpHC0CSNyNll9WhlwWYuwoQ28.jpg
49037,https://image.tmdb.org/t/p/w500/1dr7hmURza1r2Dxhit2wraeFkJX.jpg
363676,https://image.tmdb.org/t/p/w500/4vs83YcJ8TsabADDtaeCJ6ZTjYY.jpg
118430,https://image.tmdb.org/t/p/w500/2qdAXHzx1VLmBsS3TvPbHg4RnO7.jpg
404022,https://image.tmdb.org/t/p/w500/pveFZQKiUomWAxXu65zGSwiKoKD.jpg
44510,https://image.tmdb.org/t/p/w500/llhiY0rV6RWU1LOdy9Zljhf7cXm.jpg
16909,https://image.tmdb.org/t/p/w500/zl1xbFlMu2Z6HptMN62z748IaxF.jpg
325789,https://image.tmdb.org/t/p/w500/758F57DxVRLe38S1Je4O1Bjx2u6.jpg
308266,https://image.tmdb.org/t/p/w500/mDcPRjZC1bb6LavFU3gwsWdVfCM.jpg
403232,https://image.tmdb.org/t/p/w500/g3Cvy8zoa1GIvin213cAvPaXlHw.jpg
382322,https://image.tmdb.org/t/p/w500/lrQ3LeNIN0nmviZ692seNBUl1Pq.jpg
376659,https://image.tmdb.org/t/p/w500/u9q10ljhkLj0tNCjlVqe3DCjoU4.jpg
338766,https://image.tmdb.org/t/p/w500/ljRRxqy2aXIkIBXLmOVifcOR021.jpg
390734,https://image.tmdb.org/t/p/w500/xGMgspge6uYoypRiasAmlluDlXH.jpg
300669,https://image.tmdb.org/t/p/w500/dSxHyPZ2nipSfvdft4IhQKjk5eZ.jpg
314420,https://image.tmdb.org/t/p/w500/dw0xE56whflv0OgfEw3lwdWxLRD.jpg
390989,https://image.tmdb.org/t/p/w500/xUbN2ww2T3y3kaW6lf3c5DabE5O.jpg
376660,https://image.tmdb.org/t/p/w500/1LyFay8CGf8mhPRDrMe0ljWw9GK.jpg
337674,https://image.tmdb.org/t/p/w500/lpKIazNJncpV3sJ5MyTFS5tfTZk.jpg
396535,https://image.tmdb.org/t/p/w500/vNVFt6dtcqnI7hqa6LFBUibuFiw.jpg
376482,https://image.tmdb.org/t/p/w500/wELcQAA77XLqYL09wZH5FAMkmnU.jpg
333484,https://image.tmdb.org/t/p/w500/ezcS78TIjgr85pVdaPDd2rSPVNs.jpg
376867,https://image.tmdb.org/t/p/w500/rcICfiL9fvwRjoWHxW8QeroLYrJ.jpg
213681,https://image.tmdb.org/t/p/w500/4CXgye1p8Vr7taDG389QhhHDUZ4.jpg
313297,https://image.tmdb.org/t/p/w500/la6QA9tk4Foq8OBH2Dyh5dTcw6H.jpg
95610,https://image.tmdb.org/t/p/w500/5hHomngoPZrNoXOPlyaHV6eXaQW.jpg
296524,https://image.tmdb.org/t/p/w500/jgBIYCZACe3iaS9TL2XzVGkO5p5.jpg
283366,https://image.tmdb.org/t/p/w500/CIlbMFOfYDj0MP23hsIYhFGrL6.jpg
346685,https://image.tmdb.org/t/p/w500/AhTO2QWG0tug7yDoh0XoaMhPt3J.jpg
302946,https://image.tmdb.org/t/p/w500/fceheXB5fC4WrLVuWJ6OZv9FXYr.jpg
374617,https://image.tmdb.org/t/p/w500/fEwo3gZfbeoovdcTyf4o4wATE1r.jpg
357786,https://image.tmdb.org/t/p/w500/vftYhVOdvMCmb0dQIRIKmUYG9TU.jpg
225745,https://image.tmdb.org/t/p/w500/bXhogkZCR0aOQ077rfMULYbDmtH.jpg
315011,https://image.tmdb.org/t/p/w500/jPNShaWZMpVF0iQ7j1dvTuZLD20.jpg
36161,https://image.tmdb.org/t/p/w500/jSzuXChK281KUVFAZApTDJshHrZ.jpg
36163,https://image.tmdb.org/t/p/w500/dHXgv9GGgmoaWN6VAfLICvS6c2C.jpg
372058,https://image.tmdb.org/t/p/w500/8GJsy7w7frGquw1cy9jasOGNNI1.jpg
36162,https://image.tmdb.org/t/p/w500/zOnnIpNwDMxGSScB0MjLi2GeMoQ.jpg
296193,https://image.tmdb.org/t/p/w500/sX66iM4rds1pkLBbNYOVWSTcMZR.jpg
401650,https://image.tmdb.org/t/p/w500/jDixhOwE3MszqEdZ87464mMaESB.jpg
324786,https://image.tmdb.org/t/p/w500/jhWbYeUNOA5zAb6ufK6pXQFXqTX.jpg
408546,https://image.tmdb.org/t/p/w500/56PQtVg4SGhttbMBPHJobCWQEXJ.jpg
409696,
333372,https://image.tmdb.org/t/p/w500/t3M1RDGesEUwBP5EAXUPLSiIJhb.jpg
351211,https://image.tmdb.org/t/p/w500/Ai73frMEz68bibFGRlPKdWBaIaq.jpg
284564,https://image.tmdb.org/t/p/w500/jHkIIkP4O0vUkSACcizOPZQIiF7.jpg
410199,https://image.tmdb.org/t/p/w500/mU4VeXVK18JtCZsy7i0zczlA9p7.jpg
329865,https://image.tmdb.org/t/p/w500/x2FJsf1ElAgr63Y3PNPtJrcmpoe.jpg
332210,https://image.tmdb.org/t/p/w500/pwGolX8JmGJhhcUjO5SJt38Uk0m.jpg
339116,https://image.tmdb.org/t/p/w500/9xMMUsqz7MxQUPToJqhfYAebQBo.jpg
325385,https://image.tmdb.org/t/p/w500/iJTWnSa3YOnD15zMME3ox9GP8XA.jpg
375366,https://image.tmdb.org/t/p/w500/vdCD8z55a4RNmHQDPIpuMFqoY2B.jpg
298583,https://image.tmdb.org/t/p/w500/usBaQ6oqSBcooG36ClRuhC3W7dq.jpg
411009,https://image.tmdb.org/t/p/w500/he85BGyoCi42KWtwkC2sXlqdkWQ.jpg
377492,https://image.tmdb.org/t/p/w500/rRDdvaJsiZimm1enx2ApkCxaee4.jpg
392820,https://image.tmdb.org/t/p/w500/8YHqUETRBIFza756s8kcuU8XhEQ.jpg
55504,https://image.tmdb.org/t/p/w500/3ngHrgIt33g0IEjl7rvzGLQ8wpj.jpg
379990,https://image.tmdb.org/t/p/w500/jvKECIiRF6qSp6LOXKfkuw1XpIO.jpg
402193,https://image.tmdb.org/t/p/w500/jj1WvBwmGUYJKdsd12xhOol5trP.jpg
313369,https://image.tmdb.org/t/p/w500/uDO8zWDhfWwoFdKS4fzkUJt0Rf0.jpg
407806,https://image.tmdb.org/t/p/w500/tcKNWD6IFPPsvkpvyZ548naz0is.jpg
394822,https://image.tmdb.org/t/p/w500/7WWnFb1RTgnkiUHoqFD52qiTc9f.jpg
207932,https://image.tmdb.org/t/p/w500/cnqvFvjAaV28F1tU7986VVg0WP7.jpg
331313,https://image.tmdb.org/t/p/w500/yvWcTrRCzE4C2hkd2wV4erPuKCn.jpg
406992,https://image.tmdb.org/t/p/w500/aRHfKgRaLmnWInSRsaPcx4bWEzR.jpg
377448,https://image.tmdb.org/t/p/w500/56KEpnJWe5KvpiPu5XmK14L7Wyr.jpg
343611,https://image.tmdb.org/t/p/w500/cOg3UT2NYWHZxp41vpxAnVCOC4M.jpg
421854,https://image.tmdb.org/t/p/w500/9a2O1CVhw7L339aSF6lZJhYcP7j.jpg
413770,https://image.tmdb.org/t/p/w500/sSBSbvdI9j381JSORvhAhRu7Mrh.jpg
29136,https://image.tmdb.org/t/p/w500/20dVWa6Ujpsx6nQxaSp0cEhX3Tu.jpg
334541,https://image.tmdb.org/t/p/w500/o9VXYOuaJxCEKOxbA86xqtwmqYn.jpg
334543,https://image.tmdb.org/t/p/w500/iBGRbLvg6kVc7wbS8wDdVHq6otm.jpg
419639,https://image.tmdb.org/t/p/w500/1vgtCoBbBzeoW78g8fHT4EekoM2.jpg
413279,https://image.tmdb.org/t/p/w500/jVSmX89BvsQV2z3wh2IVYVNVw1a.jpg
338964,https://image.tmdb.org/t/p/w500/xmsEwpA2fSq6IO3sfKrLuIPLHSc.jpg
413361,https://image.tmdb.org/t/p/w500/tVHylGMKtF8Fs1ILYLvffpbbkUD.jpg
393561,https://image.tmdb.org/t/p/w500/rxrkcyNNughClOL8j8qwNgY9xI5.jpg
339396,https://image.tmdb.org/t/p/w500/hPoSSqDqkKSIP2l3t6pyre9u5Ze.jpg
33065,https://image.tmdb.org/t/p/w500/6TbmALbiJNDsEGAmse0Yzp4PDjF.jpg
419546,https://image.tmdb.org/t/p/w500/tTqI2xoB7cGO7HASB22Sss6x44J.jpg
393764,https://image.tmdb.org/t/p/w500/7I7AxQAlvufEg2aWFd2HbS4f47B.jpg
367412,https://image.tmdb.org/t/p/w500/dd0MyXqrgIi6s3CqFBMURXjUCEQ.jpg
77304,https://image.tmdb.org/t/p/w500/H4WHAm4yHcTUMvPgupZ5OcV4nc.jpg
279229,https://image.tmdb.org/t/p/w500/kxRqokSkj6HWuwVCbnddPFg73CM.jpg
378064,https://image.tmdb.org/t/p/w500/tuFaWiqX0TXoWu7DGNcmX3UW7sT.jpg
277834,https://image.tmdb.org/t/p/w500/9tzN8sPbyod2dsa0lwuvrwBDWra.jpg
384682,https://image.tmdb.org/t/p/w500/7r3w3cPTbNEIr1imb8zXyeIJCJe.jpg
365942,https://image.tmdb.org/t/p/w500/lRBl9mfvUbZeaAyXoP09XwPOo0W.jpg
330459,https://image.tmdb.org/t/p/w500/i0yw1mFbB7sNGHCs7EXZPzFkdA1.jpg
381288,https://image.tmdb.org/t/p/w500/lli31lYTFpvxVBeFHWoe5PMfW5s.jpg
346672,https://image.tmdb.org/t/p/w500/v1ciDCWMG47gdT4kMyjyQbnLQQn.jpg
376290,https://image.tmdb.org/t/p/w500/ptfvQlqe2xJiMSewSj52qAVq5z0.jpg
274870,https://image.tmdb.org/t/p/w500/oZpdONg32luHu0g8HcysuPgSlIK.jpg
381284,https://image.tmdb.org/t/p/w500/9lfz2W2uGjyow3am00rsPJ8iOyq.jpg
393457,https://image.tmdb.org/t/p/w500/rQhxwViLVWjfp4Bop2QoXdYx8xH.jpg
310307,https://image.tmdb.org/t/p/w500/8gLIksu5ggdfBL1UbeTeonHquxl.jpg
356305,https://image.tmdb.org/t/p/w500/eezFoKz7bXgdbjeieeCYJFXPKSu.jpg
335797,https://image.tmdb.org/t/p/w500/xviEKU073QAzeFRzWDdW9xDHPbB.jpg
411019,https://image.tmdb.org/t/p/w500/zwd0Zti7BvY1mO0mTPzM0fRrtc6.jpg
194310,https://image.tmdb.org/t/p/w500/l66ZkItJmi4er0I0mGe4mksjfB.jpg
121856,https://image.tmdb.org/t/p/w500/nhiShTvoga8fyGX8468hLj6pCtW.jpg
381289,https://image.tmdb.org/t/p/w500/3jcNvhtVQe5Neoffdic39fRactM.jpg
87852,https://image.tmdb.org/t/p/w500/4nzXjtfeOQqoLK2ZuUwI5SpRgGV.jpg
432192,
345922,https://image.tmdb.org/t/p/w500/huRhv4IZDk2ds0DIDkI6uxdmb6J.jpg
146836,https://image.tmdb.org/t/p/w500/7sLJaT9BmvuO1mSe41HqA0AfPOP.jpg
404378,https://image.tmdb.org/t/p/w500/nBYG0D2FcbL1m926sIj7RN4m0sb.jpg
324849,https://image.tmdb.org/t/p/w500/snGwr2gag4Fcgx2OGmH9otl6ofW.jpg
16487,https://image.tmdb.org/t/p/w500/1ZjjFcUZpoWOuVjYcUuiF2oEmNj.jpg
417427,https://image.tmdb.org/t/p/w500/bFBPYJRnJqYT6JlqRMG3vdKvXW9.jpg
423122,https://image.tmdb.org/t/p/w500/fL0q2Po8uD75wcU2mu8MPN4pjge.jpg
211387,https://image.tmdb.org/t/p/w500/4vFKKWPvCVDJTOWiwReBfpAMScP.jpg
362584,https://image.tmdb.org/t/p/w500/fv9AALP1dofQUvKAkxnkz105MOv.jpg
24439,https://image.tmdb.org/t/p/w500/iwcrJ1uUwIFmBPpiFPGXgfQiOq6.jpg
432959,https://image.tmdb.org/t/p/w500/lQ6wVl0FOBy0aJm0IqPRLiguh44.jpg
362585,https://image.tmdb.org/t/p/w500/rfKHhHvSwyCv59Ow6wuGX67RkXR.jpg
324552,https://image.tmdb.org/t/p/w500/hXWBc0ioZP3cN4zCu6SN3YHXZVO.jpg
419430,https://image.tmdb.org/t/p/w500/mE24wUCfjK8AoBBjaMjho7Rczr7.jpg
263115,https://image.tmdb.org/t/p/w500/fnbjcRDYn6YviCcePDnGdyAkYsB.jpg
293167,https://image.tmdb.org/t/p/w500/r2517Vz9EhDhj88qwbDVj8DCRZN.jpg
180863,https://image.tmdb.org/t/p/w500/xlbpCwa9OXXIiNgXcwuompHFIk9.jpg
416477,https://image.tmdb.org/t/p/w500/9fJTT8pBxxQsFILJHTtHhdYFr77.jpg
334532,https://image.tmdb.org/t/p/w500/1s5j2raM0vSQ5pqB41TKN44oO0d.jpg
19761,https://image.tmdb.org/t/p/w500/zAoLR1azwd8QbglnjWpOwJ4PI6C.jpg
321612,https://image.tmdb.org/t/p/w500/hKegSKIDep2ewJWPUQD7u0KqFIp.jpg
295693,https://image.tmdb.org/t/p/w500/unPB1iyEeTBcKiLg8W083rlViFH.jpg
376003,https://image.tmdb.org/t/p/w500/A2P06xSGN8xbCubFoEgl1JWien5.jpg
398818,https://image.tmdb.org/t/p/w500/gXiE0WveDnT0n5J4sW9TMxXF4oT.jpg
414425,https://image.tmdb.org/t/p/w500/tf21kSKepMOlnorszWaiFwksKU4.jpg
315837,https://image.tmdb.org/t/p/w500/zCtL3UBgCoZzd7XTVGhvl6XY75E.jpg
437752,https://image.tmdb.org/t/p/w500/wQpJbMzfmzwb14MiUVC991LEyTV.jpg
341174,https://image.tmdb.org/t/p/w500/w3qa274gvca9t8pkUoG8nfQgTU3.jpg
435351,https://image.tmdb.org/t/p/w500/wuhQu9Bqh4DKnlzPIjGhve7EzHk.jpg
394269,https://image.tmdb.org/t/p/w500/m8Kr7GwRFKh7sdd9wy2tQYPGaOY.jpg
381064,https://image.tmdb.org/t/p/w500/5D1dsGCh09cJlla924hnVYror6z.jpg
378018,https://image.tmdb.org/t/p/w500/2WhZAPi3vomEQdzAPIYTvmvWaxI.jpg
11795,https://image.tmdb.org/t/p/w500/2vbtLS0rdMty6SA1MOCUIqhfWbm.jpg
26797,https://image.tmdb.org/t/p/w500/bjybZeS8uPK0nezEz1CEZpZcbpa.jpg
367147,https://image.tmdb.org/t/p/w500/e9uR2tAeokwBvQm6e9Y5zSB5KoV.jpg
305470,https://image.tmdb.org/t/p/w500/bKYKyyIv5YnisxjZtDreWtYA386.jpg
126889,https://image.tmdb.org/t/p/w500/zecMELPbU5YMQpC81Z8ImaaXuf9.jpg
334521,https://image.tmdb.org/t/p/w500/olpgs0OPE8sdBGcuuWhKYzxAwN4.jpg
9711,https://image.tmdb.org/t/p/w500/8BelHo8qmaurZjPS9hipSQ79Rr6.jpg
14611,https://image.tmdb.org/t/p/w500/2bfVNvLKWaxFh1LiOKlvxgiHOXn.jpg
185789,https://image.tmdb.org/t/p/w500/oGXtT5UW8lDWt8uxlww2zw9GmBs.jpg
444705,https://image.tmdb.org/t/p/w500/lFGP9COk4X3sBqrkUpbQ78GdnZm.jpg
417644,https://image.tmdb.org/t/p/w500/mIHA8Xf6WmxbS83ia4vQ5ojvxV8.jpg
353569,https://image.tmdb.org/t/p/w500/5frbf55BlFERLJRAwdZNaUGxwN2.jpg
444706,https://image.tmdb.org/t/p/w500/jaHuxnzJy616w4Muv2NxZgQ9fUu.jpg
74336,https://image.tmdb.org/t/p/w500/uxRdKdpa0VHXEC3LdDUCwuV9VfN.jpg
129229,https://image.tmdb.org/t/p/w500/80QaOskAV7IWlqZw4orrw0bjQVZ.jpg
400928,https://image.tmdb.org/t/p/w500/7YB2YrMwIm1g8FyZtlvmVDfRnAT.jpg
331214,
72215,https://image.tmdb.org/t/p/w500/7YbdqmDM9h2VmkelGYDKLYbuC5y.jpg
339846,https://image.tmdb.org/t/p/w500/6HE4xd8zloDqmjMZuhUCCw2UcY1.jpg
373569,https://image.tmdb.org/t/p/w500/gsleO1KultziWltEAngAEZkxQhf.jpg
282035,https://image.tmdb.org/t/p/w500/zxkY8byBnCsXodEYpK8tmwEGXBI.jpg
36968,https://image.tmdb.org/t/p/w500/rMoMXfFrdKWhN446i4MpeKFxvdL.jpg
337339,https://image.tmdb.org/t/p/w500/dImWM7GJqryWJO9LHa3XQ8DD5NH.jpg
419700,https://image.tmdb.org/t/p/w500/38SDqWOt4utiLOnWlas7BfrYQGS.jpg
385805,https://image.tmdb.org/t/p/w500/oNG4VITQkGd9iXHv0Ds7vmZdGYp.jpg
397442,https://image.tmdb.org/t/p/w500/aEc69JY0azD9PwYtwS2RFwoyFOT.jpg
268531,https://image.tmdb.org/t/p/w500/vKSmaPct5OEeMoD8ue30RisHlKD.jpg
418078,https://image.tmdb.org/t/p/w500/rNKJpFMlOZn5zkzBPZxEJrQn5Km.jpg
260514,https://image.tmdb.org/t/p/w500/fyy1nDC8wm553FCiBDojkJmKLCs.jpg
15314,https://image.tmdb.org/t/p/w500/8LSbj1iwkxM7AZRTKxCxfdmE4Lt.jpg
420714,
425751,https://image.tmdb.org/t/p/w500/7on6mTMVrE893E0mSwO4ZRAAD8A.jpg
430830,https://image.tmdb.org/t/p/w500/wI4t0pOHhzloAAk8O541upPKhvO.jpg
409926,
455601,https://image.tmdb.org/t/p/w500/zENxLrx6LtsmqHt8VF2Na5kn76b.jpg
20211,https://image.tmdb.org/t/p/w500/omCkeQubfAtjJetFV2edOC3yhRB.jpg
371859,https://image.tmdb.org/t/p/w500/jIdCmItk3fI0Coze8q8xikoZGE6.jpg
419787,
19625,https://image.tmdb.org/t/p/w500/nZNUTxGsSB4nLEC9Bpa2xfu81qV.jpg
399019,https://image.tmdb.org/t/p/w500/x4R9jyiZhJzevASus5n6WyHQTdR.jpg
339403,https://image.tmdb.org/t/p/w500/rmnQ9jKW72bHu8uKlMjPIb2VLMI.jpg
387426,https://image.tmdb.org/t/p/w500/lHBYG2NcBMW7UpFL4rSCpsgvz4m.jpg
256608,https://image.tmdb.org/t/p/w500/n8pYUqh3u7vjFWxO3V9TEZQuMsg.jpg
397422,https://image.tmdb.org/t/p/w500/ttC00xcQ5UIO04kU8y0h5OAIYYJ.jpg
447818,https://image.tmdb.org/t/p/w500/cXZGSRFN2WyLa6a4KhGIoTrjvdL.jpg
430423,https://image.tmdb.org/t/p/w500/P9wQKQhsyCqOf5PjTyevXC8hEM.jpg
391663,https://image.tmdb.org/t/p/w500/6JE4oc4Lz5vl96KoQZEwbfO8Gwm.jpg
37022,https://image.tmdb.org/t/p/w500/jpUVeuVpeX2cNrA7GL0j2jxL9xC.jpg
55728,https://image.tmdb.org/t/p/w500/5oCPnfFsMZbFNECJ5Wby1G2Ujia.jpg
44015,https://image.tmdb.org/t/p/w500/gJTeDkT6zYfUlSQFlSiBKfpibwA.jpg
38966,https://image.tmdb.org/t/p/w500/o3GOrWh7ytlKsdOGI77WFauZORr.jpg
263029,https://image.tmdb.org/t/p/w500/tpktkKnhl9zeQd1gpiQxaBHw1BY.jpg
448448,https://image.tmdb.org/t/p/w500/n0FXjHHG4a0apw3X4zggpIC5fih.jpg
65595,
324852,https://image.tmdb.org/t/p/w500/6t3YWl7hrr88lCEFlGVqW5yV99R.jpg
145760,https://image.tmdb.org/t/p/w500/yzf6Q3sZNRjf22ex7JcjH67WAPs.jpg
213321,https://image.tmdb.org/t/p/w500/sKgMOQ6XGnKhL8cN6a2vcPU9is6.jpg
72203,https://image.tmdb.org/t/p/w500/ig4vsq3CPiJsQXKOIIx92SAkXEc.jpg
77759,https://image.tmdb.org/t/p/w500/1bBh1oQF2FznRkcudz7NcCiHSE9.jpg
77762,https://image.tmdb.org/t/p/w500/npVjTdinip4kvViCjLpBIY44jXB.jpg
364150,https://image.tmdb.org/t/p/w500/xvT9RyO9UdNSc1NRhXnhTujlQWK.jpg
74535,https://image.tmdb.org/t/p/w500/mTKUENSIX7Ylam8XTHw05Ec67Uw.jpg
390319,https://image.tmdb.org/t/p/w500/7NlURmIhGaRuRukWfDg8KNj3oup.jpg
160046,https://image.tmdb.org/t/p/w500/etyGlB14oiy9NVxUSxQOi0XwAt7.jpg
195065,https://image.tmdb.org/t/p/w500/yLqr1MgLPkLBN2LZ8Cyl7bxQ4gH.jpg
24660,https://image.tmdb.org/t/p/w500/8HoobMnhDvdWMaFDNYAOYqwA9Nw.jpg
24357,https://image.tmdb.org/t/p/w500/mWCKgKcF47wxagChqUD2GTwfDaw.jpg
24914,https://image.tmdb.org/t/p/w500/SteXNwc3hRV9o2BlyxV3yBXCV2.jpg
213313,
281338,https://image.tmdb.org/t/p/w500/mMA1qhBFgZX8O36qPPTC016kQl1.jpg
401246,https://image.tmdb.org/t/p/w500/pefcv5VNspSK4Dt8doei5bJmmln.jpg
396398,https://image.tmdb.org/t/p/w500/c9teDTgwxgnb7wnZjZo4oNcF80R.jpg
354287,https://image.tmdb.org/t/p/w500/bU2Q2rCH5VFrJNKSyx6wSmQZFsX.jpg
433092,https://image.tmdb.org/t/p/w500/2U9zEqSO7ulORWjNRr3RbgoJgLb.jpg
454361,https://image.tmdb.org/t/p/w500/nTBzr1Y0vOotkiE2Z1L3AWqtqZv.jpg
456193,https://image.tmdb.org/t/p/w500/2pD4occ7YI7oXBZWbCUW7U0DXqV.jpg
339964,https://image.tmdb.org/t/p/w500/vlc95gl3PtrjxSEuM8RhTtSm2xU.jpg
327253,https://image.tmdb.org/t/p/w500/lWZsV3dJfpWlEQG1Yn7GUSmrxdh.jpg
390410,https://image.tmdb.org/t/p/w500/xPbgP2Ii8SJkxnTWl3QBn7pgEgR.jpg
165095,https://image.tmdb.org/t/p/w500/heRXILO8tD8WgJaMkkHNd1ls4WB.jpg
193216,https://image.tmdb.org/t/p/w500/5zcjEIb72gkLp3K9PoW5i0LAXYe.jpg
406403,
30163,https://image.tmdb.org/t/p/w500/dmrVlsTFOW6RRUpEANVpiOytHFK.jpg
390587,https://image.tmdb.org/t/p/w500/V61ycPJYjdYadFVVK51xaWYvr8.jpg
26787,
406990,https://image.tmdb.org/t/p/w500/atOgZMJpMrTdpqvPiHVPfBhR61l.jpg
341013,https://image.tmdb.org/t/p/w500/vCmMRNbDlCno6ra91ruXp5rtsUC.jpg
6079,https://image.tmdb.org/t/p/w500/2R5W3HyTg6mW33UPsisTqCRllir.jpg
336890,https://image.tmdb.org/t/p/w500/emio9KDrLXqqX4wXa4YTacBQXG.jpg
374430,
374720,https://image.tmdb.org/t/p/w500/b4Oe15CGLL61Ped0RAS9JpqdmCt.jpg
64847,https://image.tmdb.org/t/p/w500/lsgaGlGVIRXLj9xRqPQgzvlcffP.jpg
461805,
312174,https://image.tmdb.org/t/p/w500/eBE8V51zojucBMzTN3DdN9H4Ct9.jpg
435041,https://image.tmdb.org/t/p/w500/b9Ub71szmURhlbThKy9hwUlMUqC.jpg
460822,https://image.tmdb.org/t/p/w500/4sgAcBkhKoazB4xFwiYfWIdLMNf.jpg
429200,https://image.tmdb.org/t/p/w500/yE1c9hj5Hf8a9KplAdRdhADqUro.jpg
37991,https://image.tmdb.org/t/p/w500/rBNEwPdjy8Ph8MDdYvaxlT1mlIN.jpg
345914,https://image.tmdb.org/t/p/w500/hkmWkVgirei79bwds23Hr0lWSXS.jpg
399170,https://image.tmdb.org/t/p/w500/2yfQR59Cu1ZFHdti0igSxAIL8hd.jpg
353491,https://image.tmdb.org/t/p/w500/i9GUSgddIqrroubiLsvvMRYyRy0.jpg
396422,https://image.tmdb.org/t/p/w500/tb86j8jVCVsdZnzf8I6cIi65IeM.jpg
79701,https://image.tmdb.org/t/p/w500/kw6UmmvqYnaPIdw24WoD83Akfod.jpg
346364,https://image.tmdb.org/t/p/w500/9E2y5Q7WlCVNEhP5GiVTjhEhx1o.jpg
70061,https://image.tmdb.org/t/p/w500/rxuYSajmUJBloeodLxVtasTK5ss.jpg
196649,https://image.tmdb.org/t/p/w500/ve9D7egY1BLJwQe9cQ67eKHH1Pf.jpg
91673,https://image.tmdb.org/t/p/w500/vnWBlrREOXyoHe41MDjDkFt2AVv.jpg
72199,https://image.tmdb.org/t/p/w500/mYwsnHZnQuM4D1qCeRwYUgJMp8Y.jpg
79216,https://image.tmdb.org/t/p/w500/lErY93TySHWsVwqgHhqflgvZmh2.jpg
378236,https://image.tmdb.org/t/p/w500/60bTx5z9zL1AqCjZ0gmWoRMJ6Bb.jpg
351460,https://image.tmdb.org/t/p/w500/8xRQ0KG9ZZzjEiFa5fgEaTKhc0d.jpg
395834,https://image.tmdb.org/t/p/w500/pySivdR845Hom4u4T2WNkJxe6Ad.jpg
461634,https://image.tmdb.org/t/p/w500/lGQp2uymuoOpvZmSpGnNA1pBLh4.jpg
339692,https://image.tmdb.org/t/p/w500/qLmLz2wtyYvmW8Ult3l2ngOnW8v.jpg
390043,https://image.tmdb.org/t/p/w500/5CGjlz2vyBhW5xHW4eNOZIdgzYq.jpg
412103,
7014,https://image.tmdb.org/t/p/w500/AdfWdOiMWMwYQtVAWDyHpHvWifX.jpg
411516,https://image.tmdb.org/t/p/w500/g8jJexYyjuDP2TvrmWlvXcmBVJ0.jpg
433410,https://image.tmdb.org/t/p/w500/uAW4PUgiafKGPXUfn0gr3Qr096p.jpg
28469,https://image.tmdb.org/t/p/w500/gwycJX3BZvLpS33OtoJl5kjnXLk.jpg
460135,https://image.tmdb.org/t/p/w500/niLX2txdI5GlVowJlnb5Hr26QpK.jpg
343668,https://image.tmdb.org/t/p/w500/34xBL6BXNYFqtHO9zhcgoakS4aP.jpg
466986,
335984,https://image.tmdb.org/t/p/w500/gajva2L0rPYkEWjzgFlBXCAVBE5.jpg
335777,https://image.tmdb.org/t/p/w500/xOfdQHNF9TlrdujyAjiKfUhxSXy.jpg
131244,https://image.tmdb.org/t/p/w500/rwV9C36GHI1PrCvTAKOtvlcQWjM.jpg
258357,https://image.tmdb.org/t/p/w500/wH44amLQxrcFFeqr3y4JAQ54utk.jpg
381283,https://image.tmdb.org/t/p/w500/fjny9chXPx69ln1LMJxbwi5yHMt.jpg
432976,https://image.tmdb.org/t/p/w500/x5azMi1KvZWbBbfjmGqpHNGqjH.jpg
420707,https://image.tmdb.org/t/p/w500/3uUO9eDxHeDREIX77BaQiI88ajp.jpg
452830,https://image.tmdb.org/t/p/w500/fYi4BQhoj2ay3oJwT2x8kMNHpds.jpg
77557,https://image.tmdb.org/t/p/w500/9LhyFNoDYBqWZr33EmLYw3oOxMN.jpg
337170,https://image.tmdb.org/t/p/w500/23ILgoPSO5ShKcTZOuiTVfqFAUB.jpg
390407,https://image.tmdb.org/t/p/w500/2MARwPALPBlLUN9OyBqvDdeSenQ.jpg
274855,https://image.tmdb.org/t/p/w500/nrsx0jEaBgXq4PWo7SooSnYJTv.jpg
468366,https://image.tmdb.org/t/p/w500/eKjpRVYExmMhMtO0HTjSdSed5zy.jpg
413594,https://image.tmdb.org/t/p/w500/2szdEK0Mr0RG0nWGFVTseNQHbnP.jpg
359940,https://image.tmdb.org/t/p/w500/uGMM9ZObmPUFrGqcbFMVyv8L1lU.jpg
391713,https://image.tmdb.org/t/p/w500/gl66K7zRdtNYGrxyS2YDUP5ASZd.jpg
392044,https://image.tmdb.org/t/p/w500/7GtdJU6iAg6fjQu3E3zta3bIAQh.jpg
354912,https://image.tmdb.org/t/p/w500/6Ryitt95xrO8KXuqRGm1fUuNwqF.jpg
430214,https://image.tmdb.org/t/p/w500/7kmsC5N0m9aNSN2K4TSt65aseLU.jpg
389015,https://image.tmdb.org/t/p/w500/6gNXwSHxaksR1PjVZRqNapmkgj3.jpg
431819,https://image.tmdb.org/t/p/w500/ifm8CdFjYMfEq0bLT7XwJxjZmjO.jpg
103008,
472424,https://image.tmdb.org/t/p/w500/g0NONcnzzvWoASFjFoDqXZUW6SV.jpg
16275,https://image.tmdb.org/t/p/w500/xQAwaRVkaYtgEbFzsUrYzduJsOd.jpg
303854,https://image.tmdb.org/t/p/w500/be0a79Xhbhmik12AYmYITz39zxN.jpg
346648,https://image.tmdb.org/t/p/w500/1OJ9vkD5xPt3skC6KguyXAgagRZ.jpg
475759,https://image.tmdb.org/t/p/w500/l8JKbUCIe4y1LujxMMjbxG6ueH.jpg
4835,https://image.tmdb.org/t/p/w500/eta5sA6V2IIGTALBfpFhIuHrD40.jpg
402897,https://image.tmdb.org/t/p/w500/AqH7q89NxGRDAyRWKqsL3OBtYfV.jpg
339877,https://image.tmdb.org/t/p/w500/56sq57kDm7XgyXBYrgJLumo0Jac.jpg
463612,
480409,https://image.tmdb.org/t/p/w500/wNZHC2TXsaC87L8erLP202tx1rF.jpg
353486,https://image.tmdb.org/t/p/w500/pSgXKPU5h6U89ipF7HBYajvYt7j.jpg
298718,https://image.tmdb.org/t/p/w500/rXJHq7yQ92IuTAIxAYKUILvjVLU.jpg
429733,https://image.tmdb.org/t/p/w500/fF5ULrCAQ8TULXyFGlPlQ2s3Jie.jpg
337556,https://image.tmdb.org/t/p/w500/jsUvDbjD4ZEd1AswFLAvqyUs7jc.jpg
429189,https://image.tmdb.org/t/p/w500/gKYpAL1A01T9a1taGXAyfqXjI5x.jpg
396493,https://image.tmdb.org/t/p/w500/a0m7WciFnBqpcyH1Yi8i4tdvk0k.jpg
353575,https://image.tmdb.org/t/p/w500/780oVVWLDHMx2DCn0xUHeOEw0na.jpg
413362,https://image.tmdb.org/t/p/w500/epTCHVcyLkT8Aqt08Ki3PWC2sUh.jpg
399404,https://image.tmdb.org/t/p/w500/xa6G3aKlysQeVg9wOb0dRcIGlWu.jpg
181808,https://image.tmdb.org/t/p/w500/kOVEVeg59E0wsnXmF9nrh6OmWII.jpg
431530,https://image.tmdb.org/t/p/w500/gPNHolu7AGnrB7r5kvJRRTfwMFR.jpg
399055,https://image.tmdb.org/t/p/w500/9zfwPffUXpBrEP26yp0q1ckXDcj.jpg
396371,https://image.tmdb.org/t/p/w500/tUYapLlLBB1FtDbU79JjhP8LE1a.jpg
406997,https://image.tmdb.org/t/p/w500/sONh3LYGFcVDTy8pm1tbSOB13Li.jpg
419680,https://image.tmdb.org/t/p/w500/rF2IoKL0IFmumEXQFUuB8LajTYP.jpg
106035,
469019,https://image.tmdb.org/t/p/w500/kKzopOFXz9YfsCTqg3XpF0GoypX.jpg
371638,https://image.tmdb.org/t/p/w500/2HuLGiyH0TPYxnCvYHAxc8K738o.jpg
446354,https://image.tmdb.org/t/p/w500/h4XG3g6uMMPIBPjAoQhC2QIMdkl.jpg
363444,
316029,https://image.tmdb.org/t/p/w500/b9CeobiihCx1uG1tpw8hXmpi7nm.jpg
364689,https://image.tmdb.org/t/p/w500/rMm94JsRfcOPiPVsTRcBiiVBOhz.jpg
479269,https://image.tmdb.org/t/p/w500/AogLjcJoA8Jw11uLuQ62qyKkHZb.jpg
470616,https://image.tmdb.org/t/p/w500/dCz3moYDQksz9n95sJSw0GFCiPU.jpg
400617,https://image.tmdb.org/t/p/w500/hgoWjp9Sh0MI97eAMZCnIoVfgvq.jpg
482004,https://image.tmdb.org/t/p/w500/daOljc1BMtILw8XYQRcVu0bHObj.jpg
490928,https://image.tmdb.org/t/p/w500/hR7q7l5gCGjVTGOiV7bYe6RNj0m.jpg
49809,https://image.tmdb.org/t/p/w500/mHkVybbJ77ZNzEvsISQZypBSmE4.jpg
152047,https://image.tmdb.org/t/p/w500/fsxRmiN1GseeWQQqQLmkFdt2UDW.jpg
128756,https://image.tmdb.org/t/p/w500/uq1BO4DmBMTM1PPULLoy4yIpsD.jpg
188763,https://image.tmdb.org/t/p/w500/lB5e1uSwtErZRSPklxjya19WcIv.jpg
24362,https://image.tmdb.org/t/p/w500/dI6Z5vpy78ZJkdOV2qvE6IjWTjl.jpg
300668,https://image.tmdb.org/t/p/w500/4YRplSk6BhH6PRuE9gfyw9byUJ6.jpg
485517,https://image.tmdb.org/t/p/w500/du010f2eoKOXqZ8Uo1h5zlke6Sf.jpg
124117,https://image.tmdb.org/t/p/w500/Apz1iXuiAUNArN7CLXGHNCuVeSn.jpg
487156,https://image.tmdb.org/t/p/w500/h83KVdM6UMJplVA8jgXWk60Kk1Y.jpg
34220,https://image.tmdb.org/t/p/w500/rU5fHzO1WqjZlJp6A5CWJDF96Rg.jpg
400106,https://image.tmdb.org/t/p/w500/whkT53Sv2vKAUiknQ13pqcWaPXB.jpg
399035,https://image.tmdb.org/t/p/w500/rDeGK6FIUfVcXmuBdEORPAGPMNg.jpg
488223,https://image.tmdb.org/t/p/w500/4EaNffvPj5uTxRbFcmiTkor1lZW.jpg
432987,https://image.tmdb.org/t/p/w500/nF1orRbPb5jg8zOCwxzHMgUFeKg.jpg
494368,https://image.tmdb.org/t/p/w500/3dLJ4kSwnMGlHlR6AxwWqTsKJFs.jpg
406563,https://image.tmdb.org/t/p/w500/nb9fc9INMg8kQ8L7sE7XTNsZnUX.jpg
31615,https://image.tmdb.org/t/p/w500/dZP2d1R9xCPaFMARWBhvDnmkava.jpg
121870,https://image.tmdb.org/t/p/w500/cvi8hjUgDeBaE1wP4WPVdzyBNoo.jpg
445571,https://image.tmdb.org/t/p/w500/85R8LMyn9f2Lev2YPBF8Nughrkv.jpg
336843,https://image.tmdb.org/t/p/w500/drbERzlA4cuRWhsTXfFOY4mRR4f.jpg
399174,https://image.tmdb.org/t/p/w500/c0nUX6Q1ZB0P2t1Jo6EeFSVnOGQ.jpg
422615,https://image.tmdb.org/t/p/w500/p2BUFjFsulpdjiaTcl2ArleuQ1.jpg
497520,https://image.tmdb.org/t/p/w500/ll5QVhDsp6MbNWWZAGXc8vFu6Y9.jpg
433310,https://image.tmdb.org/t/p/w500/pscQKoikkSJxAu8O5LKtjgGJEt1.jpg
17571,https://image.tmdb.org/t/p/w500/bAOhiu2zS1KEEEPBEg1fnUydfrd.jpg
110775,https://image.tmdb.org/t/p/w500/raPb60jzLwgF03kGET1YZSfzHFn.jpg
384521,https://image.tmdb.org/t/p/w500/vJi2ExTcWdJR3150VPKqqtdGxsT.jpg
502892,
22916,https://image.tmdb.org/t/p/w500/4xjfBIP8BCCkKDmSBlAfguUiW8N.jpg
338970,https://image.tmdb.org/t/p/w500/s4Qn5LF6OwK4rIifmthIDtbqDSs.jpg
426285,https://image.tmdb.org/t/p/w500/7TVXcCRAEZ4PAzQCOgP2ru4eY4I.jpg
458737,https://image.tmdb.org/t/p/w500/8HKA3Hwf8jQWy8TCYWr7C8Wft23.jpg
502616,https://image.tmdb.org/t/p/w500/2thxqf0Rbm2GaphAfAUdP8dvpXg.jpg
395990,https://image.tmdb.org/t/p/w500/g0eEEZAqMf98ULQnoiORuazjOpn.jpg
407451,https://image.tmdb.org/t/p/w500/yAcb58vipewa1BfNit2RjE6boXA.jpg
449176,https://image.tmdb.org/t/p/w500/snIsqVPmlu4LPjvToHpDotxa7Eh.jpg
447332,https://image.tmdb.org/t/p/w500/nAU74GmpUk7t5iklEp3bufwDq4n.jpg
399360,https://image.tmdb.org/t/p/w500/afdZAIcAQscziqVtsEoh2PwsYTW.jpg
419831,https://image.tmdb.org/t/p/w500/cvit6HDbXHE6W5kGPd47jd0wthQ.jpg
500609,
456750,https://image.tmdb.org/t/p/w500/58BnnYeQOTzdMBghZIH1tSH0REx.jpg
437557,https://image.tmdb.org/t/p/w500/uvlUQXg0AlpGzKukO11K7QtW3Yu.jpg
268896,https://image.tmdb.org/t/p/w500/nFWhttU8PM50t25NPdy7PE7rv3G.jpg
427641,https://image.tmdb.org/t/p/w500/MGADip4thVSErP34FAAfzFBTZ5.jpg
351286,https://image.tmdb.org/t/p/w500/270MrJNqJovumHXGE6SSt0zwUIF.jpg
260513,https://image.tmdb.org/t/p/w500/9lFKBtaVIhP7E2Pk0IY1CwTKTMZ.jpg
383498,https://image.tmdb.org/t/p/w500/to0spRl1CMDvyUbOnbb4fTk3VAd.jpg
348350,https://image.tmdb.org/t/p/w500/4oD6VEccFkorEBTEDXtpLAaz0Rl.jpg
490003,https://image.tmdb.org/t/p/w500/8qE8NZjiP2M884baH0VoLF828Vp.jpg
424781,https://image.tmdb.org/t/p/w500/peTl1V04E9ppvhgvNmSX0r2ALqO.jpg
363088,https://image.tmdb.org/t/p/w500/cFQEO687n1K6umXbInzocxcnAQz.jpg
483184,https://image.tmdb.org/t/p/w500/eaZq1G8sJHv9f9a5IzioQlS3REX.jpg
458423,https://image.tmdb.org/t/p/w500/aWicerX4Y7n7tUwRAVHsVcBBpj2.jpg
455980,https://image.tmdb.org/t/p/w500/eXXpuW2xaq5Aen9N5prFlARVIvr.jpg
297725,https://image.tmdb.org/t/p/w500/4o4zw2c9sfHvszIb5xpuFagnouR.jpg
447682,https://image.tmdb.org/t/p/w500/7HcKCHQe9FfU2xCDBYzDWpkQJ0u.jpg
525662,https://image.tmdb.org/t/p/w500/jrAa417l7fms1w52vZtKJUI849Q.jpg
353081,https://image.tmdb.org/t/p/w500/AkJQpZp9WoNdj7pLYSj1L0RcMMN.jpg
500475,https://image.tmdb.org/t/p/w500/gGk9H5PVpWzbsYkmnBeKevQkwwf.jpg
111196,https://image.tmdb.org/t/p/w500/nJFMaZr1MUu1yIUJRKc8ujUeOtg.jpg
487558,https://image.tmdb.org/t/p/w500/8jxqAvSDoneSKRczaK8v9X5gqBp.jpg
445651,https://image.tmdb.org/t/p/w500/8NdQneXBYVbBKt81bFhXiyThe0h.jpg
79159,https://image.tmdb.org/t/p/w500/32A3d2Qvky7C7Ey83mCEelb3jB1.jpg
487541,https://image.tmdb.org/t/p/w500/qGUznqAEwpBLIkKCdnwXdTMgbyO.jpg
364002,https://image.tmdb.org/t/p/w500/mRmYWu9oLzlhn1t4pulsCEEMTyp.jpg
479871,https://image.tmdb.org/t/p/w500/lx0JCB1MUvOUhwRjEPZ2XCR1SdI.jpg
48610,https://image.tmdb.org/t/p/w500/9CApdJg7tPwLMp2EJy7JudHWMYN.jpg
460631,https://image.tmdb.org/t/p/w500/hkNRpUPwATGLapryuwdk5hAD5Qk.jpg
432985,https://image.tmdb.org/t/p/w500/optlFojmbJKLwTe9QpqLiFbGR9k.jpg
71172,https://image.tmdb.org/t/p/w500/E3RT3f8oOuPS2pMhgH47TKBPgu.jpg
255413,https://image.tmdb.org/t/p/w500/dl77aDfwqsaTTpyyzwRod5fbvxm.jpg
297825,https://image.tmdb.org/t/p/w500/6v1wY9x2619AP3MT7oJMFCT9Va9.jpg
333623,https://image.tmdb.org/t/p/w500/mZx25O5rbbAnu3GrzCeD99WwZgP.jpg
360617,
432131,https://image.tmdb.org/t/p/w500/4jU2Bdk1MB2OvP4BBvTJIPQc0BF.jpg
445030,https://image.tmdb.org/t/p/w500/cCBB6BGRj5nCTaEgogDtkHfjOLK.jpg
479308,https://image.tmdb.org/t/p/w500/iPzkjNWpK7ud5pE997eGaB4QhaG.jpg
483455,https://image.tmdb.org/t/p/w500/vy8dW9kDuXWmdXcsBga3V4i1vtP.jpg
37891,https://image.tmdb.org/t/p/w500/yXmkQVETaCr8BHITkLeJe6x1GdA.jpg
