movieId,title,tmdb_id,poster_url
1,Toy Story (1995),862,https://image.tmdb.org/t/p/w500/uXDfjJbdP4ijW5hWSBrPrlKpxab.jpg
2,Jumanji (1995),8844,https://image.tmdb.org/t/p/w500/vgpXmVaVyUL7GGiDeiK1mKEKzcX.jpg
3,Grumpier Old Men (1995),15602,https://image.tmdb.org/t/p/w500/1FSXpj5e8l4KH6nVFO5SPUeraOt.jpg
4,Waiting to Exhale (1995),31357,https://image.tmdb.org/t/p/w500/8MprEuTY3EwkF9nBBPCUyjRjvs5.jpg
5,Father of the Bride Part II (1995),11862,https://image.tmdb.org/t/p/w500/rj4LBtwQ0uGrpBnCELr716Qo3mw.jpg
6,Heat (1995),949,https://image.tmdb.org/t/p/w500/e09dLw1Ljtccd2P4NsuUvVtS5du.jpg
7,Sabrina (1995),11860,https://image.tmdb.org/t/p/w500/i8PbLJDPU7vCwwscWD625oHbJy.jpg
8,Tom and Huck (1995),45325,https://image.tmdb.org/t/p/w500/bMY31ikEOIPOHqQwhPhII8UVBln.jpg
9,Sudden Death (1995),9091,https://image.tmdb.org/t/p/w500/1pylO6YX5XdOA6QCc5IRxrrffkg.jpg
10,GoldenEye (1995),710,https://image.tmdb.org/t/p/w500/z0ljRnNxIO7CRBhLEO0DvLgAFPR.jpg
11,"American President, The (1995)",9087,https://image.tmdb.org/t/p/w500/yObOAYFIHXHkFPQ3jhgkN2ezaD.jpg
12,Dracula: Dead and Loving It (1995),12110,https://image.tmdb.org/t/p/w500/4rRfZz8YnHNRr16t3CFcJrPdXHi.jpg
13,Balto (1995),21032,https://image.tmdb.org/t/p/w500/dCVcdb5oxDizqFLz0F7TE60NoC9.jpg
14,Nixon (1995),10858,https://image.tmdb.org/t/p/w500/cz2MTGr2wpDZLirgV2rGHBdA2t3.jpg
15,Cutthroat Island (1995),1408,https://image.tmdb.org/t/p/w500/hYdeBZ4BFXivdouxLfQGWNE6zRx.jpg
16,Casino (1995),524,https://image.tmdb.org/t/p/w500/gziIkUSnYuj9ChCi8qOu2ZunpSC.jpg
17,Sense and Sensibility (1995),4584,https://image.tmdb.org/t/p/w500/cBK2yL3HqhFvIVd7lLtazWlRZPR.jpg
18,Four Rooms (1995),5,https://image.tmdb.org/t/p/w500/75aHn1NOYXh4M7L5shoeQ6NGykP.jpg
19,Ace Ventura: When Nature Calls (1995),9273,https://image.tmdb.org/t/p/w500/wcinCf1ov2D6M3P7BBZkzQFOiIb.jpg
20,Money Train (1995),11517,https://image.tmdb.org/t/p/w500/jWBDz6Mf9aQVBiUS76JQsEhvoJl.jpg
21,Get Shorty (1995),8012,https://image.tmdb.org/t/p/w500/r82SdPhg4fnIcLt0ogIjQxqjdcO.jpg
22,Copycat (1995),1710,https://image.tmdb.org/t/p/w500/oMgwJb016znNZcpDR20eXxZoW8A.jpg
23,Assassins (1995),9691,https://image.tmdb.org/t/p/w500/wPmZYnaQpxwoHmwNwVhZ2IY0UbF.jpg
24,Powder (1995),12665,https://image.tmdb.org/t/p/w500/aQSA63T7zyzZxBZxr2MQaxt1gtO.jpg
25,Leaving Las Vegas (1995),451,https://image.tmdb.org/t/p/w500/wTrFpGe3U65kXTldIUxuM2hmOAK.jpg
26,Othello (1995),16420,https://image.tmdb.org/t/p/w500/kyevuYzW36wKadiE8lftLac5VwQ.jpg
27,Now and Then (1995),9263,https://image.tmdb.org/t/p/w500/q31Ks8oAmM4Nq2CcGjyYYpdBAmh.jpg
28,Persuasion (1995),17015,https://image.tmdb.org/t/p/w500/10hycdhFLq3M3y0ONxIMSiY8Mrs.jpg
29,"City of Lost Children, The (1995)",902,https://image.tmdb.org/t/p/w500/whwT3Q9JxbAYzEc3t7uYYcCbTMf.jpg
31,Dangerous Minds (1995),9909,https://image.tmdb.org/t/p/w500/yWHWC8fJRp2kLgiFrEa8o3krOH9.jpg
32,Twelve Monkeys (1995),63,https://image.tmdb.org/t/p/w500/gt3iyguaCIw8DpQZI1LIN5TohM2.jpg
33,Wings of Courage (1995),78802,https://image.tmdb.org/t/p/w500/zoxqNb6v55C35DDqNn03Grzhzgr.jpg
34,Babe (1995),9598,https://image.tmdb.org/t/p/w500/zKuQMtnbVTz9DsOnOJmlW71v4qH.jpg
35,Carrington (1995),47018,https://image.tmdb.org/t/p/w500/8NmeBTkC4UQa8XT2GGsBN2R8Bqo.jpg
36,Dead Man Walking (1995),687,https://image.tmdb.org/t/p/w500/eShxyjhWoFl3BwsuEmVsr4nLaMZ.jpg
37,Across the Sea of Time (1995),139405,
38,It Takes Two (1995),33689,https://image.tmdb.org/t/p/w500/4CptjFLiIJXtjc3dykS7vkEHMbw.jpg
39,Clueless (1995),9603,https://image.tmdb.org/t/p/w500/8AwVTcgpTnmeOs4TdTWqcFDXEsA.jpg
40,"Cry, the Beloved Country (1995)",34615,https://image.tmdb.org/t/p/w500/96TZr6o4kuiIEryC5jkzaQoP6m5.jpg
41,Richard III (1995),31174,https://image.tmdb.org/t/p/w500/cBg1AMH1ucPsDlNMfcHlrreQXQX.jpg
42,Dead Presidents (1995),11443,https://image.tmdb.org/t/p/w500/eGfsSXizR11tTHVo0kuOOFPAxZt.jpg
43,Restoration (1995),35196,https://image.tmdb.org/t/p/w500/z1YM3WFZnF2NwHT5IRGYUcvZBSl.jpg
44,Mortal Kombat (1995),9312,https://image.tmdb.org/t/p/w500/fcK7tzSSXMYiMN8E9KlZJL1BYyp.jpg
45,To Die For (1995),577,https://image.tmdb.org/t/p/w500/whz4bwvqE1OmQHIyqHdZD8jU9CO.jpg
46,How to Make an American Quilt (1995),11861,https://image.tmdb.org/t/p/w500/pI9UAemlWgdrnjRgYJsbTk8BSJc.jpg
47,Seven (Se7en) (1995),807,https://image.tmdb.org/t/p/w500/191nKfP0ehp3uIvWqgPbFmI4lv9.jpg
48,Pocahontas (1995),10530,https://image.tmdb.org/t/p/w500/kZ1ft0QZ4e3zDUPMBftEkwI9ftd.jpg
49,When Night Is Falling (1995),8391,https://image.tmdb.org/t/p/w500/6Ac5GLwJ01uli5mCXqXwquR36Y1.jpg
50,"Usual Suspects, The (1995)",629,https://image.tmdb.org/t/p/w500/99X2SgyFunJFXGAYnDv3sb9pnUD.jpg
51,Guardian Angel (1994),117164,https://image.tmdb.org/t/p/w500/AoRBM85EbRY9U0jtgy88DtV99Jl.jpg
52,Mighty Aphrodite (1995),11448,https://image.tmdb.org/t/p/w500/ice135yQZp4iX2SgCmd90nKgS5j.jpg
53,Lamerica (1994),49133,https://image.tmdb.org/t/p/w500/nnLpA4mqb3gvhNJQZ00cOyBmeq3.jpg
54,"Big Green, The (1995)",26441,https://image.tmdb.org/t/p/w500/nVHqIuBTcTLmAIrML7T704UwfNI.jpg
55,Georgia (1995),97406,https://image.tmdb.org/t/p/w500/uXjfK404xo7SiVlFcAoRyaFqXR4.jpg
56,Kids of the Round Table (1995),124057,https://image.tmdb.org/t/p/w500/1y8KAZOKrdmTI2sddcilcbRsMtI.jpg
57,Home for the Holidays (1995),9089,https://image.tmdb.org/t/p/w500/3zqlKdOttWyExzopVxglz50Vjxq.jpg
58,"Postino, Il (The Postman) (1994)",11010,https://image.tmdb.org/t/p/w500/cUaCpjVDefYShKyLmkcDsiPaBHn.jpg
59,"Confessional, The (Le Confessionnal) (1995)",99040,https://image.tmdb.org/t/p/w500/9ApR0PwQdlnvc76NmlbUWkeAK9i.jpg
60,"Indian in the Cupboard, The (1995)",11359,https://image.tmdb.org/t/p/w500/ozQAmW85tTJu2dhRe3evzyY03Nb.jpg
61,Eye for an Eye (1996),17182,https://image.tmdb.org/t/p/w500/y2lZSdJ1o0VvLegTw3ad6KFtxra.jpg
62,Mr. Holland's Opus (1995),2054,https://image.tmdb.org/t/p/w500/kBmwWeSN3ajnYHZ3dSybEobxEPI.jpg
63,Don't Be a Menace to South Central While Drinking Your Juice in the Hood (1996),10607,https://image.tmdb.org/t/p/w500/HZQBF7JDd2e9p4rPSbSHuWHaCC.jpg
64,Two if by Sea (1996),19760,https://image.tmdb.org/t/p/w500/xSfqAMYqrTtDeAjPtYo0S8nc5Zz.jpg
65,Bio-Dome (1996),9536,https://image.tmdb.org/t/p/w500/pjSkGZAvksrbO6tGain8PJ3rfC7.jpg
66,Lawnmower Man 2: Beyond Cyberspace (1996),11525,https://image.tmdb.org/t/p/w500/aP8eGsCyZVCHgSMxhDa4KiC7H9B.jpg
67,Two Bits (1995),40628,https://image.tmdb.org/t/p/w500/ianK4zwR5Vv4JSDm3sNDh3kH86I.jpg
68,French Twist (Gazon maudit) (1995),4482,https://image.tmdb.org/t/p/w500/xlLnHizshGBwMiNrnop2kg2nYzE.jpg
69,Friday (1995),10634,https://image.tmdb.org/t/p/w500/2lReF53F8trkC68piGSfk0JVwWU.jpg
70,From Dusk Till Dawn (1996),755,https://image.tmdb.org/t/p/w500/sV3kIAmvJ9tPz4Lq5fuf9LLMxte.jpg
71,Fair Game (1995),11859,https://image.tmdb.org/t/p/w500/qcxsWOzBaF7MZNNThtRQWQ9Wrdk.jpg
72,Kicking and Screaming (1995),28387,https://image.tmdb.org/t/p/w500/ynAtSpTou7snNOq32djzILw9VCA.jpg
73,"Misérables, Les (1995)",48750,https://image.tmdb.org/t/p/w500/toQ6BJCiKVSnklpsma2GnJ6KKah.jpg
74,Bed of Roses (1996),20927,https://image.tmdb.org/t/p/w500/zCXvHCEm8334d0d646ldDkXnKws.jpg
75,Big Bully (1996),36929,https://image.tmdb.org/t/p/w500/dws3JR4Yi325Tz33XnuXEB6XjGr.jpg
76,Screamers (1995),9102,https://image.tmdb.org/t/p/w500/eqgBf791rMZG7ywHfObpXeMpiRf.jpg
77,Nico Icon (1995),124626,https://image.tmdb.org/t/p/w500/w3oiJZTB1UP3lj0uSVLdsYfsBbC.jpg
78,"Crossing Guard, The (1995)",27526,https://image.tmdb.org/t/p/w500/1WOfl9LN4gqpjwWZjGSHW8fCgSZ.jpg
79,"Juror, The (1996)",9623,https://image.tmdb.org/t/p/w500/31mRYhJvaknQx8PQnR2UV7YCkLT.jpg
80,"White Balloon, The (Badkonake Sefid ) (1995)",46785,https://image.tmdb.org/t/p/w500/u6jrlgZZx3zSFPDPTVOYpueljgH.jpg
81,Things to Do in Denver when You're Dead (1995),400,https://image.tmdb.org/t/p/w500/3LxYzYybOVpnw0juCSlNL5cj8NK.jpg
82,Antonia's Line (Antonia) (1995),880,https://image.tmdb.org/t/p/w500/nUCVi6bBIL7LGC61nYaCqikAhIA.jpg
83,Once Upon a Time... When We Were Colored (1995),146599,https://image.tmdb.org/t/p/w500/2qeQStLy1wiqDFa1Dnm02f5UacO.jpg
84,Last Summer in the Hamptons (1995),188588,https://image.tmdb.org/t/p/w500/sbPMcG2sggiIRLps6OVUtEsdrjn.jpg
85,Angels and Insects (1995),8447,https://image.tmdb.org/t/p/w500/w1i5JdddoLuzSmnKo5ORDoKdMm2.jpg
86,White Squall (1996),10534,https://image.tmdb.org/t/p/w500/5xF4qy44Lvv68glS7eHWH7laTqt.jpg
87,Dunston Checks In (1996),17414,https://image.tmdb.org/t/p/w500/xR2cWC04kWNr7TBeXNOf4uOqn00.jpg
88,Black Sheep (1996),13997,https://image.tmdb.org/t/p/w500/bqIW5oE4WeHAvk1nh2Y6rfOLGrF.jpg
89,Nick of Time (1995),2086,https://image.tmdb.org/t/p/w500/A1FJwUVg84sQSjHVz5jVMXQvifJ.jpg
90,"Journey of August King, The (1995)",61548,https://image.tmdb.org/t/p/w500/1kWPXnCyUo20QCrv8lwQhTFPj9f.jpg
92,Mary Reilly (1996),9095,https://image.tmdb.org/t/p/w500/cW5wTiv5fdtBOd22utmAIZBCMS3.jpg
93,Vampire in Brooklyn (1995),12158,https://image.tmdb.org/t/p/w500/fodPA5x3REtOwColG17CucreZqM.jpg
94,Beautiful Girls (1996),9283,https://image.tmdb.org/t/p/w500/sHcx1fBmrtZYvFmUywU0d5cvIFd.jpg
95,Broken Arrow (1996),9208,https://image.tmdb.org/t/p/w500/iBPMwYYJFvdCBkXrwV75peo5Lz2.jpg
96,In the Bleak Midwinter (1995),40154,https://image.tmdb.org/t/p/w500/eUrv3E65orbuPnFikjpjso4TVBN.jpg
97,"Hate (Haine, La) (1995)",406,https://image.tmdb.org/t/p/w500/8rgPyWjYZhsphSSxbXguMnhN7H0.jpg
98,Shopping (1994),45549,https://image.tmdb.org/t/p/w500/jiIQO8UWyvVkdJEujb6VWKUBzaz.jpg
99,Heidi Fleiss: Hollywood Madam (1995),63076,https://image.tmdb.org/t/p/w500/laPSb9I8TuYslOh1OcgaTByWKnw.jpg
100,City Hall (1996),11062,https://image.tmdb.org/t/p/w500/w7EkAl4Oi8Lc6VQKaqRHrOV3CxR.jpg
101,Bottle Rocket (1996),13685,https://image.tmdb.org/t/p/w500/wOPiNYt9V3Cbr9Izeddwj7nU8RT.jpg
102,Mr. Wrong (1996),47475,https://image.tmdb.org/t/p/w500/csSkKS6rcGjG8jjpwKZPVCD7Kiq.jpg
103,Unforgettable (1996),2045,https://image.tmdb.org/t/p/w500/500Ne3EDn3HHpuCQWwGKR74r0cB.jpg
104,Happy Gilmore (1996),9614,https://image.tmdb.org/t/p/w500/4RnCeRzvI1xk5tuNWjpDKzSnJDk.jpg
105,"Bridges of Madison County, The (1995)",688,https://image.tmdb.org/t/p/w500/aCBrhOQjhG397GLkEZ49zReQEKX.jpg
106,Nobody Loves Me (Keiner liebt mich) (1994),11907,https://image.tmdb.org/t/p/w500/vBDJPkoTOKT9F1zx0y9tT7G62vF.jpg
107,Muppet Treasure Island (1996),10874,https://image.tmdb.org/t/p/w500/k4KW2CUkzDKaCy4H4cS02cO8gvV.jpg
108,Catwalk (1995),89333,https://image.tmdb.org/t/p/w500/8Db2Tx2RkTUozzilF1SGMitcHLl.jpg
109,Headless Body in Topless Bar (1995),96357,https://image.tmdb.org/t/p/w500/tmYFCTwTLh7WW9dY4cuDF8gqLRC.jpg
110,Braveheart (1995),197,https://image.tmdb.org/t/p/w500/or1gBugydmjToAEq7OZY0owwFk.jpg
111,Taxi Driver (1976),103,https://image.tmdb.org/t/p/w500/ekstpH614fwDX8DUln1a2Opz0N8.jpg
112,Rumble in the Bronx (1995),33542,https://image.tmdb.org/t/p/w500/1nAfchiXHQB3iyhK8fCJJEnNs5A.jpg
113,Before and After (1996),43566,https://image.tmdb.org/t/p/w500/oK8UKDrjFS14OFoihaQPfmmMOyI.jpg
114,Margaret's Museum (1995),71754,https://image.tmdb.org/t/p/w500/ulhih7Th6S9zuhR5kOiVdCm8Il4.jpg
115,Happiness Is in the Field (1995),43612,https://image.tmdb.org/t/p/w500/tjHn19RpFMBmzQx58SBO40nLvhu.jpg
116,Anne Frank Remembered (1995),51352,https://image.tmdb.org/t/p/w500/6nyhzrSGimCbdxiY8DEO7kI7xx4.jpg
117,"Young Poisoner's Handbook, The (1995)",16934,https://image.tmdb.org/t/p/w500/d3Lakfy0K1eRHUbay9kMeWdt7y6.jpg
118,If Lucy Fell (1996),10324,https://image.tmdb.org/t/p/w500/l3Bwmjdon6JBDzJUA3ZSdMZZ7lI.jpg
119,"Steal Big, Steal Little (1995)",78406,https://image.tmdb.org/t/p/w500/83TvBaWt8wZHUZo8MKwE2cLRBiT.jpg
120,Race the Sun (1996),55731,https://image.tmdb.org/t/p/w500/jQA7TXgmEi35Zab6fHQ8VZ7Zhfn.jpg
122,Boomerang (1992),11066,https://image.tmdb.org/t/p/w500/apwkBVaJqLuK6mxe6sOABCeNjRw.jpg
123,Chungking Express (1994),11104,https://image.tmdb.org/t/p/w500/43I9DcNoCzpyzK8JCkJYpHqHqGG.jpg
124,"Star Maker, The (Uomo delle stelle, L') (1995)",37975,https://image.tmdb.org/t/p/w500/xa3IfslUY5hjIWFb3Z2Ofq37KHF.jpg
125,Flirting With Disaster (1996),2074,https://image.tmdb.org/t/p/w500/uIcgXQYm2eqguUaYdbolQ4LWpMy.jpg
126,"NeverEnding Story III, The (1994)",27793,https://image.tmdb.org/t/p/w500/o75HHfr23sgeqIeUPwjKY0V9Ppi.jpg
129,Pie in the Sky (1995),110972,https://image.tmdb.org/t/p/w500/iZs2BzP1nbrcHCDX3QEHa3Nn0y4.jpg
130,Angela (1995),32622,https://image.tmdb.org/t/p/w500/fhxU3jFzC2tlBgqFhB7NqO4qAFe.jpg
131,Frankie Starlight (1995),73067,https://image.tmdb.org/t/p/w500/6v3VxWhFsr2Qx8qIQkG4WL3f76X.jpg
132,Jade (1995),11863,https://image.tmdb.org/t/p/w500/8KWiZKDYpAgh8n27lanvTuDquyX.jpg
133,Nueba Yol (1995),55475,https://image.tmdb.org/t/p/w500/wXJImKBIFIanoZQsx0knEfthpq5.jpg
134,Sonic Outlaws (1995),124636,https://image.tmdb.org/t/p/w500/fdJ6o8uOcEFiTRCo9WuZklj8EPK.jpg
135,Down Periscope (1996),9101,https://image.tmdb.org/t/p/w500/brleKcHsirTw7lFqcgUMOfgL2nl.jpg
136,From the Journals of Jean Seberg (1995),123360,https://image.tmdb.org/t/p/w500/gPUcrujOQU7cSBS0VEG81bU2Krz.jpg
137,Man of the Year (1995),5757,https://image.tmdb.org/t/p/w500/jVO3Gvsdqe5C9Jr7cE1fSOtW2Op.jpg
138,"Neon Bible, The (1995)",39428,https://image.tmdb.org/t/p/w500/2DyeA45isq3jIRlwG6VgwV8KQq7.jpg
139,Target (1995),2019,https://image.tmdb.org/t/p/w500/mXCM7pmUFUGp7QzSmare3RITe6n.jpg
140,Up Close and Personal (1996),9302,https://image.tmdb.org/t/p/w500/zF67qcf7skMHLpXnifodinUqCFr.jpg
141,"Birdcage, The (1996)",11000,https://image.tmdb.org/t/p/w500/4IpC35BoA5aRO0Q1DpFGJ8iKKYq.jpg
142,Shadows (Cienie) (1988),525153,https://image.tmdb.org/t/p/w500/emSTzEr2qdo3lV14ZQ3uIYsqHJS.jpg
143,Gospa (1995),249882,https://image.tmdb.org/t/p/w500/dIvQt3ykeR2TsRMOuDtlR1p2uCt.jpg
144,"Brothers McMullen, The (1995)",16388,https://image.tmdb.org/t/p/w500/6oWsOJP0ed5gs8n2UywcailoxFN.jpg
145,Bad Boys (1995),9737,https://image.tmdb.org/t/p/w500/x1ygBecKHfXX4M2kRhmFKWfWbJc.jpg
146,"Amazing Panda Adventure, The (1995)",30765,https://image.tmdb.org/t/p/w500/tIK40vCE9i8g4VhyJ3LLr5y1ROJ.jpg
147,"Basketball Diaries, The (1995)",10474,https://image.tmdb.org/t/p/w500/AhvO1GGDPIgN0hOqZEgaFCbswMK.jpg
148,"Awfully Big Adventure, An (1995)",22279,https://image.tmdb.org/t/p/w500/tfXBuRBMbyu9IF9KCFz3kXeWQDT.jpg
149,Amateur (1994),30157,https://image.tmdb.org/t/p/w500/n0lFhpnoctfsPo5GXvuvQSgv9Fj.jpg
150,Apollo 13 (1995),568,https://image.tmdb.org/t/p/w500/tVeKscCm2fY1xDXZk8PgnZ87h9S.jpg
151,Rob Roy (1995),11780,https://image.tmdb.org/t/p/w500/kWI2rF6RAnRtEjfBlZgsXumgOm5.jpg
152,"Addiction, The (1995)",34996,https://image.tmdb.org/t/p/w500/1Yy8H2tKQ16mffLFRfxcBHKBdyF.jpg
153,Batman Forever (1995),414,https://image.tmdb.org/t/p/w500/i0fJS8M5UKoETjjJ0zwUiKaR8tr.jpg
154,Belle de jour (1967),649,https://image.tmdb.org/t/p/w500/iUAFECovwPA0cVV9bo4uNGLJSGL.jpg
155,Beyond Rangoon (1995),1873,https://image.tmdb.org/t/p/w500/xTiy5kSP3Hetig7xB4E8INq5ron.jpg
156,Blue in the Face (1995),5894,https://image.tmdb.org/t/p/w500/u0iwm9SDjlfFZDrSdSbcebX7VUG.jpg
158,Casper (1995),8839,https://image.tmdb.org/t/p/w500/2ah8fNJFZVU3vcXhU5xfAYi2eym.jpg
159,Clockers (1995),20649,https://image.tmdb.org/t/p/w500/c79uqLJleho2a7OQayfrW5Ypphf.jpg
160,Congo (1995),10329,https://image.tmdb.org/t/p/w500/hPNSToNIIpRO6y5Rh973leqQqNr.jpg
161,Crimson Tide (1995),8963,https://image.tmdb.org/t/p/w500/21nqRJ6ofEgVvEl68J4O9V26Xzy.jpg
162,Crumb (1994),26564,https://image.tmdb.org/t/p/w500/9ocTHdBCJdwJ65Tubg3lYlfMxEY.jpg
163,Desperado (1995),8068,https://image.tmdb.org/t/p/w500/e3gwpBeXpvGZsxUya9zNym5QXrw.jpg
164,Devil in a Blue Dress (1995),8512,https://image.tmdb.org/t/p/w500/5lcJhwKGavLbPva17QkTBhLfqEk.jpg
165,Die Hard: With a Vengeance (1995),1572,https://image.tmdb.org/t/p/w500/buqmCdFQEWwEpL3agGgg2GVjN2d.jpg
166,"Doom Generation, The (1995)",13552,https://image.tmdb.org/t/p/w500/cRzRj2UBvIH8ryWhu5PNL2PzV7j.jpg
167,Feast of July (1995),259209,https://image.tmdb.org/t/p/w500/inUPybROcLlzdG4EQeDIShfFjsD.jpg
168,First Knight (1995),6520,https://image.tmdb.org/t/p/w500/dJH5bwtu3UxbwRsSlhlhmMrV8ZH.jpg
169,Free Willy 2: The Adventure Home (1995),9073,https://image.tmdb.org/t/p/w500/3wpug3W5rYBdqeAnhc1UeXLE5ZF.jpg
170,Hackers (1995),10428,https://image.tmdb.org/t/p/w500/w8H2KpRtpzwlxz5KrvINCVihok1.jpg
171,Jeffrey (1995),17447,https://image.tmdb.org/t/p/w500/cacIqtIkUaD5xYqUUN1J7qJjciQ.jpg
172,Johnny Mnemonic (1995),9886,https://image.tmdb.org/t/p/w500/iH8Jgi8qvb7pnBfI8fVGaUbyRna.jpg
173,Judge Dredd (1995),9482,https://image.tmdb.org/t/p/w500/cfSnKn8NDU3m8UxihjVcYprA0Aq.jpg
174,Jury Duty (1995),19326,https://image.tmdb.org/t/p/w500/DbKQDPqBE4kCaePj4CHu6r3ZAb.jpg
175,Kids (1995),9344,https://image.tmdb.org/t/p/w500/8qV8hUVCUnFIQKewzlhaFWhdszK.jpg
176,Living in Oblivion (1995),9071,https://image.tmdb.org/t/p/w500/b54xDk98oWtEtAso9sj1wjaZDDH.jpg
177,Lord of Illusions (1995),8973,https://image.tmdb.org/t/p/w500/8MZu8s01psozeTuD6OzstP4vSvM.jpg
178,Love & Human Remains (1993),15730,https://image.tmdb.org/t/p/w500/9QVw6cPXfsjr4PncE1TeWudeLmh.jpg
179,Mad Love (1995),47608,https://image.tmdb.org/t/p/w500/glhctWoYw1jg8z0FUSwFD4UTNi4.jpg
180,Mallrats (1995),2293,https://image.tmdb.org/t/p/w500/2ip0sGIMPN0XEN6q3lQIoaNI6tP.jpg
181,Mighty Morphin Power Rangers: The Movie (1995),9070,https://image.tmdb.org/t/p/w500/pcLbHqs80dchv0byHivhdwHKEup.jpg
182,Moonlight and Valentino (1995),68274,https://image.tmdb.org/t/p/w500/rKJ1DwaH8pM3qDNxKFxvsQEg6wE.jpg
184,Nadja (1994),34574,https://image.tmdb.org/t/p/w500/uwo3iDfPNdZoSNGAgQDXEM7xMu8.jpg
185,"Net, The (1995)",1642,https://image.tmdb.org/t/p/w500/dtupntUFMD5iXBo8HLfALt2ET4R.jpg
186,Nine Months (1995),11472,https://image.tmdb.org/t/p/w500/y3VwPenHpiuIGb0fhgyt7PXZKLB.jpg
187,Party Girl (1995),36196,https://image.tmdb.org/t/p/w500/cfGEUftQVjvJHTTc3OKbzfsBamT.jpg
188,"Prophecy, The (1995)",11980,https://image.tmdb.org/t/p/w500/4ZWFhQipzBHJze2llzCzhrSIZsn.jpg
189,Reckless (1995),58372,https://image.tmdb.org/t/p/w500/edNTtl2UuKcU8vXEaYgu76vISXw.jpg
190,Safe (1995),32646,https://image.tmdb.org/t/p/w500/2O71QsBkbqdLqQdx2yuNpJ4pFPq.jpg
191,"Scarlet Letter, The (1995)",10533,https://image.tmdb.org/t/p/w500/8gIU7O3oV6NyWUjlL6ppbpnIZLW.jpg
192,"Show, The (1995)",1244631,https://image.tmdb.org/t/p/w500/6PnGSo6KNTfLUeZDby2HyhcbPaK.jpg
193,Showgirls (1995),10802,https://image.tmdb.org/t/p/w500/o4HT3Ap5c99W4FYpdXUtTvxGgPc.jpg
194,Smoke (1995),10149,https://image.tmdb.org/t/p/w500/phvnN7OPEnlHoAZe8nsSqPDD8B0.jpg
195,Something to Talk About (1995),18402,https://image.tmdb.org/t/p/w500/a52KpsmvLNdTdmDzw1fUrJONpfH.jpg
196,Species (1995),9348,https://image.tmdb.org/t/p/w500/cT5wdyo8kT7dycqjrolJ2sHWkFx.jpg
197,"Stars Fell on Henrietta, The (1995)",139408,https://image.tmdb.org/t/p/w500/dQYD0WNRNZ5OBQ8iWRySIH8TEVd.jpg
198,Strange Days (1995),281,https://image.tmdb.org/t/p/w500/rY5BrDRcYAKE0BYmmT66YG6Uy5Q.jpg
199,"Umbrellas of Cherbourg, The (Parapluies de Cherbourg, Les) (1964)",5967,https://image.tmdb.org/t/p/w500/tAgTf64XKK5ir7w5C7dnB53jWWG.jpg
200,"Tie That Binds, The (1995)",79593,https://image.tmdb.org/t/p/w500/xwrY46PITbSoCiKm9gTnDWP47Kh.jpg
201,Three Wishes (1995),47939,https://image.tmdb.org/t/p/w500/qY1Mz8bPGKYmrb4kY1zm7s4480V.jpg
202,Total Eclipse (1995),36834,https://image.tmdb.org/t/p/w500/9ihmgsX9aDXZmwjvgrzJgH8FxNa.jpg
203,"To Wong Foo, Thanks for Everything! Julie Newmar (1995)",9090,https://image.tmdb.org/t/p/w500/8bkJiI6N8wDxAtQ49bLUt0qCBII.jpg
204,Under Siege 2: Dark Territory (1995),3512,https://image.tmdb.org/t/p/w500/gElwFCQTbSK5hdK0PVyia547nst.jpg
205,Unstrung Heroes (1995),52856,https://image.tmdb.org/t/p/w500/twnqc80AL55WYnCVz4nMGEGcL7.jpg
206,Unzipped (1995),77350,https://image.tmdb.org/t/p/w500/dnIzv4rXr9FXkqW880E3rStYQA7.jpg
207,"Walk in the Clouds, A (1995)",9560,https://image.tmdb.org/t/p/w500/xencQzZnUWDRAOUydjf9PWet8Ae.jpg
208,Waterworld (1995),9804,https://image.tmdb.org/t/p/w500/X4UyUO5jgzs3c5YafnmYKLKKYw.jpg
209,White Man's Burden (1995),31611,https://image.tmdb.org/t/p/w500/5MPatVYJXPYEGrd9RQiwldBBQvJ.jpg
210,Wild Bill (1995),65796,https://image.tmdb.org/t/p/w500/g5sQTDwc4BcvRCBAhnujhBPIEO1.jpg
211,"Browning Version, The (1994)",49805,https://image.tmdb.org/t/p/w500/8My9Wnzu1zasVVzGdDj5y2dItuM.jpg
212,Bushwhacked (1995),26258,https://image.tmdb.org/t/p/w500/j3H0POtvl0Tt4Meesvp7HX6JxAv.jpg
213,Burnt By the Sun (Utomlyonnye solntsem) (1994),50797,https://image.tmdb.org/t/p/w500/jcpvnPSuRrynrgY7menuyZe7X4r.jpg
214,Before the Rain (Pred dozhdot) (1994),19155,https://image.tmdb.org/t/p/w500/sAVSVFonnNkup5xnlxDkuRrmI2N.jpg
215,Before Sunrise (1995),76,https://image.tmdb.org/t/p/w500/kf1Jb1c2JAOqjuzA3H4oDM263uB.jpg
216,Billy Madison (1995),11017,https://image.tmdb.org/t/p/w500/sOdgtJdFalL9kRKaeJItARLTAEq.jpg
217,"Babysitter, The (1995)",37141,https://image.tmdb.org/t/p/w500/wOv6HKiKTcDiyZRXPOsjm2JhVZV.jpg
218,Boys on the Side (1995),9382,https://image.tmdb.org/t/p/w500/2dhZnfBjiza5TupvOupRU4hFAcJ.jpg
219,"Cure, The (1995)",6715,https://image.tmdb.org/t/p/w500/vcSfab0S2gTm9302TfejcM2gzrg.jpg
220,Castle Freak (1995),18256,https://image.tmdb.org/t/p/w500/rZv3aUkNngyZeiCgAjOEF5n0tve.jpg
222,Circle of Friends (1995),22625,https://image.tmdb.org/t/p/w500/bnSBsGCIfGGiN68MSBIoviaoh9a.jpg
223,Clerks (1994),2292,https://image.tmdb.org/t/p/w500/9IiSgiq4h4siTIS9H3o4nZ3h5L9.jpg
224,Don Juan DeMarco (1995),1909,https://image.tmdb.org/t/p/w500/fe0TuYz9jCKUba2Omj48K8bWJ8z.jpg
225,Disclosure (1994),8984,https://image.tmdb.org/t/p/w500/dnA4QkIZZCF9wRtF8HHxWwUXVMf.jpg
226,Dream Man (1995),61813,https://image.tmdb.org/t/p/w500/tsgOkBKwz694XDRg3VfOSD7rq5e.jpg
227,Drop Zone (1994),4954,https://image.tmdb.org/t/p/w500/2AnguJel4FIm1AUjHLrhi4ztsYU.jpg
228,Destiny Turns on the Radio (1995),62488,https://image.tmdb.org/t/p/w500/kd04IvuW1wvgGoB2HxSuFVIU9rU.jpg
229,Death and the Maiden (1994),10531,https://image.tmdb.org/t/p/w500/yrGpwavZwfprhjVRHMHc165q22u.jpg
231,Dumb & Dumber (1994),8467,https://image.tmdb.org/t/p/w500/4LdpBXiCyGKkR8FGHgjKlphrfUc.jpg
232,Eat Drink Man Woman (1994),10451,https://image.tmdb.org/t/p/w500/olhIWtIBFg6VWK59DEd4lAvgVgz.jpg
233,Exotica (1994),20156,https://image.tmdb.org/t/p/w500/pWcJdcIHjL3P6NaEJKeV6ONfAMV.jpg
234,Exit to Eden (1994),18395,https://image.tmdb.org/t/p/w500/dUtpplO9K03uYCA71Vqj9ZRkVyA.jpg
235,Ed Wood (1994),522,https://image.tmdb.org/t/p/w500/n8SrO3WbyuY2b6KazogqbQF348C.jpg
236,French Kiss (1995),397,https://image.tmdb.org/t/p/w500/q5hXdMfxSwhuOmWmkTJmm5qVijc.jpg
237,Forget Paris (1995),10525,https://image.tmdb.org/t/p/w500/c2RwGHqWwvh7nmRKpdIyYUWMEvP.jpg
238,Far From Home: The Adventures of Yellow Dog (1995),27985,https://image.tmdb.org/t/p/w500/bHtNHOiSmfX1KlJwc9Jvc8sYcjB.jpg
239,"Goofy Movie, A (1995)",15789,https://image.tmdb.org/t/p/w500/bycmMhO3iIoEDzP768sUjq2RV4T.jpg
240,Hideaway (1995),27303,https://image.tmdb.org/t/p/w500/cYWjgxgIJrak0BTemkij3gOCbMa.jpg
241,Fluke (1995),21183,https://image.tmdb.org/t/p/w500/9cdyiQQK4JwghWVWWB6hEqx4okB.jpg
242,Farinelli: il castrato (1994),10954,https://image.tmdb.org/t/p/w500/i5h0ZjYobco5HRPaAU6QTlrMYw0.jpg
243,Gordy (1995),47867,https://image.tmdb.org/t/p/w500/4sLmghaiAIYXh320qCvZWY4avVT.jpg
244,Gumby: The Movie (1995),43475,https://image.tmdb.org/t/p/w500/A4wc8SrcaKyfNKXA0g5Aydpk4Id.jpg
245,"Glass Shield, The (1994)",72031,https://image.tmdb.org/t/p/w500/cgvBosSBpjF8ynBi7A1KmMwYoxl.jpg
246,Hoop Dreams (1994),14275,https://image.tmdb.org/t/p/w500/gLzHl2XBtVwycl8DxdOXRHPm8G3.jpg
247,Heavenly Creatures (1994),1024,https://image.tmdb.org/t/p/w500/AsZ286PDaYy8rZTKDDEbhrWV9gq.jpg
249,Immortal Beloved (1994),13701,https://image.tmdb.org/t/p/w500/lkqz2R5pjXeDaiIjR3Z6JTGjtg6.jpg
251,"Hunted, The (1995)",32631,https://image.tmdb.org/t/p/w500/luCVuKiRBcQjr9MuY9mRCTehjpY.jpg
252,I.Q. (1994),11777,https://image.tmdb.org/t/p/w500/5we3ZV6yiw13b8zGk4LuacuV8n7.jpg
253,Interview with the Vampire (1994),628,https://image.tmdb.org/t/p/w500/2162lAT2MP36MyJd2sttmj5du5T.jpg
254,Jefferson in Paris (1995),87729,https://image.tmdb.org/t/p/w500/vcZCvsm920LoNDb7pMibJkxIE4n.jpg
256,Junior (1994),6280,https://image.tmdb.org/t/p/w500/swxxtzYc60qqnFhfWMFdmx9QXvY.jpg
257,Just Cause (1995),9061,https://image.tmdb.org/t/p/w500/hbkS4UpgHcGhLlGy9YCX4WIJ4lu.jpg
258,"Kid in King Arthur's Court, A (1995)",37108,https://image.tmdb.org/t/p/w500/y269Xj4nOi4YHOKT241c4xubgGv.jpg
259,Kiss of Death (1995),6071,https://image.tmdb.org/t/p/w500/2cCxEqeIy6Q8HgVjfT7obOnF5Zi.jpg
260,Star Wars: Episode IV - A New Hope (1977),11,https://image.tmdb.org/t/p/w500/6FfCtAuVAW8XJjZ7eWeLibRLWTw.jpg
261,Little Women (1994),9587,https://image.tmdb.org/t/p/w500/1ZzH1XMcKAe5NdrKL5MfcqZHHsZ.jpg
262,"Little Princess, A (1995)",19101,https://image.tmdb.org/t/p/w500/9V4bAVEskSNbEqjVI0YmeuB0n8I.jpg
263,Ladybird Ladybird (1994),49980,https://image.tmdb.org/t/p/w500/91KSK1xKdVEIDASKRo9ahBFCtM2.jpg
264,"Enfer, L' (1994)",17961,https://image.tmdb.org/t/p/w500/cW9BUIVQacmt58hcI6RrSLl2QGT.jpg
265,Like Water for Chocolate (Como agua para chocolate) (1992),18183,https://image.tmdb.org/t/p/w500/itwUdMqLmPfhtGJ44hiDxkqZhiq.jpg
266,Legends of the Fall (1994),4476,https://image.tmdb.org/t/p/w500/t1KPGlW0UGd0m515LPQmk2F4nu1.jpg
268,Little Odessa (1994),47504,https://image.tmdb.org/t/p/w500/80zDn3oanRMWDSDX1cPKZVIi8OO.jpg
269,My Crazy Life (Mi vida loca) (1993),32325,https://image.tmdb.org/t/p/w500/gtKIaHUqkNqdgVnMFosyVJXvKMC.jpg
270,Love Affair (1994),43742,https://image.tmdb.org/t/p/w500/uPEh48HZN9qqewkF2Hsi9BD6oz7.jpg
271,Losing Isaiah (1995),28313,https://image.tmdb.org/t/p/w500/oHALKuPewtqIn2BcluZsGvcEG1P.jpg
272,"Madness of King George, The (1994)",11318,https://image.tmdb.org/t/p/w500/1dTSY023ZyBbgVSKDRuA6JLGSnZ.jpg
273,Mary Shelley's Frankenstein (1994),3036,https://image.tmdb.org/t/p/w500/bOwCAQsZlEKrwhPi1ejY6BS8jpL.jpg
274,Man of the House (1995),40490,https://image.tmdb.org/t/p/w500/6bnOhhrrrq6RZhMgz4aGyqbJ9Wf.jpg
275,Mixed Nuts (1994),24070,https://image.tmdb.org/t/p/w500/xPdQMqxWnFwCKOIto8dBEorTtGR.jpg
276,Milk Money (1994),8986,https://image.tmdb.org/t/p/w500/od8SCOMLDq4iRYaHNqihQVn1SNE.jpg
277,Miracle on 34th Street (1994),10510,https://image.tmdb.org/t/p/w500/iUTPKkljdEjPlcPPYgbUz7APnHu.jpg
278,Miami Rhapsody (1995),17402,https://image.tmdb.org/t/p/w500/joturqaJfAJ8XHPadT8kibgSpS4.jpg
279,My Family (1995),38722,https://image.tmdb.org/t/p/w500/i6t6QF5QyUd3UAQ8JM8eVU1169D.jpg
280,Murder in the First (1995),8438,https://image.tmdb.org/t/p/w500/duUpJUmuz82OKMwGnKc8sCV7emS.jpg
281,Nobody's Fool (1994),11593,https://image.tmdb.org/t/p/w500/xyAXFy6mOfgZcVWbceCeuTYadeq.jpg
282,Nell (1994),1945,https://image.tmdb.org/t/p/w500/aIDp3x2YfijtdherR28pIH6yenn.jpg
283,New Jersey Drive (1995),39310,https://image.tmdb.org/t/p/w500/lXJWJT6lfAg2NEqEueJcI4ESWSG.jpg
286,Nemesis 2: Nebula (1995),63105,https://image.tmdb.org/t/p/w500/dfBROAe2wXgbB7NbksvVvT49vZW.jpg
288,Natural Born Killers (1994),241,https://image.tmdb.org/t/p/w500/fEKZwT91gxvkAoyPgpNXo8W5fu0.jpg
289,Only You (1994),9058,https://image.tmdb.org/t/p/w500/7mLLANXgUg3bibTiUitDlB0NZcU.jpg
290,Once Were Warriors (1994),527,https://image.tmdb.org/t/p/w500/kRNANrGG50AaU2TwN0kg7tkYqlQ.jpg
292,Outbreak (1995),6950,https://image.tmdb.org/t/p/w500/4KymNvlWR0XF0sqX2BWRd9Z3yXR.jpg
294,"Perez Family, The (1995)",63020,https://image.tmdb.org/t/p/w500/jxi3UDHf86kDk5hqJxnpEMzVch2.jpg
295,"Pyromaniac's Love Story, A (1995)",2307,https://image.tmdb.org/t/p/w500/tjhmiAVkxl1EHkE9o6C93yKQdJ1.jpg
296,Pulp Fiction (1994),680,https://image.tmdb.org/t/p/w500/vQWk5YBFWF4bZaofAbv0tShwBvQ.jpg
297,Panther (1995),41478,https://image.tmdb.org/t/p/w500/gxGOkt6WBhSIdZiQqyVEccRURVv.jpg
298,Pushing Hands (1992),25296,https://image.tmdb.org/t/p/w500/2z7QvDFDYnjd7nQhAfMW1zDihXd.jpg
299,Priest (1994),40156,https://image.tmdb.org/t/p/w500/yCZ2eGJb78HzaYthNwVF8R0G6BG.jpg
300,Quiz Show (1994),11450,https://image.tmdb.org/t/p/w500/yoGJo1h3Hl2exXPVcG9UXWDENtX.jpg
301,Picture Bride (1995),30304,https://image.tmdb.org/t/p/w500/s1lUr4NWgOi4ftXLrUWGI49IvKK.jpg
302,Queen Margot (La Reine Margot) (1994),10452,https://image.tmdb.org/t/p/w500/8uGkhBLiJMIkwohGPo3iB9AuwDg.jpg
303,"Quick and the Dead, The (1995)",12106,https://image.tmdb.org/t/p/w500/yxKhjWsFTyegjD7vDAg7jSN2uv3.jpg
304,Roommates (1995),161495,https://image.tmdb.org/t/p/w500/ww737E66JgONeNCSZVuGRy7TvXI.jpg
305,Ready to Wear (Pret-A-Porter) (1994),3586,https://image.tmdb.org/t/p/w500/bb8pq3ap09S4KHsOvflXqoNJdWZ.jpg
306,Three Colors: Red (1994),110,https://image.tmdb.org/t/p/w500/JHmsBiX1tjCKqAul1lzC20WcAW.jpg
307,Three Colors: Blue (1993),108,https://image.tmdb.org/t/p/w500/33wsWxzsNstI8N7dvuwzFmj1qBd.jpg
308,Three Colors: White (1994),109,https://image.tmdb.org/t/p/w500/fdIet3NSa27gobMbaUml66oCQNT.jpg
309,"Red Firecracker, Green Firecracker (1994)",159185,https://image.tmdb.org/t/p/w500/wmW9WnTTBib4XTiLOYtLOlxvh5G.jpg
310,Rent-a-Kid (1995),36357,https://image.tmdb.org/t/p/w500/hnL5TxGumlBy68D4HovSlndEIkz.jpg
311,Relative Fear (1994),92769,https://image.tmdb.org/t/p/w500/wG6wdsB9lqCwxsRycnzzXZDSo6m.jpg
312,Stuart Saves His Family (1995),28033,https://image.tmdb.org/t/p/w500/80YaWpUokDoPynsJi0ittpts3J0.jpg
313,"Swan Princess, The (1994)",22586,https://image.tmdb.org/t/p/w500/f5YvIPrkJ9HCsNbgzWJJyxXVNhj.jpg
314,"Secret of Roan Inish, The (1994)",14334,https://image.tmdb.org/t/p/w500/2FFcEEMMrnXh3CFz3aON92sLkXP.jpg
315,"Specialist, The (1994)",2636,https://image.tmdb.org/t/p/w500/9CVAjtkSaFs9FyddGfThj11ZuQq.jpg
316,Stargate (1994),2164,https://image.tmdb.org/t/p/w500/4T6Po0XnZlevmhfPh3ZfEs5butR.jpg
317,"Santa Clause, The (1994)",11395,https://image.tmdb.org/t/p/w500/hvV2rI60qOYELT7tHHLpxtafnBZ.jpg
318,"Shawshank Redemption, The (1994)",278,https://image.tmdb.org/t/p/w500/9cqNxx0GxF0bflZmeSMuL5tnGzr.jpg
319,Shallow Grave (1994),9905,https://image.tmdb.org/t/p/w500/gqvSKLbfIg1mja1ulVkVcLhdwWF.jpg
320,Suture (1993),87078,https://image.tmdb.org/t/p/w500/8lbOpuNaJBNT1gXbIDDyYnDIYut.jpg
321,Strawberry and Chocolate (Fresa y chocolate) (1993),12527,https://image.tmdb.org/t/p/w500/8riS2hGneWg78MHuhP7NqvLERRy.jpg
322,Swimming with Sharks (1995),20306,https://image.tmdb.org/t/p/w500/eMRiIJIEyMLjWjktIqjNfzs9jGX.jpg
324,"Sum of Us, The (1994)",36614,https://image.tmdb.org/t/p/w500/4rBI4KISTuMCsWGb0kurWxKjqPQ.jpg
325,National Lampoon's Senior Trip (1995),27993,https://image.tmdb.org/t/p/w500/3QpB4KpMKRnZnsJOsemOZHDoQKw.jpg
326,To Live (Huozhe) (1994),31439,https://image.tmdb.org/t/p/w500/bv0qREWTw8TPAtgt22ELp1UlKVl.jpg
327,Tank Girl (1995),9067,https://image.tmdb.org/t/p/w500/dpX63vJd6k5fMTudLaEOw9ffX8h.jpg
328,Tales From the Crypt Presents: Demon Knight (1995),9059,https://image.tmdb.org/t/p/w500/8uD5yk0ECebJ59lhvhTBKhUojc.jpg
329,Star Trek: Generations (1994),193,https://image.tmdb.org/t/p/w500/gh0ZZRwSmlzEZTIZee3ZCN9Jssx.jpg
330,Tales from the Hood (1995),25066,https://image.tmdb.org/t/p/w500/glPNCcI7V8zTTI3BG0iIUJJcwXN.jpg
331,Tom & Viv (1994),46797,https://image.tmdb.org/t/p/w500/iw4ofGbX2AbJ4p17CixwnMjuoJ0.jpg
332,Village of the Damned (1995),12122,https://image.tmdb.org/t/p/w500/zPn5oNDdZSB6QLHjtMIoa0WINT4.jpg
333,Tommy Boy (1995),11381,https://image.tmdb.org/t/p/w500/jeEM8v1OA9u6F5NC2lzXD04Ls1U.jpg
334,Vanya on 42nd Street (1994),32636,https://image.tmdb.org/t/p/w500/sYkkHsqXyUcFoLbXt4WNwnRRpT1.jpg
335,"Underneath, The (1995)",36141,https://image.tmdb.org/t/p/w500/a8jn5ML3vRT4nnMMBmFGXRaRhqO.jpg
336,"Walking Dead, The (1995)",95963,https://image.tmdb.org/t/p/w500/c0RtcIN4oSzSZoNs0nJMevfGYS4.jpg
337,What's Eating Gilbert Grape (1993),1587,https://image.tmdb.org/t/p/w500/8FxWgsfDNosewo7H65oE4QkOb7g.jpg
338,Virtuosity (1995),9271,https://image.tmdb.org/t/p/w500/5emgnXYrXjqyiup2JsvtuENseiV.jpg
339,While You Were Sleeping (1995),2064,https://image.tmdb.org/t/p/w500/qNGO3ETcNwlWqK2kNRpbJSJRlos.jpg
340,"War, The (1994)",19855,https://image.tmdb.org/t/p/w500/eMJYqr5zs7rz54oZhiX4ez1BI5E.jpg
341,Double Happiness (1994),60855,https://image.tmdb.org/t/p/w500/5sbnCdiFoZLe4G27ERS7wtj1lCY.jpg
342,Muriel's Wedding (1994),236,https://image.tmdb.org/t/p/w500/zJyTr8Fo412a2OIfJGXTRAm4IwX.jpg
343,"Baby-Sitters Club, The (1995)",48287,https://image.tmdb.org/t/p/w500/cdICP1AzQPgBWsEHwKTZH9ziNyE.jpg
344,Ace Ventura: Pet Detective (1994),3049,https://image.tmdb.org/t/p/w500/pqiRuETmuSybfnVZ7qyeoXhQyN1.jpg
345,"Adventures of Priscilla, Queen of the Desert, The (1994)",2759,https://image.tmdb.org/t/p/w500/kJ7syYXEJgSBmBfSnF3Can9cK1J.jpg
347,Bitter Moon (1992),10497,https://image.tmdb.org/t/p/w500/bW7E4cLWh0elRRbp2VCrtXrY1if.jpg
348,Bullets Over Broadway (1994),11382,https://image.tmdb.org/t/p/w500/mY9D1oCLeDKNMdUO8EV7MoCZ3up.jpg
349,Clear and Present Danger (1994),9331,https://image.tmdb.org/t/p/w500/6xTM8FPxrLRYwz6I3fqtwh7xybs.jpg
350,"Client, The (1994)",10731,https://image.tmdb.org/t/p/w500/oLdkJ4ZjxPtFSUChdjDQvHM9l75.jpg
351,"Corrina, Corrina (1994)",10464,https://image.tmdb.org/t/p/w500/xuEubxRGut2Yh118RyNa6ruXXCp.jpg
352,Crooklyn (1994),34152,https://image.tmdb.org/t/p/w500/iFqe07F78SO0SIBzWcK4I5MwNvP.jpg
353,"Crow, The (1994)",9495,https://image.tmdb.org/t/p/w500/rMMB3v6jYHjsvXRNJYESacoTD7j.jpg
354,Cobb (1994),29973,https://image.tmdb.org/t/p/w500/clOqh9is8vWZvX6AUjF4HtLdQMj.jpg
355,"Flintstones, The (1994)",888,https://image.tmdb.org/t/p/w500/k7gkf5Wa8YZ9iyEOylBMfw9pnkp.jpg
356,Forrest Gump (1994),13,https://image.tmdb.org/t/p/w500/Cw4hIUIAmSYfK9QfaUW5igp9La.jpg
357,Four Weddings and a Funeral (1994),712,https://image.tmdb.org/t/p/w500/qa72G2VS0bpxms6yo0tI9vsHm2e.jpg
358,Higher Learning (1995),16295,https://image.tmdb.org/t/p/w500/tuud1Blsdwo1KQRdz5UVwjlLAWQ.jpg
359,I Like It Like That (1994),48992,https://image.tmdb.org/t/p/w500/aCxh21UPLHi7Pxm9ykH1GNx39OW.jpg
360,I Love Trouble (1994),10879,https://image.tmdb.org/t/p/w500/2uyytK3XFRPFXoTchFDtsWiSujn.jpg
361,It Could Happen to You (1994),10660,https://image.tmdb.org/t/p/w500/6UOaeLDOdwwTMQtbl5YL6EGjqy0.jpg
362,"Jungle Book, The (1994)",9325,https://image.tmdb.org/t/p/w500/yN1kuupnPTLUprgfvC5WapgrxG4.jpg
363,"Wonderful, Horrible Life of Leni Riefenstahl, The (Die Macht der Bilder) (1993)",41647,https://image.tmdb.org/t/p/w500/pZnBH4ZJnHcVFgeuK81w2tcHvRD.jpg
364,"Lion King, The (1994)",8587,https://image.tmdb.org/t/p/w500/sKCr78MXSLixwmZ8DyJLrpMsd15.jpg
365,Little Buddha (1993),1689,https://image.tmdb.org/t/p/w500/xy70xtdoKZ3PxlKkakwdhL3UFDQ.jpg
366,Wes Craven's New Nightmare (1994),11596,https://image.tmdb.org/t/p/w500/q5BWxfL1x34nyYSvA3Qo5odleGW.jpg
367,"Mask, The (1994)",854,https://image.tmdb.org/t/p/w500/jPC2eYub74zwf2tPGVtzSlBW6Oy.jpg
368,Maverick (1994),9359,https://image.tmdb.org/t/p/w500/mTVbGGi5PIexmxVzeyFd2RYKwfM.jpg
369,Mrs. Parker and the Vicious Circle (1994),23333,https://image.tmdb.org/t/p/w500/avTHiIim0Jm0rs4ehFLck8u3NFW.jpg
370,Naked Gun 33 1/3: The Final Insult (1994),36593,https://image.tmdb.org/t/p/w500/p0AYsdgkudR9P5fNV5AjzbwQt8W.jpg
371,"Paper, The (1994)",12280,https://image.tmdb.org/t/p/w500/pGPrFbucRLwVtCKCeinwAklAl0l.jpg
372,Reality Bites (1994),2788,https://image.tmdb.org/t/p/w500/qGDhodtpkpxkrFqokenGNJlzt6w.jpg
374,Richie Rich (1994),11011,https://image.tmdb.org/t/p/w500/qgGh5d0IHAZRlHIdFS3XWVygumR.jpg
375,Safe Passage (1994),49803,https://image.tmdb.org/t/p/w500/b0pcExU3UvqUoaRiYwrVEAYC2iL.jpg
376,"River Wild, The (1994)",8987,https://image.tmdb.org/t/p/w500/wVgQ2T63ThjIsY4R0qoHXjyllql.jpg
377,Speed (1994),1637,https://image.tmdb.org/t/p/w500/82PkCE4R95KhHICUDF7G4Ly2z3l.jpg
378,Speechless (1994),15128,https://image.tmdb.org/t/p/w500/bremBHwg2cAvFIGIRwlRtPMkgfL.jpg
379,Timecop (1994),8831,https://image.tmdb.org/t/p/w500/bgxP6ws8ErBiarnb4S93vv0lkf4.jpg
380,True Lies (1994),36955,https://image.tmdb.org/t/p/w500/pweFTnzzTfGK68woSVkiTgjLzWm.jpg
381,When a Man Loves a Woman (1994),10449,https://image.tmdb.org/t/p/w500/cA1uMNX3sdWAWfMZbsgm1VIJYSY.jpg
382,Wolf (1994),10395,https://image.tmdb.org/t/p/w500/5TprU55U2zjAMCwr2jQra3zj1zu.jpg
383,Wyatt Earp (1994),12160,https://image.tmdb.org/t/p/w500/51LItgyecu2KMAtIchYogEykCIu.jpg
384,Bad Company (1995),40480,https://image.tmdb.org/t/p/w500/5q5r3cpaTDByz4qko9ZWHlK3gMF.jpg
385,"Man of No Importance, A (1994)",52038,https://image.tmdb.org/t/p/w500/zKHmxia0cdXMmNu5LUEwiJQJQoa.jpg
386,S.F.W. (1994),29444,https://image.tmdb.org/t/p/w500/3bq91jWCReRrqlPn81alSoxeXoP.jpg
387,"Low Down Dirty Shame, A (1994)",26352,https://image.tmdb.org/t/p/w500/v5XUfLrdoGfatObGXhqckYTNqFT.jpg
389,"Colonel Chabert, Le (1994)",41580,https://image.tmdb.org/t/p/w500/Usaduh828gtYe6jw9DosnPJ7I9.jpg
390,Faster Pussycat! Kill! Kill! (1965),315,https://image.tmdb.org/t/p/w500/2hIHFk52SZ9XsZB4U85RUq36BT4.jpg
391,Jason's Lyric (1994),22067,https://image.tmdb.org/t/p/w500/2dXA5dNh3kqDQwRt08TxxgldTOW.jpg
392,"Secret Adventures of Tom Thumb, The (1993)",18242,https://image.tmdb.org/t/p/w500/98yogK8pBvjqpQ7mtohuaBMLUJv.jpg
393,Street Fighter (1994),11667,https://image.tmdb.org/t/p/w500/6yh95dD2Y6uWAlPfWCZZygBM1ec.jpg
394,Coldblooded (1995),32502,https://image.tmdb.org/t/p/w500/zfU3QJVqnY3wW1La9ptrOYGFdbP.jpg
396,Fall Time (1995),28732,https://image.tmdb.org/t/p/w500/rYFexSIWUXNhuIdTIVcvZSEGe5G.jpg
397,"Fear, The (1995)",75555,https://image.tmdb.org/t/p/w500/qpb2TpcRWKxCDokeVHUAyfEL11P.jpg
398,Frank and Ollie (1995),42981,https://image.tmdb.org/t/p/w500/eUIELE2IkuWkAc3JzjYz6J2Lpx5.jpg
399,Girl in the Cadillac (1995),278939,https://image.tmdb.org/t/p/w500/k9bCfnN4tfDJoGCmT8KVuvIjZWM.jpg
400,Homage (1995),291731,https://image.tmdb.org/t/p/w500/jJ8Abp6QYbk4P5ukkQVM3n5L896.jpg
401,Mirage (1995),226229,https://image.tmdb.org/t/p/w500/a7qJwMyIqXyTq6sz0rQhq6Wuxj6.jpg
402,Open Season (1996),203119,https://image.tmdb.org/t/p/w500/kZW1DSY4w31ZNndhTQYVCVW0eL6.jpg
403,Two Crimes (1995),172923,https://image.tmdb.org/t/p/w500/hcmcOvuBovkME9JSRN6mtqZFOkv.jpg
405,Highlander III: The Sorcerer (1994),8011,https://image.tmdb.org/t/p/w500/o4GKLReSGRR0rulOBS9SrfFAXOz.jpg
407,In the Mouth of Madness (1995),2654,https://image.tmdb.org/t/p/w500/msh4tEUzbnEqlHcFOUH4O0Zti8r.jpg
408,8 Seconds (1994),18069,https://image.tmdb.org/t/p/w500/wqKVkOveZrK6zwfrptGLVPmnMpR.jpg
409,Above the Rim (1994),19092,https://image.tmdb.org/t/p/w500/56NFHuZXdgZbVxvCyYw92E5uLQa.jpg
410,Addams Family Values (1993),2758,https://image.tmdb.org/t/p/w500/sdxT2VjVSx9DRicwnuECUdBHeE7.jpg
411,You So Crazy (1994),38129,https://image.tmdb.org/t/p/w500/iN9whwQExgckFNuuegFksrZYufL.jpg
412,"Age of Innocence, The (1993)",10436,https://image.tmdb.org/t/p/w500/5Tuyt26v7qNR8Cl3m7ZRx36rduf.jpg
413,Airheads (1994),13595,https://image.tmdb.org/t/p/w500/4xPG8pPMyeoec48gKWbbC85EC8j.jpg
414,"Air Up There, The (1994)",46094,https://image.tmdb.org/t/p/w500/lY1yhtg0DRaMTzclYCXo0sP1kAV.jpg
415,Another Stakeout (1993),9409,https://image.tmdb.org/t/p/w500/hBItFUmCrRS1mel0TM69ymBD79k.jpg
416,Bad Girls (1994),11853,https://image.tmdb.org/t/p/w500/cXY79luLXt2dzUP2Tx601zpZFzK.jpg
417,Barcelona (1994),16771,https://image.tmdb.org/t/p/w500/7dgX3naR9EsFMvQhwHY8My6r5FR.jpg
419,"Beverly Hillbillies, The (1993)",11041,https://image.tmdb.org/t/p/w500/refYLEQvzkY63i2IHronCPQODex.jpg
420,Beverly Hills Cop III (1994),306,https://image.tmdb.org/t/p/w500/7vIpCkgGEfk5LZwm78nMxswLJRH.jpg
421,Black Beauty (1994),14522,https://image.tmdb.org/t/p/w500/5uH60FBDPQoyAnc4uvU0fIB8JXv.jpg
422,Blink (1994),26203,https://image.tmdb.org/t/p/w500/wP6dfv85SQLogoNguUd6jO1A4be.jpg
423,Blown Away (1994),178,https://image.tmdb.org/t/p/w500/fD23iryzdjfRU05nQAQriD0A3AR.jpg
424,Blue Chips (1994),19819,https://image.tmdb.org/t/p/w500/tO71i4Ob64tchCRBB5MoqonPKAF.jpg
425,Blue Sky (1994),57834,https://image.tmdb.org/t/p/w500/zG40OnO4Y98lo1iDHyFo5TaZyP1.jpg
426,Body Snatchers (1993),4722,https://image.tmdb.org/t/p/w500/52uEKbVSpCyilZl0zRApq3zvVs3.jpg
427,Boxing Helena (1993),18215,https://image.tmdb.org/t/p/w500/vgs0h94IllpZRheIjBTonjR7Zf2.jpg
428,"Bronx Tale, A (1993)",1607,https://image.tmdb.org/t/p/w500/sDbO6LmLYtyqAoFTPpRcMgPSCEO.jpg
429,Cabin Boy (1994),26391,https://image.tmdb.org/t/p/w500/xy2BzE3siqU67VQCQ2k4xideNNM.jpg
430,Calendar Girl (1993),117553,https://image.tmdb.org/t/p/w500/ljSqZTl5oophHsH1Qtyv7AF2BW6.jpg
431,Carlito's Way (1993),6075,https://image.tmdb.org/t/p/w500/g6D7mjQtndu768cusGmoEQY9fTB.jpg
432,City Slickers II: The Legend of Curly's Gold (1994),11310,https://image.tmdb.org/t/p/w500/gh0lsyJARglhpbKmnY8i8M7V5bI.jpg
433,Clean Slate (1994),18658,https://image.tmdb.org/t/p/w500/kAYsvQvBVshLHGTIDGHcj9jTJq0.jpg
434,Cliffhanger (1993),9350,https://image.tmdb.org/t/p/w500/b28DOM54OHb1c7Lsk6Nu7Kwuonj.jpg
435,Coneheads (1993),9612,https://image.tmdb.org/t/p/w500/vlpQnf0rl0FpMjWLS0TNd8Bog2F.jpg
436,Color of Night (1994),2124,https://image.tmdb.org/t/p/w500/w1OBPkf3BxeC7543YzFwiKIwBFJ.jpg
437,Cops and Robbersons (1994),26261,https://image.tmdb.org/t/p/w500/wnkWgFU5UcLwbExCp1YtCg5Ox4E.jpg
438,"Cowboy Way, The (1994)",19176,https://image.tmdb.org/t/p/w500/5oBVSzbWD85zRCKIWm0KvhypUZU.jpg
439,Dangerous Game (1993),49299,https://image.tmdb.org/t/p/w500/lHD4z6KAjtDWKIMeChezIFon5bX.jpg
440,Dave (1993),11566,https://image.tmdb.org/t/p/w500/n7wQlcexeER5bW7DvV8sji2vRRH.jpg
441,Dazed and Confused (1993),9571,https://image.tmdb.org/t/p/w500/msG9awbLhVZwv1Eh9Ge7SofMexW.jpg
442,Demolition Man (1993),9739,https://image.tmdb.org/t/p/w500/dq6AmlVFo92PRuoLCcIyFdoRuxf.jpg
443,"Endless Summer 2, The (1994)",24257,https://image.tmdb.org/t/p/w500/89y5faI7wXFghUcsMtwfcVS6JBZ.jpg
444,Even Cowgirls Get the Blues (1993),34444,https://image.tmdb.org/t/p/w500/20x8nm0nPXkYv04COAHFA2AHyAl.jpg
445,Fatal Instinct (1993),26141,https://image.tmdb.org/t/p/w500/syewFnehGbbya5BdxoHLzrcm5Ne.jpg
446,Farewell My Concubine (1993),10997,https://image.tmdb.org/t/p/w500/f54hNIiHNINw3JiUJB2XaQl5wCN.jpg
447,"Favor, The (1994)",50463,https://image.tmdb.org/t/p/w500/uFooKexRxruACuxnkQVmwf3nNcU.jpg
448,Fearless (1993),10443,https://image.tmdb.org/t/p/w500/sFhzvwgv04VUmedB7pOO4cMP9xq.jpg
449,Fear of a Black Hat (1993),20239,https://image.tmdb.org/t/p/w500/jiJp7B74GBKJK8yCqLjMaFu24nJ.jpg
450,With Honors (1994),16297,https://image.tmdb.org/t/p/w500/eWJ2Y7CRvlv1KVfAJGRcH95i1pY.jpg
451,Flesh and Bone (1993),18551,https://image.tmdb.org/t/p/w500/gNaZSODlVRiQltGWjS8vQZEYJTq.jpg
452,Widows' Peak (1994),25440,https://image.tmdb.org/t/p/w500/xXyVUwvJesJJChzpvn7xj5cAOfm.jpg
453,For Love or Money (1993),9024,https://image.tmdb.org/t/p/w500/6qjr1LWkoJQJ1HXwYJj0edPk9EW.jpg
454,"Firm, The (1993)",37233,https://image.tmdb.org/t/p/w500/kFexXCzidkm4LwlgZqxsJsDQB5v.jpg
455,Free Willy (1993),1634,https://image.tmdb.org/t/p/w500/9iBgd9gi9ztWiVcYSG6zl8wDFBN.jpg
456,Fresh (1994),13815,https://image.tmdb.org/t/p/w500/uXRIIUzjDZZdWR2cUzPJ9eAqaHv.jpg
457,"Fugitive, The (1993)",5503,https://image.tmdb.org/t/p/w500/b3rEtLKyOnF89mcK75GXDXdmOEf.jpg
458,Geronimo: An American Legend (1993),35588,https://image.tmdb.org/t/p/w500/9FNuwnhHngkblD6eVRXnmJN8kQq.jpg
459,"Getaway, The (1994)",2087,https://image.tmdb.org/t/p/w500/ftbdJTJi6mR5iZV5ESJWv8f8pWN.jpg
460,Getting Even with Dad (1994),41579,https://image.tmdb.org/t/p/w500/txsmdQqbgSz5Zu3rgd9fglMqKA4.jpg
461,Go Fish (1994),18620,https://image.tmdb.org/t/p/w500/4hczdEX2RmQTOmiIKygoOYCy0bI.jpg
462,"Good Man in Africa, A (1994)",41006,https://image.tmdb.org/t/p/w500/4BBZLZVEANsnCVqIF9fgf0bshQD.jpg
463,Guilty as Sin (1993),4916,https://image.tmdb.org/t/p/w500/a5b53cYM23bUA7OyoNyDtIJ38kc.jpg
464,Hard Target (1993),2019,https://image.tmdb.org/t/p/w500/mXCM7pmUFUGp7QzSmare3RITe6n.jpg
465,Heaven & Earth (1993),31642,https://image.tmdb.org/t/p/w500/hvvR7Yf743pc2E2F1VJ2dfZl7OZ.jpg
466,Hot Shots! Part Deux (1993),9255,https://image.tmdb.org/t/p/w500/zh9EGK970GHo10ETclWBOjZVUOK.jpg
467,Live Nude Girls (1995),26271,https://image.tmdb.org/t/p/w500/vg9piYFtCTHep2V5EmLjwsYMzn2.jpg
468,"Englishman Who Went Up a Hill, But Came Down a Mountain, The (1995)",10612,https://image.tmdb.org/t/p/w500/s96XNz6eBsYDK3A9nVyEuHdv7BG.jpg
469,"House of the Spirits, The (1993)",2259,https://image.tmdb.org/t/p/w500/pS5xqILNBxcjRqLZROIkO4wszrU.jpg
470,House Party 3 (1994),16097,https://image.tmdb.org/t/p/w500/jLUgvHO3vVLkzKs3OcYksGPbLnA.jpg
471,"Hudsucker Proxy, The (1994)",11934,https://image.tmdb.org/t/p/w500/bp5Kg9iT9oSXsECgDkNJVqvIrxX.jpg
472,I'll Do Anything (1994),106143,https://image.tmdb.org/t/p/w500/q7CFDCUNfuOxZssINLGkPE9m2l1.jpg
473,In the Army Now (1994),12475,https://image.tmdb.org/t/p/w500/cNIIDaJM9nsDP9tTmAN6sjKpeiN.jpg
474,In the Line of Fire (1993),9386,https://image.tmdb.org/t/p/w500/3NvOFpmyECI3DNExYMtFIRcGMsu.jpg
475,In the Name of the Father (1993),7984,https://image.tmdb.org/t/p/w500/3NcIkKxaO2SmRVsG1v50XhtmL0f.jpg
476,"Inkwell, The (1994)",59930,https://image.tmdb.org/t/p/w500/b5qUq9l6ci9KzzAqYhpdxzjY7qi.jpg
477,What's Love Got to Do with It? (1993),15765,https://image.tmdb.org/t/p/w500/btC4819GhihmkCELqO3qgepNGos.jpg
478,Jimmy Hollywood (1994),31643,https://image.tmdb.org/t/p/w500/o066KgKkw32T4ShvgYO7qHDzZt0.jpg
479,Judgment Night (1993),6,https://image.tmdb.org/t/p/w500/3rvvpS9YPM5HB2f4HYiNiJVtdam.jpg
480,Jurassic Park (1993),329,https://image.tmdb.org/t/p/w500/maFjKnJ62hDQ9E66dKqDZgbUy0H.jpg
481,Kalifornia (1993),10909,https://image.tmdb.org/t/p/w500/aXyA3UvVaXBoX2zq9zH7NcK5rKT.jpg
482,Killing Zoe (1994),507,https://image.tmdb.org/t/p/w500/k3UEKMVnkljOlsO5sLmz87YGlaG.jpg
483,King of the Hill (1993),34024,https://image.tmdb.org/t/p/w500/s2sed4Wpa5NJobKhjiB7T0lmUVS.jpg
484,Lassie (1994),29918,https://image.tmdb.org/t/p/w500/5Tz2rzFivQKmMBz5T8Cj7M7CdnI.jpg
485,Last Action Hero (1993),9593,https://image.tmdb.org/t/p/w500/vkhEaWAv5j3qgrOGp3BgMeiYPKj.jpg
486,Life with Mikey (1993),42580,https://image.tmdb.org/t/p/w500/dKsvF5t5xsm17HG3GJzQQGJpJzP.jpg
487,Lightning Jack (1994),22317,https://image.tmdb.org/t/p/w500/4YoRERjKWO2442ezcvgEjAZuxWP.jpg
488,M. Butterfly (1993),1413,https://image.tmdb.org/t/p/w500/vfutnJ9sgpAtNuPemksd26gd5dC.jpg
489,Made in America (1993),12121,https://image.tmdb.org/t/p/w500/1NLhOZN4AcTSvEPMI3HCjTVSfvy.jpg
490,Malice (1993),2246,https://image.tmdb.org/t/p/w500/6kcjUrhvHrXSLDLQHvcOvJmLSqs.jpg
491,"Man Without a Face, The (1993)",10502,https://image.tmdb.org/t/p/w500/9dmH2jc6jwlZo90JQTFOx4XaBWt.jpg
492,Manhattan Murder Mystery (1993),10440,https://image.tmdb.org/t/p/w500/zrzBIlMyAP7Ac9W5qAy5ssAUdK4.jpg
493,Menace II Society (1993),9516,https://image.tmdb.org/t/p/w500/nS7yqmSVeNoH22VXj69JoFCxW1h.jpg
494,Executive Decision (1996),2320,https://image.tmdb.org/t/p/w500/hLjXkFr9fHlWzRVwu1T31QSVHRq.jpg
495,In the Realm of the Senses (Ai no corrida) (1976),5879,https://image.tmdb.org/t/p/w500/AiFQbgjgSXWPfbi9iIYT39iXWMW.jpg
496,What Happened Was... (1994),83718,https://image.tmdb.org/t/p/w500/mke5aNX5cT6JIWk2ER4ng9dGNNL.jpg
497,Much Ado About Nothing (1993),11971,https://image.tmdb.org/t/p/w500/tvltGP6vYOkHdURag0jPSjhPUAV.jpg
498,Mr. Jones (1993),2625,https://image.tmdb.org/t/p/w500/rmAnfar51B0qSQ1Wkix0iKtUUnx.jpg
499,Mr. Wonderful (1993),31911,https://image.tmdb.org/t/p/w500/AtUjyMEXPR41JWZzGfHEzgmrrHq.jpg
500,Mrs. Doubtfire (1993),788,https://image.tmdb.org/t/p/w500/shHrSmXS5140o6sQzgzXxn3KqSm.jpg
501,Naked (1993),21450,https://image.tmdb.org/t/p/w500/xMYP4uaNeyPmX4FQ2xxWk2eIN6K.jpg
502,"Next Karate Kid, The (1994)",11231,https://image.tmdb.org/t/p/w500/wI3gCi9w1cuUJCiwhviAy46we9Q.jpg
503,"New Age, The (1994)",41588,https://image.tmdb.org/t/p/w500/k0qZgxIlGRPsgamNjIUDKhLmZGH.jpg
504,No Escape (1994),10447,https://image.tmdb.org/t/p/w500/jRwMdEb5bxwVARU2VmOADTflLfZ.jpg
505,North (1994),31586,https://image.tmdb.org/t/p/w500/e4JEG7dstmurXMUPOW9Jy6UDR9F.jpg
506,Orlando (1993),9300,https://image.tmdb.org/t/p/w500/seRawEs8eQ8rWfkBm6QC39EQEAU.jpg
507,"Perfect World, A (1993)",9559,https://image.tmdb.org/t/p/w500/kWX2CYM5TbWaZwll4ysh7OjVUmJ.jpg
508,Philadelphia (1993),9800,https://image.tmdb.org/t/p/w500/5RLPhlKVmoggebXqizgKqwtmRvJ.jpg
509,"Piano, The (1993)",713,https://image.tmdb.org/t/p/w500/dUxjG6baSzGIgP7R8BQI5rpMuET.jpg
510,Poetic Justice (1993),8291,https://image.tmdb.org/t/p/w500/6jE7Vzh3edBQtbbDcF4AC5gMX2g.jpg
511,"Program, The (1993)",18133,https://image.tmdb.org/t/p/w500/4pdbutHc9SLEPmdLKtlVffiLByP.jpg
512,Robert A. Heinlein's The Puppet Masters (1994),25557,https://image.tmdb.org/t/p/w500/8xJGom6fUqmVhJ7EWprZEHygUis.jpg
513,Radioland Murders (1994),22588,https://image.tmdb.org/t/p/w500/l9pvl3AH4UsUvLn4yUP0RR4pltx.jpg
514,"Ref, The (1994)",10872,https://image.tmdb.org/t/p/w500/ym7Kx3iDmalK8kXKvVQwnFYABEV.jpg
515,"Remains of the Day, The (1993)",1245,https://image.tmdb.org/t/p/w500/uDGDtqSvuch324WnM7Ukdp1bCAQ.jpg
516,Renaissance Man (1994),11858,https://image.tmdb.org/t/p/w500/iPRtaSfN8gNWFclgrcg5oD3V41i.jpg
517,Rising Sun (1993),7007,https://image.tmdb.org/t/p/w500/jVWEeZ383peKxwE284AdyHqq6GH.jpg
518,"Road to Wellville, The (1994)",10467,https://image.tmdb.org/t/p/w500/zh7OVdFMpqpZ027z9RgVIwzxYjZ.jpg
519,Robocop 3 (1993),5550,https://image.tmdb.org/t/p/w500/ppLSSwCuC5ERRWbu9H3R8SPL9AM.jpg
520,Robin Hood: Men in Tights (1993),8005,https://image.tmdb.org/t/p/w500/woexOLEkUlYsPLLuZRK6LjZaF38.jpg
521,Romeo Is Bleeding (1993),2088,https://image.tmdb.org/t/p/w500/ojXNRpHMXU99UFmF9MKKiJCymKr.jpg
522,Romper Stomper (1992),10412,https://image.tmdb.org/t/p/w500/urE3Jzl3zuz2XUmAq2rXubYn3SD.jpg
523,Ruby in Paradise (1993),47889,https://image.tmdb.org/t/p/w500/gk0vbIVYwpXxSf1wQbS2r9IsBoV.jpg
524,Rudy (1993),14534,https://image.tmdb.org/t/p/w500/fAbfTCRpjHe2rprXBly55KL1dL9.jpg
525,"Saint of Fort Washington, The (1993)",56583,https://image.tmdb.org/t/p/w500/e8ie1x22wFEo63LQBbpBDqIH4oY.jpg
526,"Savage Nights (Nuits fauves, Les) (1992)",41878,https://image.tmdb.org/t/p/w500/wPzs0G2LV6shi0zpxdYOVZcuBDP.jpg
527,Schindler's List (1993),424,https://image.tmdb.org/t/p/w500/sF1U4EUQS8YHUYjNl3pMGNIQyr0.jpg
528,"Scout, The (1994)",35233,https://image.tmdb.org/t/p/w500/a5b1k4wmZShLu1Fo19SzcOJKRlD.jpg
529,Searching for Bobby Fischer (1993),14291,https://image.tmdb.org/t/p/w500/oAJpHkMpfXiFY9F3HocIz9fhHLc.jpg
530,Second Best (1994),103413,https://image.tmdb.org/t/p/w500/aKnqvAIYLUXm1Lnih0Oc024HbYV.jpg
531,"Secret Garden, The (1993)",11236,https://image.tmdb.org/t/p/w500/zf6h5dJ7wVG7LqMO9dhHGHVejzj.jpg
532,Serial Mom (1994),11592,https://image.tmdb.org/t/p/w500/vAZkFho9YdIXPmMdHMwr10Go2FF.jpg
533,"Shadow, The (1994)",8850,https://image.tmdb.org/t/p/w500/xAbFJH3vQYZvUyzzGAtG4OLy492.jpg
534,Shadowlands (1993),10445,https://image.tmdb.org/t/p/w500/5jTWY1M2O4Zhid4rLOpftzazRGn.jpg
535,Short Cuts (1993),695,https://image.tmdb.org/t/p/w500/mbNTvbtWfV4soyErimDTdX67OAr.jpg
536,"Simple Twist of Fate, A (1994)",43535,https://image.tmdb.org/t/p/w500/2Jorj80Y4EVEAPDRVVdDXKSVUTw.jpg
537,Sirens (1994),12519,https://image.tmdb.org/t/p/w500/bOUDHgOlxANs1KsYZEsLSjZBTkd.jpg
538,Six Degrees of Separation (1993),23210,https://image.tmdb.org/t/p/w500/bROsFCnsHr0e09M7VA0aCcNF432.jpg
539,Sleepless in Seattle (1993),858,https://image.tmdb.org/t/p/w500/jAXfku1u1uaLGh4cUmK0ESf1pPu.jpg
540,Sliver (1993),867,https://image.tmdb.org/t/p/w500/g7PC2e2KqDkIfOoJx9iXJJez99d.jpg
541,Blade Runner (1982),78,https://image.tmdb.org/t/p/w500/63N9uy8nd9j7Eog2axPQ8lbr3Wj.jpg
542,Son in Law (1993),13203,https://image.tmdb.org/t/p/w500/gj4afHL9bMQ18opZzMp77tlPkAq.jpg
543,So I Married an Axe Murderer (1993),10442,https://image.tmdb.org/t/p/w500/zQlpQDKDADKlgqfMs1E191ofDJU.jpg
544,Striking Distance (1993),11074,https://image.tmdb.org/t/p/w500/1bLazrQWJQhO6u58vJZXJZ3ZFDh.jpg
545,Harlem (1993),39349,https://image.tmdb.org/t/p/w500/6bnYhhJS7vuDMRPVSplWaXdK49g.jpg
546,Super Mario Bros. (1993),9607,https://image.tmdb.org/t/p/w500/yt5bbMfKpg1nRr4k5edxs7tPK2m.jpg
547,Surviving the Game (1994),17585,https://image.tmdb.org/t/p/w500/wRtpJFGney5gqHmMb3JjT5WN3FH.jpg
548,Terminal Velocity (1994),9057,https://image.tmdb.org/t/p/w500/r6H0J7uu9n6D6p5HoJz7jMD90eI.jpg
549,Thirty-Two Short Films About Glenn Gould (1993),20967,https://image.tmdb.org/t/p/w500/3GTmkUpCb1uL7psLYqAHyIyld51.jpg
550,Threesome (1994),10635,https://image.tmdb.org/t/p/w500/vR6qwjChOV4Z9940VA9chucNpne.jpg
551,"Nightmare Before Christmas, The (1993)",9479,https://image.tmdb.org/t/p/w500/oQffRNjK8e19rF7xVYEN8ew0j7b.jpg
552,"Three Musketeers, The (1993)",10057,https://image.tmdb.org/t/p/w500/mk8UH7JRmK8adcqJJpB1ygP7B1C.jpg
553,Tombstone (1993),11969,https://image.tmdb.org/t/p/w500/wGFCvylul8iEQhJOKfwZGGvXMzA.jpg
554,Trial by Jury (1994),41590,https://image.tmdb.org/t/p/w500/uYVGv35bMH7MybbfvWHEC9xQDMY.jpg
555,True Romance (1993),319,https://image.tmdb.org/t/p/w500/39lXk6ud6KiJgGbbWI2PUKS7y2.jpg
556,"War Room, The (1993)",26408,https://image.tmdb.org/t/p/w500/prfxsyG4SnlnqqulavCJ4RksFUA.jpg
557,Mamma Roma (1962),47796,https://image.tmdb.org/t/p/w500/uVMv0t9JhisONjI2kMoTpcWL4oo.jpg
558,"Pagemaster, The (1994)",15139,https://image.tmdb.org/t/p/w500/iIWUuCjN8VND7BDugvf45LveA6p.jpg
559,"Paris, France (1993)",161158,https://image.tmdb.org/t/p/w500/thcPOPd5e497Ta0pYN8lSBkfYMN.jpg
560,"Beans of Egypt, Maine, The (1994)",218473,https://image.tmdb.org/t/p/w500/aPhwUrsviNrbBs8khuDHsnX9cn9.jpg
561,Killer (Bulletproof Heart) (1994),85247,https://image.tmdb.org/t/p/w500/nKEwcGrTl0kWcFQlbrhciP8wYtK.jpg
562,Welcome to the Dollhouse (1995),11446,https://image.tmdb.org/t/p/w500/fsMMOVto87pvUQyozOF9CaT9aMR.jpg
563,Germinal (1993),51980,https://image.tmdb.org/t/p/w500/cizv23RUxcpTrQt4kcOz7Sv6YJl.jpg
564,Chasers (1994),24405,https://image.tmdb.org/t/p/w500/mEG6fTyTjsA1vzTTqCXsiJzjdQ5.jpg
565,Cronos (1992),11655,https://image.tmdb.org/t/p/w500/bRX8au50CnhC8hXr8AbsCNdb96G.jpg
566,Naked in New York (1994),11800,https://image.tmdb.org/t/p/w500/gAufFGm2Qly8TYrhy4me9X35B7m.jpg
567,Kika (1993),8223,https://image.tmdb.org/t/p/w500/jUEBKaMqcvrz0HHF8Cei8asjRWr.jpg
568,Bhaji on the Beach (1993),14587,https://image.tmdb.org/t/p/w500/jq27h7iCkqwBP3Dd9DQnWdgfGGV.jpg
569,Little Big League (1994),31504,https://image.tmdb.org/t/p/w500/ps0GapKs4vuV38XX6VUbTZm8QS6.jpg
570,"Slingshot, The (Kådisbellan ) (1993)",41653,https://image.tmdb.org/t/p/w500/hu8OM6AkfZeYlG10q5aQ9e07PqZ.jpg
571,"Wedding Gift, The (1994)",53185,https://image.tmdb.org/t/p/w500/kZt6Lu6mqJPUfEcB851APlnHN4m.jpg
572,Foreign Student (1994),95743,https://image.tmdb.org/t/p/w500/4LexKl8qiKEneVN7uSVN3zDvVDZ.jpg
574,Spanking the Monkey (1994),17600,https://image.tmdb.org/t/p/w500/fuID31Ft8nWLcFRSQ7qZRlu49o7.jpg
575,"Little Rascals, The (1994)",10897,https://image.tmdb.org/t/p/w500/qI7PKX2JSw4yD2iQm3pyHvKir28.jpg
576,Fausto (1993),349394,https://image.tmdb.org/t/p/w500/hx95nBuHwprvE6f3N0Ho26s4Rtg.jpg
577,Andre (1994),21352,https://image.tmdb.org/t/p/w500/uo5BozBpQfKXGLPUeUkwBGLG0XW.jpg
578,"Hour of the Pig, The (1993)",70912,https://image.tmdb.org/t/p/w500/e6JNPDyNlbVMgLPT7Dbd5WRRHij.jpg
579,"Scorta, La (1993)",68806,https://image.tmdb.org/t/p/w500/bhUUl8DosoGRDiGuSGu5GXDdGzT.jpg
580,Princess Caraboo (1994),37345,https://image.tmdb.org/t/p/w500/a3Fw33tSGdO2eV8SULQigOITzH4.jpg
581,"Celluloid Closet, The (1995)",32562,https://image.tmdb.org/t/p/w500/x0DSh3uMeQk6EG1DHjGJUywN7C0.jpg
582,Metisse (Café au Lait) (1993),47507,https://image.tmdb.org/t/p/w500/ojNzabwK0IaAVIjQwcNhxBNYRmr.jpg
583,Dear Diary (Caro Diario) (1994),25403,https://image.tmdb.org/t/p/w500/rAjbgSUvZDoy5jPbC5jD6pWvlyZ.jpg
584,I Don't Want to Talk About It (De eso no se habla) (1993),124304,https://image.tmdb.org/t/p/w500/ijVUC5LFY2XA2FtLpz7WqMR29TL.jpg
585,"Brady Bunch Movie, The (1995)",9066,https://image.tmdb.org/t/p/w500/kbJfBJh5vEf5356Jlm6P37H48hD.jpg
586,Home Alone (1990),771,https://image.tmdb.org/t/p/w500/onTSipZ8R3bliBdKfPtsDuHTdlL.jpg
587,Ghost (1990),251,https://image.tmdb.org/t/p/w500/w9RaPHov8oM5cnzeE27isnFMsvS.jpg
588,Aladdin (1992),812,https://image.tmdb.org/t/p/w500/eLFfl7vS8dkeG1hKp5mwbm37V83.jpg
589,Terminator 2: Judgment Day (1991),280,https://image.tmdb.org/t/p/w500/jFTVD4XoWQTcg7wdyJKa8PEds5q.jpg
590,Dances with Wolves (1990),581,https://image.tmdb.org/t/p/w500/hw0ZEHAaTqTxSXGVwUFX7uvanSA.jpg
591,Tough and Deadly (1995),80350,https://image.tmdb.org/t/p/w500/ozqhRWXkNavtxWVk04bOQPgf5CZ.jpg
592,Batman (1989),268,https://image.tmdb.org/t/p/w500/cij4dd21v2Rk2YtUQbV5kW69WB2.jpg
593,"Silence of the Lambs, The (1991)",274,https://image.tmdb.org/t/p/w500/uS9m8OBk1A8eM9I042bx8XXpqAq.jpg
594,Snow White and the Seven Dwarfs (1937),408,https://image.tmdb.org/t/p/w500/3VAHfuNb6Z7UiW12iYKANSPBl8m.jpg
595,Beauty and the Beast (1991),10020,https://image.tmdb.org/t/p/w500/hUJ0UvQ5tgE2Z9WpfuduVSdiCiU.jpg
596,Pinocchio (1940),10895,https://image.tmdb.org/t/p/w500/bnZJrLRnoQHpzEJdka1KYfsAF3N.jpg
597,Pretty Woman (1990),114,https://image.tmdb.org/t/p/w500/hVHUfT801LQATGd26VPzhorIYza.jpg
598,Window to Paris (1994),41043,https://image.tmdb.org/t/p/w500/o8WmmNqcX3MLGdXYsBBs0QxBmxo.jpg
599,"Wild Bunch, The (1969)",576,https://image.tmdb.org/t/p/w500/8j9yEC3xjy1PJDSizIbaxcHaSph.jpg
600,Love and a .45 (1994),15477,https://image.tmdb.org/t/p/w500/xz7rXuL1lkc6tkt1rS0N05rxtRX.jpg
601,"Wooden Man's Bride, The (Wu Kui) (1994)",59146,https://image.tmdb.org/t/p/w500/6qX1sUq4daMpHWMhtWScYMKGGCn.jpg
602,"Great Day in Harlem, A (1994)",124472,https://image.tmdb.org/t/p/w500/606IorDjRMQZYaEdPBvjM8uI6qm.jpg
603,"Bye Bye, Love (1995)",30528,https://image.tmdb.org/t/p/w500/qMAvEXDLLhIKJzCSiMUgn1ypsO4.jpg
604,Criminals (1996),794317,https://image.tmdb.org/t/p/w500/qpfAJkiCUJo2QgkVhuCyuvKbb7I.jpg
605,One Fine Day (1996),7300,https://image.tmdb.org/t/p/w500/5NiRRR7JDNHOr21JNoGRxPWh9vb.jpg
606,Candyman: Farewell to the Flesh (1995),10824,https://image.tmdb.org/t/p/w500/2scgM9dFaHEppWb3tS99gCAh8KX.jpg
607,Century (1993),261246,https://image.tmdb.org/t/p/w500/ntFKHMOKwJ42TCxOc3MVgTX4BXb.jpg
608,Fargo (1996),275,https://image.tmdb.org/t/p/w500/rt7cpEr1uP6RTZykBFhBTcRaKvG.jpg
609,Homeward Bound II: Lost in San Francisco (1996),25059,https://image.tmdb.org/t/p/w500/kfYawa9SF9MQ3ae0TXAfhDLFGv7.jpg
610,Heavy Metal (1981),11827,https://image.tmdb.org/t/p/w500/atUtWrDlLzT1yeVK2EoYtvbS963.jpg
611,Hellraiser: Bloodline (1996),8766,https://image.tmdb.org/t/p/w500/tCQsVackQil2fl5TzOYrCAI6All.jpg
612,"Pallbearer, The (1996)",23570,https://image.tmdb.org/t/p/w500/zwHI9B3kcj3WqZoE2LaLDi6ZeAO.jpg
613,Jane Eyre (1996),47333,https://image.tmdb.org/t/p/w500/2vyt97wy8dEJYILoDoiPwTzLnzK.jpg
614,Loaded (1994),54850,https://image.tmdb.org/t/p/w500/4r5rgcUDYv8qMeQ8wzOPZsycjxY.jpg
616,"Aristocats, The (1970)",10112,https://image.tmdb.org/t/p/w500/1BVOSmQUhphMgnTxnXyfQ9tL1Sc.jpg
617,"Flower of My Secret, The (La Flor de Mi Secreto) (1995)",4307,https://image.tmdb.org/t/p/w500/u172NHV9SvqgVDSyRayJIPK2Brl.jpg
618,Two Much (1996),46029,https://image.tmdb.org/t/p/w500/65WB70Jhi3G2c5C41PyL5pl9L9p.jpg
619,Ed (1996),32308,https://image.tmdb.org/t/p/w500/oSNX3zyTpRMN0ExtOobt7eaJfPD.jpg
620,Scream of Stone (Schrei aus Stein) (1991),88893,https://image.tmdb.org/t/p/w500/egROOqQo00anjXFYd6YDZoM4VA3.jpg
621,My Favorite Season (1993),52873,https://image.tmdb.org/t/p/w500/mWQhnhvNo8B2WRZhvv9XxrA7HgF.jpg
623,"Modern Affair, A (1995)",123505,https://image.tmdb.org/t/p/w500/puo4NoxBET3adp3iB6j7HmMjD5J.jpg
624,Condition Red (1995),340210,https://image.tmdb.org/t/p/w500/5resaGz69uNiR9UTj4sqYwLictG.jpg
625,Asfour Stah (1990),44281,https://image.tmdb.org/t/p/w500/uI7hb9flZetd0KZoN2BGHLq4uvZ.jpg
626,"Thin Line Between Love and Hate, A (1996)",28121,https://image.tmdb.org/t/p/w500/wo9AGi5LlFXZUj8MDPq3eKCUMpd.jpg
627,"Last Supper, The (1995)",12520,https://image.tmdb.org/t/p/w500/oIgPiiM0qD1mCo1SYG3Sd0vmKTa.jpg
628,Primal Fear (1996),1592,https://image.tmdb.org/t/p/w500/qJf2TzE8nRTFbFMPJNW6c8mI0KU.jpg
629,Rude (1995),166901,https://image.tmdb.org/t/p/w500/439AGtHRMO9TGUfiFZ97odEdvq.jpg
630,Carried Away (1996),36447,https://image.tmdb.org/t/p/w500/58pT6TIvkQNJYefpeKFa3nBwcSr.jpg
631,All Dogs Go to Heaven 2 (1996),19042,https://image.tmdb.org/t/p/w500/kNmIJILOW9qF2F1Z0qOXkadaS50.jpg
632,Land and Freedom (Tierra y libertad) (1995),38884,https://image.tmdb.org/t/p/w500/u5QRqW0vFYMHFzeQJ4oFgJtu5Xp.jpg
633,Denise Calls Up (1995),47449,https://image.tmdb.org/t/p/w500/ab8iYcRfEAFwzcrkYP8tJBISX1E.jpg
634,Theodore Rex (1995),36259,https://image.tmdb.org/t/p/w500/fUUbOE91SK4GCpiyftEY5USjCh1.jpg
635,"Family Thing, A (1996)",41852,https://image.tmdb.org/t/p/w500/1IHxwmguaeytGo6m0wZaS0s3fP.jpg
636,Frisk (1995),40926,https://image.tmdb.org/t/p/w500/2BsmfL2wr4sAjrsBFePewmslnXO.jpg
637,Sgt. Bilko (1996),9099,https://image.tmdb.org/t/p/w500/q4zmVdQq35ZBj8uyxsU2RCPOQxo.jpg
638,Jack and Sarah (1995),2021,https://image.tmdb.org/t/p/w500/yWMj1KMfnixB35qa2IZKniHF4sn.jpg
639,Girl 6 (1996),61752,https://image.tmdb.org/t/p/w500/1SSYCOTrHucd9aBCyTfbLWcJ2zD.jpg
640,Diabolique (1996),10988,https://image.tmdb.org/t/p/w500/zSW4A35r7Vpz0ainYJGb2QVwCh0.jpg
641,"Little Indian, Big City (Un indien dans la ville) (1994)",11479,https://image.tmdb.org/t/p/w500/nUFHWv42GRJcjLTQa5IYBEuVzmK.jpg
642,Roula (1995),398959,https://image.tmdb.org/t/p/w500/7vlYt3ekwqi8zD6zZp6YatixdQN.jpg
643,Peanuts - Die Bank zahlt alles (1996),287305,https://image.tmdb.org/t/p/w500/4fau0OjSK0wLhUMfvupJ2RQaYBB.jpg
644,Happy Weekend (1996),339428,https://image.tmdb.org/t/p/w500/w55hqfPue4RFKXYqDrufMxQ63oQ.jpg
645,Nelly & Monsieur Arnaud (1995),12652,https://image.tmdb.org/t/p/w500/87kKTPi9r7YIVrlo9Z42NwTXBVi.jpg
647,Courage Under Fire (1996),10684,https://image.tmdb.org/t/p/w500/vDJurMJkrx049AiXa3DJx5Zx7a4.jpg
648,Mission: Impossible (1996),954,https://image.tmdb.org/t/p/w500/l5uxY5m5OInWpcExIpKG6AR3rgL.jpg
650,Moll Flanders (1996),18989,https://image.tmdb.org/t/p/w500/lHVpzsvjLU7qSCB8UWFqIAavSRu.jpg
651,"Superweib, Das (1996)",10801,https://image.tmdb.org/t/p/w500/Aw7t5TYwvMt3Y55pcLsSBfikOy4.jpg
652,"301, 302 (1995)",54285,https://image.tmdb.org/t/p/w500/7gMh5BcWebJ5qy4M1529FjmK94H.jpg
653,Dragonheart (1996),8840,https://image.tmdb.org/t/p/w500/1J2FvxEoEKMFT9TjUdfhm0MJhZD.jpg
654,Und keiner weint mir nach (1996),278978,https://image.tmdb.org/t/p/w500/gT4SfSGVEJR4TMm1WIM56Qgq4dr.jpg
655,Mutters Courage (1995),124625,https://image.tmdb.org/t/p/w500/s7kkNyAWJZuNuD30vrh8cY79AuU.jpg
656,Eddie (1996),11107,https://image.tmdb.org/t/p/w500/qIJ4PU6WifgRs8RpiN3LkNYjzlS.jpg
657,Yankee Zulu (1994),16417,https://image.tmdb.org/t/p/w500/gOPkzkmi5XkGDUkurhpBK9gNHpI.jpg
658,Billy's Holiday (1995),70934,https://image.tmdb.org/t/p/w500/xe08JcSJuUzOijAsbl8HmlbspnU.jpg
659,Purple Noon (1960),10363,https://image.tmdb.org/t/p/w500/xGVRU34izQwG8YQNfVOSfKPhD3S.jpg
660,August (1996),161070,https://image.tmdb.org/t/p/w500/lWU5Sf6xQGzVWd2OkKlDZhdK29k.jpg
661,James and the Giant Peach (1996),10539,https://image.tmdb.org/t/p/w500/vNEGobe23vW43mSPYVaVaBLP6qV.jpg
662,Fear (1996),10543,https://image.tmdb.org/t/p/w500/ut8snuINzOibbKnvpTnsGWQr4Nl.jpg
663,Kids in the Hall: Brain Candy (1996),18414,https://image.tmdb.org/t/p/w500/j7LYkIa2KC98ZqZmFIjEmtvlv87.jpg
664,Faithful (1996),47502,https://image.tmdb.org/t/p/w500/dU1FhsiCDeXC7QlPycJo4swoLTF.jpg
665,Underground (1995),11902,https://image.tmdb.org/t/p/w500/h8N6y13t4VusrDdH5PzTkwvBvgN.jpg
666,All Things Fair (1996),27098,https://image.tmdb.org/t/p/w500/y1oFNynXrIzlPUe4CXKMR2dpNep.jpg
668,Pather Panchali (1955),5801,https://image.tmdb.org/t/p/w500/frZj5djlU9hFEjMcL21RJZVuG5O.jpg
669,Aparajito (1956),897,https://image.tmdb.org/t/p/w500/qvR2Qs42WHwCEcuwhQnterU3gVY.jpg
670,"World of Apu, The (Apur Sansar) (1959)",896,https://image.tmdb.org/t/p/w500/6Tz1Q69o2n3Zwb0ZffzPL0nFt2T.jpg
671,Mystery Science Theater 3000: The Movie (1996),3065,https://image.tmdb.org/t/p/w500/tlakU3uwNiUgd7aOlb2RoAsGTnY.jpg
672,Tarantella (1995),318177,https://image.tmdb.org/t/p/w500/smutDepG3PYjKmPgSuErwQEbmHf.jpg
673,Space Jam (1996),2300,https://image.tmdb.org/t/p/w500/4RN5El3Pj2W4gpwgiAGLVfSJv2g.jpg
674,Barbarella (1968),8069,https://image.tmdb.org/t/p/w500/facTz5BZz4AkJal1FWgjYciekih.jpg
676,They Bite (1996),187851,https://image.tmdb.org/t/p/w500/eIm9qNAZdDpwTyXs6aKN4fs3UWm.jpg
679,"Run of the Country, The (1995)",221917,https://image.tmdb.org/t/p/w500/ArlhiYSVjDeJKSl1qfCNdQH3DMW.jpg
680,Alphaville (1965),8072,https://image.tmdb.org/t/p/w500/fFJP3D5fJDFxN7ChqSye1DZ0fTL.jpg
681,Clean Slate (Coup de Torchon) (1981),35797,https://image.tmdb.org/t/p/w500/sYlANrZi5vxaHhmPaktuPlsO2Wz.jpg
682,Tigrero: A Film That Was Never Made (1994),88030,https://image.tmdb.org/t/p/w500/mLXywHBqww8uhCiJ6OM5RbOBZz9.jpg
683,"Eye of Vichy, The (Oeil de Vichy, L') (1993)",185191,https://image.tmdb.org/t/p/w500/65I2JFYRswmJHMJE7sAbqWpcYDH.jpg
684,Windows (1980),83857,https://image.tmdb.org/t/p/w500/j4xaABkDbVOJRb1xllsfN3z2CPB.jpg
687,Country Life (1994),124460,https://image.tmdb.org/t/p/w500/36jCH48ohLaJ2TLhUbauJZ9FebH.jpg
688,Operation Dumbo Drop (1995),27281,https://image.tmdb.org/t/p/w500/qIJlpbMCKg9O1C7gaiyDFaUWf9b.jpg
691,Mrs. Winterbourne (1996),40001,https://image.tmdb.org/t/p/w500/ppHqVo9uAFZYMvRm9x0XUtnyQPR.jpg
692,Solo (1996),29621,https://image.tmdb.org/t/p/w500/9qqdpyYVnU5zY5KsTKCIp5gpZoV.jpg
694,"Substitute, The (1996)",20762,https://image.tmdb.org/t/p/w500/7vfzvhPMNauUXrVxVOPEfpOsful.jpg
695,True Crime (1995),37144,https://image.tmdb.org/t/p/w500/nPYe83tWVSwVFRyWa6f5aaE7bbu.jpg
696,Butterfly Kiss (1995),48260,https://image.tmdb.org/t/p/w500/dmQ2rKLSsofdXok2y9Xp5gfUqaB.jpg
697,Feeling Minnesota (1996),12656,https://image.tmdb.org/t/p/w500/fCJ5eUZw6mGS53spQxGUu7rzFm1.jpg
699,To Cross the Rubicon (1991),277270,
700,Angus (1995),25969,https://image.tmdb.org/t/p/w500/x1Py4TB8Y0Wx9IZ62derpSDqwjd.jpg
701,Daens (1992),44103,https://image.tmdb.org/t/p/w500/jH0dtpIBt0w0KGsj60zXtHCABqT.jpg
702,Faces (1968),753,https://image.tmdb.org/t/p/w500/qTkhxFQ0o6DEtTtPXkv4IA5M90J.jpg
703,Boys (1996),43634,https://image.tmdb.org/t/p/w500/kxpLUlvqptToQbLZJbQ7YO4MUAe.jpg
704,"Quest, The (1996)",9103,https://image.tmdb.org/t/p/w500/xMDo0ewl6XMZei44UNGMfho6eBq.jpg
705,Cosi (1996),90214,https://image.tmdb.org/t/p/w500/g4b3tEgmPSq7mZ7db1r9i5jHEHV.jpg
706,Sunset Park (1996),29649,https://image.tmdb.org/t/p/w500/rkt8cYfOV6vcqlDbut7jak9qaPh.jpg
707,Mulholland Falls (1996),10990,https://image.tmdb.org/t/p/w500/tT5rYDXloX5ZxISr8HdlRC9TBcP.jpg
708,"Truth About Cats & Dogs, The (1996)",8866,https://image.tmdb.org/t/p/w500/iECTzpGdAMrkEeoYvuYsCxdmW2G.jpg
709,Oliver & Company (1988),12233,https://image.tmdb.org/t/p/w500/x8XqdiZ0Oxu5iXF9SiFub9Lae8J.jpg
710,Celtic Pride (1996),23449,https://image.tmdb.org/t/p/w500/5P3p9I2ADnTbBdIAl4ZUeUXGuIi.jpg
711,Flipper (1996),36355,https://image.tmdb.org/t/p/w500/tEtFJvmAOteCsfq3MCB5EXeaC4x.jpg
712,Captives (1994),37667,https://image.tmdb.org/t/p/w500/7rOOxUNrTLZMT6KAdBd8WMnElsd.jpg
713,Of Love and Shadows (1994),90148,https://image.tmdb.org/t/p/w500/aJuOamSPeB3GBJXhLnwPCcietyG.jpg
714,Dead Man (1995),922,https://image.tmdb.org/t/p/w500/jX3wGBVoYoAY3IixBpwYk1fjT4z.jpg
715,"Horseman on the Roof, The (Hussard sur le toit, Le) (1995)",11876,https://image.tmdb.org/t/p/w500/tsmwnxi8hGXQTNVqBRCAVsfeGON.jpg
716,Switchblade Sisters (1975),52633,https://image.tmdb.org/t/p/w500/axVIxmkYZFBDwMMhifeUXLHzu56.jpg
717,Mouth to Mouth (Boca a boca) (1995),62364,https://image.tmdb.org/t/p/w500/j0ovimfy5YFwWMOBO8jtkvOmtdf.jpg
718,"Visitors, The (Les Visiteurs) (1993)",11687,https://image.tmdb.org/t/p/w500/hPCq0buG5PaXgKjzT2ktjrjlpbj.jpg
719,Multiplicity (1996),9304,https://image.tmdb.org/t/p/w500/rlG2vi85uSEwWigVTtqDecVFTxR.jpg
720,Wallace & Gromit: The Best of Aardman Animation (1996),503475,https://image.tmdb.org/t/p/w500/tWkYclnnChwoMMBFECsEjd5hb77.jpg
722,"Haunted World of Edward D. Wood Jr., The (1995)",73183,https://image.tmdb.org/t/p/w500/gWbwYJIRisTiur9aqMQKSHkiGTB.jpg
723,Two Friends (1986),123067,https://image.tmdb.org/t/p/w500/AuXOXyg6uYFkvQoTB617mq7sQPg.jpg
724,"Craft, The (1996)",9100,https://image.tmdb.org/t/p/w500/8bW2RdRkloYtEPhbQZN4wcdmJP4.jpg
725,"Great White Hype, The (1996)",20759,https://image.tmdb.org/t/p/w500/yEPiu0mC4NqMHOoFLsC6CxQW34d.jpg
726,Last Dance (1996),46063,https://image.tmdb.org/t/p/w500/hsMe9TYfPs1VfpZs9xVLZBVGcES.jpg
727,War Stories (1995),365371,https://image.tmdb.org/t/p/w500/qak8Mk1flb1dQwnBRAC0RNxFsOt.jpg
728,Cold Comfort Farm (1995),32513,https://image.tmdb.org/t/p/w500/fkPm7MQhn3YqcRDM9qFDKNHiw7D.jpg
729,"Institute Benjamenta, or This Dream People Call Human Life (1995)",40651,https://image.tmdb.org/t/p/w500/sbAYYXZNY6iofJa1EfylnR9MrkC.jpg
731,Heaven's Prisoners (1996),36915,https://image.tmdb.org/t/p/w500/yUWVNHA3dVc1CmxNIcXZWqbqWc8.jpg
732,Original Gangstas (1996),40507,https://image.tmdb.org/t/p/w500/uirrsTZmoPmscHZdyWz4tiXVqHE.jpg
733,"Rock, The (1996)",9802,https://image.tmdb.org/t/p/w500/eBcoxveWzzXQrCrwWMGAROcqgpP.jpg
734,Getting Away With Murder (1996),25697,https://image.tmdb.org/t/p/w500/zL9RbLQrhTyi60ZeXjc8hEIaTxf.jpg
735,Cemetery Man (Dellamorte Dellamore) (1994),21588,https://image.tmdb.org/t/p/w500/cI5AV3jCuxmoQp0N7Z16SI2b7Xk.jpg
736,Twister (1996),664,https://image.tmdb.org/t/p/w500/d4ie3f6QTvNw40V770Uzo87SDZn.jpg
737,Barb Wire (1996),11867,https://image.tmdb.org/t/p/w500/eACq1joafhQTD12gGXNS13J06B.jpg
738,"Garcu, Le (1995)",47119,https://image.tmdb.org/t/p/w500/5JUEy8sDkzKp0Ok2G5KW2TCqYF4.jpg
739,Honigmond (1996),314352,https://image.tmdb.org/t/p/w500/mIhqYGCfc2rIyJMQRDYdecQC1S8.jpg
741,Ghost in the Shell (Kokaku kidotai) (1995),9323,https://image.tmdb.org/t/p/w500/9gC88zYUBARRSThcG93MvW14sqx.jpg
742,Thinner (1996),10280,https://image.tmdb.org/t/p/w500/nXqHqsQXA0jJpCaUsyre1Yw18oV.jpg
743,Spy Hard (1996),10535,https://image.tmdb.org/t/p/w500/yoegp9XEG4YCbJJKR0wvm0BGYpG.jpg
744,Brothers in Trouble (1995),124613,https://image.tmdb.org/t/p/w500/hzPSO1tehGTkqtJjc79ONicQnfJ.jpg
745,"Close Shave, A (1995)",532,https://image.tmdb.org/t/p/w500/qdIR27trLyrlJ5nmkbcG3Bomah6.jpg
746,Force of Evil (1948),26744,https://image.tmdb.org/t/p/w500/x33LVKf4yWdjMeczJkzE5sIw4VG.jpg
747,"Stupids, The (1996)",16299,https://image.tmdb.org/t/p/w500/uR0EPkE66y2DU21NOZAu6xtfpQL.jpg
748,"Arrival, The (1996)",10547,https://image.tmdb.org/t/p/w500/jgPMhzBAZSTMe5sRkNThiuR7dO0.jpg
749,"Man from Down Under, The (1943)",245268,https://image.tmdb.org/t/p/w500/vkduflNPvXr2NegyqV3OhOtxrnr.jpg
751,Careful (1992),55613,https://image.tmdb.org/t/p/w500/qolQ7M5hpbBwcvpMpfeSMyU64rs.jpg
753,"Month by the Lake, A (1995)",41007,https://image.tmdb.org/t/p/w500/cgoiGvNffe4tZC33x6RIQQiKIp9.jpg
754,Gold Diggers: The Secret of Bear Mountain (1995),35645,https://image.tmdb.org/t/p/w500/6USWKkOjS40KY19Q0gPEelEiDhc.jpg
755,Kim (1950),110465,https://image.tmdb.org/t/p/w500/naUTqET84gVJcn0e1AnA3eL05t1.jpg
757,Ashes of Time (1994),40751,https://image.tmdb.org/t/p/w500/ciyEwAbvoMHPP3281cgSnfslu43.jpg
758,"Jar, The (Khomreh) (1992)",275096,https://image.tmdb.org/t/p/w500/rupg2QX2BAVlwbD6zMWxZa3kIO5.jpg
759,Maya Lin: A Strong Clear Vision (1994),85778,https://image.tmdb.org/t/p/w500/fqYvHdWNV84yF7zPV3ENHOZ2Jow.jpg
760,Stalingrad (1993),11101,https://image.tmdb.org/t/p/w500/rB78VDAOK94KJWp9ofgE3GSQEor.jpg
761,"Phantom, The (1996)",9826,https://image.tmdb.org/t/p/w500/8k8RSMkmGR9Lp6FbKtithM3KIQb.jpg
762,Striptease (1996),9879,https://image.tmdb.org/t/p/w500/4zMy6R7acotCmGoDk4sjzRtDwKn.jpg
764,Heavy (1995),144183,https://image.tmdb.org/t/p/w500/2e9A2aL69xPNprJ3MIojhgmrKm5.jpg
765,Jack (1996),7095,https://image.tmdb.org/t/p/w500/9W6UI8UQ4YdLCAaPFd0lcKJ1tX4.jpg
766,I Shot Andy Warhol (1996),26890,https://image.tmdb.org/t/p/w500/8BLETXcQDxooKo8NubmmJ1psIhb.jpg
767,"Grass Harp, The (1995)",46732,https://image.tmdb.org/t/p/w500/pcdi92LC26RW3zm97SwF3NXYTUr.jpg
768,Someone Else's America (1995),124633,https://image.tmdb.org/t/p/w500/xtJfxmlIe3iRFFTP4TNFRwacVz.jpg
772,Quartier Mozart (1992),196940,https://image.tmdb.org/t/p/w500/399VYKyl8sBpz3MEDunsyfgAl1z.jpg
773,Touki Bouki (Journey of the Hyena) (1973),77771,https://image.tmdb.org/t/p/w500/kcBYKHyg9GcQqa6DWq0AuQDhtPI.jpg
774,Wend Kuuni (God's Gift) (1982),181083,https://image.tmdb.org/t/p/w500/7t0xjFUqy4T9gcM9lKYle8tTIq3.jpg
775,Spirits of the Dead (Tre Passi nel Delirio) (1968),41225,https://image.tmdb.org/t/p/w500/9HmCwfPG7URPSXSrmEAFN65VoWE.jpg
776,Babyfever (1994),188589,https://image.tmdb.org/t/p/w500/gQn2m8ybMbuOCntVlkpRuKFEavX.jpg
777,Pharaoh's Army (1995),87190,https://image.tmdb.org/t/p/w500/yhzCZwkiFYrOrvmMlz14HnV0cM5.jpg
778,Trainspotting (1996),627,https://image.tmdb.org/t/p/w500/y0HmDV0bZDTtXWHqqYYbT9XoshB.jpg
779,'Til There Was You (1997),32872,https://image.tmdb.org/t/p/w500/ndbW89bKquf5gMXgncY2fCkrIa.jpg
780,Independence Day (ID4) (1996),579480,https://image.tmdb.org/t/p/w500/gw01HpYoNXZbhG6GBQq8yGYPxnL.jpg
781,Stealing Beauty (1996),14553,https://image.tmdb.org/t/p/w500/5ugxnyVmBK952bwOcE4M0szNimx.jpg
782,"Fan, The (1996)",9566,https://image.tmdb.org/t/p/w500/lu7CjP8YES5dJMCFg5O9o9jCkjl.jpg
783,"Hunchback of Notre Dame, The (1996)",10545,https://image.tmdb.org/t/p/w500/hImMgT9B27evYSRmfztqdDtX6qi.jpg
784,"Cable Guy, The (1996)",9894,https://image.tmdb.org/t/p/w500/YJt9l3RdrRohI95btQKPXwpdii.jpg
785,Kingpin (1996),11543,https://image.tmdb.org/t/p/w500/lVpejjxzBujSjLpxQ7hGe1s0wP2.jpg
786,Eraser (1996),9268,https://image.tmdb.org/t/p/w500/uu2gBpFElDfxTI6BI9bT4pZ4kvw.jpg
787,"Gate of Heavenly Peace, The (1995)",52059,https://image.tmdb.org/t/p/w500/a097YNBiTFR9eryZPylZ2INwExz.jpg
788,"Nutty Professor, The (1996)",9327,https://image.tmdb.org/t/p/w500/fMtb5aZoLRNbMnCkatFsTmPRfl5.jpg
789,"I, Worst of All (Yo, la peor de todas) (1990)",123763,https://image.tmdb.org/t/p/w500/svqJY9yyrPl42UbFaSbANvcTY9C.jpg
790,An Unforgettable Summer (1994),81949,https://image.tmdb.org/t/p/w500/aQeuQzrl1bU4lSz7qklkJEnZTAx.jpg
792,"Hungarian Fairy Tale, A (1987)",42005,https://image.tmdb.org/t/p/w500/h4OS61Kpd52ZqfvMIMGNdwiC2uB.jpg
793,My Life and Times With Antonin Artaud (En compagnie d'Antonin Artaud) (1993),124306,https://image.tmdb.org/t/p/w500/wDqebKxUMKbIzLKTKeCLXpK5QFW.jpg
794,Midnight Dancers (Sibak) (1994),183955,https://image.tmdb.org/t/p/w500/pIjJUGUptsElcaYmvld04ZPfw1O.jpg
795,Somebody to Love (1994),44535,https://image.tmdb.org/t/p/w500/9ShSfdYCbDoPtgZpZ1MbkrexuIQ.jpg
796,"Very Natural Thing, A (1974)",44495,https://image.tmdb.org/t/p/w500/nxHEvJU4Ae97gyTyi7TuGvusuXF.jpg
797,"Old Lady Who Walked in the Sea, The (Vieille qui marchait dans la mer, La) (1991)",78285,https://image.tmdb.org/t/p/w500/1neWsF03Ret9dSjF0wsKF7mZpKn.jpg
798,Daylight (1996),11228,https://image.tmdb.org/t/p/w500/bRWNxtm3q0QvIIM52uQqRIEvpl2.jpg
799,"Frighteners, The (1996)",10779,https://image.tmdb.org/t/p/w500/zcJbCMwFLJdn5OLjhYwMVaSB32R.jpg
800,Lone Star (1996),26748,https://image.tmdb.org/t/p/w500/lBxY8znsRoqa9Dy2NCe8I6GPsRm.jpg
801,Harriet the Spy (1996),38223,https://image.tmdb.org/t/p/w500/spTUUMgIVm4gOdWL35IoYWEuZQl.jpg
802,Phenomenon (1996),9294,https://image.tmdb.org/t/p/w500/5eK1HNf0Kl2vDPOeqf1kX4SKxrw.jpg
803,Walking and Talking (1996),49963,https://image.tmdb.org/t/p/w500/m8JMJQUfGwGt7gse8aoduAcTYE.jpg
804,She's the One (1996),11363,https://image.tmdb.org/t/p/w500/wNd6qM8Qa8tLFOiUOiEivh0qBkH.jpg
805,"Time to Kill, A (1996)",1645,https://image.tmdb.org/t/p/w500/w8UCke112E9jrhjKcwG32kyhTx5.jpg
806,American Buffalo (1996),31546,https://image.tmdb.org/t/p/w500/tkIMquxwzMzZUrnAv43e3w0eX0F.jpg
807,"Rendezvous in Paris (Rendez-vous de Paris, Les) (1995)",77056,https://image.tmdb.org/t/p/w500/rCdlWdkwA4MMVNdEQFXQKgxqkzw.jpg
808,Alaska (1996),36344,https://image.tmdb.org/t/p/w500/8TtnhRd4ls1xWzz3h9F5AyJuxil.jpg
809,Fled (1996),18550,https://image.tmdb.org/t/p/w500/5oGdTgWXCOKerrfdBxJrOlFyifL.jpg
810,Kazaam (1996),11511,https://image.tmdb.org/t/p/w500/k6kXq27UVxf7zGCWSvygYYIp9eP.jpg
811,"Bewegte Mann, Der (1994)",159,https://image.tmdb.org/t/p/w500/2TcZBHcseRXLxNq2RXnKIsbKZwi.jpg
812,Magic Hunter (1994),172198,https://image.tmdb.org/t/p/w500/wTQ77lqIwlJBz98IeCO4srTmT0B.jpg
813,Larger Than Life (1996),34170,https://image.tmdb.org/t/p/w500/jdpEVxE5IUQv1qEBxWcQM49qDF9.jpg
816,Two Deaths (1995),124645,https://image.tmdb.org/t/p/w500/l8hW8NMFRLKLzFu8XQMEl1lv6AI.jpg
818,"Very Brady Sequel, A (1996)",12606,https://image.tmdb.org/t/p/w500/7xqOkzAQvXCLkDtmlWU6HZnOhru.jpg
819,Stefano Quantestorie (1993),69895,https://image.tmdb.org/t/p/w500/gxV6O7elYGvfzWmvzROq2NWtaG.jpg
820,"Death in the Garden (Mort en ce jardin, La) (1956)",35206,https://image.tmdb.org/t/p/w500/3HSPxDE0rvvvklNxYqba8glk3S5.jpg
821,"Crude Oasis, The (1995)",525936,https://image.tmdb.org/t/p/w500/1FrbZeFn5yhjlsfP4FkKV0lv8l.jpg
822,Hedd Wyn (1992),151489,https://image.tmdb.org/t/p/w500/fkQJVqXittOKXTubdiID5cRFExr.jpg
823,"Collectionneuse, La (1967)",4837,https://image.tmdb.org/t/p/w500/rMVluFrpfeCtcCUtDkjklbBirry.jpg
824,Kaspar Hauser (1993),12632,https://image.tmdb.org/t/p/w500/7gA2f8X9bim0905iC5NMXCJh7OS.jpg
825,Echte Kerle (1996),9098,https://image.tmdb.org/t/p/w500/yh8IiyblpNt8QSK2r7FMStuI85q.jpg
827,"Convent, The (Convento, O) (1995)",124614,https://image.tmdb.org/t/p/w500/tRo6ETYSdSW98u8SmCvKrG57jTG.jpg
828,"Adventures of Pinocchio, The (1996)",18975,https://image.tmdb.org/t/p/w500/phkWgoGsdusq7a41Gug0RTGB5Ph.jpg
829,Joe's Apartment (1996),11962,https://image.tmdb.org/t/p/w500/a06jrMRurcq7sYdhFK2LNs8bRt8.jpg
830,"First Wives Club, The (1996)",2925,https://image.tmdb.org/t/p/w500/2ApifgYnfdJUSmCKzTBrWOYYWsn.jpg
831,Stonewall (1995),28628,https://image.tmdb.org/t/p/w500/pCkn7r7V9UFmtuREaKmaoI5OeeT.jpg
832,Ransom (1996),3595,https://image.tmdb.org/t/p/w500/4nmOA5ZOY2VlHzwSlKY03sF2JUz.jpg
833,High School High (1996),9308,https://image.tmdb.org/t/p/w500/rVaKt2stFzTfae2VEuTz3hlF3yC.jpg
834,Phat Beach (1996),92381,https://image.tmdb.org/t/p/w500/qp0oxzhvQWfkVZ2Iy6uhklrT0g0.jpg
835,Foxfire (1996),18555,https://image.tmdb.org/t/p/w500/ywrSScJT43HerqWPlMu8nigLFzg.jpg
836,Chain Reaction (1996),12123,https://image.tmdb.org/t/p/w500/4ahjVHwXXsq5zK57ds8FwWY73MS.jpg
837,Matilda (1996),10830,https://image.tmdb.org/t/p/w500/wYoDpWInsBEVSmWStnRH06ddoyk.jpg
838,Emma (1996),3573,https://image.tmdb.org/t/p/w500/fM5goQ6c3uq3hzNJj3ZAFfTFkX9.jpg
839,"Crow: City of Angels, The (1996)",10546,https://image.tmdb.org/t/p/w500/2UcsA1INh3z3MF1KPTf56SFQHOo.jpg
840,House Arrest (1996),18862,https://image.tmdb.org/t/p/w500/mpQg8IgbmrMY0skgpTXBA9EhiWy.jpg
842,Tales from the Crypt Presents: Bordello of Blood (1996),9431,https://image.tmdb.org/t/p/w500/aKkUQ0Zd9TFlqfcMMHFKQBB15wZ.jpg
843,Lotto Land (1995),124619,https://image.tmdb.org/t/p/w500/mWtbZoPAAYPwckYyMdrRdm5wV5F.jpg
846,Flirt (1995),46986,https://image.tmdb.org/t/p/w500/6DGq5lReLwfrfaeidNeHpYtAZ9Q.jpg
847,"Big Squeeze, The (1996)",144982,https://image.tmdb.org/t/p/w500/e29bxyk9pOKcswJ98LbeLkkEFvc.jpg
848,"Spitfire Grill, The (1996)",47907,https://image.tmdb.org/t/p/w500/8msETDMD6sxIkN3YtIFbCy23CBP.jpg
849,Escape from L.A. (1996),10061,https://image.tmdb.org/t/p/w500/3L9lL2eUsmLNNfENPwNOc82Hzpw.jpg
850,Cyclo (1995),36266,https://image.tmdb.org/t/p/w500/mdOsnSVTLwHMEH1juOLMiwXcO5o.jpg
851,Basquiat (1996),549,https://image.tmdb.org/t/p/w500/gFfVhN8BbgHhMb3ZNQRAH5xc7kq.jpg
852,Tin Cup (1996),10478,https://image.tmdb.org/t/p/w500/rB7OvMmjcBFoogleORaUqrRgp8g.jpg
853,Dingo (1992),883720,https://image.tmdb.org/t/p/w500/9StVB5XXizi2fIF2tWK5mCVyiFw.jpg
854,"Ballad of Narayama, The (Narayama Bushiko) (1958)",116690,https://image.tmdb.org/t/p/w500/kwvNyyXFsVAPg9PYQsogcXj99lV.jpg
855,Every Other Weekend (1990),213917,https://image.tmdb.org/t/p/w500/gnFCn8qaZzADt57XFmMrKo6FAZ1.jpg
856,Mille bolle blu (1993),145925,https://image.tmdb.org/t/p/w500/bD7VryaPAOXvS3j4WSqTAUj4BvP.jpg
857,Crows and Sparrows (1949),100914,https://image.tmdb.org/t/p/w500/juYhFYzNmde8r55NNUxly93mR3T.jpg
858,"Godfather, The (1972)",238,https://image.tmdb.org/t/p/w500/3bhkrj58Vtu7enYsRolD1fZdja1.jpg
859,"Hippie Revolution, The (1996)",484245,https://image.tmdb.org/t/p/w500/p5SC0B48GKtwOMLVK0qdY4p164F.jpg
860,"Maybe, Maybe Not (Bewegte Mann, Der) (1994)",159,https://image.tmdb.org/t/p/w500/2TcZBHcseRXLxNq2RXnKIsbKZwi.jpg
861,Supercop (1992),11134,https://image.tmdb.org/t/p/w500/wHeJWZDXegVEiBGBfnc7LGffuF6.jpg
862,Manny & Lo (1996),88224,https://image.tmdb.org/t/p/w500/1aaykv8QSg5iXOVXcaIy1mm0qd4.jpg
864,"Wife, The (1995)",83720,https://image.tmdb.org/t/p/w500/l5AulH4Ns3SrqbuzjVy8ns654x6.jpg
865,Small Faces (1995),42758,https://image.tmdb.org/t/p/w500/pYFtU8vFj86TY435w99aK5fNjzl.jpg
866,Bound (1996),9303,https://image.tmdb.org/t/p/w500/9qAy6UWVw44dGrsyKrdEMt5qIUM.jpg
867,Carpool (1996),23945,https://image.tmdb.org/t/p/w500/rYoZR4EtrfziT5WXhZzcNbH5GuE.jpg
868,Death in Brunswick (1991),37820,https://image.tmdb.org/t/p/w500/cYSxWdLCMNkwpth3PjsOpLxvFww.jpg
869,Kansas City (1996),22479,https://image.tmdb.org/t/p/w500/deD8SAbQYGvzcpRr50HUb9uj8xJ.jpg
870,Gone Fishin' (1997),9054,https://image.tmdb.org/t/p/w500/lGRHE7s2iGgJ0JNO9gxm8BJKelt.jpg
871,Lover's Knot (1996),241058,https://image.tmdb.org/t/p/w500/tAisZeScQ5aMyD6iUwpLcXOs7Hl.jpg
873,Shadow of Angels (Schatten der Engel) (1976),10232,https://image.tmdb.org/t/p/w500/oATeeK5N7t0ST7vxTpPllkGb34i.jpg
874,Killer: A Journal of Murder (1995),59569,https://image.tmdb.org/t/p/w500/bGhq64TzH7i1jSmK0tYHbDmgzVQ.jpg
875,Nothing to Lose (1994),410921,https://image.tmdb.org/t/p/w500/obRFIwQWBieexkUQtZBNROeZTcR.jpg
876,Police Story 4: Project S (Chao ji ji hua) (1993),38955,https://image.tmdb.org/t/p/w500/wYGXe2BRIyNX2z7Y6UdQoiw8yfk.jpg
877,Girls Town (1996),110513,https://image.tmdb.org/t/p/w500/4Qyr7s8heJnMm0rM20YwtSvYI77.jpg
878,Bye-Bye (1995),30528,https://image.tmdb.org/t/p/w500/qMAvEXDLLhIKJzCSiMUgn1ypsO4.jpg
879,"Relic, The (1997)",11015,https://image.tmdb.org/t/p/w500/fAG4nKPUWEIwGBpP38H64GGV8kl.jpg
880,"Island of Dr. Moreau, The (1996)",9306,https://image.tmdb.org/t/p/w500/hOJeQXve8W9rNRhdgC1WV3GQJyA.jpg
881,First Kid (1996),12559,https://image.tmdb.org/t/p/w500/t7yTkuXQpnougXmRIqgfT32axZi.jpg
882,"Trigger Effect, The (1996)",58770,https://image.tmdb.org/t/p/w500/9LZLXVwhhmkdye4JXoLP06fm5G2.jpg
884,Sweet Nothing (1995),124851,https://image.tmdb.org/t/p/w500/fQzq50uVV2vjaTUzUp3j0hZ00R6.jpg
885,Bogus (1996),3587,https://image.tmdb.org/t/p/w500/unp3wg7uzIV3HikMexGQJpO0OHc.jpg
886,Bulletproof (1996),10723,https://image.tmdb.org/t/p/w500/iI7G9YXxodrqkQPKis1y3EKP8wJ.jpg
887,Talk of Angels (1998),56077,https://image.tmdb.org/t/p/w500/8Gipm3UeFxYqT5EE1lxdGmjvDs8.jpg
888,Land Before Time III: The Time of the Great Giving (1995),19004,https://image.tmdb.org/t/p/w500/abcJUBDHi6hxibSgm2bxYK1wAZK.jpg
889,1-900 (1994),101230,https://image.tmdb.org/t/p/w500/lSf3TgDjG7gPoAp3lfpOE6mVPjl.jpg
890,Baton Rouge (1988),253632,https://image.tmdb.org/t/p/w500/44y8OTkb90hBOLTVoqdMXg4zpU.jpg
891,Halloween: The Curse of Michael Myers (1995),10987,https://image.tmdb.org/t/p/w500/noCnM8nEI2bEDSdKHh0RKbwBwbC.jpg
892,Twelfth Night (1996),44705,https://image.tmdb.org/t/p/w500/uMvHIh50LqWJxUK26eYWV10epdq.jpg
893,Mother Night (1996),20318,https://image.tmdb.org/t/p/w500/cJtOHLb96rcLjgLS4FM9fqEKcd6.jpg
894,Liebelei (1933),43596,https://image.tmdb.org/t/p/w500/x3uNCANmRw6MvQVEE3VpngEvqGc.jpg
895,Venice/Venice (1992),293794,https://image.tmdb.org/t/p/w500/nqlBOmZRF1KKIHiP8EeZZbAJAZ3.jpg
896,Wild Reeds (1994),26933,https://image.tmdb.org/t/p/w500/yTBEcAsD8OoIs8thYXl7FZuUXN3.jpg
897,For Whom the Bell Tolls (1943),27854,https://image.tmdb.org/t/p/w500/uoNTHrpeOgIuWsC5Eucx5Sp483D.jpg
898,"Philadelphia Story, The (1940)",981,https://image.tmdb.org/t/p/w500/dKUubjvxO78XDts6VP1Ggcp4R9O.jpg
899,Singin' in the Rain (1952),872,https://image.tmdb.org/t/p/w500/w03EiJVHP8Un77boQeE7hg9DVdU.jpg
900,"American in Paris, An (1951)",2769,https://image.tmdb.org/t/p/w500/lyDXkvG53ldz6Cf7dbjJl7TaoP5.jpg
901,Funny Face (1957),13320,https://image.tmdb.org/t/p/w500/tzTjalpIz6NyFrWPPlOBFoBjb7z.jpg
902,Breakfast at Tiffany's (1961),164,https://image.tmdb.org/t/p/w500/79xm4gXw4l7A5D0XukUOJRocFYQ.jpg
903,Vertigo (1958),426,https://image.tmdb.org/t/p/w500/15uOEfqBNTVtDUT7hGBVCka0rZz.jpg
904,Rear Window (1954),567,https://image.tmdb.org/t/p/w500/ILVF0eJxHMddjxeQhswFtpMtqx.jpg
905,It Happened One Night (1934),3078,https://image.tmdb.org/t/p/w500/2PNUGWAflH6UUumas0POMmokHlc.jpg
906,Gaslight (1944),13528,https://image.tmdb.org/t/p/w500/gXKszCl5Q1KrgWRWpPcqn94CP58.jpg
907,"Gay Divorcee, The (1934)",28288,https://image.tmdb.org/t/p/w500/xD6oUOAa0Q6PppaOnY6dy6sWPLG.jpg
908,North by Northwest (1959),213,https://image.tmdb.org/t/p/w500/kNOFPQrel9YFCVzI0DF8FnCEpCw.jpg
909,"Apartment, The (1960)",284,https://image.tmdb.org/t/p/w500/hhSRt1KKfRT0yEhEtRW3qp31JFU.jpg
910,Some Like It Hot (1959),239,https://image.tmdb.org/t/p/w500/hVIKyTK13AvOGv7ICmJjK44DTzp.jpg
911,Charade (1963),4808,https://image.tmdb.org/t/p/w500/qqaPjC5FQidtKY65jbAKZPiOTaS.jpg
912,Casablanca (1942),289,https://image.tmdb.org/t/p/w500/lGCEKlJo2CnWydQj7aamY7s1S7Q.jpg
913,"Maltese Falcon, The (1941)",963,https://image.tmdb.org/t/p/w500/bf4o6Uzw5wqLjdKwRuiDrN1xyvl.jpg
914,My Fair Lady (1964),11113,https://image.tmdb.org/t/p/w500/bTXVc29lGSNclf94VIZ49W4gGKl.jpg
915,Sabrina (1954),6620,https://image.tmdb.org/t/p/w500/e1Po9NDrH7IJZhv89467gJH5FS0.jpg
916,Roman Holiday (1953),804,https://image.tmdb.org/t/p/w500/8lI9dmz1RH20FAqltkGelY1v4BE.jpg
917,"Little Princess, The (1939)",26531,https://image.tmdb.org/t/p/w500/cnMSURyv7R6gjmUm5SYdTxXLzIO.jpg
918,Meet Me in St. Louis (1944),909,https://image.tmdb.org/t/p/w500/ekVeUvG81pidsv2LMtWf5yYcNbq.jpg
919,"Wizard of Oz, The (1939)",630,https://image.tmdb.org/t/p/w500/uCC3j4pV9eOZwzDUWp2ilbcTf1f.jpg
920,Gone with the Wind (1939),770,https://image.tmdb.org/t/p/w500/lNz2Ow0wGCAvzckW7EOjE03KcYv.jpg
921,My Favorite Year (1982),31044,https://image.tmdb.org/t/p/w500/xksAhZJx1WmHM03OaePNe9IiEBt.jpg
923,Citizen Kane (1941),15,https://image.tmdb.org/t/p/w500/sav0jxhqiH0bPr2vZFU0Kjt2nZL.jpg
924,2001: A Space Odyssey (1968),62,https://image.tmdb.org/t/p/w500/ve72VxNqjGM69Uky4WTo2bK6rfq.jpg
925,Golden Earrings (1947),121357,https://image.tmdb.org/t/p/w500/3ZMKfwdgqV1AfqmOK5Qykgr96n2.jpg
926,All About Eve (1950),705,https://image.tmdb.org/t/p/w500/blBzZaatPWVuWpXEnPscMA4Xp6m.jpg
927,"Women, The (1939)",22490,https://image.tmdb.org/t/p/w500/wMTbDI60uvt7ecLZ301XEE8mAOo.jpg
928,Rebecca (1940),223,https://image.tmdb.org/t/p/w500/1qz3qUOHnVy7dL7M7G8jSErxE4b.jpg
929,Foreign Correspondent (1940),25670,https://image.tmdb.org/t/p/w500/n0WX6eIdIliKB66MI2MWZ3wHsoJ.jpg
930,Notorious (1946),303,https://image.tmdb.org/t/p/w500/4RERYb1NIQrJHYY5e8nUlYM7t2z.jpg
931,Spellbound (1945),4174,https://image.tmdb.org/t/p/w500/dPAox7jGScLBvxKLeRptJIBF7v.jpg
932,"Affair to Remember, An (1957)",8356,https://image.tmdb.org/t/p/w500/jwbWglYHbjqUu8M9DjTYzTOFklt.jpg
933,To Catch a Thief (1955),381,https://image.tmdb.org/t/p/w500/6M6NwjV3XvtayljoiZ8wRHOKCQG.jpg
934,Father of the Bride (1950),20758,https://image.tmdb.org/t/p/w500/sygyqqXq41SBZiYjY8nuQRAcuUv.jpg
935,"Band Wagon, The (1953)",29376,https://image.tmdb.org/t/p/w500/uxWFMdbgQ5TSZvUMVkHDeDCaGH8.jpg
936,Ninotchka (1939),1859,https://image.tmdb.org/t/p/w500/v4MkgNqZyodYwBDNbZ64MF9tVEL.jpg
937,Love in the Afternoon (1957),18299,https://image.tmdb.org/t/p/w500/jCHVviBhRQ7OkJFQfziO2N2ZJmh.jpg
938,Gigi (1958),17281,https://image.tmdb.org/t/p/w500/1sF5o9Cs5GMx3cYmXD64WEQBLJn.jpg
939,"Reluctant Debutante, The (1958)",64382,https://image.tmdb.org/t/p/w500/prqscm98H6Ybt5AD8JvIhOgqXFO.jpg
940,"Adventures of Robin Hood, The (1938)",10907,https://image.tmdb.org/t/p/w500/4mazyXEMkmLw5h6076yyNSm9uv0.jpg
941,"Mark of Zorro, The (1940)",32093,https://image.tmdb.org/t/p/w500/bJDonmAPnDV8jDv9jLlsejAdAoL.jpg
942,Laura (1944),1939,https://image.tmdb.org/t/p/w500/utpUn9TdBIx6x2QX91YhYzFZxg1.jpg
943,"Ghost and Mrs. Muir, The (1947)",22292,https://image.tmdb.org/t/p/w500/idoD3cwfwj86BPvVoWVgWhnT2xq.jpg
944,Lost Horizon (1937),3598,https://image.tmdb.org/t/p/w500/jCY8uJ80xlO2ApfrsB8s2gzyiBX.jpg
945,Top Hat (1935),3080,https://image.tmdb.org/t/p/w500/qoPBiN6PBs2NsP7BNOJGCnmwruG.jpg
946,To Be or Not to Be (1942),198,https://image.tmdb.org/t/p/w500/dDQRpEoyjHT4fzw9cNklIvZuXYg.jpg
947,My Man Godfrey (1936),13562,https://image.tmdb.org/t/p/w500/wtfOW7fIxBZWY78rvUoPpWhMSiR.jpg
948,Giant (1956),1712,https://image.tmdb.org/t/p/w500/h5RRYPVVuHzd7QOJyP5Dsi8J9XZ.jpg
949,East of Eden (1955),220,https://image.tmdb.org/t/p/w500/xv1MZVIop0SQqwLUymgE5eb2LFl.jpg
950,"Thin Man, The (1934)",3529,https://image.tmdb.org/t/p/w500/6cL89ok9t8xEKboOjOVga2W66jj.jpg
951,His Girl Friday (1940),3085,https://image.tmdb.org/t/p/w500/lu86Y9zTPH3neCiUzLzHCEFHf7f.jpg
952,Around the World in 80 Days (1956),2897,https://image.tmdb.org/t/p/w500/kk6Rrwh0toMz9tjuUHdS4O3v2Rk.jpg
953,It's a Wonderful Life (1946),1585,https://image.tmdb.org/t/p/w500/bSqt9rhDZx1Q7UZ86dBPKdNomp2.jpg
954,Mr. Smith Goes to Washington (1939),3083,https://image.tmdb.org/t/p/w500/nDjg1fbNyq15excNDl3acd2IqAk.jpg
955,Bringing Up Baby (1938),900,https://image.tmdb.org/t/p/w500/vTNNOtemaYmtx3k2NpsLMRJKEwZ.jpg
956,Penny Serenade (1941),43795,https://image.tmdb.org/t/p/w500/7MC1fE5FSEIP9xf0N2VD68zRKv2.jpg
957,"Scarlet Letter, The (1926)",85638,https://image.tmdb.org/t/p/w500/r17PMluxZvEFOHGILuf2iHuyQCt.jpg
958,Lady of Burlesque (1943),50001,https://image.tmdb.org/t/p/w500/bng9HQoCP4i62cKHK0E1EoqZu0X.jpg
959,Of Human Bondage (1934),43905,https://image.tmdb.org/t/p/w500/cpGAPsHnCpifmLKeiLnwNgT157y.jpg
960,Angel on My Shoulder (1946),22688,https://image.tmdb.org/t/p/w500/tIDUVxp1yeq1Bw4KsdAaoEJtSsI.jpg
961,Little Lord Fauntleroy (1936),23114,https://image.tmdb.org/t/p/w500/tH2RxIEugTQ5SwfiOfLhPcnopP8.jpg
962,They Made Me a Criminal (1939),26378,https://image.tmdb.org/t/p/w500/aNiWJ2C8Amrun55JCvuvGEPIXli.jpg
963,"Inspector General, The (1949)",40206,https://image.tmdb.org/t/p/w500/pEseNGrq1lSdomjayEflNn0xjaZ.jpg
964,Angel and the Badman (1947),22356,https://image.tmdb.org/t/p/w500/tbnte13MT1mke828R0rKmNZ41G6.jpg
965,"39 Steps, The (1935)",260,https://image.tmdb.org/t/p/w500/oC81jK6aAug4MA0xzYVngHmjsZS.jpg
966,"Walk in the Sun, A (1945)",43488,https://image.tmdb.org/t/p/w500/uHZX36Ls2rtfMZqX1mmhmbV92R8.jpg
967,"Outlaw, The (1943)",22613,https://image.tmdb.org/t/p/w500/xqnPtCdL0gF5MvexVeVN1aimWg2.jpg
968,Night of the Living Dead (1968),10331,https://image.tmdb.org/t/p/w500/rb2NWyb008u1EcKCOyXs2Nmj0ra.jpg
969,"African Queen, The (1951)",488,https://image.tmdb.org/t/p/w500/2Ypg0KhQfFYWILelvHGtSHHR0dk.jpg
970,Beat the Devil (1954),22733,https://image.tmdb.org/t/p/w500/yBg55pY6WYPqzZuQ1rJ4Cjj5nOG.jpg
971,Cat on a Hot Tin Roof (1958),261,https://image.tmdb.org/t/p/w500/5djZZECgqDGuSI1INmrdAcGRBb0.jpg
972,"Last Time I Saw Paris, The (1954)",57575,https://image.tmdb.org/t/p/w500/yARMwDXPi5fjcDkWuBApfXQhb2s.jpg
973,Meet John Doe (1941),32574,https://image.tmdb.org/t/p/w500/dnBZbFE2OGlTGNGBVTn6t83tJtd.jpg
974,Algiers (1938),22657,https://image.tmdb.org/t/p/w500/cvNQjlXJxRQrmB5VCcyssjKIwW8.jpg
975,Something to Sing About (1937),76464,https://image.tmdb.org/t/p/w500/lGnovhVbh3LuR3rkuTRhnagxJqk.jpg
976,"Farewell to Arms, A (1932)",22649,https://image.tmdb.org/t/p/w500/eNmPByGZJqlp60nCZRhsAlVAb3F.jpg
977,Moonlight Murder (1936),176841,https://image.tmdb.org/t/p/w500/milDzDPmmu3k44zhwaNiOsA2qSH.jpg
978,"Blue Angel, The (Blaue Engel, Der) (1930)",956861,https://image.tmdb.org/t/p/w500/oW63lcB4RiKQVJQg6XG0FRv0AjU.jpg
979,Nothing Personal (1995),125587,https://image.tmdb.org/t/p/w500/yEv3mKU7TMQJDUnPoIDsO0QTts2.jpg
980,In the Line of Duty 2 (1987),45450,https://image.tmdb.org/t/p/w500/79QtxrBbDG2FbvgJSxWQpYCKJbM.jpg
981,Dangerous Ground (1997),52855,https://image.tmdb.org/t/p/w500/3oFap1KH6zTTP1w0iQ6uQZrzKU4.jpg
982,Picnic (1955),39940,https://image.tmdb.org/t/p/w500/aKCSA9JUp9JkztAjzODPTrtZmzC.jpg
983,Madagascar Skin (1995),172868,https://image.tmdb.org/t/p/w500/r33ET00aIBy7j0E9wJCXj4bWMET.jpg
984,"Pompatus of Love, The (1996)",85328,https://image.tmdb.org/t/p/w500/i94UXzKj8OF1hUyXlT4BHvfgJZI.jpg
985,Small Wonders (1996),124632,https://image.tmdb.org/t/p/w500/4XLDtVjOX9DVjEaSfuqkpaWA9xT.jpg
986,Fly Away Home (1996),11076,https://image.tmdb.org/t/p/w500/obcQJkZB2OsRxd5GWIcQ5Qjv4YW.jpg
987,Bliss (1997),63945,https://image.tmdb.org/t/p/w500/zGdGINvf9oSysprbWnu85dIM7rc.jpg
988,Grace of My Heart (1996),58985,https://image.tmdb.org/t/p/w500/fkgVjmbN9VdBxguNi6tz6lb3sDu.jpg
989,Schlafes Bruder (Brother of Sleep) (1995),890,https://image.tmdb.org/t/p/w500/xMnI1UauGsAQxoraCiTGEab6jHZ.jpg
990,Maximum Risk (1996),10861,https://image.tmdb.org/t/p/w500/p8l4xMOffJ907kpmGiapTBF8NqB.jpg
991,Michael Collins (1996),1770,https://image.tmdb.org/t/p/w500/brIBbU6t9glEGAKRTJ4PMj9OiDC.jpg
992,"Rich Man's Wife, The (1996)",44465,https://image.tmdb.org/t/p/w500/uE7BXhR6QkSGCIK6gTPGfFRAggY.jpg
993,Infinity (1996),2033,https://image.tmdb.org/t/p/w500/45cU6BNyRGKhDQZKzVSll4eTgwh.jpg
994,Big Night (1996),18203,https://image.tmdb.org/t/p/w500/8AJGSDyrj3Dz2B57n1ZB4qNPbmJ.jpg
996,Last Man Standing (1996),9333,https://image.tmdb.org/t/p/w500/2cWqlkXaKKdl32Waep4FwCQnyH0.jpg
997,Caught (1996),47260,https://image.tmdb.org/t/p/w500/33sUPXPUqIe9YnZ80d8xzkiL2gb.jpg
998,Set It Off (1996),9400,https://image.tmdb.org/t/p/w500/wpiARyUqTfabzakAXHMIUY6Tl1A.jpg
999,2 Days in the Valley (1996),9401,https://image.tmdb.org/t/p/w500/dKmOINYPpg2W8SMRicnFdusqk1x.jpg
1000,Curdled (1996),12241,https://image.tmdb.org/t/p/w500/quXWXtOp6umg1qzPdWD6bB3x9EW.jpg
1001,"Associate, The (L'Associe)(1982)",25739,https://image.tmdb.org/t/p/w500/o0Fa9eKu2uNZN4SUBLkCRLlacQf.jpg
1002,Ed's Next Move (1996),161806,https://image.tmdb.org/t/p/w500/65HTeE8ghN3SemUet2SHepxTgsY.jpg
1003,Extreme Measures (1996),11306,https://image.tmdb.org/t/p/w500/uowP2Nw2mLpQni1vtbUb1LUSiP0.jpg
1004,"Glimmer Man, The (1996)",9625,https://image.tmdb.org/t/p/w500/fMXc2nf3iZFsVbNNmJ5MCtjcwlk.jpg
1005,D3: The Mighty Ducks (1996),10680,https://image.tmdb.org/t/p/w500/wltMr1loUKSCaEV4EDgh21eCRI3.jpg
1006,"Chamber, The (1996)",6346,https://image.tmdb.org/t/p/w500/dHwB9Fn2uBEkxkMZZxWpxMGrhL3.jpg
1007,"Apple Dumpling Gang, The (1975)",18660,https://image.tmdb.org/t/p/w500/cSbRtW2rSpz6AxS4BwtunpFHma.jpg
1008,"Davy Crockett, King of the Wild Frontier (1955)",35115,https://image.tmdb.org/t/p/w500/7IFRrsQdaaUJaemg2z35fshzswd.jpg
1009,Escape to Witch Mountain (1975),14821,https://image.tmdb.org/t/p/w500/cXicoCiCfO6FDfv6ozwcfQCnhVW.jpg
1010,"Love Bug, The (1969)",14136,https://image.tmdb.org/t/p/w500/9Lc1efdYZUZia2zsRWcUkiD1KdN.jpg
1011,Herbie Rides Again (1974),10869,https://image.tmdb.org/t/p/w500/1k14PPykkUQfhjn3xXDrc55lfHl.jpg
1012,Old Yeller (1957),22660,https://image.tmdb.org/t/p/w500/Xe7AB0ffhGPSdBZ4qJ9AKJfllL.jpg
1013,"Parent Trap, The (1961)",19186,https://image.tmdb.org/t/p/w500/jaZFWy6ZAvQoMW2mo9xP5gx4URo.jpg
1014,Pollyanna (1960),31102,https://image.tmdb.org/t/p/w500/9lWkRXg35SjUZXLr10ez8DERvRv.jpg
1015,Homeward Bound: The Incredible Journey (1993),6878,https://image.tmdb.org/t/p/w500/el6dJEpK97OJRQiQhuiSGk2jkV5.jpg
1016,"Shaggy Dog, The (1959)",15944,https://image.tmdb.org/t/p/w500/x0fTvnnRIZNyTne2BrcS8I5X20e.jpg
1017,Swiss Family Robinson (1960),18444,https://image.tmdb.org/t/p/w500/3ZItm1RcdwNuPnCaaqEFGrbVlcO.jpg
1018,That Darn Cat! (1965),20723,https://image.tmdb.org/t/p/w500/by92HEWg2d4WrkgbUIPEA0ufsHI.jpg
1019,"20,000 Leagues Under the Sea (1954)",173,https://image.tmdb.org/t/p/w500/heAEH85fdxEgV98LizHbQCL95iZ.jpg
1020,Cool Runnings (1993),864,https://image.tmdb.org/t/p/w500/6fXuGEb7EqGmAeUodxm7l5ELPZ.jpg
1021,Angels in the Outfield (1994),24795,https://image.tmdb.org/t/p/w500/7WRt6l7tiXVPG9zLco1rwy5Ffw9.jpg
1022,Cinderella (1950),11224,https://image.tmdb.org/t/p/w500/ug3ndicuPM1V07vhVFGLMsd4AZl.jpg
1023,Winnie the Pooh and the Blustery Day (1968),81310,https://image.tmdb.org/t/p/w500/5kNFx8GW0zgtLDkhfNBOMMVmJTX.jpg
1024,"Three Caballeros, The (1945)",15947,https://image.tmdb.org/t/p/w500/nMfScRxw9wVLoO7LiEjziFAKLSK.jpg
1025,"Sword in the Stone, The (1963)",9078,https://image.tmdb.org/t/p/w500/7lyeeuhGAJSNXYEW34S8mJ1bwI8.jpg
1026,So Dear to My Heart (1949),29682,https://image.tmdb.org/t/p/w500/sWoOc4tkxlTf0i8YYia25sPRinY.jpg
1027,Robin Hood: Prince of Thieves (1991),8367,https://image.tmdb.org/t/p/w500/hbRnWUNJkKKVN5mkcuC5ooqjE4e.jpg
1028,Mary Poppins (1964),433,https://image.tmdb.org/t/p/w500/pHyWpWn2pRIfhS3Arcn4SKtKKW4.jpg
1029,Dumbo (1941),11360,https://image.tmdb.org/t/p/w500/4x9FmvdJ464Fg7A9XcbYSmxfVw3.jpg
1030,Pete's Dragon (1977),11114,https://image.tmdb.org/t/p/w500/noShGNQKAgMqNanJL5EiZlf6LCp.jpg
1031,Bedknobs and Broomsticks (1971),12335,https://image.tmdb.org/t/p/w500/1BBzsThIZ06UmjZ3rChYGZhJtFQ.jpg
1032,Alice in Wonderland (1951),12092,https://image.tmdb.org/t/p/w500/20cvfwfaFqNbe9Fc3VEHJuPRxmn.jpg
1033,"Fox and the Hound, The (1981)",10948,https://image.tmdb.org/t/p/w500/aC3k6XBaYnulGSkK8263ABjU3Md.jpg
1034,Freeway (1996),11229,https://image.tmdb.org/t/p/w500/m0pAARUq3foDWFsrUmlYDHtNPE9.jpg
1035,"Sound of Music, The (1965)",15121,https://image.tmdb.org/t/p/w500/c6CrUZypAsBCaRWX0M3RVRDbhNS.jpg
1036,Die Hard (1988),562,https://image.tmdb.org/t/p/w500/7Bjd8kfmDSOzpmhySpEhkUyK2oH.jpg
1037,"Lawnmower Man, The (1992)",10163,https://image.tmdb.org/t/p/w500/1VLqWcel87oYVmN383FgSH0mCTY.jpg
1038,Unhook the Stars (1996),48862,https://image.tmdb.org/t/p/w500/xDa7qRS8iOY5XDvt0DRpwlAJO6H.jpg
1039,Synthetic Pleasures (1995),117036,https://image.tmdb.org/t/p/w500/xgqqmCrPGBJWsOQ3Lp9DxGC0D37.jpg
1040,"Secret Agent, The (1996)",47199,https://image.tmdb.org/t/p/w500/tPHoV5WGQROGQmbSw4h8NGWB22c.jpg
1041,Secrets & Lies (1996),11159,https://image.tmdb.org/t/p/w500/zQBuRQ3hrLhkEsXcxteUxuxLrvs.jpg
1042,That Thing You Do! (1996),9591,https://image.tmdb.org/t/p/w500/9RmZu33qHdyZFGLfhEOmkTjdNEu.jpg
1043,To Gillian on Her 37th Birthday (1996),30500,https://image.tmdb.org/t/p/w500/7HGWS6WlsPzBsB7NG5JM4P8NrIv.jpg
1044,Surviving Picasso (1996),41843,https://image.tmdb.org/t/p/w500/olcQOdg54uBYDUkZbgw2FFTBaZI.jpg
1045,Love Is All There Is (1996),55058,https://image.tmdb.org/t/p/w500/tXaewq2LMjTJmZLTuKEM6LJhBo2.jpg
1046,Beautiful Thing (1996),10938,https://image.tmdb.org/t/p/w500/34fPI0phWQ189lc5O7aNf12jWPm.jpg
1047,"Long Kiss Goodnight, The (1996)",11412,https://image.tmdb.org/t/p/w500/yREdXX5lMFUKhTvb0ofI7mzUHlR.jpg
1049,"Ghost and the Darkness, The (1996)",10586,https://image.tmdb.org/t/p/w500/3KEPs6RKlin9pT9fqjtW7MSLC8H.jpg
1050,Looking for Richard (1996),42314,https://image.tmdb.org/t/p/w500/2iEgEoMP1S2YWKkYkwm8cgg2bBN.jpg
1051,Trees Lounge (1996),27845,https://image.tmdb.org/t/p/w500/2DtoVhI9RkArGbzkvctGxY578QN.jpg
1052,"Proprietor, The (1996)",108365,https://image.tmdb.org/t/p/w500/pLaAfn6lziZiGH66ja98p4ZbVnj.jpg
1053,Normal Life (1996),23223,https://image.tmdb.org/t/p/w500/keQ3yXWkPN1tmKt45bFBtGVokSG.jpg
1054,Get on the Bus (1996),49471,https://image.tmdb.org/t/p/w500/7p8FvHMSr11LQw9Xv6dPJdrBeU2.jpg
1055,Shadow Conspiracy (1997),38153,https://image.tmdb.org/t/p/w500/m8dgxxCrpLhKjkjH2DPxkz0inoJ.jpg
1056,Jude (1996),25147,https://image.tmdb.org/t/p/w500/pK7hcjrvgRisQC7i1XwiA1B97sJ.jpg
1057,Everyone Says I Love You (1996),9716,https://image.tmdb.org/t/p/w500/cFOZ4bNbWtnIIboc43M86yhwPBX.jpg
1059,William Shakespeare's Romeo and Juliet (1996),454,https://image.tmdb.org/t/p/w500/eLf4jclPijOqfEp6bDAmezRFxk5.jpg
1060,Swingers (1996),10218,https://image.tmdb.org/t/p/w500/rRjWk68kU3a2so4lgr3TKB7Y5vA.jpg
1061,Sleepers (1996),819,https://image.tmdb.org/t/p/w500/yUpiEk2EojS9ZEXb3nIQonQCYYF.jpg
1062,"Sunchaser, The (1996)",38191,https://image.tmdb.org/t/p/w500/9Y0snZwCLvG8eoJewP4G3RT8Z4v.jpg
1063,Johns (1996),56830,https://image.tmdb.org/t/p/w500/dIiAsjLNB0ud1MiwXxv1GEuuuXS.jpg
1064,Aladdin and the King of Thieves (1996),11238,https://image.tmdb.org/t/p/w500/kTH7qEyvdDYMoQraQZm3LFKCge3.jpg
1065,"Woman in Question, The (1950)",27256,https://image.tmdb.org/t/p/w500/5Z7N3LMvSB4WOX4iFGUoHnN3BOp.jpg
1066,Shall We Dance? (1937),31530,https://image.tmdb.org/t/p/w500/6anwn2NxTw7NwVEEU4qhVwN3Exi.jpg
1067,"Damsel in Distress, A (1937)",66473,https://image.tmdb.org/t/p/w500/uqRcVA1JCbpPngcXu68Gzm8qR7I.jpg
1068,Crossfire (1947),28120,https://image.tmdb.org/t/p/w500/s3EFBiCsc4Ckc1tntoHAEnhZtSO.jpg
1069,"Murder, My Sweet (1944)",1834,https://image.tmdb.org/t/p/w500/tbyzfN1AUKTvzh058L9ZcOpS9Vn.jpg
1070,Macao (1952),26282,https://image.tmdb.org/t/p/w500/eXoIIwdaaDuCthlTGMimjCjfPRD.jpg
1073,Willy Wonka and the Chocolate Factory (1971),252,https://image.tmdb.org/t/p/w500/vmpsZkrs4Uvkp9r1atL8B3frA63.jpg
1075,"Sexual Life of the Belgians, The (1994)",116356,https://image.tmdb.org/t/p/w500/mvI77EzpN5DbC6BxsEItzZxu3AM.jpg
1076,"Innocents, The (1961)",16372,https://image.tmdb.org/t/p/w500/idqvLBmlEHUITMnQ0EJ6Yb5TpVw.jpg
1077,Sleeper (1973),11561,https://image.tmdb.org/t/p/w500/YTYSziZZP5aXt5CDvdEMwKDzme.jpg
1078,Bananas (1971),11302,https://image.tmdb.org/t/p/w500/gK11RUXspxqty0Wq6KoV8J0crKO.jpg
1079,"Fish Called Wanda, A (1988)",623,https://image.tmdb.org/t/p/w500/hkSGFNVfEEUXFCxRZDITFHVhUlu.jpg
1080,Monty Python's Life of Brian (1979),583,https://image.tmdb.org/t/p/w500/lSSA64WF0M0BXnjwr2quMh6shCl.jpg
1081,Victor/Victoria (1982),12614,https://image.tmdb.org/t/p/w500/mCjXcPRM3Rc7gOCGeVrBdPvF2bk.jpg
1082,"Candidate, The (1972)",21711,https://image.tmdb.org/t/p/w500/6zcDSOe1akUXsc2Q1APfchKcVaI.jpg
1083,"Great Race, The (1965)",11575,https://image.tmdb.org/t/p/w500/9rL8GWuFdO3fLXcNV9rZRHskoOn.jpg
1084,Bonnie and Clyde (1967),475,https://image.tmdb.org/t/p/w500/psITX0BMm6BTKMZZjpcXO93yjbb.jpg
1085,"Old Man and the Sea, The (1958)",11331,https://image.tmdb.org/t/p/w500/6Q34dJL6m1vdzAr0jDDKDmNL52e.jpg
1086,Dial M for Murder (1954),521,https://image.tmdb.org/t/p/w500/2gDCAgl2iBQNuJuk6p2xtuS1ewg.jpg
1087,Madame Butterfly (1995),21202,https://image.tmdb.org/t/p/w500/vERLfSHGYzfuPnDdfn8Z2DUrEfz.jpg
1088,Dirty Dancing (1987),88,https://image.tmdb.org/t/p/w500/9Jw6jys7q9gjzVX5zm1z0gC8gY9.jpg
1089,Reservoir Dogs (1992),500,https://image.tmdb.org/t/p/w500/xi8Iu6qyTfyZVDVy60raIOYJJmk.jpg
1090,Platoon (1986),792,https://image.tmdb.org/t/p/w500/m3mmFkPQKvPZq5exmh0bDuXlD9T.jpg
1091,Weekend at Bernie's (1989),8491,https://image.tmdb.org/t/p/w500/4RtjBkBSqHG46uieHgTtM7oKlpo.jpg
1092,Basic Instinct (1992),402,https://image.tmdb.org/t/p/w500/76Ts0yoHk8kVQj9MMnoMixhRWoh.jpg
1093,"Doors, The (1991)",10537,https://image.tmdb.org/t/p/w500/x1LM3dzGuG6xOz0aT2e71o11vhu.jpg
1094,"Crying Game, The (1992)",11386,https://image.tmdb.org/t/p/w500/ynEfiiwS0dosbPjzGqBLo7FXMlD.jpg
1095,Glengarry Glen Ross (1992),9504,https://image.tmdb.org/t/p/w500/zcaEDx8KlVfh4vKfMNLhiSi5Oz4.jpg
1096,Sophie's Choice (1982),15764,https://image.tmdb.org/t/p/w500/rZDPbPTFwuKgr5b9jixGFNYkGYt.jpg
1097,E.T. the Extra-Terrestrial (1982),601,https://image.tmdb.org/t/p/w500/an0nD6uq6byfxXCfk6lQBzdL2J1.jpg
1098,"Search for One-eye Jimmy, The (1996)",67365,https://image.tmdb.org/t/p/w500/da9r0FJxecJvLK6X5iqirRLMxks.jpg
1099,"Christmas Carol, A (1938)",25842,https://image.tmdb.org/t/p/w500/cvr7x3CjBMsHv2GptR0tcFddMSa.jpg
1100,Days of Thunder (1990),2119,https://image.tmdb.org/t/p/w500/8UvcoeMJag8UWGF8sg7eYspzq0Q.jpg
1101,Top Gun (1986),744,https://image.tmdb.org/t/p/w500/xUuHj3CgmZQ9P2cMaqQs4J0d4Zc.jpg
1102,American Strays (1996),136311,https://image.tmdb.org/t/p/w500/qsa4f2ssHnmK4Gsz2JPurjVbnxX.jpg
1103,Rebel Without a Cause (1955),221,https://image.tmdb.org/t/p/w500/yHStsC8rRRfIjqRN38BQsLh6S7k.jpg
1104,"Streetcar Named Desire, A (1951)",702,https://image.tmdb.org/t/p/w500/aicdlO5vt7z2ARm279eGzJeYCLQ.jpg
1105,Children of the Corn IV: The Gathering (1996),25750,https://image.tmdb.org/t/p/w500/tRjeV9AZgCXGTqyvlp7Ui55Yb3l.jpg
1106,"Leopard Son, The (1996)",17642,https://image.tmdb.org/t/p/w500/kP3wXymTWcWcJD9ERBMQFN6tJll.jpg
1107,Loser (1991),1589361,https://image.tmdb.org/t/p/w500/8GGaLjKPheRC8Zi9EGhJQkwxOLm.jpg
1109,Charm's Incidents (1996),427043,https://image.tmdb.org/t/p/w500/gDQtU6XjN82voLOqvN9w4pdJOIC.jpg
1110,Bird of Prey (1996),146341,https://image.tmdb.org/t/p/w500/7bBOW2FCnVRJgp4qinFuSXr875w.jpg
1111,Microcosmos (Microcosmos: Le peuple de l'herbe) (1996),9305,https://image.tmdb.org/t/p/w500/OPoiGrzNr5FWoczXH5Gs1cReec.jpg
1112,Palookaville (1996),37616,https://image.tmdb.org/t/p/w500/vmlO5CbUKmqvn5BVtEprxAmNOkp.jpg
1113,"Associate, The (1996)",11112,https://image.tmdb.org/t/p/w500/sDGc4JqVf4n04cEO0rU36UI4cvK.jpg
1114,"Funeral, The (1996)",21612,https://image.tmdb.org/t/p/w500/sHbJbr6BvVwRJhliiX1PKPERejO.jpg
1115,Sleepover (1995),277102,https://image.tmdb.org/t/p/w500/uth7TWwzDrpZzGvYbLgAmmLoG8U.jpg
1116,"Single Girl, A (La Fille Seule) (1995)",102461,https://image.tmdb.org/t/p/w500/8dFs6OW8T8Y1R56U2YdlDDBkUPj.jpg
1117,"Eighth Day, The (Le Huitième jour ) (1996)",36998,https://image.tmdb.org/t/p/w500/cgpJTvFcd0NJyJRTKYaBoLMuqdW.jpg
1119,Drunks (1997),116844,https://image.tmdb.org/t/p/w500/lY5E0rjsgzlxUyMtUZRlzwHqLTA.jpg
1120,"People vs. Larry Flynt, The (1996)",1630,https://image.tmdb.org/t/p/w500/sAgHn7ys6TiVXBDTZ0UBEjinIUk.jpg
1121,Glory Daze (1996),26626,https://image.tmdb.org/t/p/w500/mosH3RnC5wjcThd0DZq4ZqWkTPQ.jpg
1122,Plutonium Circus (1995),470646,https://image.tmdb.org/t/p/w500/s8ys1qnwM8VU6jIPlrRoiBz40RV.jpg
1123,"Perfect Candidate, A (1996)",124837,https://image.tmdb.org/t/p/w500/91XMadgfU6scOPYsDW8v4VJuJF3.jpg
1124,On Golden Pond (1981),11816,https://image.tmdb.org/t/p/w500/ic4f03J6pnf9cpQmVDABFhUpbCU.jpg
1126,Drop Dead Fred (1991),10379,https://image.tmdb.org/t/p/w500/v2kadCRcRdq8a0aRbQg4yVk3Xmd.jpg
1127,"Abyss, The (1989)",2756,https://image.tmdb.org/t/p/w500/2dCit3XAtv9KWCJvRKdPkJ0FAkH.jpg
1128,"Fog, The (1980)",790,https://image.tmdb.org/t/p/w500/12EeSboRofP3CI4SPmMFNNXCbtY.jpg
1129,Escape from New York (1981),1103,https://image.tmdb.org/t/p/w500/vH9llaphjAssRGi0k7e75tD40Ce.jpg
1131,Jean de Florette (1986),4480,https://image.tmdb.org/t/p/w500/atjyDRdOnOi2S28X3mNtJ7CQmFj.jpg
1132,Manon of the Spring (Manon des sources) (1986),4481,https://image.tmdb.org/t/p/w500/1qpu6Zc1PSDL3UbDNIZJ6YuhJDW.jpg
1133,Talking About Sex (1994),575751,https://image.tmdb.org/t/p/w500/3tNISfteDbGI09O5HZnedzOFekb.jpg
1134,Johnny 100 Pesos (1993),49688,https://image.tmdb.org/t/p/w500/nLvLJ0HmRvhQtJ2MD7Edjew2Pcf.jpg
1135,Private Benjamin (1980),10765,https://image.tmdb.org/t/p/w500/maIiPNXddZXKHQCi0HyULd5kces.jpg
1137,Hustler White (1996),44497,https://image.tmdb.org/t/p/w500/1LI4muqdd7iWS6I63CDB0A9y1RV.jpg
1138,Dadetown (1995),85588,https://image.tmdb.org/t/p/w500/rRZ3dnRMJWt354YEfwUfOFWTxHc.jpg
1139,Everything Relative (1996),278621,https://image.tmdb.org/t/p/w500/83kC7TamtLuLT8KDOASjRVO8qGR.jpg
1140,Entertaining Angels: The Dorothy Day Story (1996),99479,https://image.tmdb.org/t/p/w500/jYDSEJYcvSI0LzwIEP1JWMMAbWh.jpg
1141,Hoogste tijd (1995),566972,https://image.tmdb.org/t/p/w500/k36bQGCz3YS6yG8VrnmCyGtwFqs.jpg
1143,Three Lives and Only One Death (1996),55049,https://image.tmdb.org/t/p/w500/v5zPLrTdFWox2AO7aTytgVhmdoU.jpg
1144,"Line King: Al Hirschfeld, The (1996)",124829,https://image.tmdb.org/t/p/w500/msLmn8QJLKpG8GHwbSbvX6iYmoB.jpg
1145,Snowriders (1996),79306,https://image.tmdb.org/t/p/w500/9IC37hf8JAi2a4yOAnC5yptOwrj.jpg
1146,Curtis's Charm (1995),356054,https://image.tmdb.org/t/p/w500/kMnJY2P5GPlpD3tJAMu7qbJ3pfi.jpg
1147,When We Were Kings (1996),10548,https://image.tmdb.org/t/p/w500/yBkZK1JZOOJ3q5Jj1H9UP9T8YuV.jpg
1148,"Wrong Trousers, The (1993)",531,https://image.tmdb.org/t/p/w500/mV8SDTjkxrDxu0a0egvFz1lRPU7.jpg
1149,JLG/JLG - autoportrait de décembre (1994),104931,https://image.tmdb.org/t/p/w500/svvG0RLY1XcuriBw87BGmJjol9G.jpg
1150,"Return of Martin Guerre, The (Retour de Martin Guerre, Le) (1982)",4483,https://image.tmdb.org/t/p/w500/wNMjsqJYUt79YYwdO43OF7mpAKV.jpg
1151,Faust (1994),18919,https://image.tmdb.org/t/p/w500/pyCHHLEdRJPx0BD22n9Cs7B78Wp.jpg
1152,He Walked by Night (1948),31556,https://image.tmdb.org/t/p/w500/wAhLdEjC9iIvF6Oly42Qs3LXKuL.jpg
1153,Raw Deal (1948),26167,https://image.tmdb.org/t/p/w500/qLC4VnigxhC4ovSZdH2JUjuXoYY.jpg
1154,T-Men (1947),26174,https://image.tmdb.org/t/p/w500/gmFklBSJdi38WDjJUq0mXRXe2qt.jpg
1157,"Symphonie pastorale, La (1946)",117500,https://image.tmdb.org/t/p/w500/wsbIQxI69MNBFzzEmA7QLysHQQ9.jpg
1158,Here Comes Cookie (1935),218713,https://image.tmdb.org/t/p/w500/fGGlPErXw4PQsGiw1mZJhoqHKqd.jpg
1159,Love in Bloom (1935),217802,https://image.tmdb.org/t/p/w500/gY3JUboeAmQij8WI4MheBXVIiyj.jpg
1160,Six of a Kind (1934),127973,https://image.tmdb.org/t/p/w500/hTlIRE6DLbOm3Qqp8gKiaBUeI8d.jpg
1161,"Tin Drum, The (Blechtrommel, Die) (1979)",659,https://image.tmdb.org/t/p/w500/z4QsBWJbbBxct2zU7LnYSOw8UFz.jpg
1162,"Ruling Class, The (1972)",30892,https://image.tmdb.org/t/p/w500/29EZjwr3jDFWtdj9Lpq2BtCvKga.jpg
1163,Mina Tannenbaum (1994),86369,https://image.tmdb.org/t/p/w500/hx9ocZaXDjXyo5VkPaSvtiTmIlL.jpg
1165,"Bloody Child, The (1996)",124676,https://image.tmdb.org/t/p/w500/dPDHmPafRND2HeDM7DCrKfL4b5b.jpg
1167,Dear God (1996),38554,https://image.tmdb.org/t/p/w500/mHc6hY6Rv7S7kS50vW2vVdHWG79.jpg
1168,Bad Moon (1996),49763,https://image.tmdb.org/t/p/w500/1RobAQaPIYV2PBmkb4XISbsQZPe.jpg
1169,American Dream (1990),41326,https://image.tmdb.org/t/p/w500/da6DPUrYsi3K2HzwalUpphtOHec.jpg
1170,Best of the Best 3: No Turning Back (1995),36555,https://image.tmdb.org/t/p/w500/kUZ2Hbj2Gjpou5uQVzgqh2ELZiK.jpg
1171,Bob Roberts (1992),10608,https://image.tmdb.org/t/p/w500/j4PokuSIrmbN5oCR54D8kiI0U6a.jpg
1172,Cinema Paradiso (1988),11216,https://image.tmdb.org/t/p/w500/gCI2AeMV4IHSewhJkzsur5MEp6R.jpg
1173,"Cook the Thief His Wife & Her Lover, The (1989)",7452,https://image.tmdb.org/t/p/w500/fNkl7o1VQQqy1nEX9x56CDHULmr.jpg
1174,Grosse Fatigue (1994),64567,https://image.tmdb.org/t/p/w500/tD8zVuSpIfUSjmEZ0UXBeOU9Va8.jpg
1175,Delicatessen (1991),892,https://image.tmdb.org/t/p/w500/gNtOgQHxE5B8e08zuNRAdDpmK5Z.jpg
1176,"Double Life of Veronique, The (La Double Vie de Véronique) (1991)",1600,https://image.tmdb.org/t/p/w500/oqRyO9xrNBRaxqF9pCHHgLuaATx.jpg
1177,Enchanted April (1991),26561,https://image.tmdb.org/t/p/w500/b4Jrg23Q3y7p8GS7aMnPdFiEcnP.jpg
1178,Paths of Glory (1957),975,https://image.tmdb.org/t/p/w500/tJXwtzOSNUC8dxJfrdvkNtGrrgW.jpg
1179,"Grifters, The (1990)",18129,https://image.tmdb.org/t/p/w500/zMpGfkiDIdg5bB7WGcAT3Fdrfpt.jpg
1180,Hear My Song (1991),54405,https://image.tmdb.org/t/p/w500/xD8hh10Atodan4tzYg3K2QFCrJ1.jpg
1181,"Shooter, The (1995)",55261,https://image.tmdb.org/t/p/w500/59lcXwBxDiLlDT8H2lmseqbkRwc.jpg
1183,"English Patient, The (1996)",409,https://image.tmdb.org/t/p/w500/8eHHqMg8qEYtVw8LQLygsHXSR2q.jpg
1184,Mediterraneo (1991),38251,https://image.tmdb.org/t/p/w500/omFU47TZSR7xAAZcDHKM48SmVwe.jpg
1185,My Left Foot (1989),10161,https://image.tmdb.org/t/p/w500/zk9AMxji8j32UoCgLVZ6omDRekU.jpg
1186,"Sex, Lies, and Videotape (1989)",1412,https://image.tmdb.org/t/p/w500/pj1uKm07svgXZDHbYE8AzRfNHcu.jpg
1187,Passion Fish (1992),41768,https://image.tmdb.org/t/p/w500/g60GELLr2oGnlJX5Yidkl9ufFYv.jpg
1188,Strictly Ballroom (1992),10409,https://image.tmdb.org/t/p/w500/f6vs4DQGuNpLuA5Z7k69uuKpbVG.jpg
1189,"Thin Blue Line, The (1988)",14285,https://image.tmdb.org/t/p/w500/4w4BJk3l8y9gYwPPLRs6uPHOmGL.jpg
1190,Tie Me Up! Tie Me Down! (1990),2469,https://image.tmdb.org/t/p/w500/4eNyqA543ixNCME8pcADgP9wb1i.jpg
1191,Madonna: Truth or Dare (1991),10174,https://image.tmdb.org/t/p/w500/kJHCqwDgS9MEhdChIkGn7QAUoyL.jpg
1192,Paris Is Burning (1990),31225,https://image.tmdb.org/t/p/w500/90rCWH41mj9hjHUEy2SOHfuAOl3.jpg
1193,One Flew Over the Cuckoo's Nest (1975),510,https://image.tmdb.org/t/p/w500/kjWsMh72V6d8KRLV4EOoSJLT1H7.jpg
1194,Up in Smoke (1978),11455,https://image.tmdb.org/t/p/w500/lKXINU3ApbhFPQJ3pqgMzGPCYnH.jpg
1196,Star Wars: Episode V - The Empire Strikes Back (1980),1891,https://image.tmdb.org/t/p/w500/nNAeTmF4CtdSgMDplXTDPOpYzsX.jpg
1197,"Princess Bride, The (1987)",2493,https://image.tmdb.org/t/p/w500/2FC9L9MrjBoGHYjYZjdWQdopVYb.jpg
1198,Raiders of the Lost Ark (1981),85,https://image.tmdb.org/t/p/w500/ceG9VzoRAVGwivFU403Wc3AHRys.jpg
1199,Brazil (1985),68,https://image.tmdb.org/t/p/w500/aewan59WcFThBimkTVVoNf2o5Vb.jpg
1200,Aliens (1986),679,https://image.tmdb.org/t/p/w500/r1x5JGpyqZU8PYhbs4UcrO1Xb6x.jpg
1201,"Good, The Bad and The Ugly, The (1966)",429,https://image.tmdb.org/t/p/w500/bX2xnavhMYjWDoZp1VM6VnU1xwe.jpg
1202,Withnail and I (1987),13446,https://image.tmdb.org/t/p/w500/i18cIp8A10A2JgByrfA9oIC9299.jpg
1203,12 Angry Men (1957),389,https://image.tmdb.org/t/p/w500/zhG3vKWyDRaZYoaww1UVAi29T9h.jpg
1204,Lawrence of Arabia (1962),947,https://image.tmdb.org/t/p/w500/AiAm0EtDvyGqNpVoieRw4u65vD1.jpg
1205,"Transformers: The Movie, The (1986)",1857,https://image.tmdb.org/t/p/w500/xJ5W0mOAWCVaXmU0pBZh4NjSRv2.jpg
1206,"Clockwork Orange, A (1971)",185,https://image.tmdb.org/t/p/w500/4sHeTAp65WrSSuc05nRBKddhBxO.jpg
1207,To Kill a Mockingbird (1962),595,https://image.tmdb.org/t/p/w500/gZycFUMLx2110dzK3nBNai7gfpM.jpg
1208,Apocalypse Now (1979),28,https://image.tmdb.org/t/p/w500/gQB8Y5RCMkv2zwzFHbUJX3kAhvA.jpg
1209,Once Upon a Time in the West (1969),335,https://image.tmdb.org/t/p/w500/qbYgqOczabWNn2XKwgMtVrntD6P.jpg
1210,Star Wars: Episode VI - Return of the Jedi (1983),1892,https://image.tmdb.org/t/p/w500/jQYlydvHm3kUix1f8prMucrplhm.jpg
1211,Wings of Desire (Der Himmel über Berlin) (1987),144,https://image.tmdb.org/t/p/w500/iZQs2vUeCzvS1KfZJ6uYNCGJBBV.jpg
1212,"Third Man, The (1949)",1092,https://image.tmdb.org/t/p/w500/rO2Fq0AZZx9obs52KJdx4mRE8p5.jpg
1213,GoodFellas (1990),769,https://image.tmdb.org/t/p/w500/9OkCLM73MIU2CrKZbqiT8Ln1wY2.jpg
1214,Alien (1979),348,https://image.tmdb.org/t/p/w500/vfrQk5IPloGg1v9Rzbh2Eg3VGyM.jpg
1215,Army of Darkness (1993),766,https://image.tmdb.org/t/p/w500/xsgTuAtR2zSH8Umg3jWZcZjlDpe.jpg
1216,"Big Blue, The (Le Grand Bleu) (1988)",175,https://image.tmdb.org/t/p/w500/3t5t7yaFiTJQlqxiTkXJMFZdkh3.jpg
1217,Ran (1985),11645,https://image.tmdb.org/t/p/w500/dGgiXMWDcS5aJTBEFu7bmaQPNox.jpg
1218,"Killer, The (Die xue shuang xiong) (1989)",10835,https://image.tmdb.org/t/p/w500/8hTxlSqMAHBXAh1eB69ir0BXhzE.jpg
1219,Psycho (1960),539,https://image.tmdb.org/t/p/w500/yz4QVqPx3h1hD1DfqqQkCq3rmxW.jpg
1220,"Blues Brothers, The (1980)",525,https://image.tmdb.org/t/p/w500/rhYJKOt6UrQq7JQgLyQcSWW5R86.jpg
1221,"Godfather: Part II, The (1974)",240,https://image.tmdb.org/t/p/w500/hek3koDUyRQk7FIhPXsa6mT2Zc3.jpg
1222,Full Metal Jacket (1987),600,https://image.tmdb.org/t/p/w500/kMKyx1k8hWWscYFnPbnxxN4Eqo4.jpg
1224,Henry V (1989),10705,https://image.tmdb.org/t/p/w500/w9R2HsYNnfF3m9uEo2UAmPNJr8a.jpg
1225,Amadeus (1984),279,https://image.tmdb.org/t/p/w500/gQRfiyfGvr1az0quaYyMram3Aqt.jpg
1226,"Quiet Man, The (1952)",3109,https://image.tmdb.org/t/p/w500/u3B1hVKHE56yBRoxF3Nk9uxHdYN.jpg
1227,Once Upon a Time in America (1984),311,https://image.tmdb.org/t/p/w500/i0enkzsL5dPeneWnjl1fCWm6L7k.jpg
1228,Raging Bull (1980),1578,https://image.tmdb.org/t/p/w500/1WV7WlTS8LI1L5NkCgjWT9GSW3O.jpg
1230,Annie Hall (1977),703,https://image.tmdb.org/t/p/w500/dEtjPywhDbAXYjoFfhBC4U9unU7.jpg
1231,"Right Stuff, The (1983)",9549,https://image.tmdb.org/t/p/w500/kFR1p46HXJVVMpmOil8bNWnAQ50.jpg
1232,Stalker (1979),1398,https://image.tmdb.org/t/p/w500/1qhOyf5C4s9ZdvY8d5JDx9DFMeT.jpg
1233,"Boat, The (Das Boot) (1981)",42140,https://image.tmdb.org/t/p/w500/ohOOHH4O3Uu5qj7QVuOQAmWYkCk.jpg
1234,"Sting, The (1973)",9277,https://image.tmdb.org/t/p/w500/ckmYng37zey8INYf6d10cVgIG93.jpg
1235,Harold and Maude (1971),343,https://image.tmdb.org/t/p/w500/t7qEuGwDjcYu8ajaKZ68DeDnOxw.jpg
1236,Trust (1990),37291,https://image.tmdb.org/t/p/w500/9wE7LuIkvuPfr4Ye6fMqPXHqaiE.jpg
1237,"Seventh Seal, The (Sjunde inseglet, Det) (1957)",490,https://image.tmdb.org/t/p/w500/wcZ21zrOsy0b52AfAF50XpTiv75.jpg
1238,Local Hero (1983),11235,https://image.tmdb.org/t/p/w500/jqxD0H9a1rg5bXftsm6gsNOjt4n.jpg
1240,"Terminator, The (1984)",218,https://image.tmdb.org/t/p/w500/qvktm0BHcnmDpul4Hz01GIazWPr.jpg
1241,Braindead (1992),763,https://image.tmdb.org/t/p/w500/pa39D8TQs6aNw3hiUs4jLjHVUB0.jpg
1242,Glory (1989),9665,https://image.tmdb.org/t/p/w500/pGDzBjZvzmSCIEduQBfESLMiwtp.jpg
1243,Rosencrantz and Guildenstern Are Dead (1990),18971,https://image.tmdb.org/t/p/w500/6RI9sYpRxIdqlmsF6kBOiF7Bxug.jpg
1244,Manhattan (1979),696,https://image.tmdb.org/t/p/w500/k4eT3EvfxW1L9Wmt04UqJqCvCR6.jpg
1245,Miller's Crossing (1990),379,https://image.tmdb.org/t/p/w500/i83gYdglRCjCRLSsmCk5nRWRmDM.jpg
1246,Dead Poets Society (1989),207,https://image.tmdb.org/t/p/w500/erzbMlcNHOdx24AXOcn2ZKA7R1q.jpg
1247,"Graduate, The (1967)",37247,https://image.tmdb.org/t/p/w500/z1Z1tZMR66RxcNeHbwoEhYeqOlP.jpg
1248,Touch of Evil (1958),1480,https://image.tmdb.org/t/p/w500/1pvRgmfBaoMczIJBOi9gCOZ4FMC.jpg
1249,Nikita (La Femme Nikita) (1990),9322,https://image.tmdb.org/t/p/w500/1ulQDewUG4KKHOhpXdGKm3GdLFq.jpg
1250,"Bridge on the River Kwai, The (1957)",826,https://image.tmdb.org/t/p/w500/7paXMt2e3Tr5dLmEZOGgFEn2Vo7.jpg
1251,8 1/2 (1963),422,https://image.tmdb.org/t/p/w500/23VIf7zNxAgaXwIlvzd3IvOd9sY.jpg
1252,Chinatown (1974),829,https://image.tmdb.org/t/p/w500/kZRSP3FmOcq0xnBulqpUQngJUXY.jpg
1253,"Day the Earth Stood Still, The (1951)",828,https://image.tmdb.org/t/p/w500/eslDNzf0LF1m9GsgUXlmyfTcC6Y.jpg
1254,"Treasure of the Sierra Madre, The (1948)",3090,https://image.tmdb.org/t/p/w500/pWcst7zVbi8Z8W6GFrdNE7HHRxL.jpg
1255,Bad Taste (1987),9964,https://image.tmdb.org/t/p/w500/msttMX3undIiaeJLZbMRq94v1bw.jpg
1256,Duck Soup (1933),3063,https://image.tmdb.org/t/p/w500/31t63plEGKHhYuuCpC9bFWO9SBS.jpg
1257,Better Off Dead... (1985),13667,https://image.tmdb.org/t/p/w500/pHmbSkpxdB7jXozrovEfacArtW0.jpg
1258,"Shining, The (1980)",694,https://image.tmdb.org/t/p/w500/uAR0AWqhQL1hQa69UDEbb2rE5Wx.jpg
1259,Stand by Me (1986),235,https://image.tmdb.org/t/p/w500/vz0w9BSehcqjDcJOjRaCk7fgJe7.jpg
1260,M (1931),832,https://image.tmdb.org/t/p/w500/bTdZk3q2DWpBRnLiaaItKFWOVhI.jpg
1261,Evil Dead II (Dead By Dawn) (1987),765,https://image.tmdb.org/t/p/w500/4zqCKJVHUolGs6C5AZwAZqLWixW.jpg
1262,"Great Escape, The (1963)",5925,https://image.tmdb.org/t/p/w500/gBH4H8UMFxl139HaLz6lRuvsel8.jpg
1263,"Deer Hunter, The (1978)",11778,https://image.tmdb.org/t/p/w500/bbGtogDZOg09bm42KIpCXUXICkh.jpg
1264,Diva (1981),4485,https://image.tmdb.org/t/p/w500/x5fOCdfv0lRdeI71qLFdNEKWDsc.jpg
1265,Groundhog Day (1993),137,https://image.tmdb.org/t/p/w500/gCgt1WARPZaXnq523ySQEUKinCs.jpg
1266,Unforgiven (1992),33,https://image.tmdb.org/t/p/w500/54roTwbX9fltg85zjsmrooXAs12.jpg
1267,"Manchurian Candidate, The (1962)",982,https://image.tmdb.org/t/p/w500/2xQ856kd9hw6bB3OnusGyTvvkwB.jpg
1268,Pump Up the Volume (1990),8428,https://image.tmdb.org/t/p/w500/s1SyKrARJG2R7FyS4zkNdaekLAW.jpg
1269,Arsenic and Old Lace (1944),212,https://image.tmdb.org/t/p/w500/xG1GEEQGgExKl0WT5sRo1Arst5D.jpg
1270,Back to the Future (1985),105,https://image.tmdb.org/t/p/w500/vN5B5WgYscRGcQpVhHl6p9DDTP0.jpg
1271,Fried Green Tomatoes (1991),1633,https://image.tmdb.org/t/p/w500/g71l1vbJwyAAYk8zKCkIQQ58qcb.jpg
1272,Patton (1970),11202,https://image.tmdb.org/t/p/w500/rLM7jIEPTjj4CF7F1IrzzNjLUCu.jpg
1273,Down by Law (1986),1554,https://image.tmdb.org/t/p/w500/4IyxoUQ7BB5kcSd7gASe2dTyWu7.jpg
1274,Akira (1988),149,https://image.tmdb.org/t/p/w500/neZ0ykEsPqxamsX6o5QNUFILQrz.jpg
1275,Highlander (1986),8009,https://image.tmdb.org/t/p/w500/8Z8dptJEypuLoOQro1WugD855YE.jpg
1276,Cool Hand Luke (1967),903,https://image.tmdb.org/t/p/w500/4ykzTiHKLamh3eZJ8orVICtU2Jp.jpg
1277,Cyrano de Bergerac (1990),11673,https://image.tmdb.org/t/p/w500/80XJ5UkGuYTKDuALeG03BLk1OT1.jpg
1278,Young Frankenstein (1974),3034,https://image.tmdb.org/t/p/w500/3BvvVKPg9yucChlSvQtJxAbLmj9.jpg
1279,Night on Earth (1991),339,https://image.tmdb.org/t/p/w500/ktejUHCo6c8DekpOtR3uSb6oDXr.jpg
1280,Raise the Red Lantern (1991),10404,https://image.tmdb.org/t/p/w500/j6MGZpg55cTqlHHwahBtzI2qQg1.jpg
1281,"Great Dictator, The (1940)",914,https://image.tmdb.org/t/p/w500/1QpO9wo7JWecZ4NiBuu625FiY1j.jpg
1282,Fantasia (1940),756,https://image.tmdb.org/t/p/w500/5m9njnidjR0syG2gpVPVgcEMB2X.jpg
1283,High Noon (1952),288,https://image.tmdb.org/t/p/w500/qETSMQ4IXBSAS409Z9OL0ppXWTW.jpg
1284,"Big Sleep, The (1946)",910,https://image.tmdb.org/t/p/w500/lraHo9D8c0YWfxsKqT5P5sVqMKN.jpg
1285,Heathers (1989),2640,https://image.tmdb.org/t/p/w500/dGbVfM4WlM7uvIbyRehfPZUIgp2.jpg
1286,Somewhere in Time (1980),16633,https://image.tmdb.org/t/p/w500/hmdegiSwVYUNvEfihaE3HRM3Sos.jpg
1287,Ben-Hur (1959),665,https://image.tmdb.org/t/p/w500/m4WQ1dBIrEIHZNCoAjdpxwSKWyH.jpg
1288,This Is Spinal Tap (1984),11031,https://image.tmdb.org/t/p/w500/b3lllDltoBws5uKZzBYVSjpjjJx.jpg
1289,Koyaanisqatsi (1983),11314,https://image.tmdb.org/t/p/w500/6zCNciRcob8lwuydVXgq0esla8L.jpg
1290,Some Kind of Wonderful (1987),15143,https://image.tmdb.org/t/p/w500/6z6ZUrwbAJl9Nq43OY77O7iY80x.jpg
1291,Indiana Jones and the Last Crusade (1989),89,https://image.tmdb.org/t/p/w500/sizg1AU8f8JDZX4QIgE4pjUMBvx.jpg
1292,Being There (1979),10322,https://image.tmdb.org/t/p/w500/3RO3jbCKEey2T9bYFkYt9xpwen9.jpg
1293,Gandhi (1982),783,https://image.tmdb.org/t/p/w500/rOXftt7SluxskrFrvU7qFJa5zeN.jpg
1294,M*A*S*H (1970),651,https://image.tmdb.org/t/p/w500/on8Q9LhtHYNhmITjUMpgOUkIG8o.jpg
1295,"Unbearable Lightness of Being, The (1988)",10644,https://image.tmdb.org/t/p/w500/g1kPEwATsCI8DnGx6ViAhUVKQSI.jpg
1296,"Room with a View, A (1986)",11257,https://image.tmdb.org/t/p/w500/5xRAqywVo6tNUNQbAESGVP930la.jpg
1297,Real Genius (1985),14370,https://image.tmdb.org/t/p/w500/8az0Tr8hEGDmrUH9WlFz1QIKsMy.jpg
1298,Pink Floyd - The Wall (1982),12104,https://image.tmdb.org/t/p/w500/aElHyIdF5jmctFGhlhhaPFsbBJC.jpg
1299,"Killing Fields, The (1984)",625,https://image.tmdb.org/t/p/w500/cX6Bv7natnZwQjsV9bLL8mmWjkS.jpg
1300,My Life as a Dog (Mitt liv som hund) (1985),8816,https://image.tmdb.org/t/p/w500/eVg9IsX2HtR1BNYH0UAhF4JPHi7.jpg
1301,Forbidden Planet (1956),830,https://image.tmdb.org/t/p/w500/aq0OQfRS7hDDI8vyD0ICbH9eguC.jpg
1302,Field of Dreams (1989),2323,https://image.tmdb.org/t/p/w500/oeM7nAw6FVFICwUaXKCRkDsKjqO.jpg
1303,"Man Who Would Be King, The (1975)",983,https://image.tmdb.org/t/p/w500/xnEhm0CtgJoM9Z1dGGSQAwxU7oJ.jpg
1304,Butch Cassidy and the Sundance Kid (1969),642,https://image.tmdb.org/t/p/w500/gFmmykF1Ym3OGzENo50nZQaD1dx.jpg
1305,"Paris, Texas (1984)",655,https://image.tmdb.org/t/p/w500/sP27Qm4THyRZyHjHYMfIDtJP6YE.jpg
1306,Until the End of the World (Bis ans Ende der Welt) (1991),10341,https://image.tmdb.org/t/p/w500/sDpYWgYkBlrVnpySXQNsxVvDAAG.jpg
1307,When Harry Met Sally... (1989),639,https://image.tmdb.org/t/p/w500/rFOiFUhTMtDetqCGClC9PIgnC1P.jpg
1309,Parallel Sons (1995),168450,https://image.tmdb.org/t/p/w500/pmaJCkKTiH7YOkF822mLeaSDgur.jpg
1310,Hype! (1996),30180,https://image.tmdb.org/t/p/w500/vfR9veCwZMZXfpCF5QlnaLFoSr1.jpg
1311,Santa with Muscles (1996),31388,https://image.tmdb.org/t/p/w500/ldxrT4FkyJWENpqy0ZucCu1HgAj.jpg
1312,Female Perversions (1996),41801,https://image.tmdb.org/t/p/w500/5vqRaOZBqBL1YXukRv6zI6Y4pxC.jpg
1313,Mad Dog Time (1996),66034,https://image.tmdb.org/t/p/w500/z5WQce58yyNCdKFLFWmxfmL6gtA.jpg
1314,Breathing Room (1996),348138,https://image.tmdb.org/t/p/w500/oEFQn3bzGImOurdhBkMh8Qs57r.jpg
1315,Paris Was a Woman (1995),96288,https://image.tmdb.org/t/p/w500/zORtAZNBBy6b4cocGiXqgcXjHEg.jpg
1316,Anna (1996),683325,https://image.tmdb.org/t/p/w500/6HdQOqkrLBuJpLmn3j9TvYkfRH1.jpg
1317,I'm Not Rappaport (1996),61536,https://image.tmdb.org/t/p/w500/1gatAVNrBnDnbbwj4FNIwlMBpUd.jpg
1318,Blue Juice (1995),18762,https://image.tmdb.org/t/p/w500/9cGEpHyiPk1qRuY1Kv57RGkyesr.jpg
1320,Alien³ (1992),8077,https://image.tmdb.org/t/p/w500/xh5wI0UoW7DfS1IyLy3d2CgrCEP.jpg
1321,"American Werewolf in London, An (1981)",814,https://image.tmdb.org/t/p/w500/hVEqUASJmCQaolkKFEySCHZ8uKG.jpg
1322,Amityville 1992: It's About Time (1992),41671,https://image.tmdb.org/t/p/w500/rpNTpxVQu6YnLm8GvpvGyAGMg5g.jpg
1323,Amityville 3-D (1983),27214,https://image.tmdb.org/t/p/w500/gYvFL6REedBvjTSzVAhyk5imJgq.jpg
1324,Amityville: Dollhouse (1996),52263,https://image.tmdb.org/t/p/w500/c6DVwjJ71jzk3DXqrkuvuM6BxW1.jpg
1325,Amityville: A New Generation (1993),33519,https://image.tmdb.org/t/p/w500/jjWkIHRRj2kOgVMXpK8im4KOcTu.jpg
1326,Amityville II: The Possession (1982),16235,https://image.tmdb.org/t/p/w500/xx9K2m2Arr5EZUQtmggKtEK1f2a.jpg
1327,"Amityville Horror, The (1979)",11449,https://image.tmdb.org/t/p/w500/7VMscq0659xKmcXzd86de1DGV4W.jpg
1328,"Amityville Curse, The (1990)",41848,https://image.tmdb.org/t/p/w500/bGTF4uusklWxN0kBBe3msPKPCrb.jpg
1329,Blood For Dracula (Andy Warhol's Dracula) (1974),25944,https://image.tmdb.org/t/p/w500/cLyCHzPT5kLBEPn4DMcqgNbjwke.jpg
1330,April Fool's Day (1986),24913,https://image.tmdb.org/t/p/w500/zNx2tNRzRyPsBSHX1VF2c7U0UyW.jpg
1331,Audrey Rose (1977),49126,https://image.tmdb.org/t/p/w500/omtHuaCwKRX20x5R8xnqxWYq8Xp.jpg
1332,"Believers, The (1987)",32076,https://image.tmdb.org/t/p/w500/wMDOgjHoDdKKj3UNZzjP8AW0wxR.jpg
1333,"Birds, The (1963)",571,https://image.tmdb.org/t/p/w500/eClg8QPg8mwB6INIC4pyR5pAbDr.jpg
1334,"Blob, The (1958)",8851,https://image.tmdb.org/t/p/w500/ctOwn1Ibg3SjDG4WulvFvSH0PRT.jpg
1335,Blood Beach (1981),37843,https://image.tmdb.org/t/p/w500/3BfSQmwTm8LGv2KZKcDJnFuBbIC.jpg
1336,Body Parts (1991),32146,https://image.tmdb.org/t/p/w500/8hFSFiLMy0wnyVaaJ4EHFlPD1yf.jpg
1337,"Body Snatcher, The (1945)",30346,https://image.tmdb.org/t/p/w500/1dOCP2ahMVlA95SivxhEdVvcXZE.jpg
1339,Bram Stoker's Dracula (1992),6114,https://image.tmdb.org/t/p/w500/4ZbUxjY5DZ7RCxGwvzSEr4rThd1.jpg
1340,Bride of Frankenstein (1935),229,https://image.tmdb.org/t/p/w500/5241zUwe7rC17MNc2QpCBKKdp1N.jpg
1341,Burnt Offerings (1976),13549,https://image.tmdb.org/t/p/w500/2ipG69lXOjGMX7F7qxJQzUoiUsd.jpg
1342,Candyman (1992),9529,https://image.tmdb.org/t/p/w500/jQtgkgDZE7egMq532sOt83DnT83.jpg
1343,Cape Fear (1991),1598,https://image.tmdb.org/t/p/w500/meJZAAuVcjic2ipvbOPz5UlE4P9.jpg
1344,Cape Fear (1962),11349,https://image.tmdb.org/t/p/w500/xDqaHjMbnebtB05QWgAR8wW86sb.jpg
1345,Carrie (1976),7340,https://image.tmdb.org/t/p/w500/8tT1rqlsTguyfUBMrbHR9cv1rxM.jpg
1346,Cat People (1982),6217,https://image.tmdb.org/t/p/w500/nYcQnkbTD4LDmp11HCReQuUoMKD.jpg
1347,"Nightmare on Elm Street, A (1984)",377,https://image.tmdb.org/t/p/w500/wGTpGGRMZmyFCcrY2YoxVTIBlli.jpg
1348,"Nosferatu (Nosferatu, eine Symphonie des Grauens) (1922)",653,https://image.tmdb.org/t/p/w500/zv7J85D8CC9qYagAEhPM63CIG6j.jpg
1350,"Omen, The (1976)",794,https://image.tmdb.org/t/p/w500/mDcjjEu1fMNmsXi4l4D8IftlTix.jpg
1351,Blood & Wine (1997),31640,https://image.tmdb.org/t/p/w500/diFSUAvHZE6rkKqfP3J3qf19Z2X.jpg
1352,Albino Alligator (1996),8744,https://image.tmdb.org/t/p/w500/jOyV5Rb1MaMUl6XrWWossVTm7BA.jpg
1353,"Mirror Has Two Faces, The (1996)",25189,https://image.tmdb.org/t/p/w500/ekk8MKMp3tlJjcMuhOgKsMCRrvR.jpg
1354,Breaking the Waves (1996),145,https://image.tmdb.org/t/p/w500/dQWMcdHXUOSHtr7ypOCa5T79JMS.jpg
1355,Nightwatch (1997),2212,https://image.tmdb.org/t/p/w500/2ueCI9QX9AGa4SzJgrvK1fONCa5.jpg
1356,Star Trek: First Contact (1996),199,https://image.tmdb.org/t/p/w500/iqhHe893Vcf07jNkNQ31tu85dKG.jpg
1357,Shine (1996),7863,https://image.tmdb.org/t/p/w500/cbmThowj2XAW7lKlMAXmnhZvjGI.jpg
1358,Sling Blade (1996),12498,https://image.tmdb.org/t/p/w500/ivBIBd1LNaozcmytZUyE1yIXZms.jpg
1359,Jingle All the Way (1996),9279,https://image.tmdb.org/t/p/w500/lHLOUt0ZIQLC5asHdIQBoTUvaEp.jpg
1360,Identification of a Woman (Identificazione di una donna) (1982),53234,https://image.tmdb.org/t/p/w500/kdYb8WOQwMADvzOIeIhQzmvlInT.jpg
1361,Paradise Lost: The Child Murders at Robin Hood Hills (1996),17204,https://image.tmdb.org/t/p/w500/h65fwEQTv9zRNyEuExE1wAk5CQ2.jpg
1362,"Garden of Finzi-Contini, The (Giardino dei Finzi-Contini, Il) (1970)",4789,https://image.tmdb.org/t/p/w500/qHDATOZMoiJjfy2bb1xEFFPzkuG.jpg
1363,"Preacher's Wife, The (1996)",21539,https://image.tmdb.org/t/p/w500/z1mU4g9poAgoDQRNLcfNdj3iiMs.jpg
1364,Zero Kelvin (Kjærlighetens kjøtere) (1995),85589,https://image.tmdb.org/t/p/w500/ddvaQzv1w53kTfRzzZbfnisUMJq.jpg
1365,Ridicule (1996),12709,https://image.tmdb.org/t/p/w500/j78rRskAapKtILalcxAmdskGtzb.jpg
1366,"Crucible, The (1996)",20539,https://image.tmdb.org/t/p/w500/zv69Rev43me5gQ68x7fk1mQzhHn.jpg
1367,101 Dalmatians (1996),11674,https://image.tmdb.org/t/p/w500/8o2ADoAyG796UwTjwBFjPyBz0yG.jpg
1369,I Can't Sleep (J'ai pas sommeil) (1994),64900,https://image.tmdb.org/t/p/w500/2bdKysfsWRQCwIYFpJrFc5QI91z.jpg
1370,Die Hard 2 (1990),1573,https://image.tmdb.org/t/p/w500/ybki0UWO3OPhaM6MSniuKC7sy1R.jpg
1371,Star Trek: The Motion Picture (1979),152,https://image.tmdb.org/t/p/w500/wfiAfNwH6CMKxz4vRaW8CPTabtk.jpg
1372,Star Trek VI: The Undiscovered Country (1991),174,https://image.tmdb.org/t/p/w500/tvTOJD7Gz668GLy2nNdLRQvpPsv.jpg
1373,Star Trek V: The Final Frontier (1989),172,https://image.tmdb.org/t/p/w500/uiXr41VLYsuug3CZbFrKLSNahuZ.jpg
1374,Star Trek: The Wrath of Khan (1982),154,https://image.tmdb.org/t/p/w500/uPyLsKl8Z0LOoxeaFXsY5MxhR5s.jpg
1375,Star Trek III: The Search for Spock (1984),157,https://image.tmdb.org/t/p/w500/yqEj0oPfKBMCz7YcCARHDgH7VFm.jpg
1376,Star Trek IV: The Voyage Home (1986),168,https://image.tmdb.org/t/p/w500/xY5TzGXJOB3L9rhZ1MbbPyVlW5J.jpg
1377,Batman Returns (1992),364,https://image.tmdb.org/t/p/w500/jKBjeXM7iBBV9UkUcOXx3m7FSHY.jpg
1378,Young Guns (1988),11967,https://image.tmdb.org/t/p/w500/3AgCq7xY1rHRAAn0iVcnNr2OWL.jpg
1379,Young Guns II (1990),9086,https://image.tmdb.org/t/p/w500/7kMjla98srGHlFzAEmoGRcr6GN1.jpg
1380,Grease (1978),621,https://image.tmdb.org/t/p/w500/2rM7fQKpb7cs1Iq7IBqub9LFDzJ.jpg
1381,Grease 2 (1982),9037,https://image.tmdb.org/t/p/w500/ufWc8AR5D66lwB2UZvZ9xvGcDSD.jpg
1382,Marked for Death (1990),10173,https://image.tmdb.org/t/p/w500/xYaetJsSm5FC1zxhdW8UR1NVXzc.jpg
1383,Adrenalin: Fear the Rush (1996),55687,https://image.tmdb.org/t/p/w500/azeZdo0MfO3ZcDa0GzgAC7zVP5m.jpg
1384,"Substance of Fire, The (1996)",168535,https://image.tmdb.org/t/p/w500/kH5bjhWoHe0f8J2yMKGoTEhcngY.jpg
1385,Under Siege (1992),8845,https://image.tmdb.org/t/p/w500/myHxm9p8fhEsXyaLO6DawYJKolg.jpg
1386,Terror in a Texas Town (1958),46681,https://image.tmdb.org/t/p/w500/jO4GTyhIfKlDUKXTxgYJPnfpNjE.jpg
1387,Jaws (1975),578,https://image.tmdb.org/t/p/w500/lxM6kqilAdpdhqUl2biYp5frUxE.jpg
1388,Jaws 2 (1978),579,https://image.tmdb.org/t/p/w500/cN3ijEwsn4kBaRuHfcJpAQJbeWe.jpg
1389,Jaws 3-D (1983),17692,https://image.tmdb.org/t/p/w500/kqDXj53F9paqVGJLGfHtz7giJ3s.jpg
1390,My Fellow Americans (1996),17795,https://image.tmdb.org/t/p/w500/5odQxB2kTRyPOJiMjYY1SYHLVHs.jpg
1391,Mars Attacks! (1996),75,https://image.tmdb.org/t/p/w500/hll4O5vSAfnZDb6JbnP06GPtz7b.jpg
1392,Citizen Ruth (1996),13891,https://image.tmdb.org/t/p/w500/hMGWyETjqWpfud4Cmeva6qfVogZ.jpg
1393,Jerry Maguire (1996),9390,https://image.tmdb.org/t/p/w500/lABvGN7fDk5ifnwZoxij6G96t2w.jpg
1394,Raising Arizona (1987),378,https://image.tmdb.org/t/p/w500/niKyjOqiB4XVl0BqgKTHIlHOCeF.jpg
1395,Tin Men (1987),10896,https://image.tmdb.org/t/p/w500/5rWE9ft0Uc2kuDWlkg5vQth58XZ.jpg
1396,Sneakers (1992),2322,https://image.tmdb.org/t/p/w500/l2pIGwCvpZEpBuMb55YBl6A04Jv.jpg
1397,Bastard Out of Carolina (1996),41240,https://image.tmdb.org/t/p/w500/jYFwFOkHwWxaStR21UIgdb96Gzh.jpg
1398,In Love and War (1996),26949,https://image.tmdb.org/t/p/w500/rjRu7HOjXNVflUrR40eMKhvmQps.jpg
1399,Marvin's Room (1996),9819,https://image.tmdb.org/t/p/w500/lTHq1K5Y6EDRjxTBvReXHY6AKQ3.jpg
1400,Somebody is Waiting (1996),49799,https://image.tmdb.org/t/p/w500/3lahW5tQG3FOeXuZb5YFVMoxNrm.jpg
1401,Ghosts of Mississippi (1996),31908,https://image.tmdb.org/t/p/w500/gu81MbuLTPbw95xWuDuM7ddcCir.jpg
1404,Night Falls on Manhattan (1997),46027,https://image.tmdb.org/t/p/w500/sjvySDgeAOqrMmm965gdkqR5AML.jpg
1405,Beavis and Butt-head Do America (1996),3179,https://image.tmdb.org/t/p/w500/vqdgQiRCSzgpFXLlbxbybfkleBM.jpg
1406,"Cérémonie, La (1995)",1802,https://image.tmdb.org/t/p/w500/vq2x8JfEoVrdQZqo0fppjw7ZI3d.jpg
1407,Scream (1996),4232,https://image.tmdb.org/t/p/w500/lr9ZIrmuwVmZhpZuTCW8D9g0ZJe.jpg
1408,"Last of the Mohicans, The (1992)",9361,https://image.tmdb.org/t/p/w500/qzJMPWRtZveBkxXOv3ucWhoJuyj.jpg
1409,Michael (1996),2928,https://image.tmdb.org/t/p/w500/oprNZ2BvJG9ZV2g3JYeWQgsOZHe.jpg
1410,"Evening Star, The (1996)",30285,https://image.tmdb.org/t/p/w500/bX4FCb2nooHnJh68Ig06lyLfyM0.jpg
1411,Hamlet (1996),10549,https://image.tmdb.org/t/p/w500/ilurgUOp6SCl4cuhfjctj1qxlfZ.jpg
1412,Some Mother's Son (1996),58102,https://image.tmdb.org/t/p/w500/ngy7zafrXEDCUOPfolcbFofMDmI.jpg
1413,"Whole Wide World, The (1996)",18451,https://image.tmdb.org/t/p/w500/ajMk4ueXcOCbxwJjJecltiGhYrn.jpg
1414,Mother (1996),27265,https://image.tmdb.org/t/p/w500/mxJJ0IEOOdvMo5yO7rcJBqyZ11n.jpg
1415,"Thieves (Voleurs, Les) (1996)",49935,https://image.tmdb.org/t/p/w500/meeBmnlkMP8UhrPvZKv83jjhd2E.jpg
1416,Evita (1996),8818,https://image.tmdb.org/t/p/w500/mVdQatilUGMtB6sV4FXA7O473UD.jpg
1417,"Portrait of a Lady, The (1996)",36758,https://image.tmdb.org/t/p/w500/yoUuMtWTQXzfARYE0nF7Nn7gRuS.jpg
1419,Walkabout (1971),36040,https://image.tmdb.org/t/p/w500/24vooYt5StgtgcQObVr1GHuM5gy.jpg
1420,Message to Love: The Isle of Wight Festival (1996),74239,https://image.tmdb.org/t/p/w500/umFPPFzQ5JPvCe6aCrpNUmbhNK4.jpg
1421,Grateful Dead (1995),1397138,https://image.tmdb.org/t/p/w500/9NvMEGE5Osx3E9OSeEaBQEHFWGr.jpg
1422,Murder at 1600 (1997),9415,https://image.tmdb.org/t/p/w500/4WPR0m8zuzFAcRJAHcGs1AxkkpB.jpg
1424,Inside (1996),303693,https://image.tmdb.org/t/p/w500/qD3NPLfWXp1c3YBDc9mmht8B81C.jpg
1425,Fierce Creatures (1997),12145,https://image.tmdb.org/t/p/w500/1Wl0zSEngmsTXjQMVE0GD5s85cM.jpg
1426,Zeus and Roxanne (1997),42424,https://image.tmdb.org/t/p/w500/igyTJ9cFwjcuzMM5oa0lknRyvYv.jpg
1427,Turbulence (1997),34314,https://image.tmdb.org/t/p/w500/gnsxWkxWHPXMOAzXvS7aKMSKP0N.jpg
1428,Angel Baby (1995),2892,https://image.tmdb.org/t/p/w500/uiZJfBKWav33Kp1NTyrU3NjvOJf.jpg
1429,Jackie Chan's First Strike (1996),9404,https://image.tmdb.org/t/p/w500/bRHbteT4IORJOXY0Qrnb4FPXRS0.jpg
1430,Underworld (1997),85242,https://image.tmdb.org/t/p/w500/3kPjFZaGrxalI21CeFUNpNqjXpH.jpg
1431,Beverly Hills Ninja (1997),9622,https://image.tmdb.org/t/p/w500/kAUtHecWe0KS54jNggapnbHBGTI.jpg
1432,Metro (1997),8860,https://image.tmdb.org/t/p/w500/nvfyHYv1EDpYai5pCGqBeRf3tax.jpg
1433,"Machine, The (1994)",461682,https://image.tmdb.org/t/p/w500/bLFI6P0vGp2vSD3ZianPVnxSI3p.jpg
1434,"Stranger, The (1994)",708664,https://image.tmdb.org/t/p/w500/eWoTad3YEpiPNmx11FzhvJUYV9E.jpg
1436,Falling in Love Again (1980),66597,https://image.tmdb.org/t/p/w500/raDuzonXvhXBrDPzKwOiy2c5Urk.jpg
1437,"Cement Garden, The (1993)",14832,https://image.tmdb.org/t/p/w500/dnEoE3tHBStCXZx2i9qsUYkwucu.jpg
1438,Dante's Peak (1997),9619,https://image.tmdb.org/t/p/w500/8PRVIfZzDgw8EV3sDWJ6NA1ZMAn.jpg
1439,Meet Wally Sparks (1997),40506,https://image.tmdb.org/t/p/w500/mD30gucf7NkKNFyqEMEag7l63VO.jpg
1440,Amos & Andrew (1993),31000,https://image.tmdb.org/t/p/w500/zD2fem9pVsODpUQUgWgoEfdNZyD.jpg
1441,Benny & Joon (1993),4104,https://image.tmdb.org/t/p/w500/7g7qYdUN9wDXJGIOj6U67RPIBHO.jpg
1442,Prefontaine (1997),26306,https://image.tmdb.org/t/p/w500/3jtG9mgfiZRTRQf19BiUAY6QPN3.jpg
1443,"Tickle in the Heart, A (1996)",203829,
1445,McHale's Navy (1997),14908,https://image.tmdb.org/t/p/w500/tg9qzqF349j526pNZnjPB4p2UED.jpg
1446,Kolya (1996),784,https://image.tmdb.org/t/p/w500/fB0cGiEOngfsfyDHXIpFOmEwFgi.jpg
1447,Gridlock'd (1997),12489,https://image.tmdb.org/t/p/w500/jlOL8fLsG0tGBtkj9qzHgqcHPVV.jpg
1448,Fire on the Mountain (1996),168283,https://image.tmdb.org/t/p/w500/eBPv4D5nnKCnxnaqg8ywYBGUrgD.jpg
1449,Waiting for Guffman (1996),16448,https://image.tmdb.org/t/p/w500/zuArI6EBpV6mExrvfnyidoOtzdf.jpg
1450,Prisoner of the Mountains (Kavkazsky Plennik) (1996),55936,https://image.tmdb.org/t/p/w500/82WdNsibYEwZI3u3XB0ndfKKKLe.jpg
1453,"Beautician and the Beast, The (1997)",17894,https://image.tmdb.org/t/p/w500/s2RaTrqoPvD4eYEaZCyF0zFbbpV.jpg
1454,SubUrbia (1997),28059,https://image.tmdb.org/t/p/w500/7PdRbG09K9JHYyOwwCSn3OdJb0N.jpg
1455,Hotel de Love (1996),58911,https://image.tmdb.org/t/p/w500/7ZYsPXkwS8fZ78YKwz8zaNsCegA.jpg
1456,"Pest, The (1997)",17949,https://image.tmdb.org/t/p/w500/rmxgXwRgWJ3Ds9VQX7SDRIGJYvk.jpg
1457,Fools Rush In (1997),1968,https://image.tmdb.org/t/p/w500/tcRaMjWoF8K7h1LqOH7FOOLRQ3e.jpg
1458,Touch (1997),61563,https://image.tmdb.org/t/p/w500/4KEkCiId2lhKgSM6sAGSuG9BjdH.jpg
1459,Absolute Power (1997),66,https://image.tmdb.org/t/p/w500/izvyt3cxlilhbYwybTOteDWqf99.jpg
1460,That Darn Cat! (1997),20735,https://image.tmdb.org/t/p/w500/bH2EWFR9FOKp9fAjNgYf9eanivk.jpg
1461,Vegas Vacation (1997),11419,https://image.tmdb.org/t/p/w500/jUOreo2AWDnPuRJsUp6T1i66tUe.jpg
1463,That Old Feeling (1997),25796,https://image.tmdb.org/t/p/w500/seeCorvsPL07f3Ga4RKqzzg8BBk.jpg
1464,Lost Highway (1997),638,https://image.tmdb.org/t/p/w500/fdTtij6H0sX9AzIjUeynh5zbfm7.jpg
1465,Rosewood (1997),25624,https://image.tmdb.org/t/p/w500/5EeTYDXdrpD9mZSSwsrFbqgok9U.jpg
1466,Donnie Brasco (1997),9366,https://image.tmdb.org/t/p/w500/xtKLvpOfARi1XVm8u2FTdhY5Piq.jpg
1467,Salut cousin! (1996),60083,https://image.tmdb.org/t/p/w500/c02ZXXpT7wxUoCWLFh3ul418qz2.jpg
1468,Booty Call (1997),21915,https://image.tmdb.org/t/p/w500/1pQpHVm3AXIwbBUnwGEQ0q95E0L.jpg
1470,Rhyme & Reason (1997),90928,https://image.tmdb.org/t/p/w500/a7WsScJGSIV1sArdQdpGCYHXN54.jpg
1471,Boys Life 2 (1997),50091,https://image.tmdb.org/t/p/w500/98DnYNe2E3Vrpoai1MhLBjUGcWF.jpg
1472,City of Industry (1997),18420,https://image.tmdb.org/t/p/w500/8sLhOGSCTVeaihjXIy0OjL520F2.jpg
1473,Best Men (1997),19952,https://image.tmdb.org/t/p/w500/dDutboDhQeIGZ0VOMI8RkM7MWm3.jpg
1475,Kama Sutra: A Tale of Love (1996),28005,https://image.tmdb.org/t/p/w500/kUaWgLrI7HqpPqPxgR54wSGokCV.jpg
1476,Private Parts (1997),9403,https://image.tmdb.org/t/p/w500/8nCc9fhXCVvetlqpxkrCTc9NwOz.jpg
1477,Love Jones (1997),27322,https://image.tmdb.org/t/p/w500/iuwimPkDm7kfptKm5zlK0pIzqXM.jpg
1479,"Saint, The (1997)",10003,https://image.tmdb.org/t/p/w500/k43wPAVeepqzGwP52dKcknQjquj.jpg
1480,Smilla's Sense of Snow (1997),9311,https://image.tmdb.org/t/p/w500/2BwL0fKCaNRXfqMsu2uvFFS7dZX.jpg
1482,"Van, The (1996)",11844,https://image.tmdb.org/t/p/w500/2TdHo37gBCZFT613VcLMbP5eM65.jpg
1483,Crash (1996),884,https://image.tmdb.org/t/p/w500/gpai5oUFyFGLHOCsYTvVMqlbY7A.jpg
1484,"Daytrippers, The (1996)",49806,https://image.tmdb.org/t/p/w500/bDmconT9Fj0dnXdV5LaGAxXrVFN.jpg
1485,Liar Liar (1997),1624,https://image.tmdb.org/t/p/w500/p1habYSdC7oD3WygQ5lynU5G5rV.jpg
1486,"Quiet Room, The (1996)",88423,https://image.tmdb.org/t/p/w500/5sjiajW7AxVA0eFyyIR7Cl49KYv.jpg
1487,Selena (1997),16052,https://image.tmdb.org/t/p/w500/j8xX3yBAFOayfSaImgLZPnAcdWz.jpg
1488,"Devil's Own, The (1997)",4477,https://image.tmdb.org/t/p/w500/3KIPu7H3tST0j4tpqdKpQZUBCQz.jpg
1489,Cats Don't Dance (1997),24662,https://image.tmdb.org/t/p/w500/6CrgfB0dNUsanaMWHTv0Y6AFeNd.jpg
1490,B*A*P*S (1997),18423,https://image.tmdb.org/t/p/w500/5VSwKSpf6QZbwoc13x18NfV47vr.jpg
1493,Love and Other Catastrophes (1996),76996,https://image.tmdb.org/t/p/w500/sO91zO8XY5o10R48RKAE6UDvJd7.jpg
1494,"Sixth Man, The (1997)",36807,https://image.tmdb.org/t/p/w500/c08PAB0kWE38zrOGl376D9qqdEc.jpg
1495,Turbo: A Power Rangers Movie (1997),6499,https://image.tmdb.org/t/p/w500/4mau5EXQoKUTiS5wx3Wocwrh5hG.jpg
1496,Anna Karenina (1997),50512,https://image.tmdb.org/t/p/w500/6YWh035E2jhiWs57A2LMg1c9mv4.jpg
1497,Double Team (1997),9405,https://image.tmdb.org/t/p/w500/tUzF2S15iX4Hn6ikbFX1YP3SDEQ.jpg
1498,Inventing the Abbotts (1997),12723,https://image.tmdb.org/t/p/w500/ysfD96fF56BEzpktyDWChC8Epgs.jpg
1499,Anaconda (1997),9360,https://image.tmdb.org/t/p/w500/33NysOnLpLZY0ewHTcfpalzAsRG.jpg
1500,Grosse Pointe Blank (1997),9434,https://image.tmdb.org/t/p/w500/7lQ0MSNQqBTYpXTTZL82u1n95Z3.jpg
1501,Keys to Tulsa (1997),118991,https://image.tmdb.org/t/p/w500/g3Y1t6AXTVyRrz2DOIGsBeeA3YB.jpg
1502,Kissed (1996),21626,https://image.tmdb.org/t/p/w500/sLHamI4Qrtg1YyUVsMbh1diCAyg.jpg
1503,8 Heads in a Duffel Bag (1997),13982,https://image.tmdb.org/t/p/w500/dbjS5UH7JvsQwSLMYMY5GQOSwv1.jpg
1504,Hollow Reed (1996),93946,https://image.tmdb.org/t/p/w500/rNnCJn5xtoQegE9mvOAxqQhmSIB.jpg
1507,Paradise Road (1997),77223,https://image.tmdb.org/t/p/w500/mEA7Iv1e6HqpSGMfVUdUfYOusNU.jpg
1508,Traveller (1997),31465,https://image.tmdb.org/t/p/w500/sgRravjx1m3guWa9otsizIbEJXx.jpg
1509,All Over Me (1997),12793,https://image.tmdb.org/t/p/w500/gCsHKHWhKXI3YMWlP1tJ2NSvV2p.jpg
1510,"Brother's Kiss, A (1997)",102878,https://image.tmdb.org/t/p/w500/bQDomRdviHN7bsGKQ3FgvOR1DDD.jpg
1511,A Chef in Love (1996),105763,https://image.tmdb.org/t/p/w500/f7DjoYUwHgzDUPK96bahLBxdkKr.jpg
1513,Romy and Michele's High School Reunion (1997),9611,https://image.tmdb.org/t/p/w500/yLxgglhaP2QfWVZTdrv7mZgvuHL.jpg
1514,Temptress Moon (Feng Yue) (1996),47694,https://image.tmdb.org/t/p/w500/qpuVUxfLKlzQDqzMY4oTR1RCQNA.jpg
1515,Volcano (1997),10357,https://image.tmdb.org/t/p/w500/5xIjktjXuro7anZ6AR58t5ZYWjQ.jpg
1516,Children of the Revolution (1996),9977,https://image.tmdb.org/t/p/w500/jfL0X3Ym9R9QDkUQZufwzVq12F0.jpg
1517,Austin Powers: International Man of Mystery (1997),816,https://image.tmdb.org/t/p/w500/5uD4dxNX8JKFjWKYMHyOsqhi5pN.jpg
1518,Breakdown (1997),2163,https://image.tmdb.org/t/p/w500/m3VB59ppr1RlpxNUYRUfZTgjgU.jpg
1519,Broken English (1996),124680,https://image.tmdb.org/t/p/w500/137yYXxYLGvm6UrkQfkpdWCV83k.jpg
1520,Commandments (1997),16399,https://image.tmdb.org/t/p/w500/bob97FFDOHzGoD62MamZc82jZy.jpg
1522,Ripe (1996),124843,https://image.tmdb.org/t/p/w500/xoQmibPIqwIN4cTlohDVNZwAi2y.jpg
1523,"Truth or Consequences, N.M. (1997)",31017,https://image.tmdb.org/t/p/w500/5SqRSTVbvBrM6s2rPa5U34Hcryu.jpg
1524,"Turning, The (1992)",24645,https://image.tmdb.org/t/p/w500/t3FM9hmqa9HeKbavrmv7GOO9Xt3.jpg
1525,Warriors of Virtue (1997),49478,https://image.tmdb.org/t/p/w500/8fT8cttGyXx36P24W0tum2QxsLf.jpg
1526,Fathers' Day (1997),12499,https://image.tmdb.org/t/p/w500/834wRxQRbbctFupf8AES7CCeTSM.jpg
1527,"Fifth Element, The (1997)",18,https://image.tmdb.org/t/p/w500/fPtlCO1yQtnoLHOwKtWz7db6RGU.jpg
1528,Intimate Relations (1996),68545,https://image.tmdb.org/t/p/w500/xTIS7xKJRpyrE5tyT7m1FlcTWiW.jpg
1529,Nowhere (1997),1811,https://image.tmdb.org/t/p/w500/c1TZKfzvATep5x5DthqWjjWtU2l.jpg
1531,Losing Chase (1996),109614,https://image.tmdb.org/t/p/w500/t3RNxs4vHXTiO29Kr1YInrxOGhz.jpg
1532,Sprung (1997),60082,https://image.tmdb.org/t/p/w500/quoo72l1VzxHDsE5yPw4RhHp4y7.jpg
1533,"Promise, The (La Promesse) (1996)",24183,https://image.tmdb.org/t/p/w500/pmGx73cJ3gVCCli1JAVQOaLbdnY.jpg
1534,"Bonheur, Le (1965)",53023,https://image.tmdb.org/t/p/w500/r6UYog9MruOe4X71AS57EhuJrFq.jpg
1535,Love! Valour! Compassion! (1997),64802,https://image.tmdb.org/t/p/w500/1IcLQpZZUPgevqj05xFbg40jTle.jpg
1537,Shall We Dance? (Shall We Dansu?) (1996),11239,https://image.tmdb.org/t/p/w500/a3HQNANsAZ3zhKpHeWdznwBmJPF.jpg
1538,"Second Jungle Book: Mowgli & Baloo, The (1997)",50850,https://image.tmdb.org/t/p/w500/kLzE0IluHeY920jshiTsLz92ZEe.jpg
1539,Twin Town (1997),15321,https://image.tmdb.org/t/p/w500/b9rf32Mq0bQ0pJ3EZ5ghY52J4tS.jpg
1541,Addicted to Love (1997),2058,https://image.tmdb.org/t/p/w500/sRfuSc6E9GvVaOHdPv4vG3ywfMw.jpg
1542,Brassed Off (1996),9450,https://image.tmdb.org/t/p/w500/qS2cZYWn2jlQs4Ej5O42LVIANQB.jpg
1543,"Designated Mourner, The (1997)",125021,https://image.tmdb.org/t/p/w500/nEY2MF8JPOvIkkZZ6avlD7KwX9F.jpg
1544,"Lost World: Jurassic Park, The (1997)",330,https://image.tmdb.org/t/p/w500/6fSkhv35nPSw9hwPVCMINQFG1WD.jpg
1545,Ponette (1996),38523,https://image.tmdb.org/t/p/w500/p6ZlnYATJvYZtcQr6RDmzplq3hX.jpg
1546,Schizopolis (1996),16375,https://image.tmdb.org/t/p/w500/9ASmg9EvWkt90dwW9YKO3NXQk8d.jpg
1548,"War at Home, The (1996)",59232,https://image.tmdb.org/t/p/w500/la11ac7YYCDBsizOkKxqwn71VKQ.jpg
1549,Rough Magic (1995),45671,https://image.tmdb.org/t/p/w500/1ihrS8fbHnIvkcruSWBJSGiayh7.jpg
1550,Trial and Error (1997),17770,https://image.tmdb.org/t/p/w500/menUTMx04eYe8EYKhJnGYA4gK6Q.jpg
1551,Buddy (1997),15170,https://image.tmdb.org/t/p/w500/88l3mMtQcHE5JW8gJmQJm9fmpAH.jpg
1552,Con Air (1997),1701,https://image.tmdb.org/t/p/w500/kOKjgrEzGOP92rVQ6srA9jtp60l.jpg
1553,Late Bloomers (1996),201445,https://image.tmdb.org/t/p/w500/z7drJqkj6mg1cnU6UtmBYYyisYZ.jpg
1554,"Pillow Book, The (1995)",26422,https://image.tmdb.org/t/p/w500/haJOy4dOmy0nih5RH25FBuwVNH4.jpg
1555,"To Have, or Not (1995)",124642,https://image.tmdb.org/t/p/w500/151eeCpFbj1X2x5SVy6cRHWwwAb.jpg
1556,Speed 2: Cruise Control (1997),1639,https://image.tmdb.org/t/p/w500/gnK1ocpwUTj24zAktzomOJsD2bu.jpg
1557,Squeeze (1996),144982,https://image.tmdb.org/t/p/w500/e29bxyk9pOKcswJ98LbeLkkEFvc.jpg
1558,Sudden Manhattan (1996),106129,https://image.tmdb.org/t/p/w500/oOHpAWEe3Z6i8NdLSYcexyJQwxD.jpg
1561,Wedding Bell Blues (1996),107743,https://image.tmdb.org/t/p/w500/a4juFEw1qG3dI8XaoV3AruFaqa9.jpg
1562,Batman & Robin (1997),415,https://image.tmdb.org/t/p/w500/i7hEUpDuMN2LOrCEifFyGSHZQSY.jpg
1563,Dream With the Fishes (1997),47686,https://image.tmdb.org/t/p/w500/wEYVS0WSCC7ZtT9D1ZnpGA3RvDK.jpg
1564,Roseanna's Grave (For Roseanna) (1997),65889,https://image.tmdb.org/t/p/w500/qaimjcQYua8UjnEJAx6UPjRRc3a.jpg
1565,Head Above Water (1996),11103,https://image.tmdb.org/t/p/w500/snbpUmX63bbjko0j0NyugJPHd9b.jpg
1566,Hercules (1997),11970,https://image.tmdb.org/t/p/w500/dK9rNoC97tgX3xXg5zdxFisdfcp.jpg
1567,"Last Time I Committed Suicide, The (1997)",34941,https://image.tmdb.org/t/p/w500/5AM1oDIlsWBBLYecetUAHOWv9dW.jpg
1568,MURDER and murder (1996),407992,https://image.tmdb.org/t/p/w500/8zaVdyHquMW3mNEPujatbWvOYbf.jpg
1569,My Best Friend's Wedding (1997),8874,https://image.tmdb.org/t/p/w500/b5g4bp8gS5ovMyR5439AII6zQ3n.jpg
1570,Tetsuo II: Body Hammer (1992),17991,https://image.tmdb.org/t/p/w500/w2We4S0SmRP72BKpvtOfyu9cF6H.jpg
1571,When the Cats Away (Chacun cherche son chat) (1996),11956,https://image.tmdb.org/t/p/w500/vZjHfDpE74EmbknicrTg4n5YOLr.jpg
1572,Contempt (Le Mépris) (1963),266,https://image.tmdb.org/t/p/w500/kNElbRcp4Qz6wmJ9kH5vdY004Hq.jpg
1573,Face/Off (1997),754,https://image.tmdb.org/t/p/w500/69Xzn8UdPbVnmqSChKz2RTpoNfB.jpg
1574,Fall (1997),4476,https://image.tmdb.org/t/p/w500/t1KPGlW0UGd0m515LPQmk2F4nu1.jpg
1575,Gabbeh (1996),43771,https://image.tmdb.org/t/p/w500/uT2MCo2YKqMqtUXdtmy1rwR4IwD.jpg
1577,Mondo (1996),716572,
1578,"Innocent Sleep, The (1995)",249358,https://image.tmdb.org/t/p/w500/migKDxowG5sulpDNhyrGj41tEes.jpg
1579,For Ever Mozart (1996),111367,https://image.tmdb.org/t/p/w500/5TCe8LHpl8aZ9OvGvFkakAYyYlL.jpg
1580,Men in Black (1997),607,https://image.tmdb.org/t/p/w500/uLOmOF5IzWoyrgIF5MfUnh5pa1X.jpg
1581,Out to Sea (1997),18080,https://image.tmdb.org/t/p/w500/de3GHQy3TJAVhgF6ys1aWpe5jWK.jpg
1582,Wild America (1997),38225,https://image.tmdb.org/t/p/w500/m9VIy9qtq49EDwgYFg07ganUYg.jpg
1583,"Simple Wish, A (1997)",17834,https://image.tmdb.org/t/p/w500/cfyJ7yIvNTlz2ooH8iU6r0pxAMj.jpg
1584,Contact (1997),686,https://image.tmdb.org/t/p/w500/bCpMIywuNZeWt3i5UMLEIc0VSwM.jpg
1585,Love Serenade (1996),65046,https://image.tmdb.org/t/p/w500/fXBWYmK9MybKhqvmyj57KyFEcq3.jpg
1586,G.I. Jane (1997),4421,https://image.tmdb.org/t/p/w500/6yBgZJYqaR4XkxwjsB9tS4GK1ZN.jpg
1587,Conan the Barbarian (1982),9387,https://image.tmdb.org/t/p/w500/qw2A587Ee61IwcSOLNFRhuOACZZ.jpg
1588,George of the Jungle (1997),10603,https://image.tmdb.org/t/p/w500/lWp8hUqE4oLPxsYgilXoYoVThfU.jpg
1589,Cop Land (1997),2142,https://image.tmdb.org/t/p/w500/dyOqXyPCQh8VF0KA5aelBCCQond.jpg
1590,Event Horizon (1997),8413,https://image.tmdb.org/t/p/w500/qfluaDXv0cIdLwgQWzNB2piHL2q.jpg
1591,Spawn (1997),10336,https://image.tmdb.org/t/p/w500/3svvunKXkhRvEKByGDua1Qu0otq.jpg
1592,Air Bud (1997),20737,https://image.tmdb.org/t/p/w500/kDfzh6QdX2tseTwwyB7lp2RP7iE.jpg
1593,Picture Perfect (1997),9413,https://image.tmdb.org/t/p/w500/xYnvr4o7GEaA2uyt4Q1ASUI5Obv.jpg
1594,In the Company of Men (1997),14585,https://image.tmdb.org/t/p/w500/1gPJ4H4TbGAiuEA6pFalFtqA0eL.jpg
1595,Free Willy 3: The Rescue (1997),18519,https://image.tmdb.org/t/p/w500/xzca4bxgP2aEMlPTyq5vqhsunFB.jpg
1596,Career Girls (1997),49462,https://image.tmdb.org/t/p/w500/bV6ezK5Qcqv9ul9B6yGiKcfA0pG.jpg
1597,Conspiracy Theory (1997),8834,https://image.tmdb.org/t/p/w500/sTyTKZVikQU6g50HE8HR1tBSRxj.jpg
1598,Desperate Measures (1998),9458,https://image.tmdb.org/t/p/w500/74ibzyjLp2dizmiua5nHn4llG0l.jpg
1599,Steel (1997),10860,https://image.tmdb.org/t/p/w500/7ExUSN9s9gX9bhVM17zDLEizano.jpg
1600,She's So Lovely (1997),38295,https://image.tmdb.org/t/p/w500/oZISQ7Cnmezs5NgBaL6uHUkDMFZ.jpg
1601,Hoodlum (1997),22073,https://image.tmdb.org/t/p/w500/hZrwqVXLyxxsNJHVc6bJKSUDkXA.jpg
1602,Leave It to Beaver (1997),37244,https://image.tmdb.org/t/p/w500/zBe7rCrImp9XxSGWTWAmYlPEXeN.jpg
1603,Mimic (1997),4961,https://image.tmdb.org/t/p/w500/ieRRo78f8JzEKxfiCKqJyFg6l8o.jpg
1604,Money Talks (1997),9416,https://image.tmdb.org/t/p/w500/bN57Rl003E9pYred5kw9Rp8h9Np.jpg
1605,Excess Baggage (1997),26180,https://image.tmdb.org/t/p/w500/dfKaCA32iSkEQiu37drvIAZWZFz.jpg
1606,Kull the Conqueror (1997),17832,https://image.tmdb.org/t/p/w500/cgKK2eCdb5LLaQBDQZbmR312q1O.jpg
1608,Air Force One (1997),9772,https://image.tmdb.org/t/p/w500/evO1iENjLpUnbwjnt5XK85jRYob.jpg
1609,187 (1997),6072,https://image.tmdb.org/t/p/w500/rPmmyspi1MZBItSvfx40qwep8ow.jpg
1610,"Hunt for Red October, The (1990)",1669,https://image.tmdb.org/t/p/w500/yVl7zidse4KiWtGMqHFtZCx4X3N.jpg
1611,My Own Private Idaho (1991),468,https://image.tmdb.org/t/p/w500/p9TF90Pb5yg2MNb2UztzyXktMm4.jpg
1612,"Kiss Me, Guido (1997)",32519,https://image.tmdb.org/t/p/w500/3aFhsB4ez8ViUofXMaSI9k7bT1m.jpg
1613,Star Maps (1997),108401,https://image.tmdb.org/t/p/w500/jXt9Ww1pMKcS1n1uGg7QuGFVaCT.jpg
1614,In & Out (1997),10806,https://image.tmdb.org/t/p/w500/jUTQp6cPgfOX4St2WfaeUvxZCts.jpg
1615,"Edge, The (1997)",9433,https://image.tmdb.org/t/p/w500/zplJqfuUyqzW0D4jX3W1afl0d7b.jpg
1616,"Peacemaker, The (1997)",6623,https://image.tmdb.org/t/p/w500/hc3p6pvIrfO4AmrVLb6qTviOwW2.jpg
1617,L.A. Confidential (1997),2118,https://image.tmdb.org/t/p/w500/lWCgf5sD5FpMljjpkRhcC8pXcch.jpg
1619,Seven Years in Tibet (1997),978,https://image.tmdb.org/t/p/w500/qm87HHUew8ICtUCM4asO3gFYvby.jpg
1620,Kiss the Girls (1997),9437,https://image.tmdb.org/t/p/w500/25h5I3E3ydhazsPDnscWHivq5pn.jpg
1621,Soul Food (1997),29461,https://image.tmdb.org/t/p/w500/97t6YjxjTpwQ439MJcPiPDrMAg0.jpg
1622,Kicked in the Head (1997),56651,https://image.tmdb.org/t/p/w500/jJVtdeWddiarPpWgSnEBXEJAsz4.jpg
1623,Wishmaster (1997),10351,https://image.tmdb.org/t/p/w500/t7rep7SCqiy4COUsq2cOcdQwzU0.jpg
1624,"Thousand Acres, A (1997)",66588,https://image.tmdb.org/t/p/w500/p7tsW4oUi7hHbpNtFZdMQEBj42g.jpg
1625,"Game, The (1997)",2649,https://image.tmdb.org/t/p/w500/4UOa079915QjiTA2u5hT2yKVgUu.jpg
1626,Fire Down Below (1997),14289,https://image.tmdb.org/t/p/w500/nflONy2WMEui7uCGCAtkD1r9vnl.jpg
1627,U Turn (1997),10155,https://image.tmdb.org/t/p/w500/nBPTj1ApIDWo04M14rXFwLPdtr2.jpg
1628,"Locusts, The (1997)",75250,https://image.tmdb.org/t/p/w500/l9vNY9tJUENOvXRCUg5FFACtrtL.jpg
1629,"MatchMaker, The (1997)",20457,https://image.tmdb.org/t/p/w500/3TlW75w0Lo4uT6l8WRf3pdxbHHs.jpg
1631,"Assignment, The (1997)",18355,https://image.tmdb.org/t/p/w500/lhuV5cvxFhUrB6F4smVZGmdSwbT.jpg
1632,"Smile Like Yours, A (1997)",33657,https://image.tmdb.org/t/p/w500/x18HBMhlxCbaWv95VktUavib0Rv.jpg
1633,Ulee's Gold (1997),55306,https://image.tmdb.org/t/p/w500/wMpZ7U7A0QHJptR9L573V3Y7SI0.jpg
1635,"Ice Storm, The (1997)",68924,https://image.tmdb.org/t/p/w500/3a6uLta7K8Dzojps4RoJAPHD0km.jpg
1636,Stag (1997),36434,https://image.tmdb.org/t/p/w500/kzy8BK7qN6HzOY79py1Dhvk7KLu.jpg
1639,Chasing Amy (1997),2255,https://image.tmdb.org/t/p/w500/tqydORBcNlQxy3ijgSpPurgDHM2.jpg
1640,How to Be a Player (1997),28353,https://image.tmdb.org/t/p/w500/1BFKMh1ogtWzGOjKTzxCD2tG0K3.jpg
1641,"Full Monty, The (1997)",9427,https://image.tmdb.org/t/p/w500/xkMiZv2FPrhIAtxvEcN1jAbkHRY.jpg
1643,"Mrs. Brown (Her Majesty, Mrs. Brown) (1997)",17589,https://image.tmdb.org/t/p/w500/swVtcQj7AW2SaIcgThgw2i4fXN9.jpg
1644,I Know What You Did Last Summer (1997),3597,https://image.tmdb.org/t/p/w500/dQyaJx0SptDqvQcAewAr8FAtLB2.jpg
1645,"Devil's Advocate, The (1997)",1813,https://image.tmdb.org/t/p/w500/5ZzBGpxy55OQzHxKVY11IpY6a0o.jpg
1646,Rocket Man (1997),36797,https://image.tmdb.org/t/p/w500/6ejazTl7f8lWY3quZhenIOyOfED.jpg
1647,Playing God (1997),12628,https://image.tmdb.org/t/p/w500/faYRZjtBMNygM7spt72yrs72hC8.jpg
1648,"House of Yes, The (1997)",33344,https://image.tmdb.org/t/p/w500/42mp1sJw6E7BDNMrF65IOZ4j4zq.jpg
1649,"Fast, Cheap & Out of Control (1997)",25099,https://image.tmdb.org/t/p/w500/8uXV6w3ZQUtefqjCgxXswCwPSjk.jpg
1650,Washington Square (1997),45019,https://image.tmdb.org/t/p/w500/3LIn7bskDwsmyxMWTNWRIPSCm2X.jpg
1651,Telling Lies in America (1997),63437,https://image.tmdb.org/t/p/w500/yNKGhbqUgFp7gDG4btnJdLIUzSM.jpg
1652,Year of the Horse (1997),62422,https://image.tmdb.org/t/p/w500/kLO7UAx8OalCeW2JqTAispzNBJr.jpg
1653,Gattaca (1997),782,https://image.tmdb.org/t/p/w500/eSKr5Fl1MEC7zpAXaLWBWSBjgJq.jpg
1654,FairyTale: A True Story (1997),29911,https://image.tmdb.org/t/p/w500/5H86i0qE8zCAbg0vTBKG7S7I2Vi.jpg
1655,Phantoms (1998),9827,https://image.tmdb.org/t/p/w500/aWkmnhNBlQNIPNNz4r0PGksXgT1.jpg
1656,Swept from the Sea (1997),1959,https://image.tmdb.org/t/p/w500/w5Or62J6mF099MQcn0Cq8ycIfqB.jpg
1657,Wonderland (1997),251481,https://image.tmdb.org/t/p/w500/5J88upbkt7xKMwjRCi7plEpfLSR.jpg
1658,"Life Less Ordinary, A (1997)",8067,https://image.tmdb.org/t/p/w500/tk7WNEwLZepFU2yPIIkRuQOO0Q9.jpg
1660,Eve's Bayou (1997),45153,https://image.tmdb.org/t/p/w500/33yTPcGSv7eo3FVlb7XKACHl1M8.jpg
1661,Switchback (1997),10871,https://image.tmdb.org/t/p/w500/3v4nX475G97Vd8XCapTKQ7NTqMs.jpg
1662,Gang Related (1997),14398,https://image.tmdb.org/t/p/w500/zvl4RYK5OHo2d9V1aUkHkxhh9Zv.jpg
1663,Stripes (1981),10890,https://image.tmdb.org/t/p/w500/vP8tPOgmJSNOh4bpOv1bFjid3rZ.jpg
1664,Nénette et Boni (1996),99002,https://image.tmdb.org/t/p/w500/4tiYchxwSkLI80TaAgmHLUEBx0B.jpg
1665,Bean (1997),1281,https://image.tmdb.org/t/p/w500/IwrDPrB4d2DMcpnGkvan46yINL.jpg
1666,Hugo Pool (1997),32332,https://image.tmdb.org/t/p/w500/sVVdjinglTAShsEYlYkPNQ0SQGv.jpg
1667,Mad City (1997),9770,https://image.tmdb.org/t/p/w500/wXb9KGqxyrAHNygRRI1HW1BhcU.jpg
1668,One Night Stand (1997),12616,https://image.tmdb.org/t/p/w500/h6aDoPEyK4rgp4MiuRvQjepoyZx.jpg
1669,"Tango Lesson, The (1997)",34838,https://image.tmdb.org/t/p/w500/dFrkFLIGUiHTu74WGE3633XXi4C.jpg
1670,Welcome To Sarajevo (1997),14905,https://image.tmdb.org/t/p/w500/bGdDqsFCF0v9M5mB77fAF8vJMsy.jpg
1671,Deceiver (1997),14583,https://image.tmdb.org/t/p/w500/1bxBZV0KsUolu7MddTXZ0Prac3Q.jpg
1672,"Rainmaker, The (1997)",11975,https://image.tmdb.org/t/p/w500/twLGHXPjQtS8UyVGp5GXmhJiTM7.jpg
1673,Boogie Nights (1997),4995,https://image.tmdb.org/t/p/w500/wnE24UPCPQsQnbBOu4zVE2qaDNm.jpg
1674,Witness (1985),9281,https://image.tmdb.org/t/p/w500/kOymD1rChAMykmDVEzJpIh4OYS7.jpg
1675,Incognito (1997),45928,https://image.tmdb.org/t/p/w500/45idl65SLCipP1G1RMRVfkF4ldw.jpg
1676,Starship Troopers (1997),563,https://image.tmdb.org/t/p/w500/cxCmv23O7p3hyHwqoktHYkZcGsY.jpg
1677,Critical Care (1997),61337,https://image.tmdb.org/t/p/w500/p4UPT3vvdKHsv6PbhvvtFm8w5Zx.jpg
1678,"Joy Luck Club, The (1993)",19931,https://image.tmdb.org/t/p/w500/s1Sk0hhVARNs7i9wqRHqbCriu8n.jpg
1679,Chairman of the Board (1998),31535,https://image.tmdb.org/t/p/w500/1eGB1EjaUjGbiuPBAqndlO3khyn.jpg
1680,Sliding Doors (1998),10215,https://image.tmdb.org/t/p/w500/s8VOVTywXZIIHqdEjkCZziH0ebq.jpg
1681,Mortal Kombat: Annihilation (1997),9823,https://image.tmdb.org/t/p/w500/ttryglcY2osWZE3sRYBf3ewTZsW.jpg
1682,"Truman Show, The (1998)",37165,https://image.tmdb.org/t/p/w500/vuza0WqY239yBXOadKlGwJsZJFE.jpg
1683,"Wings of the Dove, The (1997)",45609,https://image.tmdb.org/t/p/w500/eb1ZnIEC8LMmMgwD2fIAmQOkcd.jpg
1684,Mrs. Dalloway (1997),38904,https://image.tmdb.org/t/p/w500/kJURxFCyfqjTss7vTVMuUobHcye.jpg
1685,"I Love You, I Love You Not (1996)",45565,https://image.tmdb.org/t/p/w500/aesZ94JtQFiVdvNFNbO5CSeWms2.jpg
1686,Red Corner (1997),9407,https://image.tmdb.org/t/p/w500/xsIbKOO1CacqTagyJmEGGf4kOnn.jpg
1687,"Jackal, The (1997)",4824,https://image.tmdb.org/t/p/w500/oXF26QmDEaRaH9Fbhs3NXtcnryx.jpg
1688,Anastasia (1997),9444,https://image.tmdb.org/t/p/w500/bppGWGA8zq1sRvTdDJnUzVW9GcH.jpg
1689,"Man Who Knew Too Little, The (1997)",9414,https://image.tmdb.org/t/p/w500/yVlIZa0u6CTN5LudxGX77Fk46iz.jpg
1690,Alien: Resurrection (1997),8078,https://image.tmdb.org/t/p/w500/9aRDMlU5Zwpysilm0WCWzU2PCFv.jpg
1693,Amistad (1997),11831,https://image.tmdb.org/t/p/w500/6QqNyIHKow0jngiQgTNBOBrLILM.jpg
1694,"Apostle, The (1997)",2895,https://image.tmdb.org/t/p/w500/9KqCzLhWbFMBPjqRpZ69izRiYgG.jpg
1695,Artemisia (1997),39177,https://image.tmdb.org/t/p/w500/5mMzt0Cw99wNk0xTT7YOdRxaqZp.jpg
1696,Bent (1997),19601,https://image.tmdb.org/t/p/w500/mTRIVPmRK01rgLlE6XJPGbbRdXb.jpg
1698,"Boys, Les (1997)",42832,https://image.tmdb.org/t/p/w500/yk4NokXK0Bg84ULFOiVFmXp12EC.jpg
1699,"Butcher Boy, The (1998)",22797,https://image.tmdb.org/t/p/w500/9KrClE5Ax6wzCAwgaGRhQI2Eolk.jpg
1701,Deconstructing Harry (1997),2639,https://image.tmdb.org/t/p/w500/i7Z5DdznqANJUjqWISEFu9bw6J7.jpg
1702,Flubber (1997),9574,https://image.tmdb.org/t/p/w500/bnKvk04icAyCO1KjqhsaEXBO9aJ.jpg
1703,For Richer or Poorer (1997),10371,https://image.tmdb.org/t/p/w500/tPjqY9Qp5WOIBFKnyEpMBVwGr01.jpg
1704,Good Will Hunting (1997),489,https://image.tmdb.org/t/p/w500/z2FnLKpFi1HPO7BEJxdkv6hpJSU.jpg
1705,Guy (1996),9894,https://image.tmdb.org/t/p/w500/YJt9l3RdrRohI95btQKPXwpdii.jpg
1706,Harlem River Drive (1996),293820,https://image.tmdb.org/t/p/w500/tXMCfZEkZLdQqCUeElZRTsi0X4X.jpg
1707,Home Alone 3 (1997),9714,https://image.tmdb.org/t/p/w500/6uOadrCfle0n2LOOxHbgWEdnrm2.jpg
1708,Ill Gotten Gains (1997),102406,https://image.tmdb.org/t/p/w500/r4irj0Pv1qhXPsda5NQy8btUhy5.jpg
1709,Legal Deceit (1997),531591,https://image.tmdb.org/t/p/w500/mKkdUjmOINrYw7pC02frBQOvOXS.jpg
1711,Midnight in the Garden of Good and Evil (1997),8197,https://image.tmdb.org/t/p/w500/cXS5o6RIp8m1epBm5I7cX49bfFd.jpg
1713,Mouse Hunt (1997),6283,https://image.tmdb.org/t/p/w500/aqBPrWOzXEO3rWEk3DYTHBjXNZb.jpg
1714,Never Met Picasso (1996),279698,https://image.tmdb.org/t/p/w500/gT75fq6XuyuBvXXF8Dzgtspxew7.jpg
1715,Office Killer (1997),49728,https://image.tmdb.org/t/p/w500/ytPjWp5LMW5jV9IVrcv6yTsxDTH.jpg
1716,"Other Voices, Other Rooms (1997)",64562,https://image.tmdb.org/t/p/w500/v2Vr482gGGMI2YE5Pp1wvoICyce.jpg
1717,Scream 2 (1997),4233,https://image.tmdb.org/t/p/w500/dORlVasiaDkJXTqt9bdH7nFNs6C.jpg
1718,Stranger in the House (1997),191874,https://image.tmdb.org/t/p/w500/iWD7fxQZpBw1AVfk0AOyqou1x26.jpg
1719,"Sweet Hereafter, The (1997)",10217,https://image.tmdb.org/t/p/w500/gJy7LMq4b5qO5fsSUSoBgm24BHf.jpg
1721,Titanic (1997),597,https://image.tmdb.org/t/p/w500/9xjZS2rlVxm8SFx8kPC3aIGCOYQ.jpg
1722,Tomorrow Never Dies (1997),714,https://image.tmdb.org/t/p/w500/gZm002w7q9yLOkltxT76TWGfdZX.jpg
1723,Twisted (1996),52537,https://image.tmdb.org/t/p/w500/mPV5mGjbUtTZ9EDMB9o9GOvz1c7.jpg
1724,Full Speed (1996),12799,https://image.tmdb.org/t/p/w500/tVKb923pUpUX1uOKxRiyanR2yVS.jpg
1725,"Education of Little Tree, The (1997)",62394,https://image.tmdb.org/t/p/w500/cBJCiV56y5i5kEWZw1vXf2QYuFM.jpg
1726,"Postman, The (1997)",9922,https://image.tmdb.org/t/p/w500/piVzOuKFLHNGLxnjwNtibC26lTy.jpg
1727,"Horse Whisperer, The (1998)",547,https://image.tmdb.org/t/p/w500/ptkDeHY2mRJVyNRyxb9TgyAjTYs.jpg
1728,"Winter Guest, The (1997)",25994,https://image.tmdb.org/t/p/w500/9t0hyTI7HTB6JSIecUNODrtBvwa.jpg
1729,Jackie Brown (1997),184,https://image.tmdb.org/t/p/w500/rOUx7qg4KmEh1juEDwqzbDSL1Nr.jpg
1730,Kundun (1997),9746,https://image.tmdb.org/t/p/w500/yvdFRDoQIQ5PBk4u8x8gJT8NJAw.jpg
1731,Mr. Magoo (1997),9438,https://image.tmdb.org/t/p/w500/po5CfSBmmATuCNIt7M1G7xOPuUK.jpg
1732,"Big Lebowski, The (1998)",115,https://image.tmdb.org/t/p/w500/3bv6WAp6BSxxYvB5ozKFUYuRA8C.jpg
1733,Afterglow (1997),26941,https://image.tmdb.org/t/p/w500/c13Luo9O09ah6nMPrsr3zqlLyF9.jpg
1734,My Life in Pink (Ma vie en rose) (1997),27103,https://image.tmdb.org/t/p/w500/4SwZaSDy1DR80QXKdvp6iSTawK2.jpg
1735,Great Expectations (1998),9410,https://image.tmdb.org/t/p/w500/djLsfl3lm7BZKWsKfVZ2wM1ZMrP.jpg
1738,Vermin (1998),705118,https://image.tmdb.org/t/p/w500/kkIUEuKG7UA85H2BKhj3gojhAzV.jpg
1741,"Midaq Alley (Callejón de los milagros, El) (1995)",18205,https://image.tmdb.org/t/p/w500/nqBmwrAWuhfEiPwVdYYmC1VzNeN.jpg
1742,Caught Up (1998),88863,https://image.tmdb.org/t/p/w500/cRfULxRff9v6VWgqBFIXTFVqkzr.jpg
1744,Firestorm (1998),41417,https://image.tmdb.org/t/p/w500/joAzHTg4xoz56zQ7AntfTYENuAD.jpg
1746,Senseless (1998),12538,https://image.tmdb.org/t/p/w500/rqy7OFHWy1NMjmgjyI8XYcl0VU5.jpg
1747,Wag the Dog (1997),586,https://image.tmdb.org/t/p/w500/wyQDucg22FivG3Rz7CpaOY64eMr.jpg
1748,Dark City (1998),2666,https://image.tmdb.org/t/p/w500/tNPEGju4DpTdbhBphNmZoEi9Bd3.jpg
1749,"Leading Man, The (1996)",46338,https://image.tmdb.org/t/p/w500/7Aywawe75W7VKip12gWuiBOiDiT.jpg
1750,Star Kid (1997),54007,https://image.tmdb.org/t/p/w500/srnvpaAg83sfYr82meDe6k1nDd.jpg
1752,Hard Rain (1998),11258,https://image.tmdb.org/t/p/w500/ggMcOVSax4lBXjYqqQUJLCtrar3.jpg
1753,Half Baked (1998),9490,https://image.tmdb.org/t/p/w500/14TmEac4bquNaEld9t0uIliYoKE.jpg
1754,Fallen (1998),9411,https://image.tmdb.org/t/p/w500/qo8jWar5zEyAmu59Bd8PlbS2t4R.jpg
1755,Shooting Fish (1997),25719,https://image.tmdb.org/t/p/w500/sBA1vTqjhKmtogB6PKQ3tOn2HNX.jpg
1756,"Prophecy II, The (1998)",9033,https://image.tmdb.org/t/p/w500/paHyRgF3uBMvK3i4YRjJ9wwFxbH.jpg
1758,Dangerous Beauty (1998),8583,https://image.tmdb.org/t/p/w500/7uHX8qIr8VYPwdpVv4TCjXcVxDo.jpg
1759,Four Days in September (1997),21253,https://image.tmdb.org/t/p/w500/zkA5riIdjtanpSoTNh3icKNjACZ.jpg
1760,Spice World (1997),6116,https://image.tmdb.org/t/p/w500/vKiAnV1QAGIJP38vatwCZp4dCrH.jpg
1762,Deep Rising (1998),9457,https://image.tmdb.org/t/p/w500/A1nOnrAlG3EbOvzgZt2ya11OmjQ.jpg
1764,Tainted (1998),281289,https://image.tmdb.org/t/p/w500/govKpMxCUXvcMztmxbKsKEIH7GM.jpg
1765,"Letter From Death Row, A (1998)",43911,https://image.tmdb.org/t/p/w500/mtqjwonuIXYwD6ylsViyKeQPOoi.jpg
1767,Music From Another Room (1998),39424,https://image.tmdb.org/t/p/w500/zamhRB4bKVeRUW568lVSFeEbqVg.jpg
1768,Mat' i syn (1997),44361,https://image.tmdb.org/t/p/w500/tCvDqekqALCQ5rTC9c2IYLARhL8.jpg
1769,"Replacement Killers, The (1998)",11702,https://image.tmdb.org/t/p/w500/6q96xjyGTQllKAKgmwyBsk5JSe5.jpg
1770,B. Monkey (1998),2923,https://image.tmdb.org/t/p/w500/80bQjfpH14P5p2TDnfWUukEkM55.jpg
1771,Night Flier (1997),12238,https://image.tmdb.org/t/p/w500/3bMb6CzdKfpw0pZWVW2RbQRneIC.jpg
1772,Blues Brothers 2000 (1998),11568,https://image.tmdb.org/t/p/w500/nCoY8UK2x4DWpICipL40Hg4cDmO.jpg
1773,Tokyo Fist (1995),41577,https://image.tmdb.org/t/p/w500/sKkY3FrYcAVOfXyGLj66NUXN5I8.jpg
1776,Ride (1998),66894,https://image.tmdb.org/t/p/w500/e4G3p4ehqdbTv4HuqDZax9P77QK.jpg
1777,"Wedding Singer, The (1998)",11003,https://image.tmdb.org/t/p/w500/zVvyTrcZQb7kC2DPDzyo25WcxXp.jpg
1779,Sphere (1998),10153,https://image.tmdb.org/t/p/w500/reR7C7EYe3DiHm5OYpA0ACUMDld.jpg
1782,Little City (1998),11479,https://image.tmdb.org/t/p/w500/nUFHWv42GRJcjLTQa5IYBEuVzmK.jpg
1783,Palmetto (1998),30949,https://image.tmdb.org/t/p/w500/3R8At5ll1ZyCJT7FWbLmCjVqFlp.jpg
1784,As Good As It Gets (1997),2898,https://image.tmdb.org/t/p/w500/xXxuJPNUDZ0vjsAXca0O5p3leVB.jpg
1785,King of New York (1990),9558,https://image.tmdb.org/t/p/w500/1MyH4MJAJZJbb6wDVeOc2bTECtK.jpg
1787,"Paralyzing Fear: The Story of Polio in America, A (1998)",83593,
1788,Men With Guns (1997),320011,https://image.tmdb.org/t/p/w500/qPDXDeubQVDHGxwV3Jnc3yBUefl.jpg
1791,Twilight (1998),26269,https://image.tmdb.org/t/p/w500/jepRBZNXgsINrbtSiSEdtCYbRMM.jpg
1793,Welcome to Woop-Woop (1997),6970,https://image.tmdb.org/t/p/w500/2ek9pyqNFQbtwtXptRZxsIGkOuN.jpg
1794,Love and Death on Long Island (1997),47452,https://image.tmdb.org/t/p/w500/2jCmP9j43QXy48oQFpzM4oaYRc7.jpg
1795,"Callejón de los milagros, El (1995)",18205,https://image.tmdb.org/t/p/w500/nqBmwrAWuhfEiPwVdYYmC1VzNeN.jpg
1796,In God's Hands (1998),36943,https://image.tmdb.org/t/p/w500/5ifY8XwrWv4gAgFiJyMcqdYNJ0m.jpg
1797,Everest (1998),21736,https://image.tmdb.org/t/p/w500/a104Pkm7cHsztZK2wGiZFJmMqDs.jpg
1798,Hush (1998),17941,https://image.tmdb.org/t/p/w500/muUx7SqlYE9kb1W4xzK7AaJueeN.jpg
1799,Suicide Kings (1997),10668,https://image.tmdb.org/t/p/w500/rQ2Sidqubi7XiHDScFe1faIz3Uv.jpg
1801,"Man in the Iron Mask, The (1998)",9313,https://image.tmdb.org/t/p/w500/tSLWIX3NzqFPWNMNX7FfeExHCRk.jpg
1804,"Newton Boys, The (1998)",42807,https://image.tmdb.org/t/p/w500/v3VuDClmFZNjfI6YLTkeinae9HK.jpg
1805,Wild Things (1998),617,https://image.tmdb.org/t/p/w500/wrcTDD9T7Ga5c9MW7kaOo2qwIvW.jpg
1806,Paulie (1998),36568,https://image.tmdb.org/t/p/w500/aiW8TWjIuFveTcA5BCU7KMjPaaW.jpg
1807,"Cool Dry Place, A (1998)",37272,https://image.tmdb.org/t/p/w500/c1pyoTbc3xkLTIhPnj153CVUsRn.jpg
1809,Hana-bi (1997),5910,https://image.tmdb.org/t/p/w500/bWIo1nDJnSyGJvVt8bRw8PHBqo4.jpg
1810,Primary Colors (1998),9440,https://image.tmdb.org/t/p/w500/RXEgVSEBkMnV8LkEGkBpuz3mkD.jpg
1811,"Niagara, Niagara (1997)",53092,https://image.tmdb.org/t/p/w500/mT46iyYXAgCJIt73qk1T3f13Sgv.jpg
1812,Wide Awake (1998),32911,https://image.tmdb.org/t/p/w500/xnqLUL2l71KVSaqiz9fbFpXtEFe.jpg
1814,"Price Above Rubies, A (1998)",44308,https://image.tmdb.org/t/p/w500/xR8U72BbHOc0o5q6UjApLRXRIRc.jpg
1815,Eden (1997),871427,https://image.tmdb.org/t/p/w500/oU8nx4KbTEorZK6LpGbPHkj7PzS.jpg
1816,Two Girls and a Guy (1997),32456,https://image.tmdb.org/t/p/w500/9Hj90OgXLBReJCAGqOOzzxjZfCh.jpg
1817,No Looking Back (1998),93350,https://image.tmdb.org/t/p/w500/nrhlaUJn8y9rRKhvVRraOhbNSIz.jpg
1820,"Proposition, The (1998)",32144,https://image.tmdb.org/t/p/w500/zIPmvZyWLHOTZgpPXgnKgO2pvM0.jpg
1821,"Object of My Affection, The (1998)",17127,https://image.tmdb.org/t/p/w500/2mA6QEdzhsftNIFV11SGsQLJvJR.jpg
1822,Meet the Deedles (1998),40688,https://image.tmdb.org/t/p/w500/7hSCyqtYZ2ICMiV2rI5ZtZQTUnF.jpg
1824,Homegrown (1998),17133,https://image.tmdb.org/t/p/w500/feQeYHriKLCjzkUEjg4D81ggyYs.jpg
1826,Barney's Great Adventure (1998),17644,https://image.tmdb.org/t/p/w500/tSadXiI88soRyS4mcSr7PsKWaqN.jpg
1827,"Big One, The (1997)",1774,https://image.tmdb.org/t/p/w500/jodI8ifzMO2IvuE0oBnqLZ2LCgF.jpg
1829,Chinese Box (1997),30265,https://image.tmdb.org/t/p/w500/e7qXWE5Qbhr55BrjOBi7JG5rI4B.jpg
1831,Lost in Space (1998),2157,https://image.tmdb.org/t/p/w500/fCocPDUFuKswY2GxDdfYsT9BXMd.jpg
1832,Heaven's Burning (1997),70581,https://image.tmdb.org/t/p/w500/j7l2BgeJCNhiFwRrK5p5FhjliG5.jpg
1833,Mercury Rising (1998),8838,https://image.tmdb.org/t/p/w500/60AAso6I2TzQCy2SjqtzPni8csA.jpg
1834,"Spanish Prisoner, The (1997)",29193,https://image.tmdb.org/t/p/w500/cwkWlWfFrvH6WW6ovX5gfGHo7ks.jpg
1835,City of Angels (1998),795,https://image.tmdb.org/t/p/w500/iuzxpUjHsbQJXV3kB9ZAdCimM60.jpg
1836,"Last Days of Disco, The (1998)",16980,https://image.tmdb.org/t/p/w500/lReaAZCsA0GXvJrxzSMsFxwgh6F.jpg
1837,"Odd Couple II, The (1998)",27472,https://image.tmdb.org/t/p/w500/aTajf9LOrL1pok7KnzoHKFJJyWD.jpg
1839,My Giant (1998),47881,https://image.tmdb.org/t/p/w500/mUkKKzQTPB7lnvoy9RFEXngdhgj.jpg
1840,He Got Game (1998),9469,https://image.tmdb.org/t/p/w500/kd8hRaysUQOz7AvSorZDJHuihcJ.jpg
1841,"Gingerbread Man, The (1998)",12488,https://image.tmdb.org/t/p/w500/1bfWAXuFjsZAslkA2HqFU30OZ2b.jpg
1842,Illtown (1996),98499,https://image.tmdb.org/t/p/w500/biiuspF2nCXHE0ipMP2p8pWZV9o.jpg
1843,Slappy and the Stinkers (1998),81367,https://image.tmdb.org/t/p/w500/g6PsNLXH5bS8ZuPmhXujcM0JTHx.jpg
1844,Live Flesh (1997),267,https://image.tmdb.org/t/p/w500/7YPGYeamF6AuyxhKqbd5oNKKCCy.jpg
1845,Zero Effect (1998),16148,https://image.tmdb.org/t/p/w500/yFALvZFwqnh5ESarNoVd5KtizCo.jpg
1846,Nil By Mouth (1997),21252,https://image.tmdb.org/t/p/w500/xRW2hoYmXgloWehdBQxAdbKu4Jn.jpg
1847,Ratchet (1996),73135,https://image.tmdb.org/t/p/w500/xgwQwTDJQmh5DXrVf5YEBYwYjsn.jpg
1848,"Borrowers, The (1997)",9449,https://image.tmdb.org/t/p/w500/kgaocWyuxihDe5aNqok6fORIHnY.jpg
1849,Prince Valiant (1997),6264,https://image.tmdb.org/t/p/w500/pTg3XnghiI8Z8sp7Pxknnl2A3rn.jpg
1850,"I Love You, Don't Touch Me! (1998)",90414,https://image.tmdb.org/t/p/w500/1duymDZA3GKegDhEGmifu3pv9Qk.jpg
1853,"Alan Smithee Film: Burn Hollywood Burn, An (1997)",78149,https://image.tmdb.org/t/p/w500/KSGv5uV6SJS7mUMlttvLfWA6Lv.jpg
1854,Kissing a Fool (1998),15513,https://image.tmdb.org/t/p/w500/aOHkDefwdH9YxGqeZDEbo9CcGzq.jpg
1855,Krippendorf's Tribe (1998),31220,https://image.tmdb.org/t/p/w500/5mmGI4O1gWYrwpPQ22hgHu9PkIv.jpg
1856,Kurt & Courtney (1998),13907,https://image.tmdb.org/t/p/w500/m60KpD60vXOXjJXRjb4veX88Y8q.jpg
1857,"Real Blonde, The (1997)",29825,https://image.tmdb.org/t/p/w500/kJucBNGwwTT4n4pSHU1b44nyju4.jpg
1858,Mr. Nice Guy (1997),10622,https://image.tmdb.org/t/p/w500/wAAt2gvbkbeefzjd06GPfkdfUho.jpg
1859,Taste of Cherry (1997),30020,https://image.tmdb.org/t/p/w500/u6GYH4HyR0BVwpqFuTOc2g4KB1L.jpg
1860,Character (Karakter) (1997),17139,https://image.tmdb.org/t/p/w500/v7TWGTZ6fNkY72IyoiVIcnlwniU.jpg
1861,Junk Mail (1997),34582,https://image.tmdb.org/t/p/w500/adQQdVMN2wC5HJ94BiAMeyP7pZb.jpg
1862,Species II (1998),10216,https://image.tmdb.org/t/p/w500/8LSBi0bHACZtIiVErUBQ2UXNYLA.jpg
1863,Major League: Back to the Minors (1998),9771,https://image.tmdb.org/t/p/w500/bV0Dpx5zAy2TbOzOFSCEBSGcakJ.jpg
1864,Sour Grapes (1998),24560,https://image.tmdb.org/t/p/w500/u7WrCfoiMarjpARPtgkfEFslCsK.jpg
1865,Wild Man Blues (1998),76330,https://image.tmdb.org/t/p/w500/9CaJQIscbAiHOr7RMbdXA8UqL7Z.jpg
1866,"Big Hit, The (1998)",9448,https://image.tmdb.org/t/p/w500/7b1JP2WE0UrVAy34U7X4UngWtBi.jpg
1867,Tarzan and the Lost City (1998),38618,https://image.tmdb.org/t/p/w500/kp4gfmC7O10lAuBCDn1cbnPdudU.jpg
1869,Black Dog (1998),18316,https://image.tmdb.org/t/p/w500/8hvt4L3EXWq3ANutok32ODQIGwV.jpg
1870,"Dancer, Texas Pop. 81 (1998)",78373,https://image.tmdb.org/t/p/w500/khV9zPcvgOjrqwlk3dI1lGojZib.jpg
1871,"Friend of the Deceased, A (1997)",77514,https://image.tmdb.org/t/p/w500/fglY83jIKzCtldh85pS8MVoKXE1.jpg
1872,Go Now (1995),49474,https://image.tmdb.org/t/p/w500/51d63BwusSczQjWAVelCDT1xLaD.jpg
1873,"Misérables, Les (1998)",4415,https://image.tmdb.org/t/p/w500/3TOgmlIY8X3WjIjvU7Z0jqeNkyU.jpg
1874,Still Breathing (1997),39467,https://image.tmdb.org/t/p/w500/s1IKvPLuwIxNUUXJ1q24fUR2nOV.jpg
1875,Clockwatchers (1997),55561,https://image.tmdb.org/t/p/w500/dUCeH8FIsDOpjXQhOFIbP5DARQD.jpg
1876,Deep Impact (1998),8656,https://image.tmdb.org/t/p/w500/a3vQS7JKqlOb3MdVJHuTCP9s7Mg.jpg
1877,Little Men (1998),209345,https://image.tmdb.org/t/p/w500/s75GBAgIUwm1o77Mx7Oj89s4qRZ.jpg
1878,Woo (1998),58680,https://image.tmdb.org/t/p/w500/8K1IfJXWPW1N5J6ar8ZOLU47c98.jpg
1879,"Hanging Garden, The (1997)",35161,https://image.tmdb.org/t/p/w500/kXhjuFB4U8xkEd6SY84S42w3Q8R.jpg
1880,Lawn Dogs (1997),35796,https://image.tmdb.org/t/p/w500/hNi2M5Z7GUEaSCPjt66yavLlsqV.jpg
1881,Quest for Camelot (1998),18937,https://image.tmdb.org/t/p/w500/pLfFEQ9HTw0HRvBkW3nI9RUze03.jpg
1882,Godzilla (1998),929,https://image.tmdb.org/t/p/w500/xJVl1I95StraYAwaNbBkVoWE2qA.jpg
1883,Bulworth (1998),9452,https://image.tmdb.org/t/p/w500/gR9jZ7W2d28aSa2Yimz797VNXRh.jpg
1884,Fear and Loathing in Las Vegas (1998),1878,https://image.tmdb.org/t/p/w500/tisNLcMkxryU2zxhi0PiyDFqhm0.jpg
1885,"Opposite of Sex, The (1998)",9844,https://image.tmdb.org/t/p/w500/e0rNtvIlcd8c0WChSsVC0W8Bvlf.jpg
1886,I Got the Hook Up (1998),40505,https://image.tmdb.org/t/p/w500/u8kdtt80gFiqGKLTdQqdGWy9FfZ.jpg
1887,Almost Heroes (1998),14342,https://image.tmdb.org/t/p/w500/kwZoIxl1RlsM0utYGt04CM20Kk9.jpg
1888,Hope Floats (1998),9715,https://image.tmdb.org/t/p/w500/6PRFM09xjGSWpXObW87CT5JELGJ.jpg
1889,Insomnia (1997),26610,https://image.tmdb.org/t/p/w500/k0inzQmt7kATmAGns0wdfjiFxSu.jpg
1890,Little Boy Blue (1997),20064,https://image.tmdb.org/t/p/w500/8A9DICuchF1woO13mvUb9dmUIj8.jpg
1891,"Ugly, The (1997)",40961,https://image.tmdb.org/t/p/w500/vtwQ8oICMxscIpoL3bKcoKklcV2.jpg
1892,"Perfect Murder, A (1998)",1965,https://image.tmdb.org/t/p/w500/wC0ax12N9GQ8vMXPEs4nES5AAiB.jpg
1893,Beyond Silence (1996),312,https://image.tmdb.org/t/p/w500/bfNOcXDcwzKOlJoTtQM4lsEVxS1.jpg
1894,Six Days Seven Nights (1998),6068,https://image.tmdb.org/t/p/w500/fzWrrCzRa16v51TXAUuT6Wendw7.jpg
1895,Can't Hardly Wait (1998),15037,https://image.tmdb.org/t/p/w500/r3a5gGWfS0SDS9nriNrJzSSrErf.jpg
1896,Cousin Bette (1998),50043,https://image.tmdb.org/t/p/w500/4TEMm2pyZ6mYBmP2AwoierJHQf9.jpg
1897,High Art (1998),37636,https://image.tmdb.org/t/p/w500/qTg05RNJIvb9w4Z7XIcAZxuZmTn.jpg
1898,"Land Girls, The (1998)",17044,https://image.tmdb.org/t/p/w500/tfdj6Wx8vCDNZbzmIRR2hDn5mAr.jpg
1902,Dream for an Insomniac (1996),32284,https://image.tmdb.org/t/p/w500/1hGRcEPnpmgAmfLObym3olCk6tM.jpg
1903,Hav Plenty (1997),51955,https://image.tmdb.org/t/p/w500/vJutTuVdm5XxL3ixMFqw2o0AS8C.jpg
1904,Henry Fool (1997),37410,https://image.tmdb.org/t/p/w500/1Uun13GJi5U0gs303e7BnER6SpG.jpg
1905,Marie Baie Des Anges (1997),47481,https://image.tmdb.org/t/p/w500/jvoRrGik2ZACsgiIlwJHBauBXzn.jpg
1906,Mr. Jealousy (1997),53765,https://image.tmdb.org/t/p/w500/eHKAQTwZOIzUvqz4pZ3Tj6JX3K1.jpg
1907,Mulan (1998),10674,https://image.tmdb.org/t/p/w500/jAbexAtB0aSfP5Ay4TpWHARyVnG.jpg
1908,Resurrection Man (1998),136134,https://image.tmdb.org/t/p/w500/3lKTaVHpWWAsgtCHb3PfElZV3zP.jpg
1909,"X-Files: Fight the Future, The (1998)",1267419,https://image.tmdb.org/t/p/w500/2bHJ7A28q3KytS5nKAmYHtEnGIo.jpg
1910,I Went Down (1997),12655,https://image.tmdb.org/t/p/w500/2rApWxlYkiwNZBSC3KJ7WFWWq1T.jpg
1911,Doctor Dolittle (1998),3050,https://image.tmdb.org/t/p/w500/tLrchGMIkdo1KamQJA6fwvDQEy0.jpg
1912,Out of Sight (1998),1389,https://image.tmdb.org/t/p/w500/v49q7AMR3pB4M762woWB1NYMCLF.jpg
1913,Picnic at Hanging Rock (1975),11020,https://image.tmdb.org/t/p/w500/7BAXwmFN4pZDNb9N6kzmAAwdssi.jpg
1914,Smoke Signals (1998),20862,https://image.tmdb.org/t/p/w500/dZ6smtO2cEm3nxVhWscYfKS0mYX.jpg
1915,Voyage to the Beginning of the World (1997),108548,https://image.tmdb.org/t/p/w500/euRxVGm8A3Y1y2rUafr5vKi027g.jpg
1916,Buffalo 66 (1998),9464,https://image.tmdb.org/t/p/w500/fxzXFzbSGNA52NHQCMqQiwzMIQw.jpg
1917,Armageddon (1998),95,https://image.tmdb.org/t/p/w500/eTM3qtGhDU8cvjpoa6KEt5E2auU.jpg
1918,Lethal Weapon 4 (1998),944,https://image.tmdb.org/t/p/w500/cRm7ro9tfiHagQb8i3wO4F1CiuB.jpg
1919,Madeline (1998),35680,https://image.tmdb.org/t/p/w500/nAGRLwJC0jv7QlfJR6y32xRZqcF.jpg
1920,Small Soldiers (1998),11551,https://image.tmdb.org/t/p/w500/2nuUjSzHsoYlRvTPmLo7m7gCQry.jpg
1921,Pi (1998),473,https://image.tmdb.org/t/p/w500/fJA22FjlAW8rzrOw9Mwanl6oTc9.jpg
1922,Whatever (1998),102304,https://image.tmdb.org/t/p/w500/50LDvIjveOcNeDDybh3HXUpNb9t.jpg
1923,There's Something About Mary (1998),544,https://image.tmdb.org/t/p/w500/slJD1Dvnsf15LoeqhERsyzisAdn.jpg
1925,Wings (1927),28966,https://image.tmdb.org/t/p/w500/kEl6KCBgdmT1Nex3ka0EIWAOmtm.jpg
1926,"Broadway Melody, The (1929)",65203,https://image.tmdb.org/t/p/w500/giq8GJs8YGMzHxeKxNSuwzAdd1c.jpg
1927,All Quiet on the Western Front (1930),143,https://image.tmdb.org/t/p/w500/1wZUB08igw8iLUgF1r4T6aJD65b.jpg
1928,Cimarron (1931),42861,https://image.tmdb.org/t/p/w500/cqvfhi9s1VsTgXcV1B7vX0Cb1qA.jpg
1929,Grand Hotel (1932),33680,https://image.tmdb.org/t/p/w500/g8xrpXJWzz91R4jL8ybMKMValB2.jpg
1930,Cavalcade (1933),56164,https://image.tmdb.org/t/p/w500/a6yld4HmB49b9CP9wmv3wcwk65K.jpg
1931,Mutiny on the Bounty (1935),12311,https://image.tmdb.org/t/p/w500/GD98ozz6F6tSu8BWGulpseEKhv.jpg
1932,"Great Ziegfeld, The (1936)",43277,https://image.tmdb.org/t/p/w500/rhF6vYFVCaPCs7CgDqg3n4mNod3.jpg
1933,"Life of Émile Zola, The (1937)",43278,https://image.tmdb.org/t/p/w500/gsEa6ZU1zHhjTYneNNBQApzl8Vu.jpg
1934,You Can't Take It With You (1938),34106,https://image.tmdb.org/t/p/w500/9JltqbDyWstYW6gnvqDO6L5bOrx.jpg
1935,How Green Was My Valley (1941),43266,https://image.tmdb.org/t/p/w500/8N7OmxBqjRVUrqergUduGgr6exy.jpg
1936,Mrs. Miniver (1942),27367,https://image.tmdb.org/t/p/w500/fjPjx6FTaoTussbqoLj6OYTtUyi.jpg
1937,Going My Way (1944),17661,https://image.tmdb.org/t/p/w500/838yNJnOk6iZj5YK1MoKiN2n1hw.jpg
1938,"Lost Weekend, The (1945)",28580,https://image.tmdb.org/t/p/w500/yL6EJxPeYIcB9TChm56lHqXKzHC.jpg
1939,"Best Years of Our Lives, The (1946)",887,https://image.tmdb.org/t/p/w500/gd5EoAU4MM57sW3vlWxJ0NMM8cV.jpg
1940,Gentleman's Agreement (1947),33667,https://image.tmdb.org/t/p/w500/aCCRbcmigPk00f34hpJuWZuvABo.jpg
1941,Hamlet (1948),23383,https://image.tmdb.org/t/p/w500/woO9SgU2vTRMZeG0YqOLeoIqlzC.jpg
1942,All the King's Men (1949),25430,https://image.tmdb.org/t/p/w500/7o8nnvFnkekDAlIYznNUWzxQFM6.jpg
1943,"Greatest Show on Earth, The (1952)",27191,https://image.tmdb.org/t/p/w500/cKI0yGPRh1IlvRKKJRoMZruior8.jpg
1944,From Here to Eternity (1953),11426,https://image.tmdb.org/t/p/w500/xO1LHnh9aQlQFFq1DxyQrOTia1S.jpg
1945,On the Waterfront (1954),654,https://image.tmdb.org/t/p/w500/v1RtJ1qR4v9nrnfoBVBl6hjTW9.jpg
1946,Marty (1955),15919,https://image.tmdb.org/t/p/w500/8tnGO5VoAQII4DbE3hozWKhV4BY.jpg
1947,West Side Story (1961),1725,https://image.tmdb.org/t/p/w500/nzCMu6D5q60i2bVrIQ0DxlRSgCZ.jpg
1948,Tom Jones (1963),5769,https://image.tmdb.org/t/p/w500/yKuZKLMhe74PJzaxYLh2s8h4P2P.jpg
1949,"Man for All Seasons, A (1966)",874,https://image.tmdb.org/t/p/w500/kcwcqMitcnRO1SySlX1HKVn7yUV.jpg
1950,In the Heat of the Night (1967),10633,https://image.tmdb.org/t/p/w500/qFpfALhprXmOAbA5upTNupZw8rq.jpg
1951,Oliver! (1968),17917,https://image.tmdb.org/t/p/w500/1XJgoaOWKrqxkKeBKWLKSigqG8c.jpg
1952,Midnight Cowboy (1969),3116,https://image.tmdb.org/t/p/w500/ckklq45UxUkwgHve9xItXqXr06r.jpg
1953,"French Connection, The (1971)",1051,https://image.tmdb.org/t/p/w500/pH4saPwMjhnVGwmSH6RkMaHrt3s.jpg
1954,Rocky (1976),1366,https://image.tmdb.org/t/p/w500/hEjK9A9BkNXejFW4tfacVAEHtkn.jpg
1955,Kramer Vs. Kramer (1979),12102,https://image.tmdb.org/t/p/w500/3CUP5V5SWfHSK4qvkZF7lMNyugY.jpg
1956,Ordinary People (1980),16619,https://image.tmdb.org/t/p/w500/tJVETEDAKgD3fEh88SHOvMvOQue.jpg
1957,Chariots of Fire (1981),9443,https://image.tmdb.org/t/p/w500/qnRaum8k0HqGRml2i7OawFqUtEb.jpg
1958,Terms of Endearment (1983),11050,https://image.tmdb.org/t/p/w500/l77DRjJuykqKMtD9GTK4YT7qKHW.jpg
1959,Out of Africa (1985),606,https://image.tmdb.org/t/p/w500/6oMKqh08TfxmvnoFR4mm1wZB67P.jpg
1960,"Last Emperor, The (1987)",746,https://image.tmdb.org/t/p/w500/7TILJhdeJAaEyDiwvJZMo9SQBoe.jpg
1961,Rain Man (1988),380,https://image.tmdb.org/t/p/w500/iTNHwO896WKkaoPtpMMS74d8VNi.jpg
1962,Driving Miss Daisy (1989),403,https://image.tmdb.org/t/p/w500/iaCzvcY42HihFxQBTZCTKMpsI0P.jpg
1963,Take the Money and Run (1969),11485,https://image.tmdb.org/t/p/w500/dT7cKFxsuHzSnDBxKeP5acoIpWZ.jpg
1964,Klute (1971),466,https://image.tmdb.org/t/p/w500/tVyINAsNGSgD1OIstqwCcs7wyGH.jpg
1965,Repo Man (1984),13820,https://image.tmdb.org/t/p/w500/ztGqcLalcNOvrQauv0EJBTeGg8c.jpg
1966,Metropolitan (1990),15389,https://image.tmdb.org/t/p/w500/852ZwTRj9tRxkGOT0Pu0Ep8yimk.jpg
1967,Labyrinth (1986),13597,https://image.tmdb.org/t/p/w500/hbSdA1DmNA9IlfVoqJkIWYF2oYm.jpg
1968,"Breakfast Club, The (1985)",2108,https://image.tmdb.org/t/p/w500/gp4zlj7wgbiofLMNsTPndMuO3PN.jpg
1969,"Nightmare on Elm Street Part 2: Freddy's Revenge, A (1985)",10014,https://image.tmdb.org/t/p/w500/53kxYw0G3o55yJ23K7s7KMaOyAM.jpg
1970,"Nightmare on Elm Street 3: Dream Warriors, A (1987)",10072,https://image.tmdb.org/t/p/w500/qbtZewU6EGvxi8yFVzwZ31NijLX.jpg
1971,"Nightmare on Elm Street 4: The Dream Master, A (1988)",10131,https://image.tmdb.org/t/p/w500/boStYG7jKdoIZTduiOOsUVknD13.jpg
1972,"Nightmare on Elm Street 5: The Dream Child, A (1989)",10160,https://image.tmdb.org/t/p/w500/kizvpgXQfrAgN8FhOd87LbKk6kO.jpg
1973,Freddy's Dead: The Final Nightmare (1991),11284,https://image.tmdb.org/t/p/w500/e4qh58n2WaG4Gyh9VhjOUeN9Mhv.jpg
1974,Friday the 13th (1980),4488,https://image.tmdb.org/t/p/w500/uGGpnWHOmWTARVN9wbC1nPxNgps.jpg
1975,Friday the 13th Part 2 (1981),9725,https://image.tmdb.org/t/p/w500/92rGctBMTv4uaSlIBVnhz01kRWL.jpg
1976,Friday the 13th Part 3: 3D (1982),9728,https://image.tmdb.org/t/p/w500/9kukTSlgFgXnQGdpcHvHcpTDiUc.jpg
1977,Friday the 13th: The Final Chapter (1984),9730,https://image.tmdb.org/t/p/w500/1J7zudfR3VLPwAf9lK5YPfSu0n6.jpg
1978,Friday the 13th Part V: A New Beginning (1985),9731,https://image.tmdb.org/t/p/w500/ewnIs4aCuWnKQ13Eaj8f3ybrQc8.jpg
1979,Friday the 13th Part VI: Jason Lives (1986),10225,https://image.tmdb.org/t/p/w500/6vdUpHvkspQonXBdWcLWW5ciEPJ.jpg
1980,Friday the 13th Part VII: The New Blood (1988),10281,https://image.tmdb.org/t/p/w500/rUzk9Qnyz2FZGxHMBrq6DYIQZkO.jpg
1981,Friday the 13th Part VIII: Jason Takes Manhattan (1989),10283,https://image.tmdb.org/t/p/w500/6ezOsZ9UzqGnbDokaatxdOWP6e9.jpg
1982,Halloween (1978),948,https://image.tmdb.org/t/p/w500/wijlZ3HaYMvlDTPqJoTCWKFkCPU.jpg
1983,Halloween II (1981),11281,https://image.tmdb.org/t/p/w500/3nX5HHGgOKaVMxXwMLT9DHO1Ne6.jpg
1984,Halloween III: Season of the Witch (1983),10676,https://image.tmdb.org/t/p/w500/WABfdeaThFYXCySGIOvRNv2sSW.jpg
1985,Halloween 4: The Return of Michael Myers (1988),11357,https://image.tmdb.org/t/p/w500/eFSOkXF9n9hsfGv45MDsPixiOyx.jpg
1986,Halloween 5: The Revenge of Michael Myers (1989),11361,https://image.tmdb.org/t/p/w500/rYvP6yMXCIVHnkVtwGaAXFmpzkB.jpg
1987,Prom Night (1980),36599,https://image.tmdb.org/t/p/w500/r2Ew7wUP96PsePEZseK6JqcPWY9.jpg
1988,Hello Mary Lou: Prom Night II (1987),39929,https://image.tmdb.org/t/p/w500/i8kA5ImH7fWn8JBsilBJPTVdRvv.jpg
1990,Prom Night IV: Deliver Us From Evil (1992),41769,https://image.tmdb.org/t/p/w500/tjq1iWClSBCfi3SjpVJblOU6q4F.jpg
1991,Child's Play (1988),10585,https://image.tmdb.org/t/p/w500/wvpgvcWNkF2HLuTEMIM7K83MvZ.jpg
1992,Child's Play 2 (1990),11186,https://image.tmdb.org/t/p/w500/2tPQbPQeHEYAGoXFSW61IWNmoce.jpg
1993,Child's Play 3 (1992),11187,https://image.tmdb.org/t/p/w500/6toMk9OCuDYEEf733Bzlq3yiw3z.jpg
1994,Poltergeist (1982),609,https://image.tmdb.org/t/p/w500/m5AKo8iZAYulI87Uzxkn87vRY07.jpg
1995,Poltergeist II: The Other Side (1986),11133,https://image.tmdb.org/t/p/w500/tVQPv69XWIgzF5n1MRrTuhPyNr5.jpg
1996,Poltergeist III (1988),10306,https://image.tmdb.org/t/p/w500/pLewUibOJLGISvMqB94mAMdjz2q.jpg
1997,"Exorcist, The (1973)",9552,https://image.tmdb.org/t/p/w500/5x0CeVHJI8tcDx8tUUwYHQSNILq.jpg
1998,Exorcist II: The Heretic (1977),11586,https://image.tmdb.org/t/p/w500/g9i3LTMYLRHvCYSKimZEfd1Vqy7.jpg
1999,"Exorcist III, The (1990)",11587,https://image.tmdb.org/t/p/w500/rhSftgj3vwpIDSP8v67N8KEubmz.jpg
2000,Lethal Weapon (1987),941,https://image.tmdb.org/t/p/w500/6gt44oqb4nE8vflPElffeGwsHVl.jpg
2001,Lethal Weapon 2 (1989),942,https://image.tmdb.org/t/p/w500/ZsUGxTnZ4TzTrHSAfUPJcliL1K.jpg
2002,Lethal Weapon 3 (1992),943,https://image.tmdb.org/t/p/w500/smzJxEnusgqv3bvHIWwf4cuwPcr.jpg
2003,Gremlins (1984),927,https://image.tmdb.org/t/p/w500/6m0F7fsXjQvUbCZrPWcJNrjvIui.jpg
2004,Gremlins 2: The New Batch (1990),928,https://image.tmdb.org/t/p/w500/35F5yD7MljvBE2AC0NHAVCoPGEi.jpg
2005,"Goonies, The (1985)",9340,https://image.tmdb.org/t/p/w500/eBU7gCjTCj9n2LTxvCSIXXOvHkD.jpg
2006,"Mask of Zorro, The (1998)",9342,https://image.tmdb.org/t/p/w500/bdMufwGDDzqu4kTSQwrKc5WR4bu.jpg
2007,Polish Wedding (1998),38509,https://image.tmdb.org/t/p/w500/36De1BxBBzXyJ1eYVQlIoTUIwQm.jpg
2009,Soylent Green (1973),12101,https://image.tmdb.org/t/p/w500/5nbkShkOEXUoKVhaX0XG41wyBkq.jpg
2011,Back to the Future Part II (1989),165,https://image.tmdb.org/t/p/w500/hQq8xZe5uLjFzSBt4LanNP7SQjl.jpg
2012,Back to the Future Part III (1990),196,https://image.tmdb.org/t/p/w500/crzoVQnMzIrRfHtQw0tLBirNfVg.jpg
2013,"Poseidon Adventure, The (1972)",551,https://image.tmdb.org/t/p/w500/6RGiA5BfhelU9zoD0b1GAG4GWWf.jpg
2014,Freaky Friday (1977),16084,https://image.tmdb.org/t/p/w500/ensFUbvS08uvG0xJze1MqhhjQJ1.jpg
2015,"Absent Minded Professor, The (1961)",17984,https://image.tmdb.org/t/p/w500/gCnuDDqoyaBdeeItQ4BjKtYpzF6.jpg
2016,"Apple Dumpling Gang Rides Again, The (1979)",22328,https://image.tmdb.org/t/p/w500/oPGACB1ZfPM9bKlQva2TFpCkWSD.jpg
2017,Babes in Toyland (1961),32611,https://image.tmdb.org/t/p/w500/pPNVXVQTCgdUiIiyxxYlTTqkgiZ.jpg
2018,Bambi (1942),3170,https://image.tmdb.org/t/p/w500/wV9e2y4myJ4KMFsyFfWYcUOawyK.jpg
2019,Seven Samurai (The Magnificent Seven) (Shichinin no samurai) (1954),346,https://image.tmdb.org/t/p/w500/lOMGc8bnSwQhS4XyE1S99uH8NXf.jpg
2020,Dangerous Liaisons (1988),859,https://image.tmdb.org/t/p/w500/eNvJXuTQ7lusuUrIvS7wplORXBX.jpg
2021,Dune (1984),841,https://image.tmdb.org/t/p/w500/4kJmUCE7mkVJjXa7A0g2rY4IGTm.jpg
2022,"Last Temptation of Christ, The (1988)",11051,https://image.tmdb.org/t/p/w500/7L4qwrC1mipZXJfU5oRgQWChLv1.jpg
2023,"Godfather: Part III, The (1990)",242,https://image.tmdb.org/t/p/w500/lm3pQ2QoQ16pextRsmnUbG2onES.jpg
2024,"Rapture, The (1991)",1411,https://image.tmdb.org/t/p/w500/4EkFm13ecqO0eszr7OKT8vf1YjJ.jpg
2025,Lolita (1997),9769,https://image.tmdb.org/t/p/w500/9INcC14WZjCMKGE360VXmklCLdZ.jpg
2026,Disturbing Behavior (1998),9424,https://image.tmdb.org/t/p/w500/uAhvaueOUUQ6ORCRdsJr1WXz1w0.jpg
2027,Mafia! (1998),924419,https://image.tmdb.org/t/p/w500/jrDi1Nb2ramIK56AXdosiqjToth.jpg
2028,Saving Private Ryan (1998),857,https://image.tmdb.org/t/p/w500/uqx37cS8cpHg8U35f9U5IBlrCV3.jpg
2031,"$1,000,000 Duck (1971)",22777,https://image.tmdb.org/t/p/w500/7fC6VILpXvnyn6w5o0zjM0TTtBk.jpg
2032,"Barefoot Executive, The (1971)",20173,https://image.tmdb.org/t/p/w500/l80GlJCOFM6rE2uwiW0EMD6jAPd.jpg
2033,"Black Cauldron, The (1985)",10957,https://image.tmdb.org/t/p/w500/h64i9e6oJs2jrDZ4QzspXMqZhPF.jpg
2034,"Black Hole, The (1979)",9570,https://image.tmdb.org/t/p/w500/gCqOJWvOK5UPospyrLANKfwRBlG.jpg
2035,Blackbeard's Ghost (1968),16249,https://image.tmdb.org/t/p/w500/bEMEjagTsdkUi7Jzxe0lQsquD7J.jpg
2036,Blank Check (1994),13962,https://image.tmdb.org/t/p/w500/qhsH1BGqeCDHoogt5ebxOgERJGb.jpg
2037,Candleshoe (1977),14612,https://image.tmdb.org/t/p/w500/6Rq9u5fnS6PzWz9dgPQmBhgDvRJ.jpg
2038,"Cat from Outer Space, The (1978)",19378,https://image.tmdb.org/t/p/w500/jspJBPlYGuMlwLbSSo0hdgfbnY0.jpg
2039,Cheetah (1989),65157,https://image.tmdb.org/t/p/w500/m4FoSWnkrBpUaUehWU12XWKRxjs.jpg
2040,"Computer Wore Tennis Shoes, The (1970)",29228,https://image.tmdb.org/t/p/w500/vXfUKvAHTIifAU7IP17kl1ZBGh6.jpg
2041,Condorman (1981),19379,https://image.tmdb.org/t/p/w500/wRe9kAvjN5IGAjPd0oCKhjyQDt0.jpg
2042,D2: The Mighty Ducks (1994),11164,https://image.tmdb.org/t/p/w500/veGW1N6QUglP4osDdOUI6CZCcBI.jpg
2043,Darby O'Gill and the Little People (1959),18887,https://image.tmdb.org/t/p/w500/fvdCK9sIgbKHQJjpjhtF9Ev8ysj.jpg
2044,"Devil and Max Devlin, The (1981)",40866,https://image.tmdb.org/t/p/w500/b5XOONi82ThL4r5K20BKsWIhmi6.jpg
2045,"Far Off Place, A (1993)",24736,https://image.tmdb.org/t/p/w500/uVTs2cUYgeGkdiPoszBOjFXqvNd.jpg
2046,Flight of the Navigator (1986),10122,https://image.tmdb.org/t/p/w500/tdRgQWMximj0tL6OWu9kRTtePmI.jpg
2047,"Gnome-Mobile, The (1967)",24816,https://image.tmdb.org/t/p/w500/oeugD3jvHaNCaSc6r3NK1EcYvty.jpg
2048,"Great Mouse Detective, The (1986)",9994,https://image.tmdb.org/t/p/w500/9uDr7vfjCFr39KGCcqrk44Cg7fQ.jpg
2049,"Happiest Millionaire, The (1967)",25445,https://image.tmdb.org/t/p/w500/xPePeB56IdkQOwMz8niiFhePOsq.jpg
2050,Herbie Goes Bananas (1980),12129,https://image.tmdb.org/t/p/w500/7cBOYLDhHMA351ndLthSxBCwO5N.jpg
2051,Herbie Goes to Monte Carlo (1977),14140,https://image.tmdb.org/t/p/w500/4gMplOTJWAj1oNrv0QJG6SGhBNQ.jpg
2052,Hocus Pocus (1993),10439,https://image.tmdb.org/t/p/w500/by4D4Q9NlUjFSEUA1yrxq6ksXmk.jpg
2053,"Honey, I Blew Up the Kid (1992)",11158,https://image.tmdb.org/t/p/w500/4EGqDo2pP2ZL0TCcYDGnwsU8liQ.jpg
2054,"Honey, I Shrunk the Kids (1989)",9354,https://image.tmdb.org/t/p/w500/omQOzahi2NIeiYznNxHFDvNbvo6.jpg
2055,Hot Lead and Cold Feet (1978),28736,https://image.tmdb.org/t/p/w500/zr6pX2rUfaub8QcGaIjYInuJBqQ.jpg
2056,In Search of the Castaways (1962),34774,https://image.tmdb.org/t/p/w500/27hbGwIAmvcB9X9FdXSwvU05frt.jpg
2057,"Incredible Journey, The (1963)",37969,https://image.tmdb.org/t/p/w500/vOnusK40twHThlxz6sGXVyakATx.jpg
2058,"Negotiator, The (1998)",9631,https://image.tmdb.org/t/p/w500/dUMHEymATOGbs2K3E4dmNSVBgFQ.jpg
2059,"Parent Trap, The (1998)",9820,https://image.tmdb.org/t/p/w500/p4dGmi8u9W0HHyVXcgWPoiFfKTF.jpg
2060,BASEketball (1998),14013,https://image.tmdb.org/t/p/w500/oKZdAUV9XSLp091f0GmtQEu0UZy.jpg
2062,"Governess, The (1998)",96196,https://image.tmdb.org/t/p/w500/xi1nfYolXIJI6bV8YGq1Zv7XwTz.jpg
2063,Seventh Heaven (Le Septième ciel) (1997),98505,https://image.tmdb.org/t/p/w500/81BJZBQzgxrS3l0yot8yNTzDH8d.jpg
2064,Roger & Me (1989),1779,https://image.tmdb.org/t/p/w500/ePVEnKOMtrIfHZ6wQBfWihTvwqD.jpg
2065,"Purple Rose of Cairo, The (1985)",10849,https://image.tmdb.org/t/p/w500/ccsint43E44B7NGceEhVimD93Yt.jpg
2066,Out of the Past (1947),678,https://image.tmdb.org/t/p/w500/lnUK6Cg5ARM0qaq0B5SG20VAM0h.jpg
2067,Doctor Zhivago (1965),907,https://image.tmdb.org/t/p/w500/r0Iv2BiCFYDnzc6uU1q3AJ56igT.jpg
2068,Fanny and Alexander (1982),5961,https://image.tmdb.org/t/p/w500/q8jlA3Wc1Z987hNKRFA44g5OugC.jpg
2069,"Trip to Bountiful, The (1985)",47908,https://image.tmdb.org/t/p/w500/qJ6A6fvp8PLFxxLVPLveFUmTOCG.jpg
2070,Tender Mercies (1983),42121,https://image.tmdb.org/t/p/w500/fBP6uK0K4EnV8dtt4SJQrMdX0wb.jpg
2071,And the Band Played On (1993),2887,https://image.tmdb.org/t/p/w500/4fyZ6SZaZuerfZWaIp0niFW7Yar.jpg
2072,"'burbs, The (1989)",11974,https://image.tmdb.org/t/p/w500/jwYKzJS0C3A711hmg1G4ptI0InF.jpg
2073,Fandango (1985),20348,https://image.tmdb.org/t/p/w500/7hdQUp17uXp8tZJWB8eWh25DWbc.jpg
2074,"Night Porter, The (Il Portiere di notte) (1974)",26648,https://image.tmdb.org/t/p/w500/zTUYhMdh2Jwk5s9jbrU4mCH3CY4.jpg
2075,Mephisto (1981),11911,https://image.tmdb.org/t/p/w500/SNJoUTU8PSxQlj3RkrwYGOQPyj.jpg
2076,Blue Velvet (1986),793,https://image.tmdb.org/t/p/w500/6v1zYh2FKOYVddY5pCQhd4PO9uX.jpg
2077,"Journey of Natty Gann, The (1985)",35144,https://image.tmdb.org/t/p/w500/z2eHb3ih4k9zannMKn3wmVvYAis.jpg
2078,"Jungle Book, The (1967)",9325,https://image.tmdb.org/t/p/w500/yN1kuupnPTLUprgfvC5WapgrxG4.jpg
2079,Kidnapped (1960),43037,https://image.tmdb.org/t/p/w500/5aMT9Mkkqx1q9JhDmAX5ydcSTrK.jpg
2080,Lady and the Tramp (1955),10340,https://image.tmdb.org/t/p/w500/340NcWz9SQXWQyf4oicMxjbrLOb.jpg
2081,"Little Mermaid, The (1989)",10144,https://image.tmdb.org/t/p/w500/plcZXvI310FkbwIptvd6rqk63LP.jpg
2082,"Mighty Ducks, The (1992)",10414,https://image.tmdb.org/t/p/w500/zxaCHxKDFNi6frh1Q0dj19L216o.jpg
2083,"Muppet Christmas Carol, The (1992)",10437,https://image.tmdb.org/t/p/w500/ssrV29QSVVJuemBHho0Qx7pFYak.jpg
2084,Newsies (1992),15300,https://image.tmdb.org/t/p/w500/8ykmCMHzkRSuJucPYeqGA2ampbp.jpg
2085,101 Dalmatians (1961),12230,https://image.tmdb.org/t/p/w500/kSlYq6FrBUviGSEh8v4L9nrSnBT.jpg
2086,One Magic Christmas (1985),13380,https://image.tmdb.org/t/p/w500/kiKa6GhHDPRLgo4VAFRmeMBrvdB.jpg
2087,Peter Pan (1953),10693,https://image.tmdb.org/t/p/w500/fJJOs1iyrhKfZceANxoPxPwNGF1.jpg
2088,Popeye (1980),11335,https://image.tmdb.org/t/p/w500/hCCp4pESgYY6uTFARYf4UYV1BdU.jpg
2089,"Rescuers Down Under, The (1990)",11135,https://image.tmdb.org/t/p/w500/5koTDBmMAkJOgAe4PL4163UKjvG.jpg
2090,"Rescuers, The (1977)",11319,https://image.tmdb.org/t/p/w500/9jpDjrRyvv9Nw0piXOpHHQTfxw9.jpg
2091,Return from Witch Mountain (1978),14822,https://image.tmdb.org/t/p/w500/2bnmbL5YkqfR3OkQRzgoCf3vs4V.jpg
2093,Return to Oz (1985),13155,https://image.tmdb.org/t/p/w500/zKaH6CbrgxNLw9lsEinLxx173Tw.jpg
2094,"Rocketeer, The (1991)",10249,https://image.tmdb.org/t/p/w500/2tDFRESFwKww1LHRE8W1Exj9edH.jpg
2095,"Shaggy D.A., The (1976)",15943,https://image.tmdb.org/t/p/w500/4RdTXlf06wFCQ0gAkeOljtw1dFY.jpg
2096,Sleeping Beauty (1959),10882,https://image.tmdb.org/t/p/w500/n3pxoMDDxp10c1smgbDzW4bwlzq.jpg
2097,Something Wicked This Way Comes (1983),24808,https://image.tmdb.org/t/p/w500/94dMO6kAawyFUk0sCDGIjAnchED.jpg
2098,Son of Flubber (1963),19762,https://image.tmdb.org/t/p/w500/nP2V3il0SCAwu12SypdcTQggUBA.jpg
2099,Song of the South (1946),13850,https://image.tmdb.org/t/p/w500/lFlWpfcw8TCmZ88jw6e943vEbtu.jpg
2100,Splash (1984),2619,https://image.tmdb.org/t/p/w500/7FutTsMWBwVhjk1Ujf1wtndUVZh.jpg
2101,Squanto: A Warrior's Tale (1994),65158,https://image.tmdb.org/t/p/w500/1OQAT40mMFrIBe9ExBqG93DX13Z.jpg
2104,Tex (1982),27332,https://image.tmdb.org/t/p/w500/j9p9IHzjRNoswTPqWpUiOisHuEs.jpg
2105,Tron (1982),97,https://image.tmdb.org/t/p/w500/jigY9B6TKz4qlfikZcd18qtzTK4.jpg
2106,Swing Kids (1993),10419,https://image.tmdb.org/t/p/w500/o85xTgX5ByDewuYo5yOLIsP02CX.jpg
2107,Halloween: H20 (1998),11675,https://image.tmdb.org/t/p/w500/lqLXUm3oK59sGJKRH2Zjj2m3iMg.jpg
2108,L.A. Story (1991),2107,https://image.tmdb.org/t/p/w500/At97val6UZyQoQtmH1b2Pe7bWqG.jpg
2109,"Jerk, The (1979)",6471,https://image.tmdb.org/t/p/w500/mIjOWtUofyt9Jawge7FbvITjU3D.jpg
2110,Dead Men Don't Wear Plaid (1982),9442,https://image.tmdb.org/t/p/w500/cwYwZBEE73PakUWzbICzxYKlXAz.jpg
2111,"Man with Two Brains, The (1983)",11591,https://image.tmdb.org/t/p/w500/jSnGiPE17sgicRyTPrE6UB0pnEU.jpg
2112,Grand Canyon (1991),13697,https://image.tmdb.org/t/p/w500/gpqLukoUXAXkyMZ0jPSuAbWf5Nx.jpg
2113,Graveyard Shift (1990),19158,https://image.tmdb.org/t/p/w500/vITvLxFsDbbg6TMgpYWWscMOf0G.jpg
2114,"Outsiders, The (1983)",227,https://image.tmdb.org/t/p/w500/l9os0HcXY8BOkvUWAx4rvby3j6L.jpg
2115,Indiana Jones and the Temple of Doom (1984),87,https://image.tmdb.org/t/p/w500/gpdVNUaa4LhRMLfJOPj1AZdhAZ3.jpg
2116,"Lord of the Rings, The (1978)",123,https://image.tmdb.org/t/p/w500/liW0mjvTyLs7UCumaHhx3PpU4VT.jpg
2117,Nineteen Eighty-Four (1984),9314,https://image.tmdb.org/t/p/w500/hrdQlicxuyTg3zyVqq78EsA4Z6J.jpg
2118,"Dead Zone, The (1983)",11336,https://image.tmdb.org/t/p/w500/9yTVaeS8eIkOpbwIycVFm7EQrgF.jpg
2119,Maximum Overdrive (1986),9980,https://image.tmdb.org/t/p/w500/8pGYesuatPnMS8lhS4NvwiDjKbG.jpg
2120,Needful Things (1993),10657,https://image.tmdb.org/t/p/w500/9RxE6kd1ky4689WxqX6CHEpIWya.jpg
2121,Cujo (1983),10489,https://image.tmdb.org/t/p/w500/uNBt2YxrQdyOjnm2rDQ5QiCmQ0K.jpg
2122,Children of the Corn (1984),10823,https://image.tmdb.org/t/p/w500/jJTrFHu3rjAgP1lryKGEsC9hqyM.jpg
2123,All Dogs Go to Heaven (1989),11497,https://image.tmdb.org/t/p/w500/nmWh1NglDinfkHD9zCNqGWyhl7Q.jpg
2124,"Addams Family, The (1991)",2907,https://image.tmdb.org/t/p/w500/qFf8anju5f2epI0my8RdwwIXFIP.jpg
2125,Ever After: A Cinderella Story (1998),9454,https://image.tmdb.org/t/p/w500/9TspO5dThMBioF0DFrvy6YqrngH.jpg
2126,Snake Eyes (1998),8688,https://image.tmdb.org/t/p/w500/gsh9mQKRrr4M90XC9Rr0wxefc9u.jpg
2127,"First Love, Last Rites (1997)",118452,https://image.tmdb.org/t/p/w500/w4yN57gmVvLKdHOdUZ5GDQk6gW9.jpg
2128,Safe Men (1998),16155,https://image.tmdb.org/t/p/w500/857L7x6uFNr4c2oHD5KJw5pkbxn.jpg
2129,"Saltmen of Tibet, The (1997)",48894,https://image.tmdb.org/t/p/w500/5MGcMnBpeyJumNYlMvaIteSoY8m.jpg
2130,Atlantic City (1980),23954,https://image.tmdb.org/t/p/w500/t7COhy9HkznR0gcdhTNwtHmBN31.jpg
2131,Autumn Sonata (Höstsonaten ) (1978),12761,https://image.tmdb.org/t/p/w500/6beNbtCXv3GkzHkxkGYf38ib7v8.jpg
2132,Who's Afraid of Virginia Woolf? (1966),396,https://image.tmdb.org/t/p/w500/wF7ihB5V5gSm6zxjv3ZhHOpgREI.jpg
2133,Adventures in Babysitting (1987),14367,https://image.tmdb.org/t/p/w500/8QiAj0Xw2UMeZMIIfZKeNoIsszs.jpg
2134,Weird Science (1985),11814,https://image.tmdb.org/t/p/w500/jaEauZd2joSAKn42D83gm3S0y3F.jpg
2135,Doctor Dolittle (1967),16081,https://image.tmdb.org/t/p/w500/rViuZo27U8wcZHGuRliv9LfmhjV.jpg
2136,"Nutty Professor, The (1963)",18331,https://image.tmdb.org/t/p/w500/a3lzU19j7WGfyXVDfPMdh8DAkru.jpg
2137,Charlotte's Web (1973),15171,https://image.tmdb.org/t/p/w500/eLq5bed09bkNVjUfknlbSil2cfR.jpg
2138,Watership Down (1978),11837,https://image.tmdb.org/t/p/w500/q9ZcNxfquJbMTd6UfhAlJbmLBts.jpg
2139,"Secret of NIMH, The (1982)",11704,https://image.tmdb.org/t/p/w500/prNrnOKlkV9wl5Sl3zwHu1f3t2z.jpg
2140,"Dark Crystal, The (1982)",11639,https://image.tmdb.org/t/p/w500/fZPxRaa6gvCyGCh9Xk5kyPqz7fp.jpg
2141,"American Tail, An (1986)",4978,https://image.tmdb.org/t/p/w500/wjhUy9af89vc9CviKcPgTNTrmIq.jpg
2142,"American Tail: Fievel Goes West, An (1991)",10380,https://image.tmdb.org/t/p/w500/k4aLupAkHWwHiEDwvqsZFAnUYF.jpg
2143,Legend (1985),11976,https://image.tmdb.org/t/p/w500/6n3PQSYpZRK5YPk2w8JEwED7AZk.jpg
2144,Sixteen Candles (1984),15144,https://image.tmdb.org/t/p/w500/A3WGCAgJF33kZdlxUdyXHYdbYax.jpg
2145,Pretty in Pink (1986),11522,https://image.tmdb.org/t/p/w500/jeFJyzJBufJexpOuywuPp8q2tCJ.jpg
2146,St. Elmo's Fire (1985),11557,https://image.tmdb.org/t/p/w500/g2SL3XHJas7hebZ2hhTrYLpKToD.jpg
2147,"Clan of the Cave Bear, The (1986)",13853,https://image.tmdb.org/t/p/w500/jbftdduVujKeoib5fwDBbEMamdj.jpg
2148,House (1986),11415,https://image.tmdb.org/t/p/w500/jhfbMS620H29FK0miTk8TCgMK9w.jpg
2149,House II: The Second Story (1987),37530,https://image.tmdb.org/t/p/w500/o58So9NfjKPITUQhQdpCUdTi9Vn.jpg
2150,"Gods Must Be Crazy, The (1980)",8393,https://image.tmdb.org/t/p/w500/wntGWN2mpeS3QaUm1PTKAcTM9K7.jpg
2151,"Gods Must Be Crazy II, The (1989)",11937,https://image.tmdb.org/t/p/w500/sxPpBTB2Rd5PHs97E2zn0t9GCSp.jpg
2152,Air Bud: Golden Receiver (1998),21661,https://image.tmdb.org/t/p/w500/y3ohh9NyWx2oj2op1dfrkwJMeFE.jpg
2153,"Avengers, The (1998)",9320,https://image.tmdb.org/t/p/w500/1p5thyQ4pCy876HpdvFARqJ62N9.jpg
2154,How Stella Got Her Groove Back (1998),33644,https://image.tmdb.org/t/p/w500/ygmuaJDLYxWJo8eNhq0A63hagrQ.jpg
2156,"Best Man, The (Il Testimone dello sposo) (1997)",125124,https://image.tmdb.org/t/p/w500/it3TqsjG19roZJTM1zbogEj10Mg.jpg
2158,"Henry: Portrait of a Serial Killer, Part 2 (1996)",39930,https://image.tmdb.org/t/p/w500/udDCCmIpvMoRvl0ArioceHkI8ix.jpg
2159,Henry: Portrait of a Serial Killer (1990),10692,https://image.tmdb.org/t/p/w500/diVMzTarVLgjc3jyODyhZMadfwD.jpg
2160,Rosemary's Baby (1968),805,https://image.tmdb.org/t/p/w500/uYgvlHceRFjAFbsNeMInYcLZLUb.jpg
2161,"NeverEnding Story, The (1984)",34584,https://image.tmdb.org/t/p/w500/lWJC8om086h01f0CMGR9ombdpnI.jpg
2162,"NeverEnding Story II: The Next Chapter, The (1990)",34636,https://image.tmdb.org/t/p/w500/bRSLCuO2B6owYBtUwGYGqWZCVo6.jpg
2164,Surf Nazis Must Die (1987),28070,https://image.tmdb.org/t/p/w500/gVECT5DHulQJyo9oqS1tdDSGowI.jpg
2165,Your Friends and Neighbors (1998),77469,https://image.tmdb.org/t/p/w500/g8u6Hx7F7V2gFr5ddyLQPzQ8f3t.jpg
2166,Return to Paradise (1998),10278,https://image.tmdb.org/t/p/w500/t4lmZtx1zLUijwO2oHHEbUQ7j41.jpg
2167,Blade (1998),36647,https://image.tmdb.org/t/p/w500/oWT70TvbsmQaqyphCZpsnQR7R32.jpg
2168,Dance with Me (1998),17915,https://image.tmdb.org/t/p/w500/zNUxfWLFGfM7IC7LpxZqWRCnVMK.jpg
2169,Dead Man on Campus (1998),14557,https://image.tmdb.org/t/p/w500/mTr7ARy7lj8ggvg6snLWDo3CnEu.jpg
2170,Wrongfully Accused (1998),9417,https://image.tmdb.org/t/p/w500/6FG3aldS4eVD4baKwmAi9P8kdRS.jpg
2171,"Next Stop, Wonderland (1998)",41469,https://image.tmdb.org/t/p/w500/cygwoUJ1LqXkYT451E7W3dHtfHZ.jpg
2173,"Navigator: A Mediaeval Odyssey, The (1988)",34637,https://image.tmdb.org/t/p/w500/3jgWf292UUNZyaaLppFlYWFpDOE.jpg
2174,Beetlejuice (1988),4011,https://image.tmdb.org/t/p/w500/nnl6OWkyPpuMm595hmAxNW3rZFn.jpg
2175,Déjà Vu (1997),161795,https://image.tmdb.org/t/p/w500/1fAIdDUVhQaqBr4lVPOeEiNPA3l.jpg
2176,Rope (1948),1580,https://image.tmdb.org/t/p/w500/9ar6rxLDB8kagAnXZKn6h9smscr.jpg
2177,Family Plot (1976),5854,https://image.tmdb.org/t/p/w500/oQ9QbyBuIM2uYaheSKjs2x1xIQV.jpg
2178,Frenzy (1972),573,https://image.tmdb.org/t/p/w500/4SFvqrlSigAt9tnhXFSMyKeJWQk.jpg
2179,Topaz (1969),2370,https://image.tmdb.org/t/p/w500/8u7vxykCVZoaxNocLbpstv3IFNK.jpg
2180,Torn Curtain (1966),5780,https://image.tmdb.org/t/p/w500/7XC1l9eP2TBYMEdA4KRUqKAFmbm.jpg
2181,Marnie (1964),506,https://image.tmdb.org/t/p/w500/nRRy4VO2A3Py7wiZBPz11PAlogp.jpg
2182,"Wrong Man, The (1956)",22527,https://image.tmdb.org/t/p/w500/pO5XR2R56RAbVjdks9gGGn0fbOa.jpg
2183,"Man Who Knew Too Much, The (1956)",574,https://image.tmdb.org/t/p/w500/gy8YBRjCQRIT9x9G9F5fpnFD4xw.jpg
2184,"Trouble with Harry, The (1955)",11219,https://image.tmdb.org/t/p/w500/uUXLq7fEG3hI46ZFMZzgHj11S6S.jpg
2185,I Confess (1953),30159,https://image.tmdb.org/t/p/w500/5IYyJetEctAypFYIffqx55PXTPT.jpg
2186,Strangers on a Train (1951),845,https://image.tmdb.org/t/p/w500/ihC083U7ef56Ui4x0P0dobojrZ1.jpg
2187,Stage Fright (1950),1978,https://image.tmdb.org/t/p/w500/l43OTqhib8do1WwXig8JI8Y68Fd.jpg
2188,54 (1998),3682,https://image.tmdb.org/t/p/w500/gLjt54vow8CEOHdgRkQCyXwbq52.jpg
2189,I Married A Strange Person (1997),51942,https://image.tmdb.org/t/p/w500/n2WjY1mESooUlLjreQpePocIXVw.jpg
2190,Why Do Fools Fall In Love? (1998),46702,https://image.tmdb.org/t/p/w500/tSj2g6VdJ2UXeWk9wRa19SsxRFg.jpg
2191,"Merry War, A (1997)",54795,https://image.tmdb.org/t/p/w500/kOqZpuN5Q3F1GU6SFJjWnYd2uBo.jpg
2192,See the Sea (Regarde la mer) (1997),46748,https://image.tmdb.org/t/p/w500/l8gnjkOv5GKg0fyW8hf7tA2dix4.jpg
2193,Willow (1988),847,https://image.tmdb.org/t/p/w500/pAIRGMIdN7ZdZhflazdV2ezuJ9f.jpg
2194,"Untouchables, The (1987)",117,https://image.tmdb.org/t/p/w500/tPq0R4jTO4Ey8ZspFaWK9wGA4Ls.jpg
2195,Dirty Work (1998),14577,https://image.tmdb.org/t/p/w500/r6OcS6TQCHal2wHooJhHWSlFzfd.jpg
2196,Knock Off (1998),37498,https://image.tmdb.org/t/p/w500/hK7hKDA51FCbtFCuXZNiQ6gPq3S.jpg
2197,Firelight (1997),38621,https://image.tmdb.org/t/p/w500/hkgSUgPdOehzyGjczoytG3bzNaW.jpg
2198,Modulations (1998),59138,https://image.tmdb.org/t/p/w500/9qsMSdQdJFnuJG06gPWxfpgQwlq.jpg
2199,Phoenix (1998),28047,https://image.tmdb.org/t/p/w500/tkppRmx4iBvAeKlopfNTO8hnKxK.jpg
2200,Under Capricorn (1949),4175,https://image.tmdb.org/t/p/w500/90wKMRxhGFrWXt4rJvVfqVEjpQ1.jpg
2201,"Paradine Case, The (1947)",31667,https://image.tmdb.org/t/p/w500/faUkygLOpVA8roEYNYyQTX3llnJ.jpg
2202,Lifeboat (1944),13321,https://image.tmdb.org/t/p/w500/2QXpzBMJJtmH7JvVf0ZzENvgc1o.jpg
2203,Shadow of a Doubt (1943),21734,https://image.tmdb.org/t/p/w500/ptyWagbWE8jSGyV2tGEzAdVbRCj.jpg
2204,Saboteur (1942),31997,https://image.tmdb.org/t/p/w500/iDKOOTymUZg0WAWPcbdP6nPZEFF.jpg
2205,Mr. & Mrs. Smith (1941),24197,https://image.tmdb.org/t/p/w500/lIFBvhh9EbQpwkYa135dQvMHXSj.jpg
2206,Suspicion (1941),11462,https://image.tmdb.org/t/p/w500/clWNlzlbyaEoIK63lcFjqBmXoQz.jpg
2207,Jamaica Inn (1939),31995,https://image.tmdb.org/t/p/w500/qgeBF25h9MYoxJmKvlUj60IGDNz.jpg
2208,"Lady Vanishes, The (1938)",940,https://image.tmdb.org/t/p/w500/c1t9LB76LvEARPanfEzXmkm7fwY.jpg
2209,Young and Innocent (1937),2762,https://image.tmdb.org/t/p/w500/knc0wcxarPM6Qy3uOm1RV38JGzS.jpg
2210,Sabotage (1936),12684,https://image.tmdb.org/t/p/w500/A6cyOt9mhmvWA2uHcVsGkcCaHCz.jpg
2211,Secret Agent (1936),2761,https://image.tmdb.org/t/p/w500/vHfEuqttHs2fXLGgkSxC5nh7AHz.jpg
2212,"Man Who Knew Too Much, The (1934)",8208,https://image.tmdb.org/t/p/w500/qghwbSfQblFYRFq675uK5qDGr3w.jpg
2214,Number Seventeen (1932),15007,https://image.tmdb.org/t/p/w500/nrz9csver46bnZfHoE9C96DbLkh.jpg
2215,Rich and Strange (1932),36049,https://image.tmdb.org/t/p/w500/8uELURwfZlQBsy26VUk7ap0v3ZS.jpg
2216,"Skin Game, The (1931)",52748,https://image.tmdb.org/t/p/w500/toLLyYTaAvQyLIvpAu8UeQ0sqOL.jpg
2217,Elstree Calling (1930),75793,https://image.tmdb.org/t/p/w500/a1fpRkO3YuNBrsBAsWIf3j3kC7o.jpg
2218,Juno and Paycock (1930),47695,https://image.tmdb.org/t/p/w500/eKAOKqfBacUDNhPwvXFxaP59Kyp.jpg
2219,Murder! (1930),31930,https://image.tmdb.org/t/p/w500/iu8mee9GciHFgfqG5ifdDOTLw4F.jpg
2220,"Manxman, The (1929)",20213,https://image.tmdb.org/t/p/w500/1CoJiLwUwKipp7X89M5ZmsI016.jpg
2221,Blackmail (1929),543,https://image.tmdb.org/t/p/w500/7ioNEKouUkkWyv5tUDwVUd7BDRR.jpg
2222,Champagne (1928),36054,https://image.tmdb.org/t/p/w500/9xLjNbCOXuRWs7AkZ7bW4m8I0H4.jpg
2223,"Farmer's Wife, The (1928)",35832,https://image.tmdb.org/t/p/w500/xgHF8syPdDxr1WSOPpAGWoIAeN9.jpg
2224,Downhill (1927),52782,https://image.tmdb.org/t/p/w500/s6AppTbM34sNB9FASwezhIyesn5.jpg
2226,"Ring, The (1927)",36056,https://image.tmdb.org/t/p/w500/VeNRpyspVlJzkrNAyszdGtmy9e.jpg
2228,"Mountain Eagle, The (1926)",106439,https://image.tmdb.org/t/p/w500/aakEpkD8ilDrTwsW3QGYiKkKUQt.jpg
2229,"Pleasure Garden, The (1925)",64398,https://image.tmdb.org/t/p/w500/DpCDqbyxBlSChWTCx42n4WA8BX.jpg
2230,Always Tell Your Wife (1923),387698,https://image.tmdb.org/t/p/w500/yVI9HN6IIuuaRdDo4C3iXa0ewZp.jpg
2231,Rounders (1998),10220,https://image.tmdb.org/t/p/w500/mqbMwYGwIChnaCO55h7v8DG8Wwy.jpg
2232,Cube (1997),431,https://image.tmdb.org/t/p/w500/x4BTjxdrOKC27FcSkBh8KPEgnum.jpg
2233,Digging to China (1998),31641,https://image.tmdb.org/t/p/w500/31jIfBKT9f0wWnsZW1DfAFJfZLB.jpg
2234,Let's Talk About Sex (1998),223318,https://image.tmdb.org/t/p/w500/59uXfJH41SvByO9CXfQ5ATkEN26.jpg
2235,One Man's Hero (1999),69848,https://image.tmdb.org/t/p/w500/6QbunsUllQT0aQWWgMBnSlqwrfF.jpg
2236,Simon Birch (1998),22796,https://image.tmdb.org/t/p/w500/vRJcV9l3tLFoUWZel9RikS3nfJ6.jpg
2237,Without Limits (1998),22256,https://image.tmdb.org/t/p/w500/2HoKVqCzVOez7DEwHApc73bKobg.jpg
2238,Seven Beauties (Pasqualino Settebellezze) (1976),37550,https://image.tmdb.org/t/p/w500/i0ZLApe4mIQWopELhEPxOQziDBh.jpg
2240,My Bodyguard (1980),21873,https://image.tmdb.org/t/p/w500/agk3tSS6OLiSdyrieDhPpuQ7CEZ.jpg
2241,Class (1983),21500,https://image.tmdb.org/t/p/w500/iDFeOVxNOSmAcsdmvtt4kZWB8GA.jpg
2242,"Grandview, U.S.A. (1984)",84116,https://image.tmdb.org/t/p/w500/zjwdW85VNLuNxAutlGRHtoY0srR.jpg
2243,Broadcast News (1987),12626,https://image.tmdb.org/t/p/w500/kQNR1Lc0qAF5xuBySpDn481KVjb.jpg
2244,"Allnighter, The (1987)",37818,https://image.tmdb.org/t/p/w500/1ypV4mw030VxYEIA8jba3A7MMBv.jpg
2245,Working Girl (1988),3525,https://image.tmdb.org/t/p/w500/q2jfFzZvAzjTaArQR0tjilIZ5aJ.jpg
2246,Stars and Bars (1988),129628,https://image.tmdb.org/t/p/w500/pWa2bcfVwJZH1oR25HGh5tQl5gb.jpg
2247,Married to the Mob (1988),2321,https://image.tmdb.org/t/p/w500/gkOsxv1RvV5smRnm6wrmn2wDXyZ.jpg
2248,Say Anything... (1989),2028,https://image.tmdb.org/t/p/w500/nkucKciFGSRalw6dJtsglWqOXMC.jpg
2249,My Blue Heaven (1990),16384,https://image.tmdb.org/t/p/w500/ggk34Nr1e8LOeAdVncuYz6pyYDe.jpg
2250,Men Don't Leave (1990),91217,https://image.tmdb.org/t/p/w500/8sgKZiKaOh8QJxSbrW2Ds2wvWr9.jpg
2251,"Cabinet of Dr. Ramirez, The (1991)",77314,https://image.tmdb.org/t/p/w500/5N5F3CevRjnuRHtdI5dLByWcYxk.jpg
2252,Hero (1992),10699,https://image.tmdb.org/t/p/w500/wD7D0B9U9ooanxyhtgLKaqM7www.jpg
2253,Toys (1992),11597,https://image.tmdb.org/t/p/w500/l0YBVvOvOxoOkggTZ70tNGvGQo4.jpg
2254,Choices (1981),218624,https://image.tmdb.org/t/p/w500/lPIcvHK4GbLLWSYhxjVBazZ5Klw.jpg
2255,Young Doctors in Love (1982),47947,https://image.tmdb.org/t/p/w500/9JTPSVDEFilY09hqtWPHrCDFneV.jpg
2256,Parasite (1982),48311,https://image.tmdb.org/t/p/w500/4DGPORlVIDIQvsuSDnM4uXKMjWS.jpg
2257,No Small Affair (1984),44772,https://image.tmdb.org/t/p/w500/vwtsHfe7zrkGFD10K7AkhEQk5cE.jpg
2258,Master Ninja I (1984),506158,https://image.tmdb.org/t/p/w500/xci9m8GgMlkzut0gys2X08FQQEa.jpg
2259,Blame It on Rio (1984),14347,https://image.tmdb.org/t/p/w500/yzNtmqL6HUFC7FZl9DnGmhnCQUL.jpg
2260,Wisdom (1986),41090,https://image.tmdb.org/t/p/w500/jJiKZG7vauFCeax5Aj5fahrcKUO.jpg
2261,One Crazy Summer (1986),18282,https://image.tmdb.org/t/p/w500/hwrMVPwGFB3fouqD5PhhmbafB7G.jpg
2262,About Last Night... (1986),18169,https://image.tmdb.org/t/p/w500/9KqG5OFi3NLJYBbsDSA8pZ3dln.jpg
2263,"Seventh Sign, The (1988)",11082,https://image.tmdb.org/t/p/w500/vAgVzkPmfe2pcgzkpoz8cZ9i9wm.jpg
2264,We're No Angels (1989),5971,https://image.tmdb.org/t/p/w500/5XBVURkON7jyzxr0cONWeTbgAov.jpg
2265,Nothing But Trouble (1991),11933,https://image.tmdb.org/t/p/w500/Apk5Hbby70diyeMHd2VhxUSHNW.jpg
2266,"Butcher's Wife, The (1991)",20096,https://image.tmdb.org/t/p/w500/oKwvnb2bypMyXD2UraWdXxUoqLY.jpg
2267,Mortal Thoughts (1991),30815,https://image.tmdb.org/t/p/w500/3Py7bFBsRjMVdOI5IlNSz6aa385.jpg
2268,"Few Good Men, A (1992)",881,https://image.tmdb.org/t/p/w500/rLOk4z9zL1tTukIYV56P94aZXKk.jpg
2269,Indecent Proposal (1993),4478,https://image.tmdb.org/t/p/w500/a39WoiTJEG5kNLIrr3kOMwg3LFg.jpg
2270,"Century of Cinema, A (1994)",649643,https://image.tmdb.org/t/p/w500/rddwMrjaRWOpzbVgQVuRqJUMpZr.jpg
2271,Permanent Midnight (1998),22318,https://image.tmdb.org/t/p/w500/wkoy7DQ1viN0EOtzw6v8W9y6UAr.jpg
2272,One True Thing (1998),53113,https://image.tmdb.org/t/p/w500/hOYQIMtrqVeHUBe999V1KIqO7Gf.jpg
2273,Rush Hour (1998),2109,https://image.tmdb.org/t/p/w500/we7wOLVFgxhzLzUt0qNe50xdIQZ.jpg
2274,Lilian's Story (1995),512059,https://image.tmdb.org/t/p/w500/wuwASF5wKzr99sQY63ZzR9DL93O.jpg
2275,Six-String Samurai (1998),24746,https://image.tmdb.org/t/p/w500/4Lo0pT1gnDAL4hTVMYLwpVWcqR1.jpg
2276,"Soldier's Daughter Never Cries, A (1998)",72987,https://image.tmdb.org/t/p/w500/k3DmaY20ynkRTE17Oe1dR8pZWaR.jpg
2278,Ronin (1998),8195,https://image.tmdb.org/t/p/w500/AirrhRJjHwytOV0pdLu7YZ4DEyr.jpg
2279,Urban Legend (1998),9877,https://image.tmdb.org/t/p/w500/dUvZDNU9G0njhM628NA5phASntq.jpg
2280,Clay Pigeons (1998),26618,https://image.tmdb.org/t/p/w500/6cxoftMuiwcQ9xzXfvGWAQfWUmK.jpg
2281,Monument Ave. (1998),21132,https://image.tmdb.org/t/p/w500/2IpSjfTzEWlHGTHAWNMToqznYn1.jpg
2282,Pecker (1998),11855,https://image.tmdb.org/t/p/w500/ox6Myr2r36zr7aqnisQGZp2EW33.jpg
2283,"Sheltering Sky, The (1990)",24016,https://image.tmdb.org/t/p/w500/mcaypmWykltQMLjjSuD2vxylZHV.jpg
2284,Bandit Queen (1994),14785,https://image.tmdb.org/t/p/w500/aYJgxlxo0NZvA075d4BelEjsbJA.jpg
2285,If.... (1968),14794,https://image.tmdb.org/t/p/w500/oqlpAGq4aXhc6ODtxBcGM1SEoIp.jpg
2286,"Fiendish Plot of Dr. Fu Manchu, The (1980)",3486,https://image.tmdb.org/t/p/w500/2ftvbsm0xjQDOluJfgnNJ2G5B35.jpg
2287,Them! (1954),11071,https://image.tmdb.org/t/p/w500/tP352STF6BvSROi8K3CMM799TVo.jpg
2288,"Thing, The (1982)",1091,https://image.tmdb.org/t/p/w500/tzGY49kseSE9QAKk47uuDGwnSCu.jpg
2289,"Player, The (1992)",10403,https://image.tmdb.org/t/p/w500/tZ3kDut2dhFVGkWNEn9xoCHCNAx.jpg
2290,Stardust Memories (1980),11337,https://image.tmdb.org/t/p/w500/y1EHgpL2hMVRcr6tIOy7VGLxaPs.jpg
2291,Edward Scissorhands (1990),162,https://image.tmdb.org/t/p/w500/e0FqKFvGPdQNWG8tF9cZBtev9Em.jpg
2293,Shadrach (1998),73351,https://image.tmdb.org/t/p/w500/zXqzSRvIUBBJRVaHXXQSEkGMmdY.jpg
2294,Antz (1998),8916,https://image.tmdb.org/t/p/w500/lWPjxbUMpAHFkJpZHHNWhQaRsax.jpg
2295,"Impostors, The (1998)",28134,https://image.tmdb.org/t/p/w500/pnL8MvYje9DOZTuTnF04k8RUkSL.jpg
2296,"Night at the Roxbury, A (1998)",9429,https://image.tmdb.org/t/p/w500/7oZ5xE4AL4D5EbeQUaoRxahgzJX.jpg
2297,What Dreams May Come (1998),12159,https://image.tmdb.org/t/p/w500/78wCdphUzeb528wLZw2W0fn7yGB.jpg
2298,Strangeland (1998),27791,https://image.tmdb.org/t/p/w500/AhQh5rtPymR1J8daZc0FNXiSkU.jpg
2300,"Producers, The (1968)",30197,https://image.tmdb.org/t/p/w500/9qCIkNWGuRj5lMyeOXwJs8z9nRz.jpg
2301,History of the World: Part I (1981),10156,https://image.tmdb.org/t/p/w500/6iAl78qZHT65erPXr2YW6Y54wlY.jpg
2302,My Cousin Vinny (1992),10377,https://image.tmdb.org/t/p/w500/iwSURa8nS2ujwrU3s1lfxxX7voH.jpg
2303,Nashville (1975),3121,https://image.tmdb.org/t/p/w500/twl4ovyjb8muFKvZmcCDzPR0hy1.jpg
2304,Love Is the Devil (1998),4975,https://image.tmdb.org/t/p/w500/5zPTMTbYPhXXzAo5UQkeSpcmSMl.jpg
2305,Slam (1998),37532,https://image.tmdb.org/t/p/w500/qU0QR2ax1hyjfACni4Clgsc5YyX.jpg
2306,Holy Man (1998),9713,https://image.tmdb.org/t/p/w500/sfJBsOdSbgLLarO6GIS0dWzFcCv.jpg
2307,One Tough Cop (1998),134368,https://image.tmdb.org/t/p/w500/qXKVKFApORbPIOM9gyUEBpTRjmT.jpg
2308,Detroit 9000 (1973),85837,https://image.tmdb.org/t/p/w500/7eKuM4C7A8IX1bCiRMBI43HBgMs.jpg
2309,"Inheritors, The (Die Siebtelbauern) (1998)",1039,https://image.tmdb.org/t/p/w500/u6aCatHljw795MLscZwW1gYtOu2.jpg
2310,"Mighty, The (1998)",9821,https://image.tmdb.org/t/p/w500/eHcuTZwmY4VAJm7kfbZn7qDAjYs.jpg
2311,2010 (1984),4437,https://image.tmdb.org/t/p/w500/mEWKXuCMv7mFMxXVSTI3v8UOQuq.jpg
2312,Children of a Lesser God (1986),1890,https://image.tmdb.org/t/p/w500/yAiJlASIXC306qpqe5NZX2GgVlQ.jpg
2313,"Elephant Man, The (1980)",1955,https://image.tmdb.org/t/p/w500/u0wpPYjuSt8DIe1Y3Vapnh8jcKE.jpg
2314,Beloved (1998),39437,https://image.tmdb.org/t/p/w500/jIoT0J2fNXXCYZst6OkKStQIPw9.jpg
2315,Bride of Chucky (1998),11932,https://image.tmdb.org/t/p/w500/yaIPNOcC7ZRuwH3maNwP9qzIo5G.jpg
2316,Practical Magic (1998),6435,https://image.tmdb.org/t/p/w500/AwmToSgf2IL3aHv0QRVsR5KvChv.jpg
2317,"Alarmist, The (1997)",108316,https://image.tmdb.org/t/p/w500/nbuzeIoIF7QuALZ6WnmTzaE7HO9.jpg
2318,Happiness (1998),10683,https://image.tmdb.org/t/p/w500/rYfUcEV88Z3gENrfYTE6i8yBkDr.jpg
2320,Apt Pupil (1998),9445,https://image.tmdb.org/t/p/w500/pU3fvfSvrs5pZFdODPCzoLk95Ws.jpg
2321,Pleasantville (1998),2657,https://image.tmdb.org/t/p/w500/m1hhYP6OScjKU5Z9iZaWirSn4I6.jpg
2322,Soldier (1998),9425,https://image.tmdb.org/t/p/w500/g62RTtfhgzJo1GV2jjwdzpNuiUB.jpg
2323,"Cruise, The (1998)",32326,https://image.tmdb.org/t/p/w500/aTPN6ttUQqkqV6ZT762Ihc8hwKi.jpg
2324,Life Is Beautiful (La Vita è bella) (1997),637,https://image.tmdb.org/t/p/w500/6tEJnof1DKWPnl5lzkjf0FVv7oB.jpg
2325,Orgazmo (1997),8675,https://image.tmdb.org/t/p/w500/irvFBOc33CHsioU6hqcu8ExymEa.jpg
2326,Shattered Image (1998),125762,https://image.tmdb.org/t/p/w500/bvlr7rwFilRQDxXdLVFdSR2M01N.jpg
2327,Tales from the Darkside: The Movie (1990),20701,https://image.tmdb.org/t/p/w500/5q8WK4gW45Knxhpb29IVOCbbfI7.jpg
2328,Vampires (1998),9945,https://image.tmdb.org/t/p/w500/4JhaFBPwyC5IM1rKaRR07Gzutse.jpg
2329,American History X (1998),73,https://image.tmdb.org/t/p/w500/x2drgoXYZ8484lqyDj7L1CEVR4T.jpg
2331,Living Out Loud (1998),46889,https://image.tmdb.org/t/p/w500/uegG68vP7leUDQbG8fP4ihgTo0i.jpg
2332,Belly (1998),12888,https://image.tmdb.org/t/p/w500/i4QhjdZXxdOpKOhc9kh4qqWjRWr.jpg
2333,Gods and Monsters (1998),3033,https://image.tmdb.org/t/p/w500/awvJH3NtXoStsjAtXKr99hfuVaG.jpg
2334,"Siege, The (1998)",9882,https://image.tmdb.org/t/p/w500/gbeeWu8rYaIYMyq9ayN1AepjNxP.jpg
2335,"Waterboy, The (1998)",10663,https://image.tmdb.org/t/p/w500/miT42qWYC4D0n2mXNzJ9VfhheWW.jpg
2336,Elizabeth (1998),4518,https://image.tmdb.org/t/p/w500/qEk48VLOdibXFVIEzE9ETZUBcCs.jpg
2337,Velvet Goldmine (1998),1808,https://image.tmdb.org/t/p/w500/4EJkObEJFvXCuoVqOP7XBXGqdQ1.jpg
2338,I Still Know What You Did Last Summer (1998),3600,https://image.tmdb.org/t/p/w500/eg3d6hvTaOmW3lNErFfutBmWmAR.jpg
2339,I'll Be Home For Christmas (1998),17037,https://image.tmdb.org/t/p/w500/9hTYFvEDnajUIbpdfc3fO6bZq2Y.jpg
2340,Meet Joe Black (1998),297,https://image.tmdb.org/t/p/w500/fDPAjvfPMomkKF7cMRmL5Anak61.jpg
2341,Dancing at Lughnasa (1998),5332,https://image.tmdb.org/t/p/w500/6Rtf82SgyvN6QxtgHL3cmgIo1Lo.jpg
2342,Hard Core Logo (1996),21589,https://image.tmdb.org/t/p/w500/xE6BqwOxHjjFniKXsW1Zg4F04RC.jpg
2343,"Naked Man, The (1998)",8336,https://image.tmdb.org/t/p/w500/g1hMexipfLuNvRNJAFSffCsNUmJ.jpg
2344,Runaway Train (1985),11893,https://image.tmdb.org/t/p/w500/yEvMuhIdwPhhEtikAihxUTM1u75.jpg
2345,Desert Bloom (1986),123056,https://image.tmdb.org/t/p/w500/eOBhDCSoC9F10DlBj8Bis6odG5v.jpg
2346,"Stepford Wives, The (1975)",12223,https://image.tmdb.org/t/p/w500/5z1ogJJmQkCoU62VJmut4nnc2qs.jpg
2347,"Pope of Greenwich Village, The (1984)",32081,https://image.tmdb.org/t/p/w500/5U0HNeGoJVK3xic7hK9lz89Ki9i.jpg
2348,Sid and Nancy (1986),14924,https://image.tmdb.org/t/p/w500/wHzCbMCfipDJ38GW5IyBTWDflMz.jpg
2349,Mona Lisa (1986),10002,https://image.tmdb.org/t/p/w500/geBGfbhkgKHld8rM9XuLfzPGZ6I.jpg
2350,Heart Condition (1990),41817,https://image.tmdb.org/t/p/w500/2ApuvU24UEBlWeBiQGRyyOYFeqe.jpg
2351,Nights of Cabiria (Le Notti di Cabiria) (1957),19426,https://image.tmdb.org/t/p/w500/xF4oCG3PLNbcrtPZbqB3BtkIbKg.jpg
2352,"Big Chill, The (1983)",12560,https://image.tmdb.org/t/p/w500/rU8kjMEL5Mn0EWm3gOShPHBEZ4l.jpg
2353,Enemy of the State (1998),9798,https://image.tmdb.org/t/p/w500/x9pXrMKLsBGGOFyyZ0Gwt9YpVub.jpg
2354,"Rugrats Movie, The (1998)",14444,https://image.tmdb.org/t/p/w500/uZejGKCSd6nwfMx8U0Td37U2fTc.jpg
2355,"Bug's Life, A (1998)",9487,https://image.tmdb.org/t/p/w500/Ah3J9OJVc2CNCuH2zMydXy9fmIC.jpg
2356,Celebrity (1998),9466,https://image.tmdb.org/t/p/w500/q4UJHtH14nO8tbMfGtJ3Z3Tw5RW.jpg
2357,Central Station (Central do Brasil) (1998),666,https://image.tmdb.org/t/p/w500/zJvp7XjQ2LhPbDVYhFXyucs40vR.jpg
2358,Savior (1998),2042,https://image.tmdb.org/t/p/w500/7qMfDjUTEvLg5640CUAddk2BNpG.jpg
2359,Waking Ned Devine (1998),10162,https://image.tmdb.org/t/p/w500/bsxiOOKC40HlhdIJYCUE2BkpJv0.jpg
2360,"Celebration, The (Festen) (1998)",309,https://image.tmdb.org/t/p/w500/2LRzNq41yrY8EjCnD1S8sCCPvKk.jpg
2361,Pink Flamingos (1972),692,https://image.tmdb.org/t/p/w500/10N8SvTQwUqyWgocPam1P18Jgr.jpg
2362,Glen or Glenda (1953),24018,https://image.tmdb.org/t/p/w500/uZir2hA6VOmVNS6JdKb6RiYghTA.jpg
2363,Godzilla (Gojira) (1954),1678,https://image.tmdb.org/t/p/w500/2W0Yw0qrgVMgdsSCZRKtfvaAh0i.jpg
2364,Godzilla (Gojira) (1984),421467,https://image.tmdb.org/t/p/w500/j6jPBig1P30VZmFTZJdLzFk3hrL.jpg
2366,King Kong (1933),244,https://image.tmdb.org/t/p/w500/lHlnxKL5GbgRibyRFI7n1Ey850i.jpg
2367,King Kong (1976),10730,https://image.tmdb.org/t/p/w500/paYKhEwUaxKA05vmOfU7FlleTln.jpg
2368,King Kong Lives (1986),31947,https://image.tmdb.org/t/p/w500/gI37vg2otF348OHxsx97hWCVvNI.jpg
2369,Desperately Seeking Susan (1985),8130,https://image.tmdb.org/t/p/w500/ighImRgzYzZ88skBHaT4B7ntJG8.jpg
2370,"Emerald Forest, The (1985)",11532,https://image.tmdb.org/t/p/w500/fdRlqPnPFaPyQqS3KiBLJwWQPBe.jpg
2371,Fletch (1985),9749,https://image.tmdb.org/t/p/w500/nKDnMvVynvj7lwdv1iAZO1DzTYn.jpg
2372,Fletch Lives (1989),14628,https://image.tmdb.org/t/p/w500/A30iCFQVKXvQzGHEE4hyVC0QtrD.jpg
2373,Red Sonja (1985),9626,https://image.tmdb.org/t/p/w500/83v0W5cCSFsWpI0cAj8DRlihySN.jpg
2374,Gung Ho (1986),13698,https://image.tmdb.org/t/p/w500/sxnlQEb8dugTFK2KyFrq3iv3bHn.jpg
2375,"Money Pit, The (1986)",10466,https://image.tmdb.org/t/p/w500/bohhidIi1WWU5NNYF9l5wLQu3Ii.jpg
2376,"View to a Kill, A (1985)",707,https://image.tmdb.org/t/p/w500/arJF829RP9cYvh0NU70dC5TtXSa.jpg
2377,Lifeforce (1985),11954,https://image.tmdb.org/t/p/w500/AeLmyhJNQd2BMFGER36ctAeDhIp.jpg
2378,Police Academy (1984),9336,https://image.tmdb.org/t/p/w500/qxUkWoFI7rF1KUgTgbE3UJEQuvG.jpg
2379,Police Academy 2: Their First Assignment (1985),10157,https://image.tmdb.org/t/p/w500/cIyvBInW2aGms0zyV9Pgwp9UPJ4.jpg
2380,Police Academy 3: Back in Training (1986),12118,https://image.tmdb.org/t/p/w500/pBxGgWSR0CMaCVMA2kQS5MWU1z3.jpg
2381,Police Academy 4: Citizens on Patrol (1987),10587,https://image.tmdb.org/t/p/w500/vvk5aWBJE3EqDX2ln6M4J4UiUXr.jpg
2382,Police Academy 5: Assignment: Miami Beach (1988),11825,https://image.tmdb.org/t/p/w500/4m1qfTiVxdEDv0fgUf0FI7CA9Fe.jpg
2383,Police Academy 6: City Under Siege (1989),11895,https://image.tmdb.org/t/p/w500/g8CRCKNAsvUoQWqcXmctuIt1Nsw.jpg
2384,Babe: Pig in the City (1998),9447,https://image.tmdb.org/t/p/w500/glO6LcTWUZcbxWT2SB4eRDnFSsP.jpg
2385,Home Fries (1998),12257,https://image.tmdb.org/t/p/w500/rXEpaJIPlBqKq7QepB8uowmeAT2.jpg
2386,Jerry Springer: Ringmaster (1998),37536,https://image.tmdb.org/t/p/w500/9QNqeKB4XodrvEiYewOTG9WEka5.jpg
2387,Very Bad Things (1998),10029,https://image.tmdb.org/t/p/w500/rYmyRxF5e9fBdgcQScKu0CUtMy5.jpg
2388,Steam: The Turkish Bath (Hamam) (1997),27104,https://image.tmdb.org/t/p/w500/a1c3p8qvTXf3Eue9QNzq1kVG5MM.jpg
2389,Psycho (1998),539,https://image.tmdb.org/t/p/w500/yz4QVqPx3h1hD1DfqqQkCq3rmxW.jpg
2390,Little Voice (1998),8545,https://image.tmdb.org/t/p/w500/7VxdMxSa3BEAvGl5nLvsgpBwrZH.jpg
2391,"Simple Plan, A (1998)",10223,https://image.tmdb.org/t/p/w500/wO2gH7DMqpMeHlj5QmDhW4IkgAr.jpg
2392,Jack Frost (1998),9745,https://image.tmdb.org/t/p/w500/tdSyQJe7vEDcH9kEVqzVcr0O9lS.jpg
2393,Star Trek: Insurrection (1998),200,https://image.tmdb.org/t/p/w500/xQCMAHeg5M9HpDIqanYbWdr4brB.jpg
2394,"Prince of Egypt, The (1998)",9837,https://image.tmdb.org/t/p/w500/2xUjYwL6Ol7TLJPPKs7sYW5PWLX.jpg
2395,Rushmore (1998),11545,https://image.tmdb.org/t/p/w500/hSJ6swahAuZ8wM96lHDTwQPXUvZ.jpg
2396,Shakespeare in Love (1998),1934,https://image.tmdb.org/t/p/w500/zdW7jdzPi4J9KZR3TyY2jn3Xh5e.jpg
2397,Mass Appeal (1984),110643,https://image.tmdb.org/t/p/w500/k2b2CUKrmYEw0VN1kFbJPdL2XzM.jpg
2398,Miracle on 34th Street (1947),11881,https://image.tmdb.org/t/p/w500/vehuIm3y6BeMI7mYjxzaA1H8M0k.jpg
2399,Santa Claus: The Movie (1985),13764,https://image.tmdb.org/t/p/w500/tZvGQF2623FD0MZgvOy18J5d7x5.jpg
2400,Prancer (1989),24951,https://image.tmdb.org/t/p/w500/g3JfCGX9fgHwmmKFhRzu7BYc29d.jpg
2401,Pale Rider (1985),8879,https://image.tmdb.org/t/p/w500/kpAN5WnDEVWYzMDPkXHTbrDQuak.jpg
2402,Rambo: First Blood Part II (1985),1369,https://image.tmdb.org/t/p/w500/pzPdwOitmTleVE3YPMfIQgLh84p.jpg
2403,First Blood (1982),1368,https://image.tmdb.org/t/p/w500/dR5fbo0ry5TsC7euEXFUkx2QzVk.jpg
2404,Rambo III (1988),1370,https://image.tmdb.org/t/p/w500/uycbt9iVlAnKkQIisqUWuO8hVcm.jpg
2405,"Jewel of the Nile, The (1985)",10303,https://image.tmdb.org/t/p/w500/6VjsIhnIcrz2XdQVHdsMj5DdSa1.jpg
2406,Romancing the Stone (1984),9326,https://image.tmdb.org/t/p/w500/qaCLbDs6Ace4I1lAbBNWPQAm75h.jpg
2407,Cocoon (1985),10328,https://image.tmdb.org/t/p/w500/wqNNm36j3nkucAucHEGAW5pNZcd.jpg
2408,Cocoon: The Return (1988),11285,https://image.tmdb.org/t/p/w500/xBsXdBl8qCXoQsWX6vfsVjWOMGk.jpg
2409,Rocky II (1979),1367,https://image.tmdb.org/t/p/w500/nMaiiu0CzT77U4JZkUYV7KqdAjK.jpg
2410,Rocky III (1982),1371,https://image.tmdb.org/t/p/w500/lklrplDDuALhY3k8IDFdRqtpZPk.jpg
2411,Rocky IV (1985),1374,https://image.tmdb.org/t/p/w500/2MHUit4H6OK5adcOjnCN6suCKOl.jpg
2412,Rocky V (1990),1375,https://image.tmdb.org/t/p/w500/qCARerjCFZOEeLiVdomhwRYlDSn.jpg
2413,Clue (1985),15196,https://image.tmdb.org/t/p/w500/aRxbYOYHS8T73nzR8hsLousoplR.jpg
2414,Young Sherlock Holmes (1985),11904,https://image.tmdb.org/t/p/w500/aOxVYvQoAfNSns4hW5Ah55GBzgq.jpg
2415,Violets Are Blue... (1986),215875,https://image.tmdb.org/t/p/w500/lszTi2XNnUfXgVg96ILSGxJqfaJ.jpg
2416,Back to School (1986),15596,https://image.tmdb.org/t/p/w500/bIQH3dptGaMBtwos7j9lEHt65BV.jpg
2417,Heartburn (1986),13818,https://image.tmdb.org/t/p/w500/pF1uPAi9TWRSRLf9SHfIDQle2NK.jpg
2418,Nothing in Common (1986),29968,https://image.tmdb.org/t/p/w500/m2G6Idl1CKJwOt8aFsnJk08sfDP.jpg
2419,Extremities (1986),44326,https://image.tmdb.org/t/p/w500/AnzuqWIL840oE2vgtW81q1p1CAL.jpg
2420,"Karate Kid, The (1984)",1885,https://image.tmdb.org/t/p/w500/1mp4ViklKvA0WXXsNvNx0RBuiit.jpg
2421,"Karate Kid, Part II, The (1986)",8856,https://image.tmdb.org/t/p/w500/k0OwgRR6PNu7h3SiqpCbRdZWNaG.jpg
2422,"Karate Kid III, The (1989)",10495,https://image.tmdb.org/t/p/w500/lVZ3r0iDwGejlCvFEvXGzhQB9ds.jpg
2423,Christmas Vacation (1989),5825,https://image.tmdb.org/t/p/w500/oat42hUw8XzKYUmfy0YLAxYd484.jpg
2424,You've Got Mail (1998),9489,https://image.tmdb.org/t/p/w500/e2uVtH6TpMfUl7WeOM70ezkcjsU.jpg
2425,"General, The (1998)",16885,https://image.tmdb.org/t/p/w500/3UUR2Evm2JtC2odd2UMYgs9Yi1x.jpg
2426,"Theory of Flight, The (1998)",76857,https://image.tmdb.org/t/p/w500/wnvKxQ2PwqLf1QOtblr8ICrxXTi.jpg
2427,"Thin Red Line, The (1998)",8741,https://image.tmdb.org/t/p/w500/seMydAaoxQP6F0xbE1jOcTmn5Jr.jpg
2428,"Faculty, The (1998)",9276,https://image.tmdb.org/t/p/w500/5XetJwmAiDC0EtH23NIXaqFn3Wl.jpg
2429,Mighty Joe Young (1998),9822,https://image.tmdb.org/t/p/w500/93oAWBl6UIEmeknmRKbUkVq4cKl.jpg
2430,Mighty Joe Young (1949),39314,https://image.tmdb.org/t/p/w500/tTTS9Bi7JReyGpCKyDuyZNSLTT4.jpg
2431,Patch Adams (1998),10312,https://image.tmdb.org/t/p/w500/xN1aKur5ddWQSXTqvzDPJD2TCxe.jpg
2432,Stepmom (1998),9441,https://image.tmdb.org/t/p/w500/wMPv2Yz6QDzv6YhSbaqM48Medl1.jpg
2433,"Civil Action, A (1998)",9422,https://image.tmdb.org/t/p/w500/2AVF1cjRGOfaB4oteSzxvHiQ3hR.jpg
2434,Down in the Delta (1998),125582,https://image.tmdb.org/t/p/w500/2ygShFSdj1hug8xj2q28OMktAU4.jpg
2435,Hurlyburly (1998),24525,https://image.tmdb.org/t/p/w500/wg7GBXBALHQ0tjmyMiwu5gcDss9.jpg
2436,Tea with Mussolini (1999),10368,https://image.tmdb.org/t/p/w500/i3rAPxhhDjqsL1rZJM57pyR7xFW.jpg
2437,Wilde (1997),11365,https://image.tmdb.org/t/p/w500/66ieZHIIOkeQAjAi4ekFpcCLozA.jpg
2438,Outside Ozona (1998),140897,https://image.tmdb.org/t/p/w500/79yHZoOA9ZzEkQqyL2auTBUJUbS.jpg
2439,Affliction (1997),31662,https://image.tmdb.org/t/p/w500/hNu8ePwoRyXDQxhLY4iurCVXAQs.jpg
2440,Another Day in Paradise (1998),36136,https://image.tmdb.org/t/p/w500/yeHmdovpoSZ3RP1YYgyi4VWPHGJ.jpg
2441,"Hi-Lo Country, The (1998)",1363,https://image.tmdb.org/t/p/w500/1bC63XzaUEWJArFUQFKwUy77lZS.jpg
2442,Hilary and Jackie (1998),46992,https://image.tmdb.org/t/p/w500/aE2NJH2sllQTmbpN6laKuM7NXYy.jpg
2443,Playing by Heart (1998),825,https://image.tmdb.org/t/p/w500/3neHR1oPnC0OpcYhLn0TEdSHoEp.jpg
2445,At First Sight (1999),15556,https://image.tmdb.org/t/p/w500/9nylrKj8zWxTor9BCy3umv6WHZe.jpg
2446,In Dreams (1999),28902,https://image.tmdb.org/t/p/w500/q3Q00fCgeZGjAYaiwbfTMuIrUb0.jpg
2447,Varsity Blues (1999),14709,https://image.tmdb.org/t/p/w500/g2jX2Xmx7drbc6J9MLJEBghR7Mg.jpg
2448,Virus (1999),9423,https://image.tmdb.org/t/p/w500/5Np88iigCfnXvMlMKmCcbPVIbYQ.jpg
2449,"Garbage Pail Kids Movie, The (1987)",14443,https://image.tmdb.org/t/p/w500/v6PqKUptGhQjTTgqN2s2uPdNW0h.jpg
2450,Howard the Duck (1986),10658,https://image.tmdb.org/t/p/w500/eU0dWo8PJgsSAZFbcyHiUpuLSyW.jpg
2451,"Gate, The (1987)",6917,https://image.tmdb.org/t/p/w500/ik7AfGWpwKnjaQeth3LZqrqzvfB.jpg
2452,"Gate II: Trespassers, The (1990)",40729,https://image.tmdb.org/t/p/w500/3XyBlFPfr1mAeplN1deQfQ3oHmb.jpg
2453,"Boy Who Could Fly, The (1986)",24086,https://image.tmdb.org/t/p/w500/gPNKA4uL39DrzngMRMx3EULPmvq.jpg
2454,"Fly, The (1958)",11815,https://image.tmdb.org/t/p/w500/e6LwGoLCLVPYljPgZRtsFYuEVe7.jpg
2455,"Fly, The (1986)",9426,https://image.tmdb.org/t/p/w500/8gZWMhJHRvaXdXsNhERtqNHYpH3.jpg
2456,"Fly II, The (1989)",10344,https://image.tmdb.org/t/p/w500/gORksEPahEgO409HYJOZlNVyEpe.jpg
2457,Running Scared (1986),15698,https://image.tmdb.org/t/p/w500/nSiRjhc7aTVPonXAhmTZAPqd2jT.jpg
2458,Armed and Dangerous (1986),2620,https://image.tmdb.org/t/p/w500/28SqYDrMyF5EqXfSmRgoqdYzNz5.jpg
2459,"Texas Chainsaw Massacre, The (1974)",30497,https://image.tmdb.org/t/p/w500/mpgkRPH1GNkMCgdPk2OMyHzAks7.jpg
2460,"Texas Chainsaw Massacre 2, The (1986)",16337,https://image.tmdb.org/t/p/w500/cO1Dvg7k87lHSPOdumn3ddJEKdX.jpg
2461,Leatherface: Texas Chainsaw Massacre III (1990),25018,https://image.tmdb.org/t/p/w500/4Vhv0vRqirhvbudRcNctFgxoFtI.jpg
2463,Ruthless People (1986),12151,https://image.tmdb.org/t/p/w500/fA3f8bsXoVbIALq4EdiAwptF1ws.jpg
2464,Trick or Treat (1986),25438,https://image.tmdb.org/t/p/w500/ycCrGbfuOEcKSCwxQeKA1VEPs7O.jpg
2465,Deadly Friend (1986),33278,https://image.tmdb.org/t/p/w500/24X1pdzeU9x2QCVDu957tpUA0kp.jpg
2466,Belizaire the Cajun (1986),274253,https://image.tmdb.org/t/p/w500/lWS9NtgfgiEE5UQxgHBN7XF8GcR.jpg
2467,"Name of the Rose, The (1986)",192,https://image.tmdb.org/t/p/w500/d6dlbTBb3N7nXDz7tQslDJs2jgv.jpg
2468,Jumpin' Jack Flash (1986),10945,https://image.tmdb.org/t/p/w500/znVUM7RUBwQ16Q9lTmuMpaWJ7so.jpg
2469,Peggy Sue Got Married (1986),10013,https://image.tmdb.org/t/p/w500/tfuQcvQmURiMqB2VPwytU3cPpEm.jpg
2470,Crocodile Dundee (1986),9671,https://image.tmdb.org/t/p/w500/pduPduL1ub5kok3lPYT15ryC9L6.jpg
2471,Crocodile Dundee II (1988),9396,https://image.tmdb.org/t/p/w500/2Nf0xeDuToLHysdkWj3aT5r42rC.jpg
2472,Tough Guys (1986),11038,https://image.tmdb.org/t/p/w500/eDp0MPUSCeXrIziaZC65iUHISLs.jpg
2473,Soul Man (1986),12278,https://image.tmdb.org/t/p/w500/d6jh6qiowC4QHePBgpy7Zrytbba.jpg
2474,"Color of Money, The (1986)",11873,https://image.tmdb.org/t/p/w500/dVdnHmdQu3JtLAAksjTmTEF76gD.jpg
2475,52 Pick-Up (1986),18588,https://image.tmdb.org/t/p/w500/ru8dtoh6tNi7kKAbLgbaE9J5SGf.jpg
2476,Heartbreak Ridge (1986),10015,https://image.tmdb.org/t/p/w500/aMr99UigkMCTSPnLTpkzJeLmpyc.jpg
2477,Firewalker (1986),12715,https://image.tmdb.org/t/p/w500/qFUBCOH0HxI9qRcjoG9xChfwEsk.jpg
2478,Three Amigos! (1986),8388,https://image.tmdb.org/t/p/w500/yJ3FbHSqiDDVSdRIvbV5CNj018d.jpg
2479,Gloria (1999),45712,https://image.tmdb.org/t/p/w500/1AKAfnT3nm7asU9qyNT6gtS1vbe.jpg
2480,Dry Cleaning (Nettoyage à sec) (1997),6187,https://image.tmdb.org/t/p/w500/q2W2lPtTcjv5AAv2885T2JLMKlU.jpg
2481,My Name Is Joe (1998),8129,https://image.tmdb.org/t/p/w500/e9awu6tsCyWPAUA2eEoelFSTbcb.jpg
2482,Still Crazy (1998),1618,https://image.tmdb.org/t/p/w500/o1k991eZm7iF8JUNiVdUZU44x5c.jpg
2483,"Day of the Beast, The (El Día de la bestia) (1995)",10722,https://image.tmdb.org/t/p/w500/yEXhgACPIV4PmTgHT2HS3Ko2oS3.jpg
2485,She's All That (1999),10314,https://image.tmdb.org/t/p/w500/a0pepZNFCjggc7Na9gEwbTI1f46.jpg
2487,"Blood, Guts, Bullets and Octane (1998)",47139,https://image.tmdb.org/t/p/w500/kaDj4ET5kA5NUPn5q3aUjLMrIzy.jpg
2488,Peeping Tom (1960),11167,https://image.tmdb.org/t/p/w500/kM4AfLIlbcuRZ621vYjyeBFkuba.jpg
2489,Spanish Fly (1998),170187,https://image.tmdb.org/t/p/w500/573raTOk2GB9rfAwsAoDJUzNe7v.jpg
2490,Payback (1999),2112,https://image.tmdb.org/t/p/w500/8Bqlv2kbOyZFqfiPNgzdBscqYPn.jpg
2491,Simply Irresistible (1999),16172,https://image.tmdb.org/t/p/w500/zFsqqPQUz69wPaLBqQeiGbGiW7J.jpg
2492,20 Dates (1998),111794,https://image.tmdb.org/t/p/w500/79TTGQZrOAzwuWxcOy8y6k6Ldm0.jpg
2493,"Harmonists, The (1997)",9524,https://image.tmdb.org/t/p/w500/9jUWDGEOZ6MFy9gSfYZ69KLjPLY.jpg
2494,"Last Days, The (1998)",20595,https://image.tmdb.org/t/p/w500/kWr6QDDcO2HHKqvJvgsJ1hQz4Gs.jpg
2495,"Fantastic Planet, The (La Planète sauvage) (1973)",16306,https://image.tmdb.org/t/p/w500/prq0j1S0K07UjwLZLF6oMGflRUI.jpg
2496,Blast from the Past (1999),11622,https://image.tmdb.org/t/p/w500/qVN4bbVX2tzaNbAdEJT5eOPq26c.jpg
2497,Message in a Bottle (1999),10207,https://image.tmdb.org/t/p/w500/ulUjszY6YJFsDUd0E3WolJg6sOp.jpg
2498,My Favorite Martian (1999),9849,https://image.tmdb.org/t/p/w500/pOp4xriDEFUy2uN0BfnHJcjzqWt.jpg
2499,God Said 'Ha!' (1998),82865,https://image.tmdb.org/t/p/w500/urlVr0D7fCEVK4RU0BiMs7PB5eF.jpg
2500,Jawbreaker (1999),18892,https://image.tmdb.org/t/p/w500/7YrxXoG25hVCK4nYDHQv9YIk3Ye.jpg
2501,October Sky (1999),13466,https://image.tmdb.org/t/p/w500/umWrXCIWdcYPf764ruvMRCpG3cA.jpg
2502,Office Space (1999),1542,https://image.tmdb.org/t/p/w500/iEmTwOkUaLziMQCUZii5wPQBIAO.jpg
2503,"Apple, The (Sib) (1998)",43978,https://image.tmdb.org/t/p/w500/5QC5xzyWIkGK2NcnpZUXThZYK66.jpg
2504,200 Cigarettes (1999),15256,https://image.tmdb.org/t/p/w500/ssbx2Mk5ZCJWpXALuP2AdG0GFIT.jpg
2505,8MM (1999),8224,https://image.tmdb.org/t/p/w500/mhr9xRpjOBqlBjgDwtiOx6FsLvV.jpg
2506,"Other Sister, The (1999)",18417,https://image.tmdb.org/t/p/w500/4rBrYRkB7btGex5Bs0yOpqBZgsR.jpg
2507,Breakfast of Champions (1999),12479,https://image.tmdb.org/t/p/w500/5uNVeZNt7qxDWLJAZ0PER03WtKE.jpg
2508,"Breaks, The (1999)",15031,https://image.tmdb.org/t/p/w500/teNV6wHnhFQApC7F2HjixWfdffx.jpg
2509,Eight Days a Week (1997),15209,https://image.tmdb.org/t/p/w500/hWnrWWBcoq2urObQ4wZ6aX3YYpU.jpg
2510,Just the Ticket (1999),26425,https://image.tmdb.org/t/p/w500/5vsjad22y8jbjWwENUhF5T3O1RB.jpg
2511,"Long Goodbye, The (1973)",1847,https://image.tmdb.org/t/p/w500/oBhUK54yBJ0aH6u9zCzSV5iV7OP.jpg
2513,Pet Sematary (1989),8913,https://image.tmdb.org/t/p/w500/a1gIACZb04bL8EvLqMpofW2Eqeo.jpg
2514,Pet Sematary II (1992),10906,https://image.tmdb.org/t/p/w500/9g6ngNlHOfMfQnaKkw9468p67d4.jpg
2515,Children of the Corn II: The Final Sacrifice (1993),25748,https://image.tmdb.org/t/p/w500/5UaH4zhfKT1taJGHUwPxm29ZENf.jpg
2517,Christine (1983),8769,https://image.tmdb.org/t/p/w500/mMtUJke2TtIoT6JB9hkvERmsSu8.jpg
2518,Night Shift (1982),14742,https://image.tmdb.org/t/p/w500/iS78MFtMDwWDP748juZQBK57C9o.jpg
2520,Airport (1970),10671,https://image.tmdb.org/t/p/w500/6iOKluJfyiU1SLZbGYrY7Z0i6k0.jpg
2521,Airport 1975 (1974),27932,https://image.tmdb.org/t/p/w500/etfUuwVCvywq8mGspT94CBeLpSz.jpg
2522,Airport '77 (1977),7227,https://image.tmdb.org/t/p/w500/m9b3frZR0Wu8I3ayN3QPrxfZMvC.jpg
2523,Rollercoaster (1977),10670,https://image.tmdb.org/t/p/w500/dy23SSGZDp3dftzhDvHXOEM6OaN.jpg
2524,"Towering Inferno, The (1974)",5919,https://image.tmdb.org/t/p/w500/mFM1GbrRrT3DWUFFo8koSITFnYe.jpg
2525,Alligator (1980),33518,https://image.tmdb.org/t/p/w500/bWANAIIeNPzwEmrYUvZFECTbBX6.jpg
2526,Meteor (1979),40160,https://image.tmdb.org/t/p/w500/xMUuS1KFHRTFSf3PAY2tsbBdqkL.jpg
2527,Westworld (1973),2362,https://image.tmdb.org/t/p/w500/qNt29HzxwZ4jGTgSRxdA34ino9Q.jpg
2528,Logan's Run (1976),10803,https://image.tmdb.org/t/p/w500/v3ILN8ROPcrNRJ8S7GH24JyihH8.jpg
2529,Planet of the Apes (1968),871,https://image.tmdb.org/t/p/w500/2r9iKnlSYEk4daQadsXfcjHfIjQ.jpg
2530,Beneath the Planet of the Apes (1970),1685,https://image.tmdb.org/t/p/w500/szHCeYwi4ubewuYnlnz0YGqWnQC.jpg
2531,Battle for the Planet of the Apes (1973),1705,https://image.tmdb.org/t/p/w500/dP5dYjLp5p2CG103cJMio4Nj29d.jpg
2532,Conquest of the Planet of the Apes (1972),1688,https://image.tmdb.org/t/p/w500/lZ1pUxJCO14ObrhDuxTBuYm0tjN.jpg
2533,Escape from the Planet of the Apes (1971),1687,https://image.tmdb.org/t/p/w500/AnbLVdUEroTfHTUVAJCxkL4R0IH.jpg
2534,Avalanche (1978),166680,https://image.tmdb.org/t/p/w500/zMORD6VDGIWo5thfMuA4Edb1mbj.jpg
2535,Earthquake (1974),11123,https://image.tmdb.org/t/p/w500/6hJorsInxNpj1dIekh6dK6Kh9S6.jpg
2536,"Concorde: Airport '79, The (1979)",29723,https://image.tmdb.org/t/p/w500/fQ6NhOGYOHfgccDdRLh7N6vOgw8.jpg
2537,Beyond the Poseidon Adventure (1979),31638,https://image.tmdb.org/t/p/w500/hTsUNXz38lIvDlJt7z8wzctuEFV.jpg
2538,Dancemaker (1998),113286,https://image.tmdb.org/t/p/w500/iR6z334jcMEv2hQoEu2xX0JzJMy.jpg
2539,Analyze This (1999),9535,https://image.tmdb.org/t/p/w500/eqa4TEgkx63WRhqyD8eTwmL7bUi.jpg
2540,"Corruptor, The (1999)",9455,https://image.tmdb.org/t/p/w500/1Eg34AuZG1jtAvdM8xGHW5jiwCF.jpg
2541,Cruel Intentions (1999),796,https://image.tmdb.org/t/p/w500/76cCsRtQ5MJBAqoigojXsLXLJwh.jpg
2542,"Lock, Stock & Two Smoking Barrels (1998)",100,https://image.tmdb.org/t/p/w500/6pJB2t3MbQUy9m5pFIBHXLqnqNd.jpg
2543,Six Ways to Sunday (1997),47501,https://image.tmdb.org/t/p/w500/5Y2MYk6966UCtxY1tm9d41H2LyT.jpg
2544,"School of Flesh, The (L' École de la chair) (1998)",77936,https://image.tmdb.org/t/p/w500/esyIrOG6cjRYIAfjI3Sj9ijA8LQ.jpg
2545,Relax... It's Just Sex (1998),84586,https://image.tmdb.org/t/p/w500/7IfXHRstu6TRyZorQ8Xy4yWDfdV.jpg
2546,"Deep End of the Ocean, The (1999)",30943,https://image.tmdb.org/t/p/w500/4Q8g9CfW7EiwxRCpLSDpOmcaEZb.jpg
2547,Harvest (1998),1392457,
2548,"Rage: Carrie 2, The (1999)",7341,https://image.tmdb.org/t/p/w500/jJmIf22gwwQPAFJfZ6Tr1MwSpRg.jpg
2549,Wing Commander (1999),10350,https://image.tmdb.org/t/p/w500/e3p2vkA4mnFaBlyAIntkZWkzOJW.jpg
2550,"Haunting, The (1963)",11772,https://image.tmdb.org/t/p/w500/fmpTnUKTcrpuxLSY23gQMUf9qu7.jpg
2551,Dead Ringers (1988),9540,https://image.tmdb.org/t/p/w500/ofXwDfM8uYAaftD7cBPcIWdCpMn.jpg
2552,My Boyfriend's Back (1993),31503,https://image.tmdb.org/t/p/w500/euXyMbBT2QaxiYZf1jJrsa5yGon.jpg
2553,Village of the Damned (1960),11773,https://image.tmdb.org/t/p/w500/qcpXud1UjQzlSe9A062w8Wqgira.jpg
2555,Baby Geniuses (1999),22345,https://image.tmdb.org/t/p/w500/7zvPhjHkz5YEMUMPyvANCR96RJA.jpg
2556,Telling You (1998),53685,https://image.tmdb.org/t/p/w500/q1LfjNSgWLgsdluM8dsMrx19PN5.jpg
2557,I Stand Alone (Seul contre tous) (1998),1567,https://image.tmdb.org/t/p/w500/4kMB2AAcDQ5diRuh7NTxuS90bx7.jpg
2558,Forces of Nature (1999),1641,https://image.tmdb.org/t/p/w500/etmjiee84g6G9WALmLkJ1DhenAu.jpg
2559,"King and I, The (1999)",47288,https://image.tmdb.org/t/p/w500/kbEA2LEFh1MX9EraNQSiq9ajs24.jpg
2560,Ravenous (1999),10212,https://image.tmdb.org/t/p/w500/6tJc9vIVYctNCajC1dU1oVcmIsD.jpg
2561,True Crime (1999),10354,https://image.tmdb.org/t/p/w500/ozrV1xtwU3Y5XOFuVn9T00ZYoiV.jpg
2562,Bandits (1997),11526,https://image.tmdb.org/t/p/w500/khd2KRF2G77kZtIy8pgoB0k8j7A.jpg
2563,Beauty (1998),8583,https://image.tmdb.org/t/p/w500/7uHX8qIr8VYPwdpVv4TCjXcVxDo.jpg
2565,"King and I, The (1956)",16520,https://image.tmdb.org/t/p/w500/wUfaP0lLaMpZzp5CrHyII5Vd7cp.jpg
2566,Doug's 1st Movie (1999),16508,https://image.tmdb.org/t/p/w500/hZduJdSSWCkmvnBpNyRaIszubVm.jpg
2567,EDtv (1999),11374,https://image.tmdb.org/t/p/w500/xnnjoMONNamGU6ZX6acbcxyOKv1.jpg
2568,"Mod Squad, The (1999)",16379,https://image.tmdb.org/t/p/w500/7c20VEblNKkDiBuA6bE6kbeHqHa.jpg
2569,Among Giants (1998),125123,https://image.tmdb.org/t/p/w500/u90H3K6XeQEzECkarfysZ2p5IZE.jpg
2570,"Walk on the Moon, A (1999)",28029,https://image.tmdb.org/t/p/w500/6aNMyAP82sDoVFmopFzGDWeVVne.jpg
2571,"Matrix, The (1999)",603,https://image.tmdb.org/t/p/w500/aOIuZAjPaRIE6CMzbazvcHuHXDc.jpg
2572,10 Things I Hate About You (1999),4951,https://image.tmdb.org/t/p/w500/ujERk3aKABXU3NDXOAxEQYTHe9A.jpg
2573,Tango (1998),9618,https://image.tmdb.org/t/p/w500/jxxxjTu87OSmQYkMFF7MgOEDXRn.jpg
2574,"Out-of-Towners, The (1999)",8970,https://image.tmdb.org/t/p/w500/wOmLJYh7oOfATE236XpoDfcXhOh.jpg
2575,"Dreamlife of Angels, The (La Vie rêvée des anges) (1998)",9840,https://image.tmdb.org/t/p/w500/1yxr5KJHJk5aPCbapJaBS8Znx8V.jpg
2576,"Love, etc. (1996)",186705,https://image.tmdb.org/t/p/w500/nTeN63kPWnFYTVZNs1s0TR35oCL.jpg
2577,Metroland (1997),30950,https://image.tmdb.org/t/p/w500/qUFYBfOY3Ec2S6PR6apgFwfR6je.jpg
2578,"Sticky Fingers of Time, The (1997)",70687,https://image.tmdb.org/t/p/w500/rTyNAfz8znLPMzytmKGhvlXFee.jpg
2579,Following (1998),11660,https://image.tmdb.org/t/p/w500/3bX6VVSMf0dvzk5pMT4ALG5A92d.jpg
2580,Go (1999),9430,https://image.tmdb.org/t/p/w500/7wMRDZTTziVBAvlLjeejIlxYjHx.jpg
2581,Never Been Kissed (1999),11355,https://image.tmdb.org/t/p/w500/6BngDhDNfbBjhVFWDT2yMve32vi.jpg
2582,Twin Dragons (Shuang long hui) (1992),18764,https://image.tmdb.org/t/p/w500/tm153lMrHy6HykEYwoP0EI3dQ8k.jpg
2583,Cookie's Fortune (1999),9465,https://image.tmdb.org/t/p/w500/3ZCLVOfEyGowLWsgOF4vn6vjRsJ.jpg
2584,Foolish (1999),27455,https://image.tmdb.org/t/p/w500/bCBsJyLnZbnlfwooB5733LLXF24.jpg
2585,"Lovers of the Arctic Circle, The (Los Amantes del Círculo Polar) (1998)",1414,https://image.tmdb.org/t/p/w500/1hUFwXtUIJQdayIkaTR835QyaKT.jpg
2586,"Goodbye, Lover (1999)",49981,https://image.tmdb.org/t/p/w500/gWwdtbnObvajziUGvXoLYskNSDr.jpg
2587,Life (1999),6522,https://image.tmdb.org/t/p/w500/saWYpX3ADdmdByQZVrSYUNbQ9GC.jpg
2589,Friends & Lovers (1999),114719,https://image.tmdb.org/t/p/w500/5zh1PQPN7dl8BX2zdaEYyiNRNXp.jpg
2590,Hideous Kinky (1998),10209,https://image.tmdb.org/t/p/w500/qupB9wwFZgjy7DHs9rvvloVZOUw.jpg
2591,Jeanne and the Perfect Guy (Jeanne et le garçon formidable) (1998),25512,https://image.tmdb.org/t/p/w500/eXVPHK4FFqZsjhAoEYLn8g1ZzSG.jpg
2592,"Joyriders, The (1999)",143299,https://image.tmdb.org/t/p/w500/qC3rQkaVdelJdQwCkNxUJgvqxdb.jpg
2593,"Monster, The (Il Mostro) (1994)",22826,https://image.tmdb.org/t/p/w500/6h6ahipPd84QcyFbnsEikLt7w3Z.jpg
2594,Open Your Eyes (Abre los ojos) (1997),1902,https://image.tmdb.org/t/p/w500/1NkQNM5bw3U7n3RCba8JKnb61Ds.jpg
2595,Photographer (Fotoamator) (1998),445590,https://image.tmdb.org/t/p/w500/aThUBdtZGGxBluUzEhd1LEkBqjA.jpg
2596,SLC Punk! (1998),6396,https://image.tmdb.org/t/p/w500/7u3IZPuIOPjICi55K7cJgzV3e3B.jpg
2597,Lost & Found (1999),39964,https://image.tmdb.org/t/p/w500/jaylLo7TsJrJriNVGf72Asen1Fr.jpg
2598,Pushing Tin (1999),12596,https://image.tmdb.org/t/p/w500/61FWajJNKeS27DO4KgvS5LUgcHh.jpg
2599,Election (1999),9451,https://image.tmdb.org/t/p/w500/fbo0IYzBc32dD5SjFzKIgfp4O4F.jpg
2600,eXistenZ (1999),1946,https://image.tmdb.org/t/p/w500/kETKF0JhdTPn1knci8CAdYL0d79.jpg
2601,"Little Bit of Soul, A (1998)",89522,https://image.tmdb.org/t/p/w500/mu3BO8vpOItKEQvwZTqqO7MSvXm.jpg
2603,Nô (1998),10447,https://image.tmdb.org/t/p/w500/jRwMdEb5bxwVARU2VmOADTflLfZ.jpg
2604,Let it Come Down: The Life of Paul Bowles (1998),74140,https://image.tmdb.org/t/p/w500/h5lG3RQ207CFsGBCfdZtAnhBeJb.jpg
2605,Entrapment (1999),1844,https://image.tmdb.org/t/p/w500/psrm7DToacaxQvgViBAcrYiLKzH.jpg
2606,Idle Hands (1999),6552,https://image.tmdb.org/t/p/w500/mCO4gU1lkViGXTkoRBEYrvjDIJu.jpg
2607,Get Real (1998),24584,https://image.tmdb.org/t/p/w500/k7KCBnt1VXFhPjoTSt4MePr1MpI.jpg
2608,Heaven (1998),11497,https://image.tmdb.org/t/p/w500/nmWh1NglDinfkHD9zCNqGWyhl7Q.jpg
2610,Three Seasons (1999),4154,https://image.tmdb.org/t/p/w500/9BRzgNVCrb40TsEUKZt2ODXgWMQ.jpg
2612,Mildred Pierce (1945),3309,https://image.tmdb.org/t/p/w500/3bqF5bJPjeITNeC8ydbUOQZfuqP.jpg
2613,Night of the Comet (1984),18462,https://image.tmdb.org/t/p/w500/xNXnLXu73LotJ9APaJZZXflBelQ.jpg
2615,My Science Project (1985),18252,https://image.tmdb.org/t/p/w500/1fbVPx5VVEsgJ7M9sTzvbDjhgks.jpg
2616,Dick Tracy (1990),8592,https://image.tmdb.org/t/p/w500/sjeP4bpgsUvAGE8oFcICy2GaHxw.jpg
2617,"Mummy, The (1999)",564,https://image.tmdb.org/t/p/w500/yhIsVvcUm7QxzLfT6HW2wLf5ajY.jpg
2618,"Castle, The (1997)",13852,https://image.tmdb.org/t/p/w500/3QKTPz9gpIIt9Po091LfG0CASfk.jpg
2619,Mascara (1999),140519,https://image.tmdb.org/t/p/w500/i0s2LkgHwV1G0XtVrRHZi9u2TMK.jpg
2620,This Is My Father (1998),25232,https://image.tmdb.org/t/p/w500/xKOdv0qSUFLcMpHftpk19M0G5DA.jpg
2621,Xiu Xiu: The Sent-Down Girl (Tian yu) (1998),33194,https://image.tmdb.org/t/p/w500/f60ZzxvcNjQG1aXomXuKWEzS2pP.jpg
2622,"Midsummer Night's Dream, A (1999)",10210,https://image.tmdb.org/t/p/w500/5KTYh2gXmsHUzsRsrstBGy0QfXf.jpg
2623,Trippin' (1999),53862,https://image.tmdb.org/t/p/w500/gKdbdPg6Ye8TOpGGDFQ0NeVVSSI.jpg
2624,After Life (1998),17962,https://image.tmdb.org/t/p/w500/bs2M1hqAQl5LeAOPPRV4drwouZS.jpg
2625,Black Mask (Hak hap) (1996),9460,https://image.tmdb.org/t/p/w500/eEmG43S9o5C6XeFschoFQU4Bcub.jpg
2626,Edge of Seventeen (1998),4927,https://image.tmdb.org/t/p/w500/qsyG50KDdfxPZxVSLrNmlwWBgWm.jpg
2627,Endurance (1998),122190,https://image.tmdb.org/t/p/w500/hGsUeyPzF59otWNdTYlnzvsfIKW.jpg
2628,Star Wars: Episode I - The Phantom Menace (1999),1893,https://image.tmdb.org/t/p/w500/6wkfovpn7Eq8dYNKaG5PY3q2oq6.jpg
2629,"Love Letter, The (1999)",31342,https://image.tmdb.org/t/p/w500/7w8QCvKDFn1cJ3sW3RGWcwlitgX.jpg
2630,Besieged (L' Assedio) (1998),44297,https://image.tmdb.org/t/p/w500/ZV18CMRVkUT119mmkGCz6mj6AD.jpg
2631,Frogs for Snakes (1998),95627,https://image.tmdb.org/t/p/w500/eugpeKUBgL6cswiXWAZ4jAimEOB.jpg
2632,"Saragossa Manuscript, The (Rekopis znaleziony w Saragossie) (1965)",8785,https://image.tmdb.org/t/p/w500/r6LnCMQUwsHWPTNDuUuuKR5zgjt.jpg
2633,"Mummy, The (1932)",15849,https://image.tmdb.org/t/p/w500/vSKpbZVvzqQcw6htiyEinbCY9vq.jpg
2634,"Mummy, The (1959)",18990,https://image.tmdb.org/t/p/w500/w3XEtgi8W9tuPQnLVFCPVxtweyC.jpg
2635,"Mummy's Curse, The (1944)",29242,https://image.tmdb.org/t/p/w500/mzdLuaFsZrxJ7KcrExTh7GEOqJt.jpg
2636,"Mummy's Ghost, The (1944)",29243,https://image.tmdb.org/t/p/w500/eRNWTjYXkUQvqopfgz8DvHolxWA.jpg
2637,"Mummy's Hand, The (1940)",31498,https://image.tmdb.org/t/p/w500/jSSdvLkGXy4oICnSo5Cnz12B6Ae.jpg
2638,"Mummy's Tomb, The (1942)",29239,https://image.tmdb.org/t/p/w500/wuaqpLGb5PHpUGUCmQwyS5EVLdw.jpg
2639,Mommie Dearest (1981),15660,https://image.tmdb.org/t/p/w500/3Amv5uQfadEonn7SmYLfNnoeOSu.jpg
2640,Superman (1978),1924,https://image.tmdb.org/t/p/w500/d7px1FQxW4tngdACVRsCSaZq0Xl.jpg
2641,Superman II (1980),8536,https://image.tmdb.org/t/p/w500/3xk5cno9BHcnwc97XO9k21aI1Zi.jpg
2642,Superman III (1983),9531,https://image.tmdb.org/t/p/w500/icE00hFNg86z3OrWyyRop7khwii.jpg
2643,Superman IV: The Quest for Peace (1987),11411,https://image.tmdb.org/t/p/w500/vhs3P0JwqzlgfBqhjnCWDEOtDmS.jpg
2644,Dracula (1931),138,https://image.tmdb.org/t/p/w500/ueVSPt7vAba0XScHWTDWS5tNxYX.jpg
2645,Dracula (1958),11868,https://image.tmdb.org/t/p/w500/9UHOATvzXQWbElSGygOY1ar3vpp.jpg
2646,House of Dracula (1945),30793,https://image.tmdb.org/t/p/w500/x2HZq0CjGJbU90Q8Bm7jDKBM7ZG.jpg
2647,House of Frankenstein (1944),3103,https://image.tmdb.org/t/p/w500/9HPcPasdgxjlSMlnyzIWrnGodOz.jpg
2648,Frankenstein (1931),3035,https://image.tmdb.org/t/p/w500/mu6wHwH0IwCCaEYtpqujuPJYat1.jpg
2649,Son of Frankenstein (1939),3077,https://image.tmdb.org/t/p/w500/oefhX4T3iWo2XFvaOunR7azWAo3.jpg
2650,"Ghost of Frankenstein, The (1942)",3074,https://image.tmdb.org/t/p/w500/aGKJ2kjNXHCLyWKMx3b8D5kKCag.jpg
2651,Frankenstein Meets the Wolf Man (1943),3076,https://image.tmdb.org/t/p/w500/eitxewmvmZXY7qoKpiVhdaFmwMz.jpg
2652,"Curse of Frankenstein, The (1957)",3079,https://image.tmdb.org/t/p/w500/r9PDkqKhzdo54aqnOL88wUJY49B.jpg
2653,Son of Dracula (1943),32023,https://image.tmdb.org/t/p/w500/pQTLdJ46WXPIix05EkcHAMDKUIw.jpg
2654,"Wolf Man, The (1941)",13666,https://image.tmdb.org/t/p/w500/tyEke5KSZa02l4MAAQsWu7clHrb.jpg
2655,Howling II: Your Sister Is a Werewolf (1985),29794,https://image.tmdb.org/t/p/w500/e72qjJ4Qf6zuQCqpwdjH5IZ5WH5.jpg
2656,Tarantula (1955),9077,https://image.tmdb.org/t/p/w500/4mFsbUObsmbTe0rZCXBFPLfDbRt.jpg
2657,"Rocky Horror Picture Show, The (1975)",36685,https://image.tmdb.org/t/p/w500/3pyE6ZqDbuJi7zrNzzQzcKTWdmN.jpg
2658,"Flying Saucer, The (1950)",43391,https://image.tmdb.org/t/p/w500/3S1TfqMb2dfJtUPWYoLkufFr53W.jpg
2659,It Came from Hollywood (1982),30168,https://image.tmdb.org/t/p/w500/jf65NC2N5JsKj5h8iM8bXRnVdI5.jpg
2660,"Thing From Another World, The (1951)",10785,https://image.tmdb.org/t/p/w500/rm2w8dEhOGDuckB6i0Spz9lTzpR.jpg
2661,It Came from Outer Space (1953),19483,https://image.tmdb.org/t/p/w500/zPXff8iRma28YQFApfzuWadZXzP.jpg
2662,"War of the Worlds, The (1953)",8974,https://image.tmdb.org/t/p/w500/gzc75Za4ArqfXIIr7STNnIE5rnA.jpg
2663,It Came from Beneath the Sea (1955),29959,https://image.tmdb.org/t/p/w500/5Uhq7FinrZIpvoz8OUUL6yziHtO.jpg
2664,Invasion of the Body Snatchers (1956),11549,https://image.tmdb.org/t/p/w500/8BrMQmgwGzIHSyBjCDOLOdi79fJ.jpg
2665,Earth Vs. the Flying Saucers (1956),18158,https://image.tmdb.org/t/p/w500/qCOLglZvQgQAyWMCZodBo3wmgqp.jpg
2666,It Conquered the World (1956),27625,https://image.tmdb.org/t/p/w500/ed5aKwjf0xJ0yoX2faFUULVLqJJ.jpg
2667,"Mole People, The (1956)",41516,https://image.tmdb.org/t/p/w500/utOyyOn1KQ47ONwtAlC8M9i7zmW.jpg
2668,Swamp Thing (1982),17918,https://image.tmdb.org/t/p/w500/7BGaE9A7UeyxH29aeFbQfzEmIi0.jpg
2669,Pork Chop Hill (1959),37305,https://image.tmdb.org/t/p/w500/88LF3thfIx1BDqa5aErseoFXz58.jpg
2670,"Run Silent, Run Deep (1958)",18784,https://image.tmdb.org/t/p/w500/xdRkSTYa1ayIIuYezazDwH0Axcf.jpg
2671,Notting Hill (1999),509,https://image.tmdb.org/t/p/w500/hHRIf2XHeQMbyRb3HUx19SF5Ujw.jpg
2672,"Thirteenth Floor, The (1999)",1090,https://image.tmdb.org/t/p/w500/7oaie3ZBc9UuWZLF24crro1pone.jpg
2673,Eternity and a Day (Mia eoniotita ke mia mera ) (1998),24858,https://image.tmdb.org/t/p/w500/wH8sfLJCqNjsIw8zkXpvxdSzj60.jpg
2674,"Loss of Sexual Innocence, The (1999)",15059,https://image.tmdb.org/t/p/w500/eVg5oHFnzEE51cZ8Tq1qe8iWMZk.jpg
2675,Twice Upon a Yesterday (1998),55912,https://image.tmdb.org/t/p/w500/fVuJserJVW7bWJ0Ni95nowncIWA.jpg
2676,Instinct (1999),12117,https://image.tmdb.org/t/p/w500/8EKmzia6awjsqFxgBk5a82aTmb6.jpg
2677,Buena Vista Social Club (1999),11779,https://image.tmdb.org/t/p/w500/b203Z3qwCRMLOY00XZh4qNQCwM4.jpg
2678,Desert Blue (1999),41730,https://image.tmdb.org/t/p/w500/m81tA5hmjJ4Xzp3Yxs0dcnl8B1q.jpg
2679,Finding North (1999),65470,https://image.tmdb.org/t/p/w500/dOOQX3rNvrlyqid54GC8YdF4ZdA.jpg
2680,Floating (1997),100568,https://image.tmdb.org/t/p/w500/jRQ1M2CH0W1fxGBNeJtSqoD0IEe.jpg
2681,Free Enterprise (1998),13533,https://image.tmdb.org/t/p/w500/tBkKj6pUgxIW8DvNJEjsbnWgifP.jpg
2682,Limbo (1999),62676,https://image.tmdb.org/t/p/w500/1ytI3G3dT6j888ySOwYhpJHz8ED.jpg
2683,Austin Powers: The Spy Who Shagged Me (1999),817,https://image.tmdb.org/t/p/w500/jiF7UShERJFn5RtgfBK2lIJrOTc.jpg
2684,Taxman (1999),224569,https://image.tmdb.org/t/p/w500/y6uvUy5wgF21wcIN3lY3G8dkjab.jpg
2685,"Red Dwarf, The (Le Nain rouge) (1998)",91598,https://image.tmdb.org/t/p/w500/3xUBmPGoYzEFDX3nrNTpvZt6uva.jpg
2686,"Red Violin, The (Le Violon rouge) (1998)",14283,https://image.tmdb.org/t/p/w500/uPjq8PaNDhFQTzOu4Ce91f6BFgZ.jpg
2687,Tarzan (1999),37135,https://image.tmdb.org/t/p/w500/bTvHlcqiOjGa3lFtbrTLTM3zasY.jpg
2688,"General's Daughter, The (1999)",2275,https://image.tmdb.org/t/p/w500/w8CMN81n7SON7ALPMlxZtOzBZB.jpg
2689,Get Bruce (1999),68426,https://image.tmdb.org/t/p/w500/f1uXB5YuDmaadM6wq5qTAIiK6Sr.jpg
2690,"Ideal Husband, An (1999)",24137,https://image.tmdb.org/t/p/w500/Aac3Kw7qAszSotkTNle4bvu3uuH.jpg
2691,"Legend of 1900, The (Leggenda del pianista sull'oceano) (1998)",10376,https://image.tmdb.org/t/p/w500/iOcbJ5pxokOPDRgieVDbsFMrCc6.jpg
2692,Run Lola Run (Lola rennt) (1998),104,https://image.tmdb.org/t/p/w500/v0giIi4bTILVhNhJajet3WWY3FA.jpg
2693,Trekkies (1997),15800,https://image.tmdb.org/t/p/w500/o6MYZAcI2A7VfJkcIvCDbFPISLP.jpg
2694,Big Daddy (1999),9032,https://image.tmdb.org/t/p/w500/cqFnFg6YS8urJT6YC95IDkn0VHz.jpg
2695,"Boys, The (1997)",111772,https://image.tmdb.org/t/p/w500/x9Fclklj08fDQW9EhtjgbzEEZhv.jpg
2696,"Dinner Game, The (Le Dîner de cons) (1998)",9421,https://image.tmdb.org/t/p/w500/cv6neov6SMLjHytjiU0rgeugoPI.jpg
2697,My Son the Fanatic (1998),55955,https://image.tmdb.org/t/p/w500/34rfjIEVqmzjN7HMZhrrPgPaHuE.jpg
2698,Zone 39 (1997),67067,https://image.tmdb.org/t/p/w500/3Hful9RfqJm4M4swEnAAW89iZKt.jpg
2699,Arachnophobia (1990),6488,https://image.tmdb.org/t/p/w500/lHjpwv1Yv2RcGcTQb4Lc1cKw1y9.jpg
2700,"South Park: Bigger, Longer and Uncut (1999)",9473,https://image.tmdb.org/t/p/w500/tS0PedvA2mFO9VCHYwQpaU1K36U.jpg
2701,Wild Wild West (1999),8487,https://image.tmdb.org/t/p/w500/mCdo7nykEVCa25bjnkwgyX35fjm.jpg
2702,Summer of Sam (1999),10279,https://image.tmdb.org/t/p/w500/yvGGA2CbT6xyFVTZUA9f2ok0q5V.jpg
2703,Broken Vessels (1998),125263,https://image.tmdb.org/t/p/w500/iMvLeE872FGGV4XrAfhKRCULtXk.jpg
2704,"Lovers on the Bridge, The (Les Amants du Pont-Neuf) (1991)",2767,https://image.tmdb.org/t/p/w500/un81oln6mAv66sqnkgPSpWONUqP.jpg
2705,"Late August, Early September (Fin août, début septembre) (1998)",78568,https://image.tmdb.org/t/p/w500/pBIcJIwqKl9DpStlg5rL33yYTQe.jpg
2706,American Pie (1999),2105,https://image.tmdb.org/t/p/w500/5P68by2Thn8wHAziyWGEw2O7hco.jpg
2707,Arlington Road (1999),1073,https://image.tmdb.org/t/p/w500/4yYHyZuyTTQaEZuHKS7561jXjtR.jpg
2708,"Autumn Tale, An (Conte d'automne) (1998)",10239,https://image.tmdb.org/t/p/w500/1DQYFB5DENLWKUYdz5ttaVbDYnk.jpg
2709,Muppets From Space (1999),10208,https://image.tmdb.org/t/p/w500/Aww9cF4uMsbald9ddhCYFoP4gBi.jpg
2710,"Blair Witch Project, The (1999)",2667,https://image.tmdb.org/t/p/w500/9050VGrYjYrEjpOvDZVAngLbg1f.jpg
2711,My Life So Far (1999),48958,https://image.tmdb.org/t/p/w500/6lXglg96vfFuHCDdmNof1bdyd0F.jpg
2712,Eyes Wide Shut (1999),345,https://image.tmdb.org/t/p/w500/knEIz1eNGl5MQDbrEAVWA7iRqF9.jpg
2713,Lake Placid (1999),9825,https://image.tmdb.org/t/p/w500/pEszakCP8j9E9S0UPLfEa3Cad3O.jpg
2714,"Wood, The (1999)",16158,https://image.tmdb.org/t/p/w500/yEWMSJHkzMLgsTgsvR5TxuP3lBt.jpg
2715,"Velocity of Gary, The (1998)",133575,https://image.tmdb.org/t/p/w500/8wQlK0QukCXXmvmDARAx65wnX4j.jpg
2716,Ghostbusters (1984),620,https://image.tmdb.org/t/p/w500/7E8nLijS9AwwUEPu2oFYOVKhdFA.jpg
2717,Ghostbusters II (1989),2978,https://image.tmdb.org/t/p/w500/u7UioNGwAeWfYPv5pSAZSM0ipSt.jpg
2718,Drop Dead Gorgeous (1999),10490,https://image.tmdb.org/t/p/w500/s4nHRCB5GqWyWiqweVf6UUv8GWt.jpg
2719,"Haunting, The (1999)",11618,https://image.tmdb.org/t/p/w500/xwLldS5JnB4441iS50ha9ZrkaA8.jpg
2720,Inspector Gadget (1999),332,https://image.tmdb.org/t/p/w500/dDcsv1Lql5aM6H4JYfDHjBAXKgT.jpg
2721,Trick (1999),1812,https://image.tmdb.org/t/p/w500/3uphUbyfQkiKPt29WIO1vrX0Zyx.jpg
2722,Deep Blue Sea (1999),8914,https://image.tmdb.org/t/p/w500/fyn0zyCI4kIlbDoHH0Hzv09hDC5.jpg
2723,Mystery Men (1999),9824,https://image.tmdb.org/t/p/w500/ciVSbFmDecOIwlxl9F6GhHVgCVJ.jpg
2724,Runaway Bride (1999),4806,https://image.tmdb.org/t/p/w500/wzivR0yWJStVdhcl0A5rQvVdTQ7.jpg
2725,Twin Falls Idaho (1999),33430,https://image.tmdb.org/t/p/w500/boBbVY67YhGC4PWuqyQFysP3mN4.jpg
2726,"Killing, The (1956)",247,https://image.tmdb.org/t/p/w500/A6VzUPcADZGYdGHlVdWvpMNDF5d.jpg
2727,Killer's Kiss (1955),10056,https://image.tmdb.org/t/p/w500/rLbad0lscycS4R3qTSrKguZ0Zz5.jpg
2728,Spartacus (1960),967,https://image.tmdb.org/t/p/w500/r0Fgg1GyZgzokaiw2HFQv3oPaL2.jpg
2729,Lolita (1962),802,https://image.tmdb.org/t/p/w500/8Puqbeh0D95DpXFWep1rmH78btu.jpg
2730,Barry Lyndon (1975),3175,https://image.tmdb.org/t/p/w500/A0byHUHMwZ7dtBQtfZ44QIgDbjo.jpg
2731,"400 Blows, The (Les Quatre cents coups) (1959)",147,https://image.tmdb.org/t/p/w500/12PuU23kkDLvTd0nb8hMlE3oShB.jpg
2733,Vibes (1988),21185,https://image.tmdb.org/t/p/w500/yAT8QJquco2dGBEwqQJBLfP7wtM.jpg
2734,"Mosquito Coast, The (1986)",11120,https://image.tmdb.org/t/p/w500/8A1iDYSp8H5WORWZVCV3E3SpkGD.jpg
2735,"Golden Child, The (1986)",10136,https://image.tmdb.org/t/p/w500/9gPphtcGmna90U9CEsWlUVaSkAw.jpg
2736,Brighton Beach Memoirs (1986),32060,https://image.tmdb.org/t/p/w500/gtaQOHgnGAOQdkLY57Mlu0ZdZA3.jpg
2737,Assassination (1987),48686,https://image.tmdb.org/t/p/w500/5wGAfVATbWAL6g91XMnMZeMKz5F.jpg
2738,Crimes of the Heart (1986),48259,https://image.tmdb.org/t/p/w500/yet0Ww2A7f5qT7MisDuIBSXdV3r.jpg
2739,"Color Purple, The (1985)",873,https://image.tmdb.org/t/p/w500/6bvxkcTAXyqxGRwo38mxw92D6Xr.jpg
2741,No Mercy (1986),26789,https://image.tmdb.org/t/p/w500/e3GLsfBLy7fdM3dJKAkzQlTIqII.jpg
2742,Ménage (Tenue de soirée) (1986),3934,https://image.tmdb.org/t/p/w500/dhgiWGxKnGRD4AD2bRrzc16UdTz.jpg
2743,Native Son (1986),108312,https://image.tmdb.org/t/p/w500/5HNYDlnI145RJWA5BWeomtVZ4JM.jpg
2744,Otello (1986),198469,https://image.tmdb.org/t/p/w500/emPz3c9jQdH5oJbpSUN7zwXLkin.jpg
2745,"Mission, The (1986)",11416,https://image.tmdb.org/t/p/w500/6K9cG6LOOtySZF4D4xBu1MApC1N.jpg
2746,Little Shop of Horrors (1986),10776,https://image.tmdb.org/t/p/w500/mY1ziATo4PNl9VkuaeTT8nMSDQq.jpg
2747,"Little Shop of Horrors, The (1960)",24452,https://image.tmdb.org/t/p/w500/s9MrumN9oCfv1rFoEvMLwucWD7V.jpg
2749,"Morning After, The (1986)",31924,https://image.tmdb.org/t/p/w500/kxuR1RpAUWRHKzCwbjg2bw6RTGI.jpg
2750,Radio Days (1987),30890,https://image.tmdb.org/t/p/w500/ljZ3yyYznAiq1vF6nHITdJn6qXB.jpg
2751,From the Hip (1987),24081,https://image.tmdb.org/t/p/w500/jkwzakMmaasylJc2Uj9LvL8bSOk.jpg
2752,Outrageous Fortune (1987),20242,https://image.tmdb.org/t/p/w500/bZdQaa9HymxGfjBo3mFhhpWXVeG.jpg
2753,"Bedroom Window, The (1987)",39074,https://image.tmdb.org/t/p/w500/7JT5mzLBuABKqDNvCvfnjrvYQC6.jpg
2755,Light of Day (1987),2115,https://image.tmdb.org/t/p/w500/hFXnASDyZd3i9TOuBPUtJRvfZsK.jpg
2756,Wanted: Dead or Alive (1987),23599,https://image.tmdb.org/t/p/w500/3aW1EJYJ7C3ZLLF1KlvCE5PS3U1.jpg
2757,Frances (1982),3526,https://image.tmdb.org/t/p/w500/eyUq8VBgoHncr0cXFTKgg3VPyfi.jpg
2758,Plenty (1985),41166,https://image.tmdb.org/t/p/w500/x45XteYF8kw1GvwHWgJ2Kizyfnq.jpg
2759,Dick (1999),16406,https://image.tmdb.org/t/p/w500/aBG4XoK5xkujl4crloPs6bStl4m.jpg
2760,"Gambler, The (A Játékos) (1997)",197239,https://image.tmdb.org/t/p/w500/oP1vQ5FCIsdhapw8cqeFqqB8PdF.jpg
2761,"Iron Giant, The (1999)",10386,https://image.tmdb.org/t/p/w500/ct04FCFLPImNG5thcPLRnVsZlmS.jpg
2762,"Sixth Sense, The (1999)",745,https://image.tmdb.org/t/p/w500/vOyfUXNFSnaTk7Vk5AjpsKTUWsu.jpg
2763,"Thomas Crown Affair, The (1999)",913,https://image.tmdb.org/t/p/w500/5yqs1MVlqdIg1DY5adC5jFx3d7j.jpg
2764,"Thomas Crown Affair, The (1968)",912,https://image.tmdb.org/t/p/w500/oODAwa2AK3fXvK93GCbq7dFLZPi.jpg
2765,"Acid House, The (1998)",12229,https://image.tmdb.org/t/p/w500/o0KvKCgxMFccx3SzDI3p2218921.jpg
2766,"Adventures of Sebastian Cole, The (1998)",67323,https://image.tmdb.org/t/p/w500/isgUjJ9dlDyUJqEWtFrNeQe1wMg.jpg
2767,Illuminata (1998),91076,https://image.tmdb.org/t/p/w500/vovb7pbU3CkKjfcmOxwz7AMbpCX.jpg
2768,Stiff Upper Lips (1998),89861,https://image.tmdb.org/t/p/w500/3BKL5t6z6kudeDmuwYiIF5dzAV8.jpg
2770,Bowfinger (1999),11353,https://image.tmdb.org/t/p/w500/iGuiFYEYwFkaRPl3FgLJYEm6dWq.jpg
2771,Brokedown Palace (1999),17707,https://image.tmdb.org/t/p/w500/pWxoggA0KCS5oMPDOjIDYZYzryE.jpg
2772,Detroit Rock City (1999),9781,https://image.tmdb.org/t/p/w500/jedOctnsD20K4IvOeh5jG811B8L.jpg
2773,Alice and Martin (Alice et Martin) (1998),102489,https://image.tmdb.org/t/p/w500/9IwtR0iolypfZbDrPk3xB7A9fKh.jpg
2774,Better Than Chocolate (1999),18212,https://image.tmdb.org/t/p/w500/7FC2UK7MyEwlmbJGCIIFg4U7VPU.jpg
2775,Head On (1998),13817,https://image.tmdb.org/t/p/w500/7kOpfb9oCiDP7LUWbthZhzjnh1J.jpg
2777,Cobra (1925),38715,https://image.tmdb.org/t/p/w500/4udCI4SwSR7aQgtK919VwyrRlb4.jpg
2778,Never Talk to Strangers (1995),48781,https://image.tmdb.org/t/p/w500/naZWa06duMvKr4dLrPGgl9yrPZ1.jpg
2779,Heaven Can Wait (1978),12185,https://image.tmdb.org/t/p/w500/h1yOiO9cow6gwmGxSAWvPdY4lhJ.jpg
2780,"Raven, The (1963)",29056,https://image.tmdb.org/t/p/w500/tt7m22ki1raa0NrvesawJgsQ4Jn.jpg
2781,"Tingler, The (1959)",26857,https://image.tmdb.org/t/p/w500/jDuKIccxR0lsdWlYuWiu03hkwnN.jpg
2782,Pit and the Pendulum (1961),28501,https://image.tmdb.org/t/p/w500/6hOTmFaePluI5eicY4XTv6hg0T0.jpg
2783,"Tomb of Ligeia, The (1965)",29030,https://image.tmdb.org/t/p/w500/j8gc33Q97xorBvnMUQLXs9Yla0H.jpg
2784,"Masque of the Red Death, The (1964)",25319,https://image.tmdb.org/t/p/w500/sSYceyGZrWskWDsn3MHtipJ1wFM.jpg
2785,Tales of Terror (1962),29074,https://image.tmdb.org/t/p/w500/itHjXJLzxeUsPsruQV3r79egxaO.jpg
2786,Haunted Honeymoon (1986),24103,https://image.tmdb.org/t/p/w500/jBCucUiw7Incipok1xvUa9AVhW.jpg
2787,Cat's Eye (1985),10552,https://image.tmdb.org/t/p/w500/kKyq7izpMkmr8sT2nLic5qAuJPo.jpg
2788,And Now for Something Completely Different (1971),9267,https://image.tmdb.org/t/p/w500/ajbdFQLvJTlNu4LnVWGnNMb4mZ8.jpg
2789,Damien: Omen II (1978),10766,https://image.tmdb.org/t/p/w500/nZBPvfAgy0GBTEw9YxAuWhoPj96.jpg
2791,Airplane! (1980),813,https://image.tmdb.org/t/p/w500/7Q3efxd3AF1vQjlSxnlerSA7RzN.jpg
2792,Airplane II: The Sequel (1982),2665,https://image.tmdb.org/t/p/w500/zs7Pjyabt0fwe2XqIx0gnF9Q4np.jpg
2793,"American Werewolf in Paris, An (1997)",9406,https://image.tmdb.org/t/p/w500/1NUOprbP7LLfKPArLJY7wziUiHT.jpg
2794,European Vacation (1985),11418,https://image.tmdb.org/t/p/w500/hZL7g1oSDrA0Lx5wcHpEl99MYKi.jpg
2795,Vacation (1983),37997,https://image.tmdb.org/t/p/w500/pfHKEtzZu8xukk9ZxHZ2XtRlLhH.jpg
2796,Funny Farm (1988),14170,https://image.tmdb.org/t/p/w500/i4ExIbPuAe0rAjpYcteiFx4QEfY.jpg
2797,Big (1988),2280,https://image.tmdb.org/t/p/w500/eWhCDJiwxvx3YXkAFRiHjimnF0j.jpg
2798,Problem Child (1990),11077,https://image.tmdb.org/t/p/w500/4cJK28DhybQGEldJJPtTdKlSbWB.jpg
2799,Problem Child 2 (1991),28597,https://image.tmdb.org/t/p/w500/dnmw3F3rdbxb08zSdfHHMwfXMLI.jpg
2800,Little Nemo: Adventures in Slumberland (1992),22611,https://image.tmdb.org/t/p/w500/uVyqRtRaIGrHJvfxImrHHFaQNxM.jpg
2802,Tequila Sunrise (1988),10396,https://image.tmdb.org/t/p/w500/8LoG0GL5N5e7zvvXezwwGnUfRHL.jpg
2803,"Pelican Brief, The (1993)",9944,https://image.tmdb.org/t/p/w500/7B1HS0SqfJR1jbeHS6V0ZWdzLXP.jpg
2804,"Christmas Story, A (1983)",850,https://image.tmdb.org/t/p/w500/34nSHYqmb7222tiqiuKqKJmZiQa.jpg
2805,Mickey Blue Eyes (1999),10154,https://image.tmdb.org/t/p/w500/gEnKsStQ27P0KCCIGtkYwvFQ0RX.jpg
2806,Teaching Mrs. Tingle (1999),10342,https://image.tmdb.org/t/p/w500/cGv0tkWZZSmoaPYiOsDcGmMhKq7.jpg
2807,Universal Soldier: The Return (1999),10366,https://image.tmdb.org/t/p/w500/qlcPJK0Me8aUtDPwk3TqN2RdKH4.jpg
2808,Universal Soldier (1992),9349,https://image.tmdb.org/t/p/w500/fp0mWrHl1SW9PhP8QcsgYPoVYFc.jpg
2809,Love Stinks (1999),15122,https://image.tmdb.org/t/p/w500/srHcbkCyQFfdmqt5rPQMshxp1Yt.jpg
2810,Perfect Blue (1997),10494,https://image.tmdb.org/t/p/w500/6WTiOCfDPP8XV4jqfloiVWf7KHq.jpg
2811,With Friends Like These... (1998),126152,https://image.tmdb.org/t/p/w500/hTfXll3kGV2bw93fcsLbEfi8uuV.jpg
2812,In Too Deep (1999),22314,https://image.tmdb.org/t/p/w500/mYteXffai9mmShyGCa4nPhfGCLQ.jpg
2813,"Source, The (1999)",51679,https://image.tmdb.org/t/p/w500/cVWKNCnosCBfEmSDVNoxtrI8px0.jpg
2814,"Bat, The (1959)",35813,https://image.tmdb.org/t/p/w500/78PVHYnadZ0e2BkBBSNonMZvViB.jpg
2815,Iron Eagle (1986),11037,https://image.tmdb.org/t/p/w500/8NJrLRX1RdKUNU4mhRQ8nLr6bMX.jpg
2816,Iron Eagle II (1988),11955,https://image.tmdb.org/t/p/w500/iTC2oaTCCF6UmysKog9mGvWeUIY.jpg
2817,Aces: Iron Eagle III (1992),2038,https://image.tmdb.org/t/p/w500/ylvfsnacoqsTdZuLty2XVRolnNH.jpg
2818,Iron Eagle IV (1995),28737,https://image.tmdb.org/t/p/w500/11a0w12nHY7rVjYSbnAeABOsKF.jpg
2819,Three Days of the Condor (1975),11963,https://image.tmdb.org/t/p/w500/zinwtZqdb7gnc4zMu8dfkK1fMN3.jpg
2820,Hamlet (1964),1485286,https://image.tmdb.org/t/p/w500/tstjIYXllvcO5aC9WPnHRMpOTI7.jpg
2821,Male and Female (1919),53761,https://image.tmdb.org/t/p/w500/uYaztWl9nlbEaRqrehSqYqD81zV.jpg
2822,Medicine Man (1992),9096,https://image.tmdb.org/t/p/w500/lkHqtViTG4Zzh7i9rrtHJGTnEUg.jpg
2823,"Spiders, The (Die Spinnen, 1. Teil: Der Goldene See) (1919)",91893,https://image.tmdb.org/t/p/w500/9QNyYzPy20gNOn1k3XkIr3op7xm.jpg
2824,On the Ropes (1999),113273,https://image.tmdb.org/t/p/w500/yy4fFWLigLn6MKCqFIFMCjQJ7Ab.jpg
2825,Rosie (1998),103793,https://image.tmdb.org/t/p/w500/s7c6mH2yIVz6AOpd5l7jXxqLlja.jpg
2826,"13th Warrior, The (1999)",1911,https://image.tmdb.org/t/p/w500/pj1IQQ7ajwaOrjjTCxyM1L4mSnX.jpg
2827,"Astronaut's Wife, The (1999)",2900,https://image.tmdb.org/t/p/w500/54RGJ6INW9ERG8IaalmMKbbDgwH.jpg
2828,Dudley Do-Right (1999),17709,https://image.tmdb.org/t/p/w500/4LP5BieqdFNlCFjxsvaA3d6hGGd.jpg
2829,"Muse, The (1999)",37718,https://image.tmdb.org/t/p/w500/hmtvDW52V3EuFmbhTOLjaGMYCDx.jpg
2830,Cabaret Balkan (Bure Baruta) (1998),47144,https://image.tmdb.org/t/p/w500/9YZY9mEje6dsdoGgBybdI8ftlmX.jpg
2831,"Dog of Flanders, A (1999)",104896,https://image.tmdb.org/t/p/w500/w65gcoD1zwmaPLM0gM8s9eynGcj.jpg
2832,"Lost Son, The (1999)",30964,https://image.tmdb.org/t/p/w500/3Et7EXmtQ4Ds2xc5hBPxuUwmSqX.jpg
2833,Lucie Aubrac (1997),52366,https://image.tmdb.org/t/p/w500/jpgsYQRoNHnTX6jYtCCyjhzTuLR.jpg
2834,"Very Thought of You, The (1998)",6373,https://image.tmdb.org/t/p/w500/5BdJ9K9NGpbCSmjIZpuZJgMf4ie.jpg
2835,Chill Factor (1999),2162,https://image.tmdb.org/t/p/w500/fgPC0xS3o6J5eWFwetssfSD2SEK.jpg
2836,Outside Providence (1999),14578,https://image.tmdb.org/t/p/w500/xSqewkFWR0zs7OkXLOd10VnxFPN.jpg
2837,Bedrooms & Hallways (1998),40694,https://image.tmdb.org/t/p/w500/tH02iMSE2qSmkl6i0x4sbhfS58M.jpg
2838,I Woke Up Early the Day I Died (1998),4338,https://image.tmdb.org/t/p/w500/bFwcwEXrkAzzy9n2vzQiwdArZ4M.jpg
2839,West Beirut (West Beyrouth) (1998),49184,https://image.tmdb.org/t/p/w500/djx4ceoh6o5kdLKRuPsMULNWvDl.jpg
2840,Stigmata (1999),10307,https://image.tmdb.org/t/p/w500/sKS1Vuqj7OQpOumfs6ArC0TICTN.jpg
2841,Stir of Echoes (1999),11601,https://image.tmdb.org/t/p/w500/9CyJ5aYF27cITX1WSUTENeP4wBE.jpg
2842,Best Laid Plans (1999),18621,https://image.tmdb.org/t/p/w500/yvsfeDsJrTV4stJhYY00zL5e8WW.jpg
2843,"Black Cat, White Cat (Crna macka, beli macor) (1998)",1075,https://image.tmdb.org/t/p/w500/xxQ9jgYf3xhbUTW98VtCjA1wMLv.jpg
2844,"Minus Man, The (1999)",21719,https://image.tmdb.org/t/p/w500/xrui0mDUWY3poirLrjHtoOU1rGA.jpg
2846,"Adventures of Milo and Otis, The (1986)",47951,https://image.tmdb.org/t/p/w500/imHIqEfWRZuJ2vLow0UJ9aqjyEO.jpg
2847,Only Angels Have Wings (1939),43832,https://image.tmdb.org/t/p/w500/lqcwiWancAkjtAQPHr9V3SfJjBM.jpg
2849,Queens Logic (1991),49792,https://image.tmdb.org/t/p/w500/3hFeEhS6xr7f0JUNu5m0okitJai.jpg
2850,Public Access (1993),77064,https://image.tmdb.org/t/p/w500/tIuqSfr9z05ck4jDEJwAoqEKZLZ.jpg
2852,"Soldier's Story, A (1984)",26522,https://image.tmdb.org/t/p/w500/vSLrddsvH8bJzryOS5BD9qtTtFa.jpg
2854,Don't Look in the Basement! (1973),24097,https://image.tmdb.org/t/p/w500/kzrhFnC9LjeOJbFbREZR7dS00hW.jpg
2855,Nightmares (1983),42114,https://image.tmdb.org/t/p/w500/7spL1SrfmAWQ0O2m2u459WsuSkV.jpg
2856,I Saw What You Did (1965),28295,https://image.tmdb.org/t/p/w500/mliHs2Ii393vF0A3i73F6jAysdh.jpg
2857,Yellow Submarine (1968),12105,https://image.tmdb.org/t/p/w500/1pmeLKaLFNggcsAk5FiouIvo3ST.jpg
2858,American Beauty (1999),14,https://image.tmdb.org/t/p/w500/wby9315QzVKdW9BonAefg8jGTTb.jpg
2859,Stop Making Sense (1984),24128,https://image.tmdb.org/t/p/w500/utNpurUe1MMjEaHqvpkfxgfpSnV.jpg
2860,Blue Streak (1999),11001,https://image.tmdb.org/t/p/w500/iv4hjp3Srnrm50wpFEtTn0k63Cj.jpg
2861,For Love of the Game (1999),10390,https://image.tmdb.org/t/p/w500/vkeKxoSXE1qMArcFNTNBBH8TjKZ.jpg
2862,Caligula (1980),9453,https://image.tmdb.org/t/p/w500/vNXAY6r9Pb6WkMCGmNeW2PlznLQ.jpg
2863,"Hard Day's Night, A (1964)",704,https://image.tmdb.org/t/p/w500/6Ulsccp2VkaVU5qbya3bxm9JG4x.jpg
2864,Splendor (1999),35122,https://image.tmdb.org/t/p/w500/q8HoMVS7mSbfOLdjW7C764olnFZ.jpg
2865,Sugar Town (1999),142132,https://image.tmdb.org/t/p/w500/9VpZ9apNn5uym9TYEtYEhMYOTEX.jpg
2866,"Buddy Holly Story, The (1978)",24153,https://image.tmdb.org/t/p/w500/4Zu9YdN5O4jnXJmqBMHckkKpJ2S.jpg
2867,Fright Night (1985),11797,https://image.tmdb.org/t/p/w500/euIh75MwNDrYkTEVSkw7VXWGXoE.jpg
2868,Fright Night Part II (1989),18086,https://image.tmdb.org/t/p/w500/pNJDLond2y2hQLBnEoczkdFrgZJ.jpg
2869,"Separation, The (La Séparation) (1994)",124475,https://image.tmdb.org/t/p/w500/vhW9qalMrIzuwGc7VcRuGlqSv8L.jpg
2870,Barefoot in the Park (1967),17887,https://image.tmdb.org/t/p/w500/rYRorEvNI7fBHiFui1qEinuSYbC.jpg
2871,Deliverance (1972),10669,https://image.tmdb.org/t/p/w500/2TrAzNJlHyNYYSkQf6asg3rs2Xr.jpg
2872,Excalibur (1981),11527,https://image.tmdb.org/t/p/w500/cTWF6zkr5mUOnheowKODIijWYcN.jpg
2873,Lulu on the Bridge (1998),42848,https://image.tmdb.org/t/p/w500/9wcqbfKtZtbpRPO2ymldubnUnSH.jpg
2874,"Pajama Game, The (1957)",40867,https://image.tmdb.org/t/p/w500/71Q9f7byPqH8trF4BvZOlXnhO2D.jpg
2875,Sommersby (1993),1049,https://image.tmdb.org/t/p/w500/tAgQKLv0GK97Tr0bvdI66oXlEVb.jpg
2876,Thumbelina (1994),28032,https://image.tmdb.org/t/p/w500/eBvSSfwAKgcjF4eyaeNSzTCpfaF.jpg
2877,Tommy (1975),11326,https://image.tmdb.org/t/p/w500/pAImVnqBJwoFAKrcpAe17JjLGUs.jpg
2878,Hell Night (1981),28377,https://image.tmdb.org/t/p/w500/2IqqzSQmZFAon2C1lQZeZCUUx8K.jpg
2881,Double Jeopardy (1999),10398,https://image.tmdb.org/t/p/w500/dPd9QvEeMQpgHO6iLB1LqALTZl.jpg
2882,Jakob the Liar (1999),2290,https://image.tmdb.org/t/p/w500/vvwsvPyQFuQbKKfzNgoRhAcL5ml.jpg
2883,Mumford (1999),24071,https://image.tmdb.org/t/p/w500/a2uqenG3BZICDrcrr49IZwoHA8Y.jpg
2884,Dog Park (1998),62994,https://image.tmdb.org/t/p/w500/9B5ZKG8Ht1xacz61x3sRovY6glG.jpg
2885,Guinevere (1999),60994,https://image.tmdb.org/t/p/w500/1isgjzl3mwVoxlRd7sqJ7COzwZw.jpg
2886,"Adventures of Elmo in Grouchland, The (1999)",16112,https://image.tmdb.org/t/p/w500/u9i4frT1XPaTqJxRYLJ8j2r8LYO.jpg
2887,Simon Sez (1999),32305,https://image.tmdb.org/t/p/w500/uJG7oSRQxacXC2GvzPF2nDoWXIW.jpg
2888,Drive Me Crazy (1999),14429,https://image.tmdb.org/t/p/w500/qq2jbAOw5yWTaSPJIRHxvTf0bND.jpg
2889,"Mystery, Alaska (1999)",15198,https://image.tmdb.org/t/p/w500/bmg4sjOQswcrP5mPL9YzNom9cXx.jpg
2890,Three Kings (1999),6415,https://image.tmdb.org/t/p/w500/fClJQW8xn8wHOFqoA4jUn0PZh1f.jpg
2891,"Happy, Texas (1999)",24066,https://image.tmdb.org/t/p/w500/5bUoL781c0YdWmqtcNWjbPATyAb.jpg
2892,New Rose Hotel (1998),21430,https://image.tmdb.org/t/p/w500/pMk6iJSmbt5uovZ1LEhhBZdR5cz.jpg
2893,Plunkett & MaCleane (1999),10381,https://image.tmdb.org/t/p/w500/9LASEwSyW2h7Zql0t1ksURC70MG.jpg
2894,Romance (1999),26338,https://image.tmdb.org/t/p/w500/xR2b19JyLr8ssLzIvaXBOkGkghm.jpg
2895,Napoleon and Samantha (1972),42486,https://image.tmdb.org/t/p/w500/mOjTiTeNYPQzUdRiBkQMUB1iRwP.jpg
2896,Alvarez Kelly (1966),60285,https://image.tmdb.org/t/p/w500/6kIcuVMyJJKmxy7bFbI9q1DWByR.jpg
2897,And the Ship Sails On (E la nave va) (1984),5622,https://image.tmdb.org/t/p/w500/kAJEaXgZ5sO0tBaB9By260JZUQg.jpg
2898,"Dark Half, The (1993)",10349,https://image.tmdb.org/t/p/w500/uTzi0no438AjKELtJgTbipNxWGu.jpg
2899,Gulliver's Travels (1939),42518,https://image.tmdb.org/t/p/w500/fiwAJIAnSqWbU3JphqN8Y80mFM6.jpg
2900,Monkey Shines (1988),29787,https://image.tmdb.org/t/p/w500/zbxrAWN2Ss5RXK1uDvMW82xFh0n.jpg
2901,Phantasm (1979),9638,https://image.tmdb.org/t/p/w500/eR0uJ0Wje1lYJ4aHEpkcjgIM8d7.jpg
2902,Psycho II (1983),10576,https://image.tmdb.org/t/p/w500/sJAPRj3vHmjV4z97YK84iDovYlm.jpg
2903,Psycho III (1986),12662,https://image.tmdb.org/t/p/w500/tgV4eeW0X7os7p3SYbNwDI0NYGa.jpg
2904,Rain (1932),61369,https://image.tmdb.org/t/p/w500/loiZCnkxAiSDyFmCAsUoTm62CAb.jpg
2905,Sanjuro (1962),11712,https://image.tmdb.org/t/p/w500/zW47oIH3bc3ggmmmzTvKqM4Fqjk.jpg
2906,Random Hearts (1999),12618,https://image.tmdb.org/t/p/w500/k7LoKDWDesvYD7DXDh9Ewlxtcx8.jpg
2907,Superstar (1999),13824,https://image.tmdb.org/t/p/w500/vfBUCPe6wgt3SwNP7dKlqh8xeyO.jpg
2908,Boys Don't Cry (1999),226,https://image.tmdb.org/t/p/w500/eB505ycEhFVfMwGglIzXNUyKAIs.jpg
2910,"Ennui, L' (1998)",55107,https://image.tmdb.org/t/p/w500/xvu2D0pW6Js10ONu1We64DBfBFp.jpg
2911,"Grandfather, The (El Abuelo) (1998)",69851,https://image.tmdb.org/t/p/w500/63OYLpAPcHWMIHr96VDmqQUdJ5s.jpg
2912,"Limey, The (1999)",10388,https://image.tmdb.org/t/p/w500/efAnFInZYrenNvBlLIXN2oLYyNc.jpg
2914,Molly (1999),44857,https://image.tmdb.org/t/p/w500/bKyRoZ8uutxdCMMmrVoivZJ0Mc7.jpg
2915,Risky Business (1983),9346,https://image.tmdb.org/t/p/w500/82KOHShH9raGhkcAN3TztVjqjj3.jpg
2916,Total Recall (1990),861,https://image.tmdb.org/t/p/w500/wVbeL6fkbTKSmNfalj4VoAUUqJv.jpg
2917,Body Heat (1981),14412,https://image.tmdb.org/t/p/w500/5LipPcaW1J9IjAP7TOTesw8OcMS.jpg
2918,Ferris Bueller's Day Off (1986),9377,https://image.tmdb.org/t/p/w500/9LTQNCvoLsKXP0LtaKAaYVtRaQL.jpg
2919,Year of Living Dangerously (1982),11541,https://image.tmdb.org/t/p/w500/y9GIM95xWWU4urqqu0kziby0Ykg.jpg
2920,Children of Paradise (Les enfants du paradis) (1945),2457,https://image.tmdb.org/t/p/w500/yiy9stl1jjVhW44ypkWMFDT8Ix3.jpg
2924,Drunken Master (Zui quan) (1979),49642,https://image.tmdb.org/t/p/w500/jNOdUZHi7MKhFTq88ZIRqSGrQD3.jpg
2925,"Conformist, The (Il Conformista) (1970)",8416,https://image.tmdb.org/t/p/w500/nLJjFRqIJAK8qz0OKYnpKCblZNK.jpg
2926,Hairspray (1988),11054,https://image.tmdb.org/t/p/w500/n78VVWG1jsEpMCtcye13wy1RiAx.jpg
2927,Brief Encounter (1946),851,https://image.tmdb.org/t/p/w500/jC9EwLJcGhYMSQAHu2LxkKN5v7O.jpg
2928,"Razor's Edge, The (1984)",24453,https://image.tmdb.org/t/p/w500/tBiw9KXH9agSgi4WhgVkFuEhYjO.jpg
2929,Reds (1981),18254,https://image.tmdb.org/t/p/w500/AeiKdVVM93fwfQG1m3N0cgVZgHl.jpg
2930,Return with Honor (1998),56235,https://image.tmdb.org/t/p/w500/89289dPlOMOIWTZtIhy4qHhBQpb.jpg
2931,Time of the Gypsies (Dom za vesanje) (1989),20123,https://image.tmdb.org/t/p/w500/av6K9MX0jNNFAH6NZVrVV2DMAOA.jpg
2932,Days of Heaven (1978),16642,https://image.tmdb.org/t/p/w500/rwxTYjOZmX2rGhz7avLe1qsjNqe.jpg
2933,"Fire Within, The (Le Feu Follet) (1963)",2593,https://image.tmdb.org/t/p/w500/9iHsReoh2VuHihDmNXgLXCi18rR.jpg
2935,"Lady Eve, The (1941)",3086,https://image.tmdb.org/t/p/w500/lJYD3CMgKtv12hazSHc7xt3i2uq.jpg
2937,"Palm Beach Story, The (1942)",32255,https://image.tmdb.org/t/p/w500/vl3MVnrUsCa0wRsFTVU0ohbtWy6.jpg
2938,Man Facing Southeast (Hombre Mirando al Sudeste) (1986),48797,https://image.tmdb.org/t/p/w500/vxTNlao45QcCr97s0VcBFXXIxF6.jpg
2939,Niagara (1953),19997,https://image.tmdb.org/t/p/w500/wb9OBAiO3aUpY4UBkE07KscXSkA.jpg
2940,Gilda (1946),3767,https://image.tmdb.org/t/p/w500/46eKPjoWEyNBAQKDoXEcDFBcaUw.jpg
2941,South Pacific (1958),17352,https://image.tmdb.org/t/p/w500/nYNltu2clFoRQGBz9BtZUTcCbUm.jpg
2942,Flashdance (1983),535,https://image.tmdb.org/t/p/w500/ziiy6ORt8BlxWFXskBChBMInvDA.jpg
2943,Indochine (1992),2731,https://image.tmdb.org/t/p/w500/sAemRfr6mOSwtQ76e4yUQVImo8B.jpg
2944,"Dirty Dozen, The (1967)",1654,https://image.tmdb.org/t/p/w500/tFWWsuhp22zJ6OG6QepJIiPUfeF.jpg
2945,Mike's Murder (1984),31043,https://image.tmdb.org/t/p/w500/cOL77kZUxKqYmvc17WRAAm4Nk7q.jpg
2946,Help! (1965),14831,https://image.tmdb.org/t/p/w500/nLvgIB3bVb8jyhls5W6B74Xt4Ei.jpg
2947,Goldfinger (1964),658,https://image.tmdb.org/t/p/w500/aKNFzaqQgPzsGXnsMc4kJH5hFIV.jpg
2948,From Russia with Love (1963),657,https://image.tmdb.org/t/p/w500/zx4V17FP8oclNvOpTgs2iCCtiYk.jpg
2949,Dr. No (1962),646,https://image.tmdb.org/t/p/w500/f9HsemSsBEHN5eoMble1bj6fDxs.jpg
2950,"Blue Lagoon, The (1980)",5689,https://image.tmdb.org/t/p/w500/k6KsThCeoxxHDbVnlHLdTlf5wsy.jpg
2951,"Fistful of Dollars, A (1964)",391,https://image.tmdb.org/t/p/w500/lBwOEpwVeUAmrmglcstnaGcJq3Y.jpg
2953,Home Alone 2: Lost in New York (1992),772,https://image.tmdb.org/t/p/w500/uuitWHpJwxD1wruFl2nZHIb4UGN.jpg
2954,Penitentiary (1979),65448,https://image.tmdb.org/t/p/w500/1XQOTbjwaFSSEdoJlhTcwRsJxG.jpg
2955,Penitentiary II (1982),65452,https://image.tmdb.org/t/p/w500/zWutEQwpVOJQjJAmPQioJJHkFaa.jpg
2956,Someone to Watch Over Me (1987),31650,https://image.tmdb.org/t/p/w500/7Vqw29y8pkoHaVtwkQcQhBK9oTY.jpg
2957,Sparrows (1926),73575,https://image.tmdb.org/t/p/w500/3ZPfhlwZ9HIYViUCgoZusCszohT.jpg
2959,Fight Club (1999),550,https://image.tmdb.org/t/p/w500/jSziioSwPVrOy9Yow3XhWIBDjq1.jpg
2960,Beefcake (1999),97537,https://image.tmdb.org/t/p/w500/6glCVk9RuTiGqB12nRDft1NkFj3.jpg
2961,"Story of Us, The (1999)",12220,https://image.tmdb.org/t/p/w500/8rm0CZpHW1D7pIv8OguJNHF93LV.jpg
2962,Fever Pitch (1997),1610,https://image.tmdb.org/t/p/w500/xTpZGWVo5DDk1oQUrUJcRjqGzGg.jpg
2963,Joe the King (1999),53151,https://image.tmdb.org/t/p/w500/pJy18dUA9J9XDuKiboTjEtj6YWL.jpg
2964,Julien Donkey-Boy (1999),42881,https://image.tmdb.org/t/p/w500/mK8pJA05Sdp3Hc4KWHMqhaMEbVW.jpg
2965,"Omega Code, The (1999)",29064,https://image.tmdb.org/t/p/w500/vU73cxp7kxi5142nYZVzRibF5QP.jpg
2966,"Straight Story, The (1999)",404,https://image.tmdb.org/t/p/w500/tT9cMiVDdtlcdZxOoFy3VRmEoKk.jpg
2967,"Bad Seed, The (1956)",42196,https://image.tmdb.org/t/p/w500/iAgSkpZslQ2s3onL9TaHbyWygtC.jpg
2968,Time Bandits (1981),36819,https://image.tmdb.org/t/p/w500/4VZtpwdhHQSa4LUkvujyGAHb1hG.jpg
2969,"Man and a Woman, A (Un Homme et une Femme) (1966)",42726,https://image.tmdb.org/t/p/w500/boDZQiubhyhksN8fcgM4sXZ2btW.jpg
2970,Fitzcarraldo (1982),9343,https://image.tmdb.org/t/p/w500/oBCnYEKcg1rMhr5JjDnrRpilvDd.jpg
2971,All That Jazz (1979),16858,https://image.tmdb.org/t/p/w500/culCEdj4srLljefgn4XKd6k3C5t.jpg
2973,Crimes and Misdemeanors (1989),11562,https://image.tmdb.org/t/p/w500/6vC6MLYUICH57MmEVi1UaNaj2Qs.jpg
2974,Bats (1999),10496,https://image.tmdb.org/t/p/w500/pZRcf2BwcxWg594X6XT2jkR2qdb.jpg
2975,"Best Man, The (1999)",16162,https://image.tmdb.org/t/p/w500/ub2Njdn4kq49ndyg7QglnE8PUqT.jpg
2976,Bringing Out the Dead (1999),8649,https://image.tmdb.org/t/p/w500/gE2Q8mL0m0EA6HakRyc92uzSPJn.jpg
2977,Crazy in Alabama (1999),31306,https://image.tmdb.org/t/p/w500/bAlevqRg9KG9y725tt4YkNajLrk.jpg
2978,Three to Tango (1999),10563,https://image.tmdb.org/t/p/w500/z2EhRgWvzNa2NgoX0uModV6mEb2.jpg
2979,Body Shots (1999),14484,https://image.tmdb.org/t/p/w500/1YihuAszdbPMPxK7k46UYLdP1mz.jpg
2981,"Brother, Can You Spare a Dime? (1975)",94857,https://image.tmdb.org/t/p/w500/vwcE04LiNzgcfEfquiOFXA4wcY9.jpg
2982,"Guardian, The (1990)",32043,https://image.tmdb.org/t/p/w500/yIVqiwhkWos3C9gt34ZeEQ0c3xm.jpg
2983,"Ipcress File, The (1965)",15247,https://image.tmdb.org/t/p/w500/iCNRK7NVhBvNpiyMRmCpTBFNoLO.jpg
2984,On Any Sunday (1971),29251,https://image.tmdb.org/t/p/w500/5SXfbuEtAGFVAbY9uSPirfd8I8u.jpg
2985,Robocop (1987),5548,https://image.tmdb.org/t/p/w500/esmAU0fCO28FbS6bUBKLAzJrohZ.jpg
2986,Robocop 2 (1990),5549,https://image.tmdb.org/t/p/w500/nhqBxhOJXUJeFsyLxTFkctH9H5F.jpg
2987,Who Framed Roger Rabbit? (1988),856,https://image.tmdb.org/t/p/w500/lYfRc57Kx9VgLZ48iulu0HKnM15.jpg
2988,Melvin and Howard (1980),38772,https://image.tmdb.org/t/p/w500/1oN3ZQPyJcSqoj0An39FSD8VFmC.jpg
2989,For Your Eyes Only (1981),699,https://image.tmdb.org/t/p/w500/xV4Nnr6DjjERlqNikqDQX8LUgua.jpg
2990,Licence to Kill (1989),709,https://image.tmdb.org/t/p/w500/8nzJve63EXA79HGAyidZwivZrQ2.jpg
2991,Live and Let Die (1973),253,https://image.tmdb.org/t/p/w500/39qkrjqMZs6utwNmihVImC3ghas.jpg
2992,Rawhead Rex (1986),13511,https://image.tmdb.org/t/p/w500/vIEaIVlV5XRIUVoaptsymIexaL2.jpg
2993,Thunderball (1965),660,https://image.tmdb.org/t/p/w500/wCc4qllaTDsQN8zgGkAgQrKO6N9.jpg
2994,"City, The (1998)",46798,https://image.tmdb.org/t/p/w500/bFZVYRZCpDcXZEQUKlzUIeXHLDW.jpg
2996,Music of the Heart (1999),26149,https://image.tmdb.org/t/p/w500/yKbzT8q9b65hc1eIZxuRsLxopi7.jpg
2997,Being John Malkovich (1999),492,https://image.tmdb.org/t/p/w500/xVSvIwRNzwXSs0CLefiiG6A96m4.jpg
2999,Man of the Century (1999),98480,https://image.tmdb.org/t/p/w500/hBQNTz2MJLuK4u6pgzjxpXMqI5e.jpg
3001,"Suburbans, The (1999)",46286,https://image.tmdb.org/t/p/w500/meQUL49dy2A5f89hnDG22Pra2An.jpg
3002,My Best Fiend (Mein liebster Feind) (1999),8672,https://image.tmdb.org/t/p/w500/osoW8CtE9zuCK7Bre0cnVsoXQjY.jpg
3003,Train of Life (Train De Vie) (1998),8056,https://image.tmdb.org/t/p/w500/anUwgyVrC7kUwN5OliazbC5qBfr.jpg
3004,"Bachelor, The (1999)",2020,https://image.tmdb.org/t/p/w500/zAF7cDx3SNqx6vjqgH2FLFM9pcm.jpg
3005,"Bone Collector, The (1999)",9481,https://image.tmdb.org/t/p/w500/nXsNYWDPghD3XSoW2wq86esx7FQ.jpg
3006,"Insider, The (1999)",9008,https://image.tmdb.org/t/p/w500/jJCyIBPfvk41uETq6K6u4upyGO8.jpg
3007,American Movie (1999),14242,https://image.tmdb.org/t/p/w500/y8dJgWr1HeW0RRxwANDWvgIXdsF.jpg
3008,Last Night (1998),16129,https://image.tmdb.org/t/p/w500/hlPBctls7n03GOj3qDjFWWzCiFt.jpg
3009,Portraits Chinois (1996),104103,https://image.tmdb.org/t/p/w500/jJHbhLMXfdJloeqWCdmBPoTqLPD.jpg
3010,Rosetta (1999),11489,https://image.tmdb.org/t/p/w500/buwLjQPPA9FaATvKzeAppLXiGMB.jpg
3011,"They Shoot Horses, Don't They? (1969)",28145,https://image.tmdb.org/t/p/w500/7wVLBgriOQpT5RrufAFCdCSUp7M.jpg
3012,Battling Butler (1926),51371,https://image.tmdb.org/t/p/w500/7MVdo4OyzIcwycN58J9n855ggoS.jpg
3013,Bride of Re-Animator (1990),18111,https://image.tmdb.org/t/p/w500/7t9PmI65umna8yq0BPU9YoKn62I.jpg
3014,Bustin' Loose (1981),31361,https://image.tmdb.org/t/p/w500/dOs3shYBvRjXG0XSdyKfh47iyYQ.jpg
3015,Coma (1978),11223,https://image.tmdb.org/t/p/w500/kNMfXPm1f8OgVYFU4aEhmP9TJzO.jpg
3016,Creepshow (1982),16281,https://image.tmdb.org/t/p/w500/4SoyTCEpsgLjX6yAyMsx3AsAyRQ.jpg
3017,Creepshow 2 (1987),16288,https://image.tmdb.org/t/p/w500/bbanIymLuTYmQGis9nlCkFlT1eg.jpg
3018,Re-Animator (1985),1694,https://image.tmdb.org/t/p/w500/mGsnNBk1WkXpCuwnweeLiKAHcb4.jpg
3019,Drugstore Cowboy (1989),476,https://image.tmdb.org/t/p/w500/1URuvqnZcwL4wy8hIIwQ9p9AxVq.jpg
3020,Falling Down (1993),37094,https://image.tmdb.org/t/p/w500/7ujqyF96Zg3rfrsh9M0cEF0Yzqj.jpg
3021,"Funhouse, The (1981)",13555,https://image.tmdb.org/t/p/w500/9eFgNrkTbXk1TBPuzxdOEjutNoC.jpg
3022,"General, The (1927)",961,https://image.tmdb.org/t/p/w500/nIp4gIXogCjfB1QABNsWwa9gSca.jpg
3023,My Best Girl (1927),73969,https://image.tmdb.org/t/p/w500/30K2vL1L4TnTmAlZQj3ArUxHdgj.jpg
3024,Piranha (1978),24831,https://image.tmdb.org/t/p/w500/oaz0Le3fT3R8jzlkXkNV7JAsd7x.jpg
3025,Rough Night in Jericho (1967),64963,https://image.tmdb.org/t/p/w500/2gmK6yhpwiestvvblxufMXqDsMa.jpg
3026,Slaughterhouse (1987),85160,https://image.tmdb.org/t/p/w500/8k7w4Jh9KWMqCoZzpBaoZPzqNdr.jpg
3027,Slaughterhouse 2 (1988),38412,https://image.tmdb.org/t/p/w500/hFZzWoqOgIz5McMV4FPShhjiekC.jpg
3028,"Taming of the Shrew, The (1967)",25560,https://image.tmdb.org/t/p/w500/2LpU3kyg1PowiQoEHf7oUXOUmVa.jpg
3029,Nighthawks (1981),21610,https://image.tmdb.org/t/p/w500/2QgpCgOmlgvOPMMC0OrgCv5EKIf.jpg
3030,Yojimbo (1961),11878,https://image.tmdb.org/t/p/w500/tN7kYPjRhDolpui9sc9Eq9n5b2O.jpg
3031,Repossessed (1990),11510,https://image.tmdb.org/t/p/w500/jDTP5KgWwvuKfOyJ2PJfTqVYnxJ.jpg
3032,"Omega Man, The (1971)",11234,https://image.tmdb.org/t/p/w500/qlt65C43HeoDm5K5gYBtT20OeA1.jpg
3033,Spaceballs (1987),957,https://image.tmdb.org/t/p/w500/kNbaxEsnCyWBTfANVPHayujBsxp.jpg
3034,Robin Hood (1973),11886,https://image.tmdb.org/t/p/w500/x9AvkYek0bGdxQSZ8W3lAjGrREm.jpg
3035,Mister Roberts (1955),37853,https://image.tmdb.org/t/p/w500/5B8Gc1N2S3CDWHBzm0VxaMPTyzJ.jpg
3036,Quest for Fire (1981),62204,https://image.tmdb.org/t/p/w500/tyzW1M00xfHKNtmTlT6wJ3F4pNr.jpg
3037,Little Big Man (1970),11040,https://image.tmdb.org/t/p/w500/pLvUVqadEI9cPrRlTru6ee71EWU.jpg
3038,"Face in the Crowd, A (1957)",21849,https://image.tmdb.org/t/p/w500/2dkl9CDynHbIHDkIiPzKPFqnwFy.jpg
3039,Trading Places (1983),1621,https://image.tmdb.org/t/p/w500/8mBuLCOcpWnmYtZc4aqtvDXslv6.jpg
3040,Meatballs (1979),14035,https://image.tmdb.org/t/p/w500/9YA2erSNcca9NWd0xePC9ArFWnx.jpg
3041,Meatballs Part II (1984),40771,https://image.tmdb.org/t/p/w500/uMhPQ6Nzt6TwqMvaBwRJz2b4t1a.jpg
3042,Meatballs III (1987),40772,https://image.tmdb.org/t/p/w500/2N9rjuNg5vgQhKGrQJQLEDX7s70.jpg
3043,Meatballs 4 (1992),40773,https://image.tmdb.org/t/p/w500/8dcYDKcf8PJLqjzKBEthrzFYk8s.jpg
3044,Dead Again (1991),11498,https://image.tmdb.org/t/p/w500/irEnDVtxox6gnRJuwtEZuxvl2vZ.jpg
3045,Peter's Friends (1992),11790,https://image.tmdb.org/t/p/w500/8ly4EB83JlOkjBD6wOTU0ReXMQN.jpg
3046,"Incredibly True Adventure of Two Girls in Love, The (1995)",29371,https://image.tmdb.org/t/p/w500/dPbYJaH1j7sgj1NuA4VRyb7O4Mt.jpg
3047,Experience Preferred... But Not Essential (1982),276635,https://image.tmdb.org/t/p/w500/6RSeUO3nDh48PzDUeqBuRUwIn5j.jpg
3048,Under the Rainbow (1981),47941,https://image.tmdb.org/t/p/w500/mCdXzpghn4tPz6hbQcvS2UwOh1C.jpg
3049,How I Won the War (1967),29048,https://image.tmdb.org/t/p/w500/m3m6WC9JEKpCNht26OcFEDVU3V1.jpg
3050,Light It Up (1999),19052,https://image.tmdb.org/t/p/w500/sHbII8OHz2uoyOpPAVYe0LIJcdN.jpg
3051,Anywhere But Here (1999),21349,https://image.tmdb.org/t/p/w500/2DNtxmXkotuaJexU57geTLIPnQf.jpg
3052,Dogma (1999),1832,https://image.tmdb.org/t/p/w500/oxhHl2YokTqcP44QK5tiTgjgLgk.jpg
3053,"Messenger: The Story of Joan of Arc, The (1999)",10047,https://image.tmdb.org/t/p/w500/lFzOGA2LPdOfQyhEiY74uDf2WKa.jpg
3054,Pokémon: The First Movie (1998),10228,https://image.tmdb.org/t/p/w500/6YPzBcMH0aPNTvdXNCDLY0zdE1g.jpg
3055,Felicia's Journey (1999),47692,https://image.tmdb.org/t/p/w500/itqEwiINuYvaqvFKw5YWitnqAUc.jpg
3056,Oxygen (1999),18561,https://image.tmdb.org/t/p/w500/9qejeCJ2lUevfwRdwdGADuoFX0X.jpg
3057,Where's Marlowe? (1999),144953,https://image.tmdb.org/t/p/w500/lBYQEQidyOkL5VI59FRHVmoMC4z.jpg
3058,"Ape, The (1940)",37426,https://image.tmdb.org/t/p/w500/kXb0rlowlyXOriVMaEhpqBzmySk.jpg
3059,British Intelligence (1940),51787,https://image.tmdb.org/t/p/w500/bD2ET0q1eVjJnDDLQ3egApB71fL.jpg
3060,"Commitments, The (1991)",11663,https://image.tmdb.org/t/p/w500/iccBDq9aS1gwi6b8aJjBgPU4t2D.jpg
3061,Holiday Inn (1942),13485,https://image.tmdb.org/t/p/w500/7eZzwqLM1w1Mljg60rzB1zr27lu.jpg
3062,"Longest Day, The (1962)",9289,https://image.tmdb.org/t/p/w500/5zmvEofdIlgXrQl9A7e5IOzlnFU.jpg
3063,Poison Ivy (1992),9264,https://image.tmdb.org/t/p/w500/aBreWBGcu4ejlDo2U7ZPqilRGoQ.jpg
3064,Poison Ivy: New Seduction (1997),18222,https://image.tmdb.org/t/p/w500/l9Z43sz0qjTrmDjXRlChIVoH1JB.jpg
3066,Tora! Tora! Tora! (1970),11165,https://image.tmdb.org/t/p/w500/c311sN931DixuZRer0JGYCwpx9N.jpg
3067,Women on the Verge of a Nervous Breakdown (1988),4203,https://image.tmdb.org/t/p/w500/8C5FJlUo96pj1xAs2BKnB58PYzi.jpg
3068,"Verdict, The (1982)",24226,https://image.tmdb.org/t/p/w500/iYEuFP1bpj5yOenKliiRFcNO3VE.jpg
3069,"Effect of Gamma Rays on Man-in-the-Moon Marigolds, The (1972)",88875,https://image.tmdb.org/t/p/w500/hFGpoV5hDewXyBvjd44ajO58Sxw.jpg
3072,Moonstruck (1987),2039,https://image.tmdb.org/t/p/w500/2mnVWpvsHEHHnfvLn1NXYVvBGl5.jpg
3073,"Sandpiper, The (1965)",77915,https://image.tmdb.org/t/p/w500/cOEIl9QjFe6Pt5W7hbkt2Hy7EfX.jpg
3074,Jeremiah Johnson (1972),11943,https://image.tmdb.org/t/p/w500/fANj1S3UmBB51wnKxYRKtw8LMBn.jpg
3075,Repulsion (1965),11481,https://image.tmdb.org/t/p/w500/dtyCKEPLqv9wxyVazL4b843vtUb.jpg
3076,Irma la Douce (1963),2690,https://image.tmdb.org/t/p/w500/5TgL8ql6WwXWmX4EvBL4geJ7gx5.jpg
3077,42 Up (1998),20565,https://image.tmdb.org/t/p/w500/waXG2AmReCLVHtMhB7GirV5SFDj.jpg
3078,Liberty Heights (1999),27141,https://image.tmdb.org/t/p/w500/pFcUURqmwvvyq0eFzvDun8daPMX.jpg
3079,Mansfield Park (1999),10399,https://image.tmdb.org/t/p/w500/4l6KP9BSU1QgSgj9cjpeS3Bfhsr.jpg
3081,Sleepy Hollow (1999),2668,https://image.tmdb.org/t/p/w500/1GuK965FLJxqUw9fd1pmvjbFAlv.jpg
3082,"World Is Not Enough, The (1999)",36643,https://image.tmdb.org/t/p/w500/wCb2msgoZPK01WIqry24M4xsM73.jpg
3083,All About My Mother (Todo Sobre Mi Madre) (1999),99,https://image.tmdb.org/t/p/w500/hjQhzhkGYXPNM96k0mOgob6HMmn.jpg
3084,Home Page (1999),159569,https://image.tmdb.org/t/p/w500/eILODKQ3qcFcRcmhNolh3YvWvBU.jpg
3085,"Living Dead Girl, The (La Morte Vivante) (1982)",77010,https://image.tmdb.org/t/p/w500/42tNjk8Y9tqu1ooIzPO7UwuviEq.jpg
3087,Scrooged (1988),9647,https://image.tmdb.org/t/p/w500/uO0znfB2ZzTXA1IS7jkrjNbpkYK.jpg
3088,Harvey (1950),11787,https://image.tmdb.org/t/p/w500/dgd82hYmpiXDM1G867HqNaWe8wj.jpg
3089,"Bicycle Thief, The (Ladri di biciclette) (1948)",5156,https://image.tmdb.org/t/p/w500/iPdVqIpmR3bRvOQJPrn4pr2KR3q.jpg
3090,Matewan (1987),24276,https://image.tmdb.org/t/p/w500/jMYqoM60clzYIQriM1wYXXBjU3O.jpg
3091,Kagemusha (1980),11953,https://image.tmdb.org/t/p/w500/fJgqj9s8HNZz9zwX6femVJn8HEB.jpg
3092,Chushingura (1962),44662,https://image.tmdb.org/t/p/w500/Ac9n6tJOhfLz9SYaoMKkMJaoLQd.jpg
3093,McCabe & Mrs. Miller (1971),29005,https://image.tmdb.org/t/p/w500/oR839yRsFAiQHwJ78hdKZYjEBg8.jpg
3094,Maurice (1987),26371,https://image.tmdb.org/t/p/w500/8HhCyxxzoUqEBmVGK25Jq69LhVo.jpg
3095,"Grapes of Wrath, The (1940)",596,https://image.tmdb.org/t/p/w500/eUcxMVBIA0Jg8l1RGUqycrc3eIQ.jpg
3096,My Man Godfrey (1957),52470,https://image.tmdb.org/t/p/w500/9qXWyhDDoQH2WEc3KecjRmu6QC.jpg
3097,"Shop Around the Corner, The (1940)",20334,https://image.tmdb.org/t/p/w500/dZ1aEzGYRiqJwPfjS6VL7wUkHmF.jpg
3098,"Natural, The (1984)",11393,https://image.tmdb.org/t/p/w500/fwn1gYeOkS1XHKVFdNorKSIpix8.jpg
3099,Shampoo (1975),31121,https://image.tmdb.org/t/p/w500/6jmFvXPV6OhtX3AkAVnH7rwdeUJ.jpg
3100,"River Runs Through It, A (1992)",293,https://image.tmdb.org/t/p/w500/aVP45oS2cBL4WtZ1kB7r8uarruB.jpg
3101,Fatal Attraction (1987),10998,https://image.tmdb.org/t/p/w500/vjB9XwJKnYqFKKjhWcE6WpAf5Ki.jpg
3102,Jagged Edge (1985),12235,https://image.tmdb.org/t/p/w500/wHYjo3NLc293ZEXVSGhRIUr3Iqi.jpg
3103,Stanley & Iris (1990),36094,https://image.tmdb.org/t/p/w500/ydDNS3aCnBWOT9jQiEVmN56rk2i.jpg
3104,Midnight Run (1988),9013,https://image.tmdb.org/t/p/w500/yx0touyDQ9enWDsFgS4MbBwCSNd.jpg
3105,Awakenings (1990),11005,https://image.tmdb.org/t/p/w500/9gztZXuHLG6AJ0fgqGd7Q43cWRI.jpg
3106,Come See the Paradise (1990),59820,https://image.tmdb.org/t/p/w500/uBdJXVfcQkhKBg2SfydhoTqtcBr.jpg
3107,Backdraft (1991),2924,https://image.tmdb.org/t/p/w500/bymJtYNIdiAiBR1LRetaJXbfryc.jpg
3108,"Fisher King, The (1991)",177,https://image.tmdb.org/t/p/w500/hwIYw22HmAUMobV4zsX69MgfVUz.jpg
3109,"River, The (1984)",38557,https://image.tmdb.org/t/p/w500/bXIlE2QVIarVug9wpyPIz2xiWxf.jpg
3110,Country (1984),31939,https://image.tmdb.org/t/p/w500/njhQ5GKN5zrt53NjMQOraFAm7QF.jpg
3111,Places in the Heart (1984),13681,https://image.tmdb.org/t/p/w500/bmWg3uVn700inqOiadxeFTmiqmV.jpg
3112,'Night Mother (1986),34760,https://image.tmdb.org/t/p/w500/qMUD4HGqjH1I8LBZI9kcT6Dxmyh.jpg
3113,End of Days (1999),9946,https://image.tmdb.org/t/p/w500/pY8FbKKl3VD0jRI1iDFrwN6alLa.jpg
3114,Toy Story 2 (1999),863,https://image.tmdb.org/t/p/w500/4rbcp3ng8n1MKHjpeqW0L7Fnpzz.jpg
3115,Flawless (1999),31582,https://image.tmdb.org/t/p/w500/fkwkkUnaTmhaWt2OGBRepYr7yB5.jpg
3116,Miss Julie (1999),125520,https://image.tmdb.org/t/p/w500/7eBM9T0CKZpy59dIsvAg4GArTg8.jpg
3117,Ride with the Devil (1999),22267,https://image.tmdb.org/t/p/w500/pH3J5IUzho4ZVaRuTuErzqHHovb.jpg
3118,Tumbleweeds (1999),55123,https://image.tmdb.org/t/p/w500/2SdW45O7bPDTe0zLzNHhEcacNAk.jpg
3119,Bay of Blood (Reazione a catena) (1971),5486,https://image.tmdb.org/t/p/w500/cTqmAcZwaEY609QDCLpgBlwijn9.jpg
3120,"Distinguished Gentleman, The (1992)",10411,https://image.tmdb.org/t/p/w500/ny722xPMhsY6JlRmQQjLZs7JP0S.jpg
3121,"Hitch-Hiker, The (1953)",41462,https://image.tmdb.org/t/p/w500/9ORvQWC2o0FwIEl6zYU1jw9qH0X.jpg
3122,Santa Fe Trail (1940),1718,https://image.tmdb.org/t/p/w500/uBtJzonmF9uOFrDXlqQuxTfMwl7.jpg
3124,Agnes Browne (1999),15506,https://image.tmdb.org/t/p/w500/bgZ0lDvN0W8OLjPki1Me1JhtBrH.jpg
3125,"End of the Affair, The (1999)",20024,https://image.tmdb.org/t/p/w500/xTp5cyp6qG0YTdI4AEz4ytjODOQ.jpg
3126,"End of the Affair, The (1955)",78256,https://image.tmdb.org/t/p/w500/mDCUvA3xMcLbPP4iJvTTLjAl6Uz.jpg
3127,Holy Smoke (1999),13787,https://image.tmdb.org/t/p/w500/utBNYz1cX43SQKZFH1JmMZU34Dy.jpg
3128,"Map of the World, A (1999)",54933,https://image.tmdb.org/t/p/w500/yhoXmw3zbds7gjDPJfA7CiNNssI.jpg
3129,Sweet and Lowdown (1999),9684,https://image.tmdb.org/t/p/w500/23S5qa8j3ajYnERcYCqMLfSeOvw.jpg
3130,Bonfire of the Vanities (1990),9586,https://image.tmdb.org/t/p/w500/pdrPrygZ5dVKi8UxrUXMmq1k2iO.jpg
3131,Broadway Damage (1997),41638,https://image.tmdb.org/t/p/w500/sJ1NYKSDq3j3yA9gaXWg3onMaTI.jpg
3132,Daddy Long Legs (1919),70801,https://image.tmdb.org/t/p/w500/m3CF9lgC1mH1NWft43tgmyyOEdm.jpg
3133,Go West (1925),33015,https://image.tmdb.org/t/p/w500/chZ6GbfTIKgD6nYmUKZScDAnIo8.jpg
3134,"Grand Illusion (Grande illusion, La) (1937)",777,https://image.tmdb.org/t/p/w500/lWg41zE0FVixkNsFgxnlRyvDYv9.jpg
3135,"Great Santini, The (1979)",21887,https://image.tmdb.org/t/p/w500/xvoHFQlSAq0696rvONsEAWj1fcm.jpg
3136,"James Dean Story, The (1957)",5652,https://image.tmdb.org/t/p/w500/gmjihTFH7ROwJuthIZvoLC99AtS.jpg
3137,"Sea Wolves, The (1980)",19664,https://image.tmdb.org/t/p/w500/kb1YjjKpCrqqsmJDXnlbieJ3wC6.jpg
3138,Stealing Home (1988),32331,https://image.tmdb.org/t/p/w500/pwl2DNSO4nnOYUTMubBC2DpMpOQ.jpg
3139,Tarzan the Fearless (1933),76083,https://image.tmdb.org/t/p/w500/eHN87HvpjSaz6jk6mSerWzAmrqM.jpg
3140,"Three Ages, The (1923)",32628,https://image.tmdb.org/t/p/w500/khadgoKp9eLBY4t0KcST5gzddk3.jpg
3141,"Two Jakes, The (1990)",32669,https://image.tmdb.org/t/p/w500/49DSKcjPUdLjzyMpf8OIKep0cLN.jpg
3142,U2: Rattle and Hum (1988),18161,https://image.tmdb.org/t/p/w500/6wCNobX8pPdHF4zyzhuDKIem9Gx.jpg
3143,Hell in the Pacific (1968),31681,https://image.tmdb.org/t/p/w500/kEiJRrDP6m0o96v7n2UMtad4sAF.jpg
3144,"Glass Bottom Boat, The (1966)",33666,https://image.tmdb.org/t/p/w500/jlj5rCl7jfW7QskJ1vucd7j5n5M.jpg
3146,Deuce Bigalow: Male Gigolo (1999),10402,https://image.tmdb.org/t/p/w500/w0UKAcY4fAPuQW2GhAoIMwutIA5.jpg
3147,"Green Mile, The (1999)",497,https://image.tmdb.org/t/p/w500/8VG8fDNiy50H4FedGwdSVUPoaJe.jpg
3148,"Cider House Rules, The (1999)",1715,https://image.tmdb.org/t/p/w500/qAECAgqjSFRVZzEEGbFAZqZNiDh.jpg
3149,Diamonds (1999),35118,https://image.tmdb.org/t/p/w500/AjZvoJIGOOu8d1XIJ5QEFcGbTOy.jpg
3150,"War Zone, The (1999)",42739,https://image.tmdb.org/t/p/w500/k8ihC4NmbiIShEh2Q3ZUcHQeRQt.jpg
3151,"Bat Whispers, The (1930)",26162,https://image.tmdb.org/t/p/w500/pkgDRRgLjvMwjJXpnKrBYriSd9X.jpg
3152,"Last Picture Show, The (1971)",25188,https://image.tmdb.org/t/p/w500/7NYePZc0lZrRomtmQsjOJMePTEb.jpg
3153,"7th Voyage of Sinbad, The (1958)",15515,https://image.tmdb.org/t/p/w500/wZKfMySjut6QxLNTyMkzrCBZyxP.jpg
3154,Blood on the Sun (1945),75888,https://image.tmdb.org/t/p/w500/hZ4IDpM7MBdHRTQL6vYZu9jYBvu.jpg
3155,Anna and the King (1999),1439,https://image.tmdb.org/t/p/w500/PIlOkljucv7HnvATbn4JwrAvSn.jpg
3156,Bicentennial Man (1999),2277,https://image.tmdb.org/t/p/w500/wrs23eO0VEWwOQpXoOasMnlW9Y4.jpg
3157,Stuart Little (1999),10137,https://image.tmdb.org/t/p/w500/362lcwTJlNyAhitTlp2UraECISR.jpg
3158,"Emperor and the Assassin, The (Jing ke ci qin wang) (1999)",10387,https://image.tmdb.org/t/p/w500/hroNcPp2cn6mMWcYpkEud2GY78f.jpg
3159,Fantasia 2000 (1999),49948,https://image.tmdb.org/t/p/w500/5rwAtUaKEK48CPUijVfVU0IPKPZ.jpg
3160,Magnolia (1999),334,https://image.tmdb.org/t/p/w500/tpfC325Jk6S38VTe5dDWjWtoyxr.jpg
3161,Onegin (1999),30237,https://image.tmdb.org/t/p/w500/nG5c0Jwy8vxFXZcDMMcrbSCEsrp.jpg
3162,Simpatico (1999),50116,https://image.tmdb.org/t/p/w500/p6JglpvM6ERbZAYEW31gwvNprVZ.jpg
3163,Topsy-Turvy (1999),46435,https://image.tmdb.org/t/p/w500/nxHjVAVOFgWbD2RptBBCLVO6SIR.jpg
3164,"Alley Cats, The (1968)",94260,https://image.tmdb.org/t/p/w500/h5YOpl4nlSx9QyVTpKAQd2DzriM.jpg
3165,Boiling Point (1993),22213,https://image.tmdb.org/t/p/w500/rmCgFzCnqoPRtm1zXTxKzV8yUJV.jpg
3166,Brenda Starr (1989),47070,https://image.tmdb.org/t/p/w500/7NbU3Bt0WPpFZiLLt2IHRgn0WGX.jpg
3167,Carnal Knowledge (1971),36492,https://image.tmdb.org/t/p/w500/kvP2e1J5oDsBG688J6Y2I2rSBE6.jpg
3168,Easy Rider (1969),624,https://image.tmdb.org/t/p/w500/mmGEB6ly9OG8SYVfvAoa6QqHNvN.jpg
3170,Hi-Yo Silver (1940),415072,https://image.tmdb.org/t/p/w500/3e9R4ADdfj1Gil4hMyUAleVxEiy.jpg
3171,Room at the Top (1959),43103,https://image.tmdb.org/t/p/w500/uuyruoqh7oBtjwN1mJyOF04CPjO.jpg
3172,Ulysses (Ulisse) (1954),43194,https://image.tmdb.org/t/p/w500/1HwrZ6SVRcUiPWSx3ecc7DFqey0.jpg
3173,Any Given Sunday (1999),9563,https://image.tmdb.org/t/p/w500/bysZeUvSPZPJnku4qkHF34CdgMG.jpg
3174,Man on the Moon (1999),1850,https://image.tmdb.org/t/p/w500/msOZS07xRIFnapwp3fprGbKEAfT.jpg
3175,Galaxy Quest (1999),926,https://image.tmdb.org/t/p/w500/fZXSwgZknp81vmciTb86rw0MejV.jpg
3176,"Talented Mr. Ripley, The (1999)",1213,https://image.tmdb.org/t/p/w500/6ojHgqtIR41O2qLKa7LFUVj0cZa.jpg
3178,"Hurricane, The (1999)",10400,https://image.tmdb.org/t/p/w500/zhnxjsNnnpsBMF5V1H7Pzkec45Y.jpg
3179,Angela's Ashes (1999),10397,https://image.tmdb.org/t/p/w500/3Zzcys11nAPP14sKW9l97fIHhkK.jpg
3180,Play it to the Bone (1999),20761,https://image.tmdb.org/t/p/w500/qSJl8pD17doJsAkou5mPvDogBQT.jpg
3181,Titus (1999),12524,https://image.tmdb.org/t/p/w500/82mCeQoeT2C7h7vR6Ot9MQotE1R.jpg
3182,Mr. Death: The Rise and Fall of Fred A. Leuchter Jr. (1999),28216,https://image.tmdb.org/t/p/w500/buoMN4p95mvB2JgyglMb5gKxurV.jpg
3183,"Third Miracle, The (1999)",36773,https://image.tmdb.org/t/p/w500/lkxqF5lQSVoLk9ikALSByJgBPoN.jpg
3184,Montana (1998),30814,https://image.tmdb.org/t/p/w500/zFs5UNnduge6BvIXORENbEdfK8h.jpg
3185,Snow Falling on Cedars (1999),10219,https://image.tmdb.org/t/p/w500/h1CujbeKvwkR6LMr4jVuMM0C94X.jpg
3186,"Girl, Interrupted (1999)",3558,https://image.tmdb.org/t/p/w500/dOBdatHIVppvmRFw2z7bf9VKJr9.jpg
3187,Trans (1998),104878,https://image.tmdb.org/t/p/w500/hbvtFHbQTZ5Xu0YWrk8B3jcdRLx.jpg
3188,"Life and Times of Hank Greenberg, The (1998)",41276,https://image.tmdb.org/t/p/w500/9Gnyl9QAYD9mmvyxwBA4CYus4Cb.jpg
3190,Supernova (2000),10384,https://image.tmdb.org/t/p/w500/AmHGUjhgXnOYRYrF2ZYMtzfwxPe.jpg
3191,"Quarry, The (1998)",125317,https://image.tmdb.org/t/p/w500/byCCshcAAneDJu3gqjU8eA7YXHK.jpg
3193,Creature (1999),581335,https://image.tmdb.org/t/p/w500/oLiGUX2Y6hhXlzuGvKGPNs8m5R0.jpg
3194,"Way We Were, The (1973)",10236,https://image.tmdb.org/t/p/w500/o5x563ze56iI4iNsCBxTnDkt28i.jpg
3195,Tess of the Storm Country (1922),71067,https://image.tmdb.org/t/p/w500/8xSjRGRIlgxR5bVKo6WWdiBboT9.jpg
3196,Stalag 17 (1953),632,https://image.tmdb.org/t/p/w500/lfve9FDKjT7JPbWI9NCs5340F79.jpg
3197,"Presidio, The (1988)",11851,https://image.tmdb.org/t/p/w500/pHYtq4wFaUy5Rfa8lRi24QMUwRY.jpg
3198,Papillon (1973),5924,https://image.tmdb.org/t/p/w500/356oqQpug682OERsWV0bGZ0YxwQ.jpg
3199,Pal Joey (1957),33734,https://image.tmdb.org/t/p/w500/5vWaDXDBxEv9ahwF8aSigbC0ADy.jpg
3200,"Last Detail, The (1973)",14886,https://image.tmdb.org/t/p/w500/zQoNkO99qfaBjh5aoA0pKau1prp.jpg
3201,Five Easy Pieces (1970),26617,https://image.tmdb.org/t/p/w500/xGLkuMWigSPLBvWiENSMlVq56iE.jpg
3202,Even Dwarfs Started Small (Auch Zwerge haben klein angefangen) (1971),11900,https://image.tmdb.org/t/p/w500/b0jmVC1a4LghH9BtzTPn1DELvBP.jpg
3203,Dead Calm (1989),10493,https://image.tmdb.org/t/p/w500/hXpav86ZX5N1YIfVfVtzuZLNrjW.jpg
3204,"Boys from Brazil, The (1978)",16241,https://image.tmdb.org/t/p/w500/w7IZT1HJNmWcEj3Axwlwhya02OX.jpg
3205,Black Sunday (La Maschera Del Demonio) (1960),27632,https://image.tmdb.org/t/p/w500/x41Zx8GeZhducquhOq9nE7z1GBG.jpg
3206,Against All Odds (1984),22160,https://image.tmdb.org/t/p/w500/Ac0m41QYoxYBfRoU4cL491vOfEv.jpg
3207,"Snows of Kilimanjaro, The (1952)",4460,https://image.tmdb.org/t/p/w500/xIdEt2rycY6h3QAKGqWrIGqhviD.jpg
3208,Loaded Weapon 1 (1993),9644,https://image.tmdb.org/t/p/w500/moP0nyVWVisqSeH6nMewWyIPV6z.jpg
3209,"Loves of Carmen, The (1948)",43455,https://image.tmdb.org/t/p/w500/q6zuGR1lyWDRaBGpmKhddm5wgBX.jpg
3210,Fast Times at Ridgemont High (1982),13342,https://image.tmdb.org/t/p/w500/s1DA8H7qwoOcAEhow2rCzuQtpuO.jpg
3211,"Cry in the Dark, A (1988)",35119,https://image.tmdb.org/t/p/w500/auyoK8OZh1sZldjJfy9RGzS6crV.jpg
3212,Born to Win (1971),21256,https://image.tmdb.org/t/p/w500/y43Zv5TMVNxO7UBjjTgYcXXQlWn.jpg
3213,Batman: Mask of the Phantasm (1993),14919,https://image.tmdb.org/t/p/w500/hT4ehUteagUrhUOHAtmYiY7mp5l.jpg
3214,American Flyers (1985),14040,https://image.tmdb.org/t/p/w500/sa8otETzs4ZJ77s7LypCmD0zzQe.jpg
3215,Voyage of the Damned (1976),75641,https://image.tmdb.org/t/p/w500/zXIAI4nLLHyFzLJz3fTmtd4yErF.jpg
3217,"Star Is Born, A (1937)",22692,https://image.tmdb.org/t/p/w500/90EfCmXXWOs5dy7rHTNvGT9T8Kz.jpg
3218,Poison (1991),47620,https://image.tmdb.org/t/p/w500/MW47kViKJcFtt8hQV3EYaOw6zI.jpg
3219,Pacific Heights (1990),2990,https://image.tmdb.org/t/p/w500/9iHD6xIrGSuuMEFWhwSVGXSddY2.jpg
3220,Night Tide (1961),38775,https://image.tmdb.org/t/p/w500/bd8pTcZQNRBFrShJoCQUWnJxmZJ.jpg
3221,"Draughtsman's Contract, The (1982)",10831,https://image.tmdb.org/t/p/w500/ljeTWR2kowGXijMc8LMuy72ULM3.jpg
3222,Carmen (1984),21193,https://image.tmdb.org/t/p/w500/oiODmFnXZnmafoVwcOJD59uoWzJ.jpg
3223,"Zed & Two Noughts, A (1985)",33078,https://image.tmdb.org/t/p/w500/55eiU0JNfNRqWbpabsf6NukntI2.jpg
3224,Woman in the Dunes (Suna no onna) (1964),16672,https://image.tmdb.org/t/p/w500/xiBr3bIT2xpbuIKo5bLK7ebP4O1.jpg
3225,Down to You (2000),10472,https://image.tmdb.org/t/p/w500/pqEEtX4S8j2XqZ9JAD97fz2DPkV.jpg
3227,"Not Love, Just Frenzy (Más que amor, frenesí) (1996)",79474,https://image.tmdb.org/t/p/w500/23G5L3DDNt0yqbmuVH79MpWYUqH.jpg
3229,Another Man's Poison (1952),53714,https://image.tmdb.org/t/p/w500/c1l9H43tauTdy4PZaekywdLYY5x.jpg
3230,"Odessa File, The (1974)",21489,https://image.tmdb.org/t/p/w500/j8uFsP2PxDMN3bdo5Ve6fYj0ebN.jpg
3231,"Saphead, The (1920)",51392,https://image.tmdb.org/t/p/w500/n1i7g4dGkV6oKxPpFJJYk2gVhh4.jpg
3232,Seven Chances (1925),32600,https://image.tmdb.org/t/p/w500/fH9woIxzqVtyv6S711vSVlS12eA.jpg
3233,Smashing Time (1967),110479,https://image.tmdb.org/t/p/w500/kSDdaaNPcKWOOJ7nliC0eWxbhrE.jpg
3235,Where the Buffalo Roam (1980),13005,https://image.tmdb.org/t/p/w500/8XgXvVmb5SdxWu4Enxh9ntbyate.jpg
3236,Zachariah (1971),65134,https://image.tmdb.org/t/p/w500/3UsTPl50gVevv3ycyFM7BhuIMIv.jpg
3237,Kestrel's Eye (Falkens öga) (1998),121738,https://image.tmdb.org/t/p/w500/nDxm2BTAhuAjtfWlwbIxtW7W6FF.jpg
3238,Eye of the Beholder (1999),18681,https://image.tmdb.org/t/p/w500/4eB1Gw5r3Etbe4su6PhOo6OAN9E.jpg
3239,Isn't She Great? (2000),75531,https://image.tmdb.org/t/p/w500/ikmulTGVfW6jYYNz4iO5yoN7dla.jpg
3240,"Big Tease, The (1999)",20468,https://image.tmdb.org/t/p/w500/i7HjSujyV4PpIcTzhlNxNGvMiRJ.jpg
3243,Encino Man (1992),10406,https://image.tmdb.org/t/p/w500/y8HtL6pyjfODdHOFgciFVFmt8Eq.jpg
3244,"Goodbye Girl, The (1977)",14741,https://image.tmdb.org/t/p/w500/xdaPFRARLPJuSdQIfxKVJSCOsmD.jpg
3245,I Am Cuba (Soy Cuba/Ya Kuba) (1964),32015,https://image.tmdb.org/t/p/w500/qQxv27Lae6Uph7iOEzyZ5BOZxJh.jpg
3246,Malcolm X (1992),1883,https://image.tmdb.org/t/p/w500/o2s9ow0uRRm1BcF3teznk5twd90.jpg
3247,Sister Act (1992),2005,https://image.tmdb.org/t/p/w500/xZvVSZ0RTxIjblLV87vs7ADM12m.jpg
3248,Sister Act 2: Back in the Habit (1993),6279,https://image.tmdb.org/t/p/w500/2jmPYqep3r2eumauyTauNIhSmR7.jpg
3249,"Hand That Rocks the Cradle, The (1992)",11087,https://image.tmdb.org/t/p/w500/1fBnyO3SbNBplck45js6O4pQaLw.jpg
3250,Alive (1993),7305,https://image.tmdb.org/t/p/w500/uQACcCZqd7WCTRin9xRIW5gr1bd.jpg
3251,Agnes of God (1985),24735,https://image.tmdb.org/t/p/w500/m2QrxkojSmQb9k4DN6qhovDHLwD.jpg
3252,Scent of a Woman (1992),9475,https://image.tmdb.org/t/p/w500/4adI7IaveWb7EidYXfLb3MK3CgO.jpg
3253,Wayne's World (1992),8872,https://image.tmdb.org/t/p/w500/fHwZnFNWR7PaS9t5EBwTvGPeoYQ.jpg
3254,Wayne's World 2 (1993),8873,https://image.tmdb.org/t/p/w500/72TBNPN06oo1myHqihwcCQVDl48.jpg
3255,"League of Their Own, A (1992)",11287,https://image.tmdb.org/t/p/w500/f9BtX6wYOwJUyfUr4vyeT3COz6m.jpg
3256,Patriot Games (1992),9869,https://image.tmdb.org/t/p/w500/9IT7gnszrRthduYxCLqaIkM55Un.jpg
3257,"Bodyguard, The (1992)",619,https://image.tmdb.org/t/p/w500/ihWF0uY1xnKqw9YK7ZHNLUZOhcO.jpg
3258,Death Becomes Her (1992),9374,https://image.tmdb.org/t/p/w500/kkWxyyyWFK5KNk9WVwQuGEC9H9H.jpg
3259,Far and Away (1992),11259,https://image.tmdb.org/t/p/w500/is80o8p0sCok3UqtnHEE2oyXyad.jpg
3260,Howards End (1992),8293,https://image.tmdb.org/t/p/w500/1009nhfj28VhhQnVadtjkOacduX.jpg
3261,Singles (1992),11068,https://image.tmdb.org/t/p/w500/4T7OKBdkNBorRKWw7VSeuA225z1.jpg
3262,Twin Peaks: Fire Walk with Me (1992),1923,https://image.tmdb.org/t/p/w500/mxsGXqetGnirf99qapYd5MMY1VL.jpg
3263,White Men Can't Jump (1992),10158,https://image.tmdb.org/t/p/w500/jnI05Z2Cm9ACEJo8FGen7tdHKLl.jpg
3264,Buffy the Vampire Slayer (1992),10206,https://image.tmdb.org/t/p/w500/tcF3S4UdFpuoZEWovMDq5AXazNF.jpg
3265,Hard-Boiled (Lashou shentan) (1992),11782,https://image.tmdb.org/t/p/w500/oMqr4CGGqVlfI8DdrSelK1e9aFM.jpg
3266,Man Bites Dog (C'est arrivé près de chez vous) (1992),10086,https://image.tmdb.org/t/p/w500/uRVI98a6MxdLkpsXM8LqIM9W7XZ.jpg
3267,"Mariachi, El (1992)",9367,https://image.tmdb.org/t/p/w500/zRh7K4SV1xQ419m8gzGITak51vc.jpg
3268,Stop! Or My Mom Will Shoot (1992),9876,https://image.tmdb.org/t/p/w500/yCw4U5FK7C9hVWF2qcLO4EVvkCc.jpg
3269,Forever Young (1992),10326,https://image.tmdb.org/t/p/w500/eKbD77BEhhBmFD7ZE9VTi9o8r2K.jpg
3270,"Cutting Edge, The (1992)",16562,https://image.tmdb.org/t/p/w500/sx4qf2XoW0xaLITQLpajsYc4mcj.jpg
3271,Of Mice and Men (1992),9609,https://image.tmdb.org/t/p/w500/qAHLUMZyoW3iwj2b01B2nKcePTA.jpg
3272,Bad Lieutenant (1992),12143,https://image.tmdb.org/t/p/w500/mVJ2mXykqq3t2v1nuouf1P10g0d.jpg
3273,Scream 3 (2000),4234,https://image.tmdb.org/t/p/w500/qpH8ToZVlFD1bakL04LkEKodyDI.jpg
3274,Single White Female (1992),9605,https://image.tmdb.org/t/p/w500/2B6spN9XvzbK9hKDQtvTa4wVoys.jpg
3275,"Boondock Saints, The (1999)",8374,https://image.tmdb.org/t/p/w500/wtLUmkWg41xFLpvmUWAN1mm65f6.jpg
3276,Gun Shy (2000),29076,https://image.tmdb.org/t/p/w500/iMCuGjQu5LsS6hyr5KmRDNqcomy.jpg
3277,Beloved/Friend (Amigo/Amado) (1999),80471,https://image.tmdb.org/t/p/w500/yvIOKJYryk5KXIZzHt28dYDcuqQ.jpg
3278,Gendernauts (1999),49477,https://image.tmdb.org/t/p/w500/3LuglkeIfwPUWLDtpLEVQgrbW0H.jpg
3280,"Baby, The (1973)",28156,https://image.tmdb.org/t/p/w500/ovk7WxoO5Bu970qGCQuF6DgrwZw.jpg
3281,"Brandon Teena Story, The (1998)",113096,https://image.tmdb.org/t/p/w500/2VUVDdbInXCTn4X2ViCkIYE33r5.jpg
3282,Different for Girls (1996),106837,https://image.tmdb.org/t/p/w500/aWO2iXpqQY3S4WhXRvf0B18QVR8.jpg
3283,Minnie and Moskowitz (1971),24349,https://image.tmdb.org/t/p/w500/pufOqUEeEzbUma3WfnLS0AHiMl5.jpg
3284,They Might Be Giants (1971),27841,https://image.tmdb.org/t/p/w500/yzv8J2Vu63AQyEw5D9ckyBgn9Fo.jpg
3285,"Beach, The (2000)",1907,https://image.tmdb.org/t/p/w500/4y7LxD8TSi6AtsM2xSYqUm1gu7u.jpg
3286,Snow Day (2000),15489,https://image.tmdb.org/t/p/w500/myTnHKy178rrd1oUG3GkEvc641G.jpg
3287,"Tigger Movie, The (2000)",15655,https://image.tmdb.org/t/p/w500/9OdZKUdGfaBAUwRLbtWpFWKbILO.jpg
3288,Cotton Mary (1999),68546,https://image.tmdb.org/t/p/w500/mmxuDLWebuhgqqeg2j7y693PltS.jpg
3289,Not One Less (Yi ge dou bu neng shao) (1999),36210,https://image.tmdb.org/t/p/w500/eERKaWCIRh3a8rPjUu1z34OYZD8.jpg
3290,Soft Toilet Seats (1999),279444,https://image.tmdb.org/t/p/w500/yzVQ1ufyk9LTr9LYmdPXYmQIFfb.jpg
3291,Trois (2000),77908,https://image.tmdb.org/t/p/w500/swlcLL0ufIoNUFYnTBMONifxKGG.jpg
3292,"Big Combo, The (1955)",22342,https://image.tmdb.org/t/p/w500/fltH7VmdZQeCRMwionxfYKOZoPg.jpg
3293,Conceiving Ada (1997),96484,https://image.tmdb.org/t/p/w500/vDvLDFvqbmm9M1LeuHSMTbEtPK5.jpg
3294,Eaten Alive (1976),30062,https://image.tmdb.org/t/p/w500/5RVbWSY0Zo3ggQBVheEfqlpad8h.jpg
3295,Raining Stones (1993),62463,https://image.tmdb.org/t/p/w500/tkkfaTOTgeQ8iq0yQn4y8MvGkG8.jpg
3296,To Sir with Love (1967),25934,https://image.tmdb.org/t/p/w500/xMaVwTfgETmPs5yp3lNK5SeWCtB.jpg
3297,With Byrd at the South Pole (1930),101383,https://image.tmdb.org/t/p/w500/2PZHvCe8b0uvIixnhXL6pst9wfc.jpg
3298,Boiler Room (2000),14181,https://image.tmdb.org/t/p/w500/jFB5uvCZ3HXF00liAEAuOruCPs6.jpg
3299,Hanging Up (2000),10385,https://image.tmdb.org/t/p/w500/lnnFFGhIXi6ZDU3r29eKHKTHdq0.jpg
3300,Pitch Black (2000),2787,https://image.tmdb.org/t/p/w500/3AnlxZ5CZnhKKzjgFyY6EHxmOyl.jpg
3301,"Whole Nine Yards, The (2000)",2069,https://image.tmdb.org/t/p/w500/rDV7ntPLY0ZDBT722Odsi80nFrn.jpg
3302,Beautiful People (1999),61416,https://image.tmdb.org/t/p/w500/t5s6oSCyA2tGf7J5ZJHii4eb2J2.jpg
3304,Blue Collar (1978),14839,https://image.tmdb.org/t/p/w500/7WBBcgzESyX1qEq9x7tg22dlORL.jpg
3305,Bluebeard (1944),42186,https://image.tmdb.org/t/p/w500/6S0waXu4haFamrSxRPKHQje0FKH.jpg
3306,"Circus, The (1928)",28978,https://image.tmdb.org/t/p/w500/3FywbVq2qGqbYHPCy2NJcOf0gmp.jpg
3307,City Lights (1931),901,https://image.tmdb.org/t/p/w500/bXNvzjULc9jrOVhGfjcc64uKZmZ.jpg
3308,"Flamingo Kid, The (1984)",25010,https://image.tmdb.org/t/p/w500/hNCYkAXB9WIQBABXTV6Vs9kFrLY.jpg
3310,"Kid, The (1921)",10098,https://image.tmdb.org/t/p/w500/A9NWYyn7eX0H9XIjaOvfWJ9mCGA.jpg
3311,"Man from Laramie, The (1955)",18264,https://image.tmdb.org/t/p/w500/aKMZoZpN0FobSIDAlj5Ixv0kDeT.jpg
3312,"McCullochs, The (1975)",291861,https://image.tmdb.org/t/p/w500/Al5JBa9bxvpJ9U726PQIhwbUMLv.jpg
3313,Class Reunion (1982),33374,https://image.tmdb.org/t/p/w500/9Ci3ywt4fbrN6TP5iknNcQ1FHDf.jpg
3314,"Big Trees, The (1952)",43368,https://image.tmdb.org/t/p/w500/5BPeNZ1cfFMDVZDl3G63U6WatyC.jpg
3315,Happy Go Lovely (1951),127602,https://image.tmdb.org/t/p/w500/alnkjFvq0DC7IaS6QKJTYRlanQV.jpg
3316,Reindeer Games (2000),2155,https://image.tmdb.org/t/p/w500/8y1PedfYWllJVoBbkt9KWLY155v.jpg
3317,Wonder Boys (2000),11004,https://image.tmdb.org/t/p/w500/vGOdSLaZmu42qqwDUMgrfctJ65M.jpg
3319,Judy Berlin (1999),36048,https://image.tmdb.org/t/p/w500/vBLRFlrUOvYM2dlDQx5oaZSTVnl.jpg
3320,Mifune (Mifunes sidste sang) (1999),139,https://image.tmdb.org/t/p/w500/qEg7dmFcPqjF5kBYD0Bkz2CVyYB.jpg
3322,3 Strikes (2000),47816,https://image.tmdb.org/t/p/w500/ca7xVIgh7UYsFOCBLP8ERmBktC5.jpg
3323,Chain of Fools (2000),20682,https://image.tmdb.org/t/p/w500/rUwl3cfSf60aP1uvfb4QIEVMHuq.jpg
3324,Drowning Mona (2000),25166,https://image.tmdb.org/t/p/w500/iuN2SXCGPIlC7pAPCOzqAdeaDji.jpg
3325,"Next Best Thing, The (2000)",1831,https://image.tmdb.org/t/p/w500/iYK1ZUtY4etcn91glUmrGuZRH6M.jpg
3326,What Planet Are You From? (2000),10416,https://image.tmdb.org/t/p/w500/2VtgMZPj3uDLz0zOQqZ74SUZGK4.jpg
3328,Ghost Dog: The Way of the Samurai (1999),4816,https://image.tmdb.org/t/p/w500/iCTSWEfqaweDNt83ZUvTbjukdFb.jpg
3329,"Year My Voice Broke, The (1987)",19958,https://image.tmdb.org/t/p/w500/eThAKG78ypcpyZSysue7exgMuZS.jpg
3330,Splendor in the Grass (1961),28569,https://image.tmdb.org/t/p/w500/n6Kw8Ui93SMhrk1MupCFwUg04vq.jpg
3331,My Tutor (1983),2193,https://image.tmdb.org/t/p/w500/gMIEasZXQImHpRHos5XsVg80ERV.jpg
3332,"Legend of Lobo, The (1962)",64871,https://image.tmdb.org/t/p/w500/1PqlCYQVhvwwXzlNk7uZ5vX4SP9.jpg
3333,"Killing of Sister George, The (1968)",54575,https://image.tmdb.org/t/p/w500/u9Cyc6mde7pthv7M2xvk3wmfAHP.jpg
3334,Key Largo (1948),11016,https://image.tmdb.org/t/p/w500/rySfmQQZhS7RswOiJcJrww6FcHy.jpg
3335,Jail Bait (1954),23020,https://image.tmdb.org/t/p/w500/av2ppBDn3Z9BSBByao9WEv8XWXA.jpg
3338,For All Mankind (1989),20423,https://image.tmdb.org/t/p/w500/7k8ylisWiEGxdRSlAf6v4PWiAjH.jpg
3339,Cross of Iron (1977),10839,https://image.tmdb.org/t/p/w500/fR6pqh5aFn0fawsn7sR2zC15swx.jpg
3341,Born Yesterday (1950),24481,https://image.tmdb.org/t/p/w500/hPiQUhnkgp2O9bQz9KhSyOjLvGl.jpg
3342,Birdy (1984),11296,https://image.tmdb.org/t/p/w500/weIn0Huxx4SQU8PB5ZggzA4PLIE.jpg
3343,And God Created Woman (1988),61651,https://image.tmdb.org/t/p/w500/taznRSey1cI962s1h8RqOmBDOY.jpg
3344,Blood Feast (1963),28172,https://image.tmdb.org/t/p/w500/u6mWxgOrNAF3AaevaGEE4NqCwcQ.jpg
3345,"Charlie, the Lonesome Cougar (1967)",57855,https://image.tmdb.org/t/p/w500/7Nx00VscGdcPsa1PmjmwwMxLe3F.jpg
3346,Color Me Blood Red (1965),28180,https://image.tmdb.org/t/p/w500/wQR9ZhhZ7LZwZVnm0dcTs8LdG20.jpg
3347,Never Cry Wolf (1983),14280,https://image.tmdb.org/t/p/w500/e61tGxVtobTQuFPmAC7xWwdC4O1.jpg
3349,"Perils of Pauline, The (1947)",149687,https://image.tmdb.org/t/p/w500/sNRA50WgkFnMA7g1M0qjBaPYrT2.jpg
3350,"Raisin in the Sun, A (1961)",29478,https://image.tmdb.org/t/p/w500/fxGAJFfryAgdi4ONkVyrBWKDBbI.jpg
3351,Two Thousand Maniacs! (1964),28177,https://image.tmdb.org/t/p/w500/in69fThBOtqZ20GFxBxz1xFL70u.jpg
3352,Brown's Requiem (1998),64166,https://image.tmdb.org/t/p/w500/hhshoH9MZM9cB9lfArRtZ0mf9Gv.jpg
3353,"Closer You Get, The (2000)",73642,https://image.tmdb.org/t/p/w500/xeENuqgJtRcum0hJCrmUJ8HA4k8.jpg
3354,Mission to Mars (2000),2067,https://image.tmdb.org/t/p/w500/cTKWoBpN5Gvi0vpMb9mLtYlwXqT.jpg
3355,"Ninth Gate, The (2000)",622,https://image.tmdb.org/t/p/w500/rxw9l9YNL14ODdmAavUwHLBjiDo.jpg
3356,Condo Painting (2000),110666,https://image.tmdb.org/t/p/w500/lAYynUntFK6vMn3Y5YgH4PEWMuy.jpg
3357,East-West (Est-ouest) (1999),28463,https://image.tmdb.org/t/p/w500/c1Uf4HC5WEcssVoOm48Bfzn7Wmk.jpg
3358,Defending Your Life (1991),12186,https://image.tmdb.org/t/p/w500/flXJ4AnKYq8DH1f1TmQ4QrqSwsB.jpg
3359,Breaking Away (1979),20283,https://image.tmdb.org/t/p/w500/k7b5GsVJK1hfdwoYqcczN9pBba6.jpg
3360,Hoosiers (1986),5693,https://image.tmdb.org/t/p/w500/dHpjZQXEdoi1xNLubM1rPmTHJYz.jpg
3361,Bull Durham (1988),287,https://image.tmdb.org/t/p/w500/q3T9bO6p74NcTxWOhdUA6fASQ5T.jpg
3362,Dog Day Afternoon (1975),968,https://image.tmdb.org/t/p/w500/mavrhr0ig2aCRR8d48yaxtD5aMQ.jpg
3363,American Graffiti (1973),838,https://image.tmdb.org/t/p/w500/1tjLivPad2PX8FAzWko7FPIb8d2.jpg
3364,"Asphalt Jungle, The (1950)",16958,https://image.tmdb.org/t/p/w500/8xsUnT0P2fJWQv9jGDhs3i9Zx2l.jpg
3365,"Searchers, The (1956)",3114,https://image.tmdb.org/t/p/w500/jLBmgW0epNzJ1N9uzaVCjbyT94v.jpg
3366,Where Eagles Dare (1969),11046,https://image.tmdb.org/t/p/w500/dnyiVS4Ad4w4rfS4Bm1YalEdonx.jpg
3367,"Devil's Brigade, The (1968)",31938,https://image.tmdb.org/t/p/w500/kbcyQHD93FcPxUvKQai5oJ9tUtE.jpg
3368,"Big Country, The (1958)",12501,https://image.tmdb.org/t/p/w500/aTjIUBmo7qbiu5FuvSoBA0UONWk.jpg
3369,Any Number Can Win (Mélodie en sous-sol ) (1963),22650,https://image.tmdb.org/t/p/w500/pjA8gAy6oqLZHXXdCKygqZA6cf6.jpg
3370,Betrayed (1988),31618,https://image.tmdb.org/t/p/w500/eilzKLdafTPGZTq9BhHlsjM70JG.jpg
3371,Bound for Glory (1976),42232,https://image.tmdb.org/t/p/w500/wMSR2CSPruCPkZDEQ5xjv5xqc05.jpg
3372,"Bridge at Remagen, The (1969)",15873,https://image.tmdb.org/t/p/w500/cWNzClIEf3bb4Cq1NH47QHCHUW.jpg
3373,Buck and the Preacher (1972),26928,https://image.tmdb.org/t/p/w500/uffsVLJUP6tPSm8nugTiu6ITpbL.jpg
3374,Daughters of the Dust (1992),68427,https://image.tmdb.org/t/p/w500/sk5qednzLeDZMIhto6Oa9QFKOon.jpg
3375,Destination Moon (1950),25392,https://image.tmdb.org/t/p/w500/2dsJUooqTX5BkOmkfnuuFlkmbB6.jpg
3377,Hangmen Also Die (1943),22178,https://image.tmdb.org/t/p/w500/d9J86BpP7NLreJJ9VCbr1SDMRii.jpg
3378,"Ogre, The (Der Unhold) (1996)",48213,https://image.tmdb.org/t/p/w500/ybLzxBiB9qiiqyANLj8RGs2Dkp3.jpg
3379,On the Beach (1959),35412,https://image.tmdb.org/t/p/w500/lTDuj5zalrI0fpQel7UfPHTexTK.jpg
3380,Railroaded! (1947),43463,https://image.tmdb.org/t/p/w500/A0nTXfbw50iqPcdsSFOJozSFGGC.jpg
3381,Slaves to the Underground (1997),59939,https://image.tmdb.org/t/p/w500/auTfHdzTCLTqRsA3BTDGFwFn6EZ.jpg
3382,Song of Freedom (1936),159727,https://image.tmdb.org/t/p/w500/yqUhibwKjmeO0FNb6NydGpSEwF9.jpg
3383,Big Fella (1937),244151,https://image.tmdb.org/t/p/w500/hDo2J4SFM71MrgrMTK086YIYmrr.jpg
3384,"Taking of Pelham One Two Three, The (1974)",8333,https://image.tmdb.org/t/p/w500/vNhywp9w1DVG6BytxKp4kjtaaGC.jpg
3385,Volunteers (1985),19259,https://image.tmdb.org/t/p/w500/tua28Wyv9uGBtPTBGCP7GsN3Znu.jpg
3386,JFK (1991),820,https://image.tmdb.org/t/p/w500/r0VWVTYlqdRCK5ZoOdNnHdqM2gt.jpg
3387,Who's Harry Crumb? (1989),11718,https://image.tmdb.org/t/p/w500/6iUoyyaMklULVoGJDyHcN4nGgSX.jpg
3388,Harry and the Hendersons (1987),8989,https://image.tmdb.org/t/p/w500/5ZNWhOEsuNHIQ1gbtwdTGK7srCr.jpg
3389,Let's Get Harry (1986),32031,https://image.tmdb.org/t/p/w500/qyKxAZbcnzmn24oATeUX7DqQ7aB.jpg
3390,Shanghai Surprise (1986),58048,https://image.tmdb.org/t/p/w500/8zsU3Vq9FG9Q0kTEYrl0CWDlvX2.jpg
3391,Who's That Girl? (1987),26827,https://image.tmdb.org/t/p/w500/2Yu6ciKKgSWIZAzUg4IrrifO23z.jpg
3392,She-Devil (1989),11157,https://image.tmdb.org/t/p/w500/jWYAXtdYF804aT1muO0G6FuR2Fa.jpg
3393,Date with an Angel (1987),28370,https://image.tmdb.org/t/p/w500/g9CjIIyZdCybuCRkn4Ad8uWBclu.jpg
3394,Blind Date (1987),918,https://image.tmdb.org/t/p/w500/cLb3akSpZhU5qkmCO46IHfJtcs0.jpg
3395,Nadine (1987),61178,https://image.tmdb.org/t/p/w500/mim8TLLXmD3ui03f9jVmOXGACv8.jpg
3396,"Muppet Movie, The (1979)",11176,https://image.tmdb.org/t/p/w500/mfj8yR2vO5BMkaTMu1wvKQLUTsL.jpg
3397,"Great Muppet Caper, The (1981)",14900,https://image.tmdb.org/t/p/w500/8wVmU4JziUSM3cEF4JHHG8pt426.jpg
3398,"Muppets Take Manhattan, The (1984)",11899,https://image.tmdb.org/t/p/w500/rm6Gs0tvswtSE8cXBIAJqa6l25T.jpg
3399,Sesame Street Presents Follow That Bird (1985),36536,https://image.tmdb.org/t/p/w500/kkhgC0IDWtmPYX6FxMrVGx7jJnn.jpg
3400,We're Back! A Dinosaur's Story (1993),18890,https://image.tmdb.org/t/p/w500/iyFmhYlioe3PDZjSKWtcIhu5R02.jpg
3401,Baby... Secret of the Lost Legend (1985),19736,https://image.tmdb.org/t/p/w500/AvIT5XHXrxeNHxTHmyRalm7tfSM.jpg
3402,Turtle Diary (1985),123047,https://image.tmdb.org/t/p/w500/tY9j8r1dVVrATeThyro02ALmWwF.jpg
3403,Raise the Titanic (1980),24575,https://image.tmdb.org/t/p/w500/XvukyvRCbkYKKv1TdtlyNxvzEl.jpg
3404,Titanic (1953),16535,https://image.tmdb.org/t/p/w500/rEPzO9I6LCk6Mxg1X4BsBk6oA3V.jpg
3405,"Night to Remember, A (1958)",10971,https://image.tmdb.org/t/p/w500/6fDhJAz6AuYWj3hAnvUL42Xlxfj.jpg
3406,Captain Horatio Hornblower (1951),23928,https://image.tmdb.org/t/p/w500/oielnqLw4gVpaJDN6QTOapCqRXf.jpg
3407,"Carriers Are Waiting, The (Les Convoyeurs Attendent) (1999)",31336,https://image.tmdb.org/t/p/w500/1IjpBJXORA8ekNudBjs5j4qpgyp.jpg
3408,Erin Brockovich (2000),462,https://image.tmdb.org/t/p/w500/eMs20iUQyZVs05Ck7Q0LNnRsstr.jpg
3409,Final Destination (2000),9532,https://image.tmdb.org/t/p/w500/1mXhlQMnlfvJ2frxTjZSQNnA9Vp.jpg
3410,Soft Fruit (1999),117259,https://image.tmdb.org/t/p/w500/eaOehKsttNGjoaUwVRvn7c6HMQ8.jpg
3411,Babymother (1998),78231,https://image.tmdb.org/t/p/w500/xvWwPqjo2C8HszVuaPnXVhBYTJm.jpg
3412,"Bear, The (1988)",2383,https://image.tmdb.org/t/p/w500/ry4A1Y2udvqyDlVHLtSeP1u9qwJ.jpg
3413,Impact (1949),25503,https://image.tmdb.org/t/p/w500/tNF03oWEefF5dImf0uOt1QgYdew.jpg
3414,Love Is a Many-Splendored Thing (1955),53879,https://image.tmdb.org/t/p/w500/a9aqlitzVeo5fq6UX5Ekl5kopco.jpg
3415,"Mirror, The (Zerkalo) (1975)",1396,https://image.tmdb.org/t/p/w500/AttDP5OEsMxtHPPN7Z92p2Ntnmd.jpg
3416,"Trial, The (Le Procès) (1963)",108911,https://image.tmdb.org/t/p/w500/2kkjcOGwcrPkv88d84D08GRm6EL.jpg
3417,"Crimson Pirate, The (1952)",11570,https://image.tmdb.org/t/p/w500/lOSqs9ntb2wB7gveCx2l7cqC1nG.jpg
3418,Thelma & Louise (1991),1541,https://image.tmdb.org/t/p/w500/gQSUVGR80RVHxJywtwXm2qa1ebi.jpg
3419,Something for Everyone (1970),150043,https://image.tmdb.org/t/p/w500/qJwBSnDLtcIETEAwx1rrop3SIm1.jpg
3420,...And Justice for All (1979),17443,https://image.tmdb.org/t/p/w500/32NmJn0p4o9BdWVpEhuyxzwsqhL.jpg
3421,Animal House (1978),8469,https://image.tmdb.org/t/p/w500/fWooBbipMRIKeSRhEzmeaDV0T8H.jpg
3422,She's Gotta Have It (1986),27995,https://image.tmdb.org/t/p/w500/qiJuXvPONqTSSnzhbCBqE7EotV.jpg
3423,School Daze (1988),36739,https://image.tmdb.org/t/p/w500/vnfjKHcmah7ReMxLNF18JMXFgSZ.jpg
3424,Do the Right Thing (1989),925,https://image.tmdb.org/t/p/w500/63rmSDPahrH7C1gEFYzRuIBAN9W.jpg
3425,Mo' Better Blues (1990),41823,https://image.tmdb.org/t/p/w500/sEa6m5RjfrqfTzY1eHkC85shiUF.jpg
3426,Jungle Fever (1991),1713,https://image.tmdb.org/t/p/w500/pw7cOdwCylBuiv6rvosBSkcgKEe.jpg
3427,Coogan's Bluff (1968),26170,https://image.tmdb.org/t/p/w500/A0dObkaXai6q46sIMSRI1MCcN7E.jpg
3428,"Champ, The (1979)",30547,https://image.tmdb.org/t/p/w500/8GyHL4TftI4SKVA8Jj9JpthhIu6.jpg
3430,Death Wish (1974),13939,https://image.tmdb.org/t/p/w500/rNksI6UiuTgLtBy69WvKT1PrG0R.jpg
3431,Death Wish II (1982),14373,https://image.tmdb.org/t/p/w500/3iX2nI3Cs9Q864SxA35RE6Hnl5p.jpg
3432,Death Wish 3 (1985),24873,https://image.tmdb.org/t/p/w500/mc33TytXxkC9cSKyztDJzwF3lbn.jpg
3433,Death Wish 4: The Crackdown (1987),26263,https://image.tmdb.org/t/p/w500/r8HwJQJyKRyJ2JypwiVR5p0ZV84.jpg
3434,Death Wish V: The Face of Death (1994),34746,https://image.tmdb.org/t/p/w500/5gcpHxQh93M6CKTIMpngErxxq0D.jpg
3435,Double Indemnity (1944),996,https://image.tmdb.org/t/p/w500/rVNYZZgfhwqVMMWlBmxOfWqnwCj.jpg
3436,Dying Young (1991),9079,https://image.tmdb.org/t/p/w500/nLVV8TETjCxWQmIip6t3HO1znVJ.jpg
3437,Cool as Ice (1991),1496,https://image.tmdb.org/t/p/w500/fO0YbAJiMPFMquixdZgbC98I3MP.jpg
3438,Teenage Mutant Ninja Turtles (1990),1498,https://image.tmdb.org/t/p/w500/shfAU6xIIEAEtsloIT3n9Fscz2E.jpg
3439,Teenage Mutant Ninja Turtles II: The Secret of the Ooze (1991),1497,https://image.tmdb.org/t/p/w500/Hyvvz9Z3le1is8a0EeFJQm0aSC.jpg
3440,Teenage Mutant Ninja Turtles III (1993),1499,https://image.tmdb.org/t/p/w500/fwX5RdPDBFsbEAXc46DrvRz5Bca.jpg
3441,Red Dawn (1984),1880,https://image.tmdb.org/t/p/w500/a2GkHcioc2QEFJbQk1NTB85u3vD.jpg
3442,Band of the Hand (1986),33762,https://image.tmdb.org/t/p/w500/ypfbaT6qB8cUfeflK7PO9F4hvsm.jpg
3443,Born American (1986),103960,https://image.tmdb.org/t/p/w500/tBUetiqyYC4u7Ua7ceE8OUn8wwi.jpg
3444,Bloodsport (1988),11690,https://image.tmdb.org/t/p/w500/kndxR9TRK0kJ5hxzDprRSS80F2W.jpg
3445,Eyes of Laura Mars (1978),29143,https://image.tmdb.org/t/p/w500/b6njtFr9IkmJGzwCkZWpDIYI1oC.jpg
3446,Funny Bones (1995),35292,https://image.tmdb.org/t/p/w500/yGY053q9WlgaZzji50ZHK3p8VIy.jpg
3447,"Good Earth, The (1937)",36652,https://image.tmdb.org/t/p/w500/bPJe6d8etqVPyPYrNtE5rRNts9T.jpg
3448,"Good Morning, Vietnam (1987)",801,https://image.tmdb.org/t/p/w500/sreISlFUn5TyR41QNjlfAdX5SEW.jpg
3449,"Good Mother, The (1988)",104301,https://image.tmdb.org/t/p/w500/13AsjChBPvhefDsAazSqukmNCSu.jpg
3450,Grumpy Old Men (1993),11520,https://image.tmdb.org/t/p/w500/iMY7yFn4gMvGaQYMGWnyX2QgvHZ.jpg
3451,Guess Who's Coming to Dinner (1967),1879,https://image.tmdb.org/t/p/w500/fkHeYWahNbhxhuLefaAg553lYo5.jpg
3452,Romeo Must Die (2000),2085,https://image.tmdb.org/t/p/w500/zKrnaTWW63y4Q1XLrdZQyQmcRWd.jpg
3453,Here on Earth (2000),13539,https://image.tmdb.org/t/p/w500/shvubL3pIrCyEK22ZHrx00oNtCY.jpg
3454,Whatever It Takes (2000),16222,https://image.tmdb.org/t/p/w500/u9UtZNMj2m7dtOP6RcMAeRfqmnF.jpg
3455,Buddy Boy (1999),109479,https://image.tmdb.org/t/p/w500/3hLdv9aGXDTs95c0st9wBmaKpZR.jpg
3456,"Color of Paradise, The (Rang-e Khoda) (1999)",17078,https://image.tmdb.org/t/p/w500/rQ1t23NAGJDv9oNfHEAsxhuiAOG.jpg
3458,Blood and Sand (Sangre y Arena) (1989),75892,https://image.tmdb.org/t/p/w500/xrY362Il79McRTsCQs6UOUNFm7w.jpg
3459,Gothic (1986),33516,https://image.tmdb.org/t/p/w500/xGXj6wpJimmWkQMahZryM7xB9EX.jpg
3460,Hillbillys in a Haunted House (1967),99008,https://image.tmdb.org/t/p/w500/i2QSsv1DobFwD7V9pwvSzpvHPhd.jpg
3461,Lord of the Flies (1963),9960,https://image.tmdb.org/t/p/w500/3jhp9oxZpwcWCZ1vfn3PyMWovzq.jpg
3462,Modern Times (1936),3082,https://image.tmdb.org/t/p/w500/7uoiKOEjxBBW0AgDGQWrlfGQ90w.jpg
3463,Last Resort (1994),49338,https://image.tmdb.org/t/p/w500/h3ycFo3qKhF9SDERN1PQq4bJeIv.jpg
3464,Solar Crisis (1993),2102,https://image.tmdb.org/t/p/w500/Hbv6CPtv4ehgE60dXOYKmIrcV1.jpg
3465,That's Life! (1986),52961,https://image.tmdb.org/t/p/w500/opZSLqdoRoAIg6oW99iiNmrSgAp.jpg
3466,Heart and Souls (1993),12187,https://image.tmdb.org/t/p/w500/ik6GtJXMoq5tA581IMeBHr7Wocf.jpg
3467,Hud (1963),24748,https://image.tmdb.org/t/p/w500/A168bF52vmAIGkC2Qafj7M2EmaE.jpg
3468,"Hustler, The (1961)",990,https://image.tmdb.org/t/p/w500/snItsSViawjaadW9mlWUmGwR41R.jpg
3469,Inherit the Wind (1960),1908,https://image.tmdb.org/t/p/w500/7oaHcF0gCOt2lKaT2zajhajP0Zo.jpg
3471,Close Encounters of the Third Kind (1977),840,https://image.tmdb.org/t/p/w500/yaPx3cK9zGFX3SbcKwxWM1QIbUh.jpg
3473,Jonah Who Will Be 25 in the Year 2000 (1976),42237,https://image.tmdb.org/t/p/w500/zwqnEiUygCOGRZJvbzaTRF6tbsC.jpg
3474,Retroactive (1997),26689,https://image.tmdb.org/t/p/w500/7kOHEXDUTyyQQmI1VES1JofgPbj.jpg
3475,"Place in the Sun, A (1951)",25673,https://image.tmdb.org/t/p/w500/3tKYbChwIRYCwFrMUDBkbZyDIoN.jpg
3476,Jacob's Ladder (1990),2291,https://image.tmdb.org/t/p/w500/ufLcHIi1aXjjH8MediAMvnwDsVI.jpg
3477,Empire Records (1995),13531,https://image.tmdb.org/t/p/w500/qKP7hVdjAAvRvbF3GBCbzi5LzMf.jpg
3478,"Bamba, La (1987)",16620,https://image.tmdb.org/t/p/w500/6Znulqtc7cdqlUC69HGf26Ef5fi.jpg
3479,Ladyhawke (1985),526,https://image.tmdb.org/t/p/w500/vJA2Fhw2uBMiVFdBde2kH7kZ2gw.jpg
3480,Lucas (1986),13346,https://image.tmdb.org/t/p/w500/7qq4sxYj59Aq6wmnnIlot5iXaux.jpg
3481,High Fidelity (2000),243,https://image.tmdb.org/t/p/w500/e2LZGB62GMhv3Fo8tDZjY87I81a.jpg
3482,Price of Glory (2000),53263,https://image.tmdb.org/t/p/w500/yRFEv3c5uEVywcREzEL4FiwhX1p.jpg
3483,"Road to El Dorado, The (2000)",10501,https://image.tmdb.org/t/p/w500/tQuqhUBACMcGqCvliHxpJreBfXC.jpg
3484,"Skulls, The (2000)",11478,https://image.tmdb.org/t/p/w500/pYuggibfzm8LWgjnUKMMtii2430.jpg
3485,Autopsy (Macchie Solari) (1975),96167,https://image.tmdb.org/t/p/w500/o3XWyyQccWDy40hJJ4O9twA5f4D.jpg
3486,Devil Girl From Mars (1954),24212,https://image.tmdb.org/t/p/w500/kgQh1yJdQ3ESgwNzTAVNIw3FzMZ.jpg
3487,"Dorado, El (1967)",6644,https://image.tmdb.org/t/p/w500/poJxkMtTA3E95lJ6RnBgNxF0Vmx.jpg
3489,Hook (1991),879,https://image.tmdb.org/t/p/w500/a6rB1lGXoGms7gWxRfJneQmAjNV.jpg
3490,Horror Express (1972),32613,https://image.tmdb.org/t/p/w500/o79dacG17LtfsAhjiVxgUhsJAbb.jpg
3491,My Chauffeur (1986),39406,https://image.tmdb.org/t/p/w500/kfNxWVRUuJbdRswHlxYf7XAUJD3.jpg
3492,"Son of the Sheik, The (1926)",85689,https://image.tmdb.org/t/p/w500/yZib8tHbOHrSTSszif728VwU2L6.jpg
3493,Torso (Corpi Presentano Tracce di Violenza Carnale) (1973),31624,https://image.tmdb.org/t/p/w500/tWwaVVGHkl9FTVRApyAQdBa2ayU.jpg
3494,True Grit (1969),17529,https://image.tmdb.org/t/p/w500/lmexRC57l39elaIcnxhaHpcaIW2.jpg
3495,Roadside Prophets (1992),40841,https://image.tmdb.org/t/p/w500/8KkFF5voIohrkjUzLY7eNnW10hR.jpg
3496,Madame Sousatzka (1988),118098,https://image.tmdb.org/t/p/w500/iXBUkgTfFzT9OC9B4egsF0rSAPr.jpg
3497,Max Dugan Returns (1983),1793,https://image.tmdb.org/t/p/w500/wYOmBIJwliiu43CwWqx79f8Zp8Z.jpg
3498,Midnight Express (1978),11327,https://image.tmdb.org/t/p/w500/mIzGfVCSWmmYjLIIbA2BX3rlV56.jpg
3499,Misery (1990),1700,https://image.tmdb.org/t/p/w500/klPO5oh1LOxiPpdDXZo1ADgpKcw.jpg
3500,Mr. Saturday Night (1992),54087,https://image.tmdb.org/t/p/w500/tDAJzffAZyhpEsRiRCH3J9abTbZ.jpg
3501,Murphy's Romance (1985),34322,https://image.tmdb.org/t/p/w500/hCl1X4Fh8LTQV283AJ5sKUanxV7.jpg
3502,My Life (1993),41659,https://image.tmdb.org/t/p/w500/eF8wNMMqY3kukUTTAVXLLx94UhB.jpg
3503,Solaris (Solyaris) (1972),593,https://image.tmdb.org/t/p/w500/pgqj7QoBPWFLLKtLEpPmFYFRMgB.jpg
3504,Network (1976),10774,https://image.tmdb.org/t/p/w500/qZomlHsaALUtkFeMDwdYmwS2Pbo.jpg
3505,No Way Out (1987),10083,https://image.tmdb.org/t/p/w500/93CzsBvRhg035yvQosRtSsTL19v.jpg
3506,North Dallas Forty (1979),29786,https://image.tmdb.org/t/p/w500/5e9IeZPFmApZZ37ixq9QhYZXURq.jpg
3507,"Odd Couple, The (1968)",11356,https://image.tmdb.org/t/p/w500/d3dKPpzEi7WfgmoMnMwWyQnd2ja.jpg
3508,"Outlaw Josey Wales, The (1976)",10747,https://image.tmdb.org/t/p/w500/92BZIFPbyCPNhExyFScxA3xF1dy.jpg
3509,Black and White (1999),38809,https://image.tmdb.org/t/p/w500/uzFgLnuvC7IngemxqpplSx1Zq8R.jpg
3510,Frequency (2000),10559,https://image.tmdb.org/t/p/w500/eu3Hrjj271dnBdNAF0HqfmwWASt.jpg
3511,Ready to Rumble (2000),20697,https://image.tmdb.org/t/p/w500/fRJNUXbeTte3MmpCqCRs53W7HIR.jpg
3512,Return to Me (2000),2621,https://image.tmdb.org/t/p/w500/mtYZyZh7hSiTq3gAU0C8FlcMC5.jpg
3513,Rules of Engagement (2000),10479,https://image.tmdb.org/t/p/w500/38iMM0sHOqNz315ApF9bEjT4rFA.jpg
3514,Joe Gould's Secret (2000),125709,https://image.tmdb.org/t/p/w500/n7X4jmmRIRtqNQWXJt8LxZcS1Ja.jpg
3515,Me Myself I (2000),49721,https://image.tmdb.org/t/p/w500/sI8AjPZMeRKn5mQ7LD4uYTStTMc.jpg
3516,"Bell, Book and Candle (1958)",2006,https://image.tmdb.org/t/p/w500/z3MLtVFPT2wIkKCBSE2yBgDmeXI.jpg
3517,"Bells, The (1926)",184885,https://image.tmdb.org/t/p/w500/tcvGcYyS9jEGNifLR3XqSiJ0WTd.jpg
3518,"End of Violence, The (1997)",46625,https://image.tmdb.org/t/p/w500/2ejIzekqpeC2XnSdOrpCw9KYXxF.jpg
3519,Force 10 from Navarone (1978),17339,https://image.tmdb.org/t/p/w500/3bFRwivCZuXx7fHWt4SpYaiHkNL.jpg
3520,How to Stuff a Wild Bikini (1965),26879,https://image.tmdb.org/t/p/w500/285efVjhE5xMnKWVJDRieEcBqQd.jpg
3521,Mystery Train (1989),11305,https://image.tmdb.org/t/p/w500/f11xq7dBGhz9UDc3dabldAGeXVH.jpg
3523,Taffin (1988),28975,https://image.tmdb.org/t/p/w500/niIHSyg2Wgj3v4POepjtlMaWUtw.jpg
3524,Arthur (1981),13665,https://image.tmdb.org/t/p/w500/m8yOFRDVZPxtsr4D2hVdzls6q6t.jpg
3525,Bachelor Party (1984),12309,https://image.tmdb.org/t/p/w500/dZf3UpPZDvJYTODSUJQy7wYEop.jpg
3526,Parenthood (1989),1552,https://image.tmdb.org/t/p/w500/e51tNNQBJpJi9xkyuj0QFhyBcz7.jpg
3527,Predator (1987),106,https://image.tmdb.org/t/p/w500/k3mW4qfJo6SKqe6laRyNGnbB9n5.jpg
3528,"Prince of Tides, The (1991)",10333,https://image.tmdb.org/t/p/w500/1AyeW3YlwfhRwLDeUCW686obceb.jpg
3529,"Postman Always Rings Twice, The (1981)",11027,https://image.tmdb.org/t/p/w500/k52pPgVOHPwjIyMdvNZZi3Z7zFR.jpg
3530,Smoking/No Smoking (1993),695792,https://image.tmdb.org/t/p/w500/6dMgBWnLnRmYVseagm7XMi2WrXk.jpg
3531,All the Vermeers in New York (1990),123757,https://image.tmdb.org/t/p/w500/sQmBGBIjDvX2nMwUHI3yQv4YAJ9.jpg
3532,Freedom for Us (À nous la liberté ) (1931),31514,https://image.tmdb.org/t/p/w500/z6XdIxE1CRqSgfOJxX1nGik6CGm.jpg
3533,"Actor's Revenge, An (Yukinojo Henge) (1963)",27197,https://image.tmdb.org/t/p/w500/cNjcjBVbXoUQGsJqCkOJvog88kD.jpg
3534,28 Days (2000),10468,https://image.tmdb.org/t/p/w500/tlgz7Shx0UavR5pyITeJ2mUHKFI.jpg
3535,American Psycho (2000),1359,https://image.tmdb.org/t/p/w500/9uGHEgsiUXjCNq8wdq4r49YL8A1.jpg
3536,Keeping the Faith (2000),4967,https://image.tmdb.org/t/p/w500/9NF199FTvHr9ggqdBTVbPhF1MGk.jpg
3537,Where the Money Is (2000),31776,https://image.tmdb.org/t/p/w500/s6FODEWgJ9XDwKunGLWEmexguUs.jpg
3538,East is East (1999),10557,https://image.tmdb.org/t/p/w500/tDchJ4mB23vGgwdQCmq9FCQ4W23.jpg
3539,"Filth and the Fury, The (2000)",27745,https://image.tmdb.org/t/p/w500/kdNkiqmMeJfaD8ybjiV6bVOrcQ8.jpg
3541,Third World Cop (1999),46686,https://image.tmdb.org/t/p/w500/oxmPBaCgiecMuy8jy7cpJ8AwNLh.jpg
3542,Coming Apart (1969),71402,https://image.tmdb.org/t/p/w500/9uoBmSsQJZQScvLbJzd414p9NfQ.jpg
3543,Diner (1982),13776,https://image.tmdb.org/t/p/w500/2vKIdZ6JkFIzcQeaHg3xtdvOyRO.jpg
3544,Shakes the Clown (1991),26291,https://image.tmdb.org/t/p/w500/nfTWQ7GfH462FVmYEGQB1oHR6H4.jpg
3545,Cabaret (1972),10784,https://image.tmdb.org/t/p/w500/fMhOeJ2TvuY46iYGmsowhgRXfnr.jpg
3546,What Ever Happened to Baby Jane? (1962),10242,https://image.tmdb.org/t/p/w500/msGYzyWwtjAaA3DScdgmvJ5MReG.jpg
3547,Prick Up Your Ears (1987),27857,https://image.tmdb.org/t/p/w500/yLrWxmqPqAQFjyefJtYjoaDxGpi.jpg
3548,Auntie Mame (1958),16347,https://image.tmdb.org/t/p/w500/uH810rwkYEbUaV6IlwTaAExbXUm.jpg
3549,Guys and Dolls (1955),4825,https://image.tmdb.org/t/p/w500/mrSM6laJJLBVdMdWfeNRa1innnk.jpg
3551,Marathon Man (1976),10518,https://image.tmdb.org/t/p/w500/uPNgubSiri2yvBQRPtP77ViYjN.jpg
3552,Caddyshack (1980),11977,https://image.tmdb.org/t/p/w500/lXnNz7zOXCsftMDVoU3VSo0Eioi.jpg
3553,Gossip (2000),18041,https://image.tmdb.org/t/p/w500/1fyQiQyBFlqjeqgT6sAEh5vo4Fe.jpg
3554,Love and Basketball (2000),14736,https://image.tmdb.org/t/p/w500/zNZWNX19FZ5QyedprVM0ldsXFiP.jpg
3555,U-571 (2000),3536,https://image.tmdb.org/t/p/w500/7lc7jXmjQmITnfUBX7nN4kxKKbI.jpg
3556,"Virgin Suicides, The (1999)",1443,https://image.tmdb.org/t/p/w500/1NCQtXPQnaHRjOZVmktA9BSM35F.jpg
3557,Jennifer 8 (1992),10424,https://image.tmdb.org/t/p/w500/pMlk8spEliRD6hr4ILs5ubHeBGT.jpg
3559,Limelight (1952),28971,https://image.tmdb.org/t/p/w500/wNWQS4cPTVtyOPzMZ9HSjmOLZ97.jpg
3562,Committed (2000),40562,https://image.tmdb.org/t/p/w500/10vXic9IMUTW5FrB1ivmieM2ydY.jpg
3563,"Crow: Salvation, The (2000)",9456,https://image.tmdb.org/t/p/w500/5JkLJ0HS1hGxZHok9pjBcLCpLuX.jpg
3564,"Flintstones in Viva Rock Vegas, The (2000)",889,https://image.tmdb.org/t/p/w500/qTcf60dqziF7xU2amxIIsvrnkTl.jpg
3565,Where the Heart Is (2000),10564,https://image.tmdb.org/t/p/w500/3iyT5W3PjDKMKVS1vfAnDLeSXh2.jpg
3566,"Big Kahuna, The (2000)",15723,https://image.tmdb.org/t/p/w500/sMhWWdW6V3HXFanELFA1oHdvboS.jpg
3567,Bossa Nova (1999),1583639,https://image.tmdb.org/t/p/w500/4pIvWBxaMiCocoNIx4GFFLCAZDu.jpg
3569,"Idiots, The (Idioterne) (1998)",452,https://image.tmdb.org/t/p/w500/dZUgHe2XH8egBFerMC6yLoqUqii.jpg
3570,"Last September, The (1999)",68170,https://image.tmdb.org/t/p/w500/yUVG66eFsThptWIqQugGh5MXSiI.jpg
3571,Time Code (2000),36234,https://image.tmdb.org/t/p/w500/xQWlEjYAJTC8aBHjUzPmFLjZPSp.jpg
3572,Carnosaur (1993),39283,https://image.tmdb.org/t/p/w500/dOkM4ljCDBfy9FJHmqbd3xJNgeK.jpg
3573,Carnosaur 2 (1995),65460,https://image.tmdb.org/t/p/w500/8dzRgDdbmEEolKPLpuScsMofHD3.jpg
3574,Carnosaur 3: Primal Species (1996),55667,https://image.tmdb.org/t/p/w500/lPyp6ukHtpsOr4S0R4Pphgpp1IB.jpg
3575,Defying Gravity (1997),31978,https://image.tmdb.org/t/p/w500/7CgDSsJkpoR91OIHRimycO4B1W6.jpg
3576,"Hidden, The (1987)",12476,https://image.tmdb.org/t/p/w500/tImKQZsw5rx5jyr70Uc3Pxym0LJ.jpg
3578,Gladiator (2000),98,https://image.tmdb.org/t/p/w500/wN2xWp1eIwCKOD0BHTcErTBv1Uq.jpg
3579,I Dreamed of Africa (2000),21311,https://image.tmdb.org/t/p/w500/kuDIrcsUI0duLSTUgKKLKEiEdrK.jpg
3580,Up at the Villa (2000),47724,https://image.tmdb.org/t/p/w500/hkjBOhbNVCk6zbnC8Xo1cNYMmuA.jpg
3581,Human Traffic (1999),11129,https://image.tmdb.org/t/p/w500/cHwnYGZh1fVuVWqT28GpCN0usYF.jpg
3582,"Jails, Hospitals & Hip-Hop (2000)",94214,https://image.tmdb.org/t/p/w500/tMNR7JXFpoRSxEB3CS8JpnZw3BD.jpg
3584,Breathless (1983),1058,https://image.tmdb.org/t/p/w500/ipnsEbOsnQYO0HMrHTyqsO5osUV.jpg
3585,"Great Locomotive Chase, The (1956)",37112,https://image.tmdb.org/t/p/w500/tbU8ECQEhWhMx3rEVaBulmId4s0.jpg
3586,"Idolmaker, The (1980)",42159,https://image.tmdb.org/t/p/w500/sQoGkwIMsfIhfC0ukouBvWOTIpK.jpg
3587,Inferno (1980),16395,https://image.tmdb.org/t/p/w500/A92SmwJ4w2GSF6Mp2m8xE9GbG39.jpg
3588,"King of Marvin Gardens, The (1972)",50627,https://image.tmdb.org/t/p/w500/5JpKFEp9niY90Qgz7xhcIGAOifK.jpg
3589,"Kill, Baby... Kill! (Operazione Paura) (1966)",28049,https://image.tmdb.org/t/p/w500/fyGzcMVf8iospgEtBoZkvO9j9Vr.jpg
3590,"Lords of Flatbush, The (1974)",38925,https://image.tmdb.org/t/p/w500/zmXNjWFK4zlkStngN2qdVZ9Vprh.jpg
3591,Mr. Mom (1983),13105,https://image.tmdb.org/t/p/w500/QuTlgKKykL7j0PnZZd3LNFVhCX.jpg
3592,Time Masters (Les Maîtres du Temps) (1982),22501,https://image.tmdb.org/t/p/w500/4ktdTOrJnSk7iCtX6Q2QR0sR9Je.jpg
3593,Battlefield Earth (2000),5491,https://image.tmdb.org/t/p/w500/wXCRuBHdJ5aTFQdsuGJFXNdo79T.jpg
3594,Center Stage (2000),10560,https://image.tmdb.org/t/p/w500/95Et0t08Nv6S8FD593HpXyvcRt8.jpg
3595,Held Up (2000),19489,https://image.tmdb.org/t/p/w500/95AseMukZsjgDXC9NtgVQESAVgY.jpg
3596,Screwed (2000),19419,https://image.tmdb.org/t/p/w500/m6FfMbH1ga1Kp5QI9Nm0ETOIG64.jpg
3597,Whipped (2000),23531,https://image.tmdb.org/t/p/w500/jIVMqADXH1fEAlf8K19FoDZYh0U.jpg
3598,Hamlet (2000),10264,https://image.tmdb.org/t/p/w500/cB5HbaiFoQLLmGeN2eeJjBGrp8U.jpg
3599,Anchors Aweigh (1945),17889,https://image.tmdb.org/t/p/w500/sUWoYst249F6ctTXymuLktWEzmj.jpg
3600,Blue Hawaii (1961),18228,https://image.tmdb.org/t/p/w500/kujIwcrOsgcyRLbs5xfwU1ADwHk.jpg
3601,"Castaway Cowboy, The (1974)",80351,https://image.tmdb.org/t/p/w500/881Frzo4noOfezARUO9f3eo8GjG.jpg
3602,G. I. Blues (1960),18642,https://image.tmdb.org/t/p/w500/8vsi3ezokYXLxccEWJ2sbXj80sF.jpg
3603,"Gay Deceivers, The (1969)",205054,https://image.tmdb.org/t/p/w500/cv8uIUY7xXzhW79ekw0dTbkD1ri.jpg
3604,Gypsy (1962),39391,https://image.tmdb.org/t/p/w500/qmeyhwe7pHJ30n6uLq8swyW1Juz.jpg
3605,King Creole (1958),18644,https://image.tmdb.org/t/p/w500/k5WBAgKrI8OytCSxMd4oau5KXzn.jpg
3606,On the Town (1949),31516,https://image.tmdb.org/t/p/w500/lEU8QQmIayAtPZrCDf2czQgTjQ1.jpg
3607,One Little Indian (1973),45827,https://image.tmdb.org/t/p/w500/fPwJ82UoWF1NvC3prhlQ3WMNhKN.jpg
3608,Pee-wee's Big Adventure (1985),5683,https://image.tmdb.org/t/p/w500/414IUXc54mrhX88ZUQiRDLXn01i.jpg
3610,Roustabout (1964),2094,https://image.tmdb.org/t/p/w500/nzB1aQauY8GTu1SCQV3EcGOqjXF.jpg
3611,Saludos Amigos (1943),14906,https://image.tmdb.org/t/p/w500/jiNSrKpgKdLXEUasOvNaCBgEner.jpg
3612,"Slipper and the Rose, The (1976)",16176,https://image.tmdb.org/t/p/w500/o7tQ79sqZwt5dQskCW5ymjtd13r.jpg
3613,Things Change (1988),52770,https://image.tmdb.org/t/p/w500/xKjGI2AAg5UHaBvVVR7oI865Zth.jpg
3614,Honeymoon in Vegas (1992),12518,https://image.tmdb.org/t/p/w500/qZPay0VF5Bq2PiUvC09WwM5blmj.jpg
3615,Dinosaur (2000),10567,https://image.tmdb.org/t/p/w500/rSje3FS7ycJSglowlngjsvDt7vO.jpg
3616,Loser (2000),10642,https://image.tmdb.org/t/p/w500/nOqWmYfgvpUA6gZjvdB0Cg24kA4.jpg
3617,Road Trip (2000),9285,https://image.tmdb.org/t/p/w500/jee4eY5tZprI0V18S6PXUloBzSk.jpg
3618,Small Time Crooks (2000),10569,https://image.tmdb.org/t/p/w500/eIJRFZFDmh0xXPlKt3WwN5fiSLe.jpg
3619,"Hollywood Knights, The (1980)",21879,https://image.tmdb.org/t/p/w500/nKTXjzFW52n61rlXT80MGIcnEG4.jpg
3620,"Myth of Fingerprints, The (1997)",98502,https://image.tmdb.org/t/p/w500/4aHnhKkmQlSBbOKhYNImUI254KF.jpg
3621,Possession (1981),21484,https://image.tmdb.org/t/p/w500/dSxz8VWHVleJXdIce9D0ujkmJNI.jpg
3622,"Twelve Chairs, The (1970)",24918,https://image.tmdb.org/t/p/w500/qw0yZKqdWyakNRasQ3NvEiRyZpN.jpg
3623,Mission: Impossible 2 (2000),955,https://image.tmdb.org/t/p/w500/hfnrual76gPeNFduhD4xzHWpfTw.jpg
3624,Shanghai Noon (2000),8584,https://image.tmdb.org/t/p/w500/b0WwWRcDiDahkah5vZ0KjB4N9ZZ.jpg
3625,Better Living Through Circuitry (1999),47295,https://image.tmdb.org/t/p/w500/3UUdjElayMyi6pSYq6SBLBRIKvG.jpg
3626,8 1/2 Women (1999),11332,https://image.tmdb.org/t/p/w500/t7G0SA8cqrsu7XzzTL0ge54aw7L.jpg
3627,Carnival of Souls (1962),16093,https://image.tmdb.org/t/p/w500/9ddPGH7kMe81xznwIKCt17VFUPi.jpg
3628,Flying Tigers (1942),29372,https://image.tmdb.org/t/p/w500/1Aee8HBwkq1yjKYMnL9YMPhXJZ.jpg
3629,"Gold Rush, The (1925)",962,https://image.tmdb.org/t/p/w500/eQRFo1qwRREYwj47Yoe1PisgOle.jpg
3630,"House of Exorcism, The (La Casa dell'esorcismo) (1974)",5483,https://image.tmdb.org/t/p/w500/kc1bN9JhSqbezrGcMt8lAvpmXnX.jpg
3632,Monsieur Verdoux (1947),30588,https://image.tmdb.org/t/p/w500/mUPXIinTQsBdLlDaWiSl7GwQXVs.jpg
3633,On Her Majesty's Secret Service (1969),668,https://image.tmdb.org/t/p/w500/m3KfbxvqaiAvRJ6MpguA3GuLdDQ.jpg
3634,Seven Days in May (1964),23518,https://image.tmdb.org/t/p/w500/fgMwyNl7uZeUrnIAqlX7htSQ2O2.jpg
3635,"Spy Who Loved Me, The (1977)",691,https://image.tmdb.org/t/p/w500/3ZxHKFxMYvAko680DsRgAZKWcLi.jpg
3636,Those Who Love Me Can Take the Train (Ceux qui m'aiment prendront le train) (1998),31353,https://image.tmdb.org/t/p/w500/iwATSa886QDamfkTG3nHXkCoXPe.jpg
3637,Vagabond (Sans toit ni loi) (1985),44018,https://image.tmdb.org/t/p/w500/2KFfwiPct1hwqi9dkKqoom0BenC.jpg
3638,Moonraker (1979),698,https://image.tmdb.org/t/p/w500/6LrJdXNmu5uHOVALZxVYd44Lva0.jpg
3639,"Man with the Golden Gun, The (1974)",682,https://image.tmdb.org/t/p/w500/xVkbKwGnBVNQ122GN5bCTMyPbWz.jpg
3640,"King in New York, A (1957)",28973,https://image.tmdb.org/t/p/w500/e6KtBoiXa5D3LLZtiMCkiqIDnZv.jpg
3641,"Woman of Paris, A (1923)",28974,https://image.tmdb.org/t/p/w500/shmnpKWwfgNzntaDLPO0WYli5PX.jpg
3642,In Old California (1942),40685,https://image.tmdb.org/t/p/w500/bmnmz6K2ChiZ0fPf02ze0m04rQ8.jpg
3643,"Fighting Seabees, The (1944)",22994,https://image.tmdb.org/t/p/w500/pfqahIjSJ8XkU1Pta2z9M9PuIJY.jpg
3644,Dark Command (1940),40639,https://image.tmdb.org/t/p/w500/kpnO4PU7Pc9ZUAfs0BM9QizA0bm.jpg
3645,Cleo From 5 to 7 (Cléo de 5 à 7) (1962),499,https://image.tmdb.org/t/p/w500/oelBStY4xpguaplRv15P3Za7Xsr.jpg
3646,Big Momma's House (2000),9600,https://image.tmdb.org/t/p/w500/5YoSFqpTz5qIxsX61CPMGKONQIY.jpg
3647,Running Free (2000),120077,https://image.tmdb.org/t/p/w500/ldhNWUUNNk4CdbFKNTYAQFg6uKM.jpg
3648,"Abominable Snowman, The (1957)",38006,https://image.tmdb.org/t/p/w500/j0mz19eFHrloyAbLmxXEYqfJ2k.jpg
3649,American Gigolo (1980),2768,https://image.tmdb.org/t/p/w500/igXGCwti23PHOjLKQX6eGIGzQiJ.jpg
3651,"Blood Spattered Bride, The (La Novia Ensangrentada) (1972)",40365,https://image.tmdb.org/t/p/w500/8cdm9lZgePnKb0LUC4t7su1z8S5.jpg
3652,City of the Living Dead (Paura nella città dei morti viventi) (1980),24920,https://image.tmdb.org/t/p/w500/8ymAiDW9ct2GSywWkqATEiKE8OB.jpg
3653,"Endless Summer, The (1966)",21,https://image.tmdb.org/t/p/w500/jDdntrv2j64KB0Zpr63cko4Mebt.jpg
3654,"Guns of Navarone, The (1961)",10911,https://image.tmdb.org/t/p/w500/j6VSFnm20GlkUi8yb7hM5Qfc1fA.jpg
3655,Blow-Out (La Grande Bouffe) (1973),10102,https://image.tmdb.org/t/p/w500/g4wOgslrQKprlQl927h0lQQ3P99.jpg
3656,Lured (1947),30308,https://image.tmdb.org/t/p/w500/3nBt4ljVJGSynBEHI9xgD0GS6pe.jpg
3657,Pandora and the Flying Dutchman (1951),38688,https://image.tmdb.org/t/p/w500/6G6rRwPQzxxq8Yk75UWNtUTjjYv.jpg
3658,Quatermass and the Pit (1967),26912,https://image.tmdb.org/t/p/w500/AvruSt4xRIbXO8gVxPzHupbf5A2.jpg
3659,Quatermass II (1957),26278,https://image.tmdb.org/t/p/w500/hJJtV5puzYAODgck0JTWVX8zjKu.jpg
3660,Puppet Master (1989),1615581,https://image.tmdb.org/t/p/w500/zHc8auN3ewIXw3CzuwUzkdXFNyR.jpg
3661,Puppet Master II (1990),26954,https://image.tmdb.org/t/p/w500/dy5tzZFWFTjbNyG4KNP6yMjZ6l9.jpg
3662,Puppet Master III: Toulon's Revenge (1991),26956,https://image.tmdb.org/t/p/w500/uSSZGAEnSJ8ov81i7UVYcFOeThP.jpg
3663,Puppet Master 4 (1993),26957,https://image.tmdb.org/t/p/w500/fRIpNpZVL73MGJ7E2ZYt03tggeX.jpg
3664,Puppet Master 5: The Final Chapter (1994),26958,https://image.tmdb.org/t/p/w500/cqA1w7IwFCwA4fAD9R8vwOm1w5l.jpg
3665,Curse of the Puppet Master (1998),26959,https://image.tmdb.org/t/p/w500/5ILnKSbE9IwKj0b9dquTfUgjR23.jpg
3666,Retro Puppetmaster (1999),26960,https://image.tmdb.org/t/p/w500/6GcFdyBCKyx2zXvoCsrmNUCvpHN.jpg
3667,Rent-A-Cop (1988),80287,https://image.tmdb.org/t/p/w500/q7nRrivfDnCiUJru7A6ZYNXnOe0.jpg
3668,Romeo and Juliet (1968),6003,https://image.tmdb.org/t/p/w500/vaBQKLbSWkXGTOlsz9ARdJP4lvg.jpg
3669,Stay Tuned (1992),23939,https://image.tmdb.org/t/p/w500/yd2MN9zA30eGjf89DaaNoUXbRNp.jpg
3670,"Story of G.I. Joe, The (1945)",46614,https://image.tmdb.org/t/p/w500/oOlCfMtwobk2bNgqpXaaf17OtBo.jpg
3671,Blazing Saddles (1974),11072,https://image.tmdb.org/t/p/w500/vNw1gOEDdYTDeNMuuq8OmiEHrfH.jpg
3672,Benji (1974),23069,https://image.tmdb.org/t/p/w500/aSowNmq4bZrmfazhQBePyNF8A2E.jpg
3673,Benji the Hunted (1987),21299,https://image.tmdb.org/t/p/w500/g4mlRGzUKCXfRDUJqSRPY0mKPMC.jpg
3674,For the Love of Benji (1977),38802,https://image.tmdb.org/t/p/w500/iqB2iwZnteFdWH9rL50objGwmNk.jpg
3675,White Christmas (1954),13368,https://image.tmdb.org/t/p/w500/A5kBQsHKbIptxJyELEpHQJROCRj.jpg
3676,Eraserhead (1977),985,https://image.tmdb.org/t/p/w500/mxveW3mGVc0DzLdOmtkZsgd7c3B.jpg
3677,Baraka (1992),14002,https://image.tmdb.org/t/p/w500/ldEuJQ4z7zEvL7iXraESWBUfQcz.jpg
3678,"Man with the Golden Arm, The (1955)",541,https://image.tmdb.org/t/p/w500/3TUOhZhM5GCYIbxwFO3chpZ0DHx.jpg
3679,"Decline of Western Civilization, The (1981)",21137,https://image.tmdb.org/t/p/w500/36YfDJQKZfoCn5NLJ7mcrekE511.jpg
3680,"Decline of Western Civilization Part II: The Metal Years, The (1988)",36724,https://image.tmdb.org/t/p/w500/4XoeABOgfPzYIzv2UoGKAdZbbR7.jpg
3681,For a Few Dollars More (1965),938,https://image.tmdb.org/t/p/w500/ooqASvA7qxlTVKL3KwOzBwy57Dh.jpg
3682,Magnum Force (1973),10648,https://image.tmdb.org/t/p/w500/1uX1uzn09seCftG3rTGLPyFXxV6.jpg
3683,Blood Simple (1984),11368,https://image.tmdb.org/t/p/w500/svU6pu4lfHn0T5BVZchVxL58HB5.jpg
3684,"Fabulous Baker Boys, The (1989)",10875,https://image.tmdb.org/t/p/w500/1nS8AxnoYE2Y1ANMpVKZnm8iLxP.jpg
3685,Prizzi's Honor (1985),2075,https://image.tmdb.org/t/p/w500/5azGfZXuUFYjYfz6etYOdlyLXwL.jpg
3686,Flatliners (1990),1551,https://image.tmdb.org/t/p/w500/wda3j7p7YHXKpFIlSzoTCtP7myF.jpg
3687,Light Years (1988),547588,https://image.tmdb.org/t/p/w500/9IvfvwliqI8yfpdQvYI1wpTLLuh.jpg
3688,Porky's (1981),10246,https://image.tmdb.org/t/p/w500/AqCOt1cWfKqCepxK7LIdT812idH.jpg
3689,Porky's II: The Next Day (1983),19698,https://image.tmdb.org/t/p/w500/rZjSlaXM8Ez91ZV39frILApGuKg.jpg
3690,Porky's Revenge (1985),23919,https://image.tmdb.org/t/p/w500/Ad3F9Fm7zdZmBqBSvJIAJRfac9m.jpg
3691,Private School (1983),18835,https://image.tmdb.org/t/p/w500/hZLpmALf3LRUnCb0JI2ZRa9IR1F.jpg
3692,Class of Nuke 'Em High (1986),26554,https://image.tmdb.org/t/p/w500/2AljZDgKhzFaKO6i9tgmcytEA2b.jpg
3693,"Toxic Avenger, The (1985)",15239,https://image.tmdb.org/t/p/w500/so0CGT1fZe2SlVdYXCewghxUgoj.jpg
3694,"Toxic Avenger, Part II, The (1989)",28165,https://image.tmdb.org/t/p/w500/m5o7B3VSAjvinjtSYxXD38senvb.jpg
3695,"Toxic Avenger Part III: The Last Temptation of Toxie, The (1989)",28169,https://image.tmdb.org/t/p/w500/yEOliKp5hZIBR0lDr9L3mJLijT0.jpg
3696,Night of the Creeps (1986),15762,https://image.tmdb.org/t/p/w500/A3s2tQGNb6mhlr1hPZeE5F8IUwp.jpg
3697,Predator 2 (1990),169,https://image.tmdb.org/t/p/w500/83X4VwY9sdSJykskmsplIVG0a4h.jpg
3698,"Running Man, The (1987)",865,https://image.tmdb.org/t/p/w500/GTAUOhO4BN0peJVvxGEQydJvUO.jpg
3699,Starman (1984),9663,https://image.tmdb.org/t/p/w500/cgDeFWkYi6e9FT5RiQPCbQ9HlXZ.jpg
3700,"Brother from Another Planet, The (1984)",26889,https://image.tmdb.org/t/p/w500/jsIKSThUHCjWXzLCp7YV3LZAzZN.jpg
3701,Alien Nation (1988),10128,https://image.tmdb.org/t/p/w500/2wEyQkFXX6ReyW44YQa1kLQYkCg.jpg
3702,Mad Max (1979),9659,https://image.tmdb.org/t/p/w500/5LrI4GiCSrChgkdskVZiwv643Kg.jpg
3704,Mad Max Beyond Thunderdome (1985),9355,https://image.tmdb.org/t/p/w500/jJlxcEVVUHnrUeEkQ0077VeHQpb.jpg
3705,Bird on a Wire (1990),1727,https://image.tmdb.org/t/p/w500/vKHJnMQBL1mmb9MODTgZeDgD6Av.jpg
3706,Angel Heart (1987),635,https://image.tmdb.org/t/p/w500/h5v3wjJQNB7q2RntEnKDLhKtTFE.jpg
3707,Nine 1/2 Weeks (1986),10068,https://image.tmdb.org/t/p/w500/aE1iunrgO8UHfoXKJcjCy4Ih17n.jpg
3708,Firestarter (1984),11495,https://image.tmdb.org/t/p/w500/2ux5lqNuibd8eOkwwUhzfzAJBqD.jpg
3709,Sleepwalkers (1992),11428,https://image.tmdb.org/t/p/w500/iiwplv5pET2HgMog6otunohIiSr.jpg
3710,Action Jackson (1988),10117,https://image.tmdb.org/t/p/w500/vWBGkHT91My4T2iV3xgynpBTKtQ.jpg
3711,Sarafina! (1992),35936,https://image.tmdb.org/t/p/w500/i52368CunnMFEQIgPmGDKSPLcKx.jpg
3712,Soapdish (1991),25562,https://image.tmdb.org/t/p/w500/A5Aagqf4odlE1PkLouHPOj63z8D.jpg
3713,"Long Walk Home, The (1990)",51763,https://image.tmdb.org/t/p/w500/7T2oVjLHHIDY6FQH9e04oOgPWQa.jpg
3714,Clara's Heart (1988),73079,https://image.tmdb.org/t/p/w500/sb5fGw0l8PVFPL14lu2UN7Ibed0.jpg
3715,Burglar (1987),38921,https://image.tmdb.org/t/p/w500/t3cRLXAdjsWQbXsiACosuTwrwmm.jpg
3716,Fatal Beauty (1987),35463,https://image.tmdb.org/t/p/w500/cGyz0mSsl1G4GHeGyj6HWlpVJMJ.jpg
3717,Gone in 60 Seconds (2000),9679,https://image.tmdb.org/t/p/w500/fToQDmkBtiXYGh9xfgAh3gpo6GZ.jpg
3718,American Pimp (1999),24587,https://image.tmdb.org/t/p/w500/2vEP0mubKIp5Xexfj23SvN86aDD.jpg
3719,Love's Labour's Lost (2000),51333,https://image.tmdb.org/t/p/w500/7rJr9b0Mc8wEAqzuDUkz0zg1BX7.jpg
3720,Sunshine (1999),17771,https://image.tmdb.org/t/p/w500/qcHDFrjClW35u0dSuLjsQEi8gDk.jpg
3723,Hamlet (1990),10264,https://image.tmdb.org/t/p/w500/cB5HbaiFoQLLmGeN2eeJjBGrp8U.jpg
3724,Coming Home (1978),31657,https://image.tmdb.org/t/p/w500/jBsYWNBYNEi5EhT1hC8iexcTsWT.jpg
3725,American Pop (1981),29204,https://image.tmdb.org/t/p/w500/svrATPrggBUauEhCyhiF7K175T9.jpg
3726,Assault on Precinct 13 (1976),17814,https://image.tmdb.org/t/p/w500/RtGDEmXbSxE8NThCCY1SXFXLLw.jpg
3727,Near Dark (1987),11879,https://image.tmdb.org/t/p/w500/hVhFNn3IQxxARvnpLIKMx8ZfTtG.jpg
3728,One False Move (1991),21128,https://image.tmdb.org/t/p/w500/x5xCkGw4jutMcc8nmWLKNzbDKht.jpg
3729,Shaft (1971),482,https://image.tmdb.org/t/p/w500/yJChPuu2V339IiDPQDHeIh1SYpA.jpg
3730,"Conversation, The (1974)",592,https://image.tmdb.org/t/p/w500/dHqVBwcv1SGymOpUueRoKzcmdes.jpg
3731,Cutter's Way (1981),31593,https://image.tmdb.org/t/p/w500/7IhITThoRNFmJe3fwwx1q6h6k5L.jpg
3732,"Fury, The (1978)",12611,https://image.tmdb.org/t/p/w500/tkIXykrfndqf11Lb7U5RbIRa13b.jpg
3733,"Paper Chase, The (1973)",14328,https://image.tmdb.org/t/p/w500/9LU6tK5S9RIZq8mN7xXZY7HtGAK.jpg
3734,Prince of the City (1981),32047,https://image.tmdb.org/t/p/w500/tdERW77zecB5pkKWWeqbSkns0t4.jpg
3735,Serpico (1973),9040,https://image.tmdb.org/t/p/w500/76rLcn53Fjdh4Dji9EIeJ98aYj1.jpg
3736,"Big Carnival, The (1951)",25364,https://image.tmdb.org/t/p/w500/gPVPzHEsJBX02HtBtIQgYnfeqNQ.jpg
3737,Lonely Are the Brave (1962),43002,https://image.tmdb.org/t/p/w500/g6wKfhwGPsKgPI77ZiLhL6argMQ.jpg
3738,"Sugarland Express, The (1974)",5121,https://image.tmdb.org/t/p/w500/csahjHhtJ9NzFKcxVcw7S4Pyfj.jpg
3739,Trouble in Paradise (1932),195,https://image.tmdb.org/t/p/w500/FBxuoLRD3Biyul14unT5m3PYNS.jpg
3740,Big Trouble in Little China (1986),6978,https://image.tmdb.org/t/p/w500/gI2Qs1yTTj3NcESJyttCkbmJ4k9.jpg
3741,Badlands (1973),3133,https://image.tmdb.org/t/p/w500/z81rBzHNgiNLean2JTGHgxjJ8nq.jpg
3742,"Battleship Potemkin, The (Bronenosets Potyomkin) (1925)",643,https://image.tmdb.org/t/p/w500/hZmsRLsCnE9Zshf1YJONUpCOhds.jpg
3743,Boys and Girls (2000),10571,https://image.tmdb.org/t/p/w500/gdVnV2wSESbgrXX4uRD3J0D8dBo.jpg
3744,Shaft (2000),479,https://image.tmdb.org/t/p/w500/5ncvnNPaN73cOqD4muE413sSOyY.jpg
3745,Titan A.E. (2000),7450,https://image.tmdb.org/t/p/w500/el2iHk3LTJWfEnwrvcRkvWY501G.jpg
3746,Butterfly (La Lengua de las Mariposas) (2000),31023,https://image.tmdb.org/t/p/w500/iSyRibFKtZL0tvjh6tCxTb6o74s.jpg
3747,Jesus' Son (1999),25636,https://image.tmdb.org/t/p/w500/A2lVDbF1oTuCMlh69vLnqugWEAM.jpg
3748,"Match, The (1999)",41160,https://image.tmdb.org/t/p/w500/h7sS80bAgJrPm31eKHNV5JqzdEL.jpg
3749,Time Regained (Le Temps Retrouvé) (1999),47439,https://image.tmdb.org/t/p/w500/1ZbBR18GU7XpVfooWV9NsrV4RGV.jpg
3750,Boricua's Bond (2000),207731,https://image.tmdb.org/t/p/w500/v5rsFgCfeVg58a0jC7a1EDYmqPb.jpg
3751,Chicken Run (2000),7443,https://image.tmdb.org/t/p/w500/8XgmIsbpVamdhwcNVsYzohFZTtT.jpg
3752,"Me, Myself and Irene (2000)",2123,https://image.tmdb.org/t/p/w500/rvRrcbLbpn7UJGRH1JupgHOeJFq.jpg
3753,"Patriot, The (2000)",2024,https://image.tmdb.org/t/p/w500/fWZd815QxUCUcrWQZwUkAp9ljG.jpg
3754,"Adventures of Rocky and Bullwinkle, The (2000)",17711,https://image.tmdb.org/t/p/w500/xCFSsftt2rglC81I6QLWcZSTCBM.jpg
3755,"Perfect Storm, The (2000)",2133,https://image.tmdb.org/t/p/w500/vJPoxqgpfFNbGi0HyoNsjFeLCio.jpg
3756,"Golden Bowl, The (2000)",29946,https://image.tmdb.org/t/p/w500/xgUcUWu7lirlZbMPz21qo8RhK57.jpg
3757,Asylum (1972),25993,https://image.tmdb.org/t/p/w500/vETvqWG44fgj4XLAU135Z2rncwT.jpg
3758,Communion (1989),28774,https://image.tmdb.org/t/p/w500/unDk9honWK30AMUTwSknhplFI5G.jpg
3759,Fun and Fancy Free (1947),46929,https://image.tmdb.org/t/p/w500/zBMBHx7JrHIB6U4wYT3q0yvwQuP.jpg
3760,"Kentucky Fried Movie, The (1977)",11598,https://image.tmdb.org/t/p/w500/nb0ehRDq8DWSoNfIkEDATNDzwxQ.jpg
3763,F/X (1986),9873,https://image.tmdb.org/t/p/w500/dxqWgIQkwFVCSkB64EjD3fc1lwG.jpg
3765,"Hot Spot, The (1990)",14864,https://image.tmdb.org/t/p/w500/iQCP69183K1QZo8bb23nkcLap3W.jpg
3766,Missing in Action (1984),15379,https://image.tmdb.org/t/p/w500/nBrDcnNQca88ed1gRwZ1Q5cjNxE.jpg
3767,Missing in Action 2: The Beginning (1985),12764,https://image.tmdb.org/t/p/w500/vOgiL2KQYyTHJ225lT5QB5B9kO0.jpg
3768,Braddock: Missing in Action III (1988),27352,https://image.tmdb.org/t/p/w500/y8Gp0TAQr8Z2Cy4ROSYzvOiMEMf.jpg
3769,Thunderbolt and Lightfoot (1974),8348,https://image.tmdb.org/t/p/w500/530RZ2HsxAgKVO4joNFjAgucbri.jpg
3770,Dreamscape (1984),24099,https://image.tmdb.org/t/p/w500/gRLhwWhXS9asnE4c1mt84t1iEER.jpg
3771,"Golden Voyage of Sinbad, The (1974)",17897,https://image.tmdb.org/t/p/w500/2DQPnuAjD7H4ae6BeBAVhu9RLWa.jpg
3773,House Party (1990),16094,https://image.tmdb.org/t/p/w500/hmUsEUI7RdgvTznkLCNSOHnjU4O.jpg
3774,House Party 2 (1991),16096,https://image.tmdb.org/t/p/w500/4iKDkzUZtS6vzINfbwYHAb1bNbA.jpg
3775,Make Mine Music (1946),20343,https://image.tmdb.org/t/p/w500/1Mu98243emXAKy8iZfymUJDgTpS.jpg
3776,Melody Time (1948),13757,https://image.tmdb.org/t/p/w500/5IlnhKFdNBxYIjEPkJ8N7YHrL0i.jpg
3778,On Our Merry Way (1948),90980,https://image.tmdb.org/t/p/w500/r7F4aCepd6bF25XbY0UX8xCTEEc.jpg
3779,Project Moon Base (1953),26270,https://image.tmdb.org/t/p/w500/djG5ljYkjESdyeueMNfdu0VHsL0.jpg
3780,Rocketship X-M (1950),37744,https://image.tmdb.org/t/p/w500/kEODdwwJBEROPYpFUPWHSAm1ZTJ.jpg
3781,Shaft in Africa (1973),494,https://image.tmdb.org/t/p/w500/z6yYpJBuRd1j5kldYd9vjbv9xfq.jpg
3782,Shaft's Big Score! (1972),493,https://image.tmdb.org/t/p/w500/9iNj96mEU66sRi1aCRDzglDUaGn.jpg
3783,Croupier (1998),12706,https://image.tmdb.org/t/p/w500/vJnHq7eg4tJ9JwMVYG5VKsw1GJr.jpg
3784,"Kid, The (2000)",10098,https://image.tmdb.org/t/p/w500/A9NWYyn7eX0H9XIjaOvfWJ9mCGA.jpg
3785,Scary Movie (2000),4247,https://image.tmdb.org/t/p/w500/fVQFPRuw3yWXojYDJvA5EoFjUOY.jpg
3786,But I'm a Cheerleader (1999),20770,https://image.tmdb.org/t/p/w500/dGEwlAuzTZoZjvsqgT2MRKHnGi8.jpg
3788,Blowup (1966),1052,https://image.tmdb.org/t/p/w500/jVDVpydUw8Z50naUDAG4NbRCrSa.jpg
3789,"Pawnbroker, The (1965)",20540,https://image.tmdb.org/t/p/w500/o4CT5WPqmOLF2QfodAuGT7jQNn1.jpg
3790,Groove (2000),11688,https://image.tmdb.org/t/p/w500/wwbgkXQBEKtnyIJapk6gUgWkVw8.jpg
3791,Footloose (1984),1788,https://image.tmdb.org/t/p/w500/9JEDjBCXCx3eKTSkXwispf0UN3O.jpg
3792,Duel in the Sun (1946),32275,https://image.tmdb.org/t/p/w500/dW479xuDWrcuFuxr7yfoReztlzF.jpg
3793,X-Men (2000),447399,https://image.tmdb.org/t/p/w500/vF02RqXLgtmpJM5CRLSuvN3fVHi.jpg
3794,Chuck & Buck (2000),44490,https://image.tmdb.org/t/p/w500/k0GY9haWiwZtBOf2T7winwNcsep.jpg
3795,"Five Senses, The (1999)",47585,https://image.tmdb.org/t/p/w500/y4UjdQJYxQEhenI7DFIM301Df7d.jpg
3797,"In Crowd, The (2000)",36047,https://image.tmdb.org/t/p/w500/j77l405846qiLb8RGb1egu7ON3r.jpg
3798,What Lies Beneath (2000),2655,https://image.tmdb.org/t/p/w500/2L3Cn0CizbSy2E9KJt1SiOSyb6p.jpg
3799,Pokémon the Movie 2000 (2000),12599,https://image.tmdb.org/t/p/w500/6u65C8aG4krAVyHsTjAMF7ucTDH.jpg
3800,Criminal Lovers (Les Amants Criminels) (1999),33828,https://image.tmdb.org/t/p/w500/pFqPlZh9S1wP1MR3RiiyWiyc50i.jpg
3801,Anatomy of a Murder (1959),93,https://image.tmdb.org/t/p/w500/b2G1QSAwtBv9luhEwErIgSRaU92.jpg
3802,Freejack (1992),9278,https://image.tmdb.org/t/p/w500/lSN8lIX90Az0t1qvIXC4MlCvd9a.jpg
3803,Greaser's Palace (1972),90715,https://image.tmdb.org/t/p/w500/ojPhdxrC00j0zN2hUrgn0kDdZT0.jpg
3804,H.O.T.S. (1979),59181,https://image.tmdb.org/t/p/w500/vOnW3QMCeJDPoc8VMCkb8sbM19u.jpg
3805,Knightriders (1981),22167,https://image.tmdb.org/t/p/w500/lawtQYZvwrjHMNkvrKWAF93tIoK.jpg
3806,MacKenna's Gold (1969),18118,https://image.tmdb.org/t/p/w500/uChjCbOKpoREb3yZrG1p8L3GyC7.jpg
3807,Sinbad and the Eye of the Tiger (1977),11940,https://image.tmdb.org/t/p/w500/kMP5bg26ac1FmNCamOC5WZece6N.jpg
3808,Two Women (La Ciociara) (1961),24167,https://image.tmdb.org/t/p/w500/biWDAUQD58enMEcyO2BqIVSycF4.jpg
3809,What About Bob? (1991),10276,https://image.tmdb.org/t/p/w500/pFCrGGGhV5xeAdvEysv6aSv8T13.jpg
3810,White Sands (1992),19380,https://image.tmdb.org/t/p/w500/jeOkfby3MMawUbZqBj7el4UePno.jpg
3811,Breaker Morant (1980),13783,https://image.tmdb.org/t/p/w500/Nr46BDNjBtz3s0wRvm84eK3PXl.jpg
3812,Everything You Always Wanted to Know About Sex (1972),11624,https://image.tmdb.org/t/p/w500/A1ZNhNd8FV8kCW39OeDelokT0tv.jpg
3813,Interiors (1978),15867,https://image.tmdb.org/t/p/w500/sTPy6Kfa1FRED1eaZdVex8b2MdB.jpg
3814,Love and Death (1975),11686,https://image.tmdb.org/t/p/w500/oJXFd1UHZoOQ1UtoLxbyBLGJDox.jpg
3816,"Official Story, The (La Historia Oficial) (1985)",29263,https://image.tmdb.org/t/p/w500/kkeUKaETggOrR0eW9nzPOIoZkZH.jpg
3817,"Other Side of Sunday, The (Søndagsengler) (1996)",46754,https://image.tmdb.org/t/p/w500/8nJlw1xMfimLc1CoRw0SfocwWaI.jpg
3818,Pot O' Gold (1941),18702,https://image.tmdb.org/t/p/w500/kjBp97HVXVtMqzOZUIkjT1oZrQz.jpg
3819,Tampopo (1986),11830,https://image.tmdb.org/t/p/w500/ArYdSuX3zY9fMsE4LqmBl7xJq5R.jpg
3820,Thomas and the Magic Railroad (2000),16110,https://image.tmdb.org/t/p/w500/aPEJ36e8a7gLu28KVfsGDQdmruk.jpg
3821,Nutty Professor II: The Klumps (2000),12107,https://image.tmdb.org/t/p/w500/v8gI95Eio7kAjixyqYHxNKmJTmm.jpg
3822,"Girl on the Bridge, The (La Fille sur le Pont) (1999)",10401,https://image.tmdb.org/t/p/w500/t5hKllCsmpWWA7XpxBXPjx0Gfct.jpg
3823,Wonderland (1999),32640,https://image.tmdb.org/t/p/w500/RLiMImgvYC66kIoAXkH1kU7jtJ.jpg
3824,Autumn in New York (2000),10641,https://image.tmdb.org/t/p/w500/avtPZ5vGvFugnY0NK8d3Przx6P7.jpg
3825,Coyote Ugly (2000),6282,https://image.tmdb.org/t/p/w500/xYM0laKrEqjiRSQNvqRrXPXN3iL.jpg
3826,Hollow Man (2000),9383,https://image.tmdb.org/t/p/w500/sd3qUIv5uoP2oTbqv66CzXSPjKG.jpg
3827,Space Cowboys (2000),5551,https://image.tmdb.org/t/p/w500/hPzt1bbA1sUDQOl6Vujmyz2hjLN.jpg
3828,Better Living (1998),277726,https://image.tmdb.org/t/p/w500/nXGZ9jqX4XxcEF3b0p8nJh0eZQL.jpg
3829,Mad About Mambo (2000),43079,https://image.tmdb.org/t/p/w500/aU57igWyBGP4wUvch4GuckoDvAl.jpg
3830,Psycho Beach Party (2000),27723,https://image.tmdb.org/t/p/w500/28mzKFDyVzMVx9nhDrJQ3G2H7It.jpg
3831,Saving Grace (2000),2360,https://image.tmdb.org/t/p/w500/ml8XwUomPfisNsKmluP8TIZOR89.jpg
3832,"Black Sabbath (Tre Volti Della Paura, I) (1963)",28043,https://image.tmdb.org/t/p/w500/vrMcn6CKrLjWAtHHMFL7cj8A5au.jpg
3833,"Brain That Wouldn't Die, The (1962)",33468,https://image.tmdb.org/t/p/w500/npg6NH4maZ4NTTWzA71KNCTvQNG.jpg
3834,Bronco Billy (1980),21866,https://image.tmdb.org/t/p/w500/qiWVmWUq4M9Hc2Ui4jPkAnX6oAz.jpg
3835,"Crush, The (1993)",33408,https://image.tmdb.org/t/p/w500/4B0eHFjUYYZlkE1fthC29KVC4CS.jpg
3836,Kelly's Heroes (1970),11589,https://image.tmdb.org/t/p/w500/hleMxFKSC42yT0TClS4G29HV11n.jpg
3837,Phantasm II (1988),15158,https://image.tmdb.org/t/p/w500/cZ5mPtOXcvmg224oBM2k1db5Fnn.jpg
3838,Phantasm III: Lord of the Dead (1994),16139,https://image.tmdb.org/t/p/w500/uFv3H39YgyL568PTse5jGB6Ll8a.jpg
3839,Phantasm IV: Oblivion (1998),16146,https://image.tmdb.org/t/p/w500/412lNlGrB8eHBOKlNhOgxI9bCtL.jpg
3840,Pumpkinhead (1988),26515,https://image.tmdb.org/t/p/w500/gx7Gej5Srp3E13oqy1Kghtox2VZ.jpg
3841,Air America (1990),11856,https://image.tmdb.org/t/p/w500/2cVANiDU7AdSLGgs4T7dpgyU2SK.jpg
3843,Sleepaway Camp (1983),13567,https://image.tmdb.org/t/p/w500/lZ7KjSyHjP4ula5ybiXuQcDvZLg.jpg
3844,Steel Magnolias (1989),10860,https://image.tmdb.org/t/p/w500/7ExUSN9s9gX9bhVM17zDLEizano.jpg
3846,Easy Money (1983),18391,https://image.tmdb.org/t/p/w500/nREZhCfkUgl6XqMZAvd6DCbVj2c.jpg
3848,Silent Fall (1994),39473,https://image.tmdb.org/t/p/w500/nek7oeAURO3dr3AdKe4Yi3zPNTF.jpg
3849,"Spiral Staircase, The (1946)",27452,https://image.tmdb.org/t/p/w500/4k0k9f59g901GWzw0gfFT7f5in.jpg
3851,I'm the One That I Want (2000),38548,https://image.tmdb.org/t/p/w500/7pFwrqCnjycoAvFnXVP6dexO3aC.jpg
3852,"Tao of Steve, The (2000)",20438,https://image.tmdb.org/t/p/w500/u9z4Qg0KGomhBUerbUzQXeO1ODs.jpg
3853,"Tic Code, The (1998)",274868,https://image.tmdb.org/t/p/w500/gFpeuxEjGZkyOtKJpUeDB4YfpWk.jpg
3854,Aimée & Jaguar (1999),2211,https://image.tmdb.org/t/p/w500/vd6c4PliEGXgtWTzq1iFxnXIE5H.jpg
3855,"Affair of Love, An (Une Liaison Pornographique) (1999)",46991,https://image.tmdb.org/t/p/w500/6VcPf4jOrlKcB4CDNZUHc36loSm.jpg
3856,Autumn Heart (1999),201581,https://image.tmdb.org/t/p/w500/oFzxF39ttmVijfVdZ5CIarEevll.jpg
3857,Bless the Child (2000),10391,https://image.tmdb.org/t/p/w500/s1RGEF8xIA6ecF8W4do8CaWI0yE.jpg
3858,Cecil B. Demented (2000),14195,https://image.tmdb.org/t/p/w500/gCXUA9BUOSDmOFVfkVBF4v15Td6.jpg
3859,"Eyes of Tammy Faye, The (2000)",15665,https://image.tmdb.org/t/p/w500/r84Qve8mVeDXBKnSnBSQIS2OaD.jpg
3860,"Opportunists, The (1999)",45905,https://image.tmdb.org/t/p/w500/o3ahlEqcwxxlVWPnEHTIzYMdwhQ.jpg
3861,"Replacements, The (2000)",10393,https://image.tmdb.org/t/p/w500/6qerI41HqkdRlio1sG0d5HLZcFN.jpg
3862,About Adam (2000),18168,https://image.tmdb.org/t/p/w500/e4EkKwF0MTcG6lfysals7Nxeq0z.jpg
3863,"Cell, The (2000)",8843,https://image.tmdb.org/t/p/w500/fdQHMNDjBzA7PDw1aNFww2eriLz.jpg
3865,"Original Kings of Comedy, The (2000)",23618,https://image.tmdb.org/t/p/w500/vjbEcW9OqWoXKr9e2KySG1WZlNS.jpg
3866,Sunset Strip (2000),117262,https://image.tmdb.org/t/p/w500/j9awEAeVvMolWIAmmqTYeRyXagM.jpg
3868,"Naked Gun: From the Files of Police Squad!, The (1988)",37136,https://image.tmdb.org/t/p/w500/zT0mhZqZQJE1gSY5Eg9qcGP4NYo.jpg
3869,"Naked Gun 2 1/2: The Smell of Fear, The (1991)",37137,https://image.tmdb.org/t/p/w500/v9niLQWVzVPB1cP1ThNdEaLZG1Q.jpg
3870,Our Town (1940),23283,https://image.tmdb.org/t/p/w500/tXYWSUIUfiG06XzgSSkd4sQFOru.jpg
3871,Shane (1953),3110,https://image.tmdb.org/t/p/w500/svr5ADpjXTCOQv8hmuJnB7I14Qv.jpg
3872,"Suddenly, Last Summer (1959)",14698,https://image.tmdb.org/t/p/w500/igma0zn9J5srRvOMDRnxyUDQXJL.jpg
3873,Cat Ballou (1965),11694,https://image.tmdb.org/t/p/w500/3WJmB1F5z4mLwt84i1FuIrSYEe.jpg
3874,"Couch in New York, A (1996)",47434,https://image.tmdb.org/t/p/w500/8txMP2kp0A9ZGlVFtg9eUe3ZhWC.jpg
3875,"Devil Rides Out, The (1968)",39891,https://image.tmdb.org/t/p/w500/p1AWO8PIMfT6XGHV8uaa8erencj.jpg
3876,Jerry & Tom (1998),76891,https://image.tmdb.org/t/p/w500/7vb4RjMgdzPflqSpdUwwUjdwjTu.jpg
3877,Supergirl (1984),9651,https://image.tmdb.org/t/p/w500/o49a2RDChZkry84LomEORCPDWfk.jpg
3878,X: The Unknown (1956),26865,https://image.tmdb.org/t/p/w500/bS1PSy0lDfP2EEDprGEMOJGbKOG.jpg
3879,"Art of War, The (2000)",11398,https://image.tmdb.org/t/p/w500/9fbStI2ht3gMgsVRusqoBDWeK9c.jpg
3880,"Ballad of Ramblin' Jack, The (2000)",161687,https://image.tmdb.org/t/p/w500/kiZyaUQ3ttt15FK9SKR8Tn0Xj42.jpg
3881,Bittersweet Motel (2000),26244,https://image.tmdb.org/t/p/w500/Aj07eqJnpVm8vC7ZH32r5dqLNeo.jpg
3882,Bring It On (2000),1588,https://image.tmdb.org/t/p/w500/bnVby0qI0dS7YunbShP7mw68HY3.jpg
3883,Catfish in Black Bean Sauce (2000),287821,https://image.tmdb.org/t/p/w500/v59Q5tEYZgkBh735RXh83ZVoCiT.jpg
3884,"Crew, The (2000)",19150,https://image.tmdb.org/t/p/w500/kdQOz5enVVz113zZQcuoqh3oACy.jpg
3885,Love & Sex (2000),25128,https://image.tmdb.org/t/p/w500/x4pnZxarc6VbkSv19Rfoio4yNmW.jpg
3886,Steal This Movie! (2000),18153,https://image.tmdb.org/t/p/w500/wEylWTGRZoOR51wo422rhYXkV6Y.jpg
3887,Went to Coney Island on a Mission From God... Be Back by Five (1998),30910,https://image.tmdb.org/t/p/w500/xGUZK8NYMC3uJO18n5BnbSTvykH.jpg
3888,Skipped Parts (2000),41282,https://image.tmdb.org/t/p/w500/fnlTjsdjQysQ46IE3OMWeJtvP6e.jpg
3889,Highlander: Endgame (2000),12211,https://image.tmdb.org/t/p/w500/u7kIXMyagqcek2SaS9svfPTTGVT.jpg
3891,Turn It Up (2000),9995,https://image.tmdb.org/t/p/w500/1LqMTyQJnI7IfeDjjGRcDh1vv0r.jpg
3892,Anatomy (Anatomie) (2000),1698,https://image.tmdb.org/t/p/w500/hZgnRhrOkmjjod5u3umbw4y08kX.jpg
3893,Nurse Betty (2000),10480,https://image.tmdb.org/t/p/w500/1OCHR9z9k7go669AsShOkTj4CFb.jpg
3894,Solas (1999),80713,https://image.tmdb.org/t/p/w500/1ovtyHHDjyCXtf46w2Yv3yPeUDY.jpg
3895,"Watcher, The (2000)",10685,https://image.tmdb.org/t/p/w500/hsMvndtd3KPAvJ3q7zKZuNSB1R3.jpg
3896,"Way of the Gun, The (2000)",1619,https://image.tmdb.org/t/p/w500/wrjMMdgn1a4ChlaBmlzKnb78nr6.jpg
3897,Almost Famous (2000),786,https://image.tmdb.org/t/p/w500/3rrkyLYbgLj84AYvjhdcJot4JPx.jpg
3898,Bait (2000),14805,https://image.tmdb.org/t/p/w500/jon5ux36iUn6GnntxkZaNtB6AZT.jpg
3899,Circus (2000),51179,https://image.tmdb.org/t/p/w500/ueuu6NbMuypthtEFXOM4hOIRpu7.jpg
3900,Crime and Punishment in Suburbia (2000),46119,https://image.tmdb.org/t/p/w500/gA6FiAOm8De8v0RFOrdUPn9mgXX.jpg
3901,Duets (2000),18074,https://image.tmdb.org/t/p/w500/isxHRG54S1bz1A1CAlPaAAoh65k.jpg
3903,Urbania (2000),77332,https://image.tmdb.org/t/p/w500/bl2RsU7kzOm1AjZhCBepCxuFToY.jpg
3905,"Specials, The (2000)",29015,https://image.tmdb.org/t/p/w500/kCoifvSC6tUa7Ia4YClf4npqjQp.jpg
3906,Under Suspicion (2000),10562,https://image.tmdb.org/t/p/w500/2snkCKKthT5S8Ua0aMZkeaXkmBi.jpg
3908,Urban Legends: Final Cut (2000),12212,https://image.tmdb.org/t/p/w500/9kjGrnhMz37RYEd5BFcrU1qkPkl.jpg
3909,Woman on Top (2000),14629,https://image.tmdb.org/t/p/w500/eYHvcMeVjWPwATYI0VCdecMy2n3.jpg
3910,Dancer in the Dark (2000),16,https://image.tmdb.org/t/p/w500/pWzOfTJRZHPNO1VNrMnNFqRcJwg.jpg
3911,Best in Show (2000),13785,https://image.tmdb.org/t/p/w500/qkYBCMN26SxkQww4gLxUXQm5vr4.jpg
3912,Beautiful (2000),637,https://image.tmdb.org/t/p/w500/6tEJnof1DKWPnl5lzkjf0FVv7oB.jpg
3913,Barenaked in America (1999),15752,https://image.tmdb.org/t/p/w500/1igQM18qNmzXX8ggAKequybqDE.jpg
3914,"Broken Hearts Club, The (2000)",22597,https://image.tmdb.org/t/p/w500/g9bqbopRZYy5Z2137zFoFQRXVEW.jpg
3915,Girlfight (2000),19348,https://image.tmdb.org/t/p/w500/ydHUoYtpZdkwxdroK1rWyEpJrLZ.jpg
3916,Remember the Titans (2000),10637,https://image.tmdb.org/t/p/w500/825ohvC4wZ3gCuncCaqkWeQnK8h.jpg
3917,Hellraiser (1987),9003,https://image.tmdb.org/t/p/w500/3Z0oPHyLnk3Vx6ZMC1MiVwIrKhO.jpg
3918,Hellbound: Hellraiser II (1988),9064,https://image.tmdb.org/t/p/w500/auPOq1wgZuYSaADejOskBKG6fuV.jpg
3919,Hellraiser III: Hell on Earth (1992),11569,https://image.tmdb.org/t/p/w500/qnXEJp6KP6aIGWhNrg1fOKza4kp.jpg
3920,"Faraway, So Close (In Weiter Ferne, So Nah!) (1993)",10434,https://image.tmdb.org/t/p/w500/5VaPw0NgM4DloukmQTggzgvD4rb.jpg
3921,Beach Party (1963),26484,https://image.tmdb.org/t/p/w500/3Wmf7VKBIlwUSpakKDMi9LIGnP.jpg
3922,Bikini Beach (1964),39113,https://image.tmdb.org/t/p/w500/oGlBaAR2FZbmOaAuZ7cznVkKDGh.jpg
3923,Return of the Fly (1959),38126,https://image.tmdb.org/t/p/w500/a6w010kxAZfr0wsW7OiZgvkMwtN.jpg
3924,Pajama Party (1964),53617,https://image.tmdb.org/t/p/w500/uzk45q0phMDlKwgcv5ePmME7yq3.jpg
3925,Stranger Than Paradise (1984),469,https://image.tmdb.org/t/p/w500/yYlx0msjh4E74syleTXueWIOxC9.jpg
3926,Voyage to the Bottom of the Sea (1961),2160,https://image.tmdb.org/t/p/w500/eBm2BUvRwGwxr3hfAaOJ8kVuuhw.jpg
3927,Fantastic Voyage (1966),2161,https://image.tmdb.org/t/p/w500/hEWWLe1Lrk58gle3IKCnjBScfzO.jpg
3928,Abbott and Costello Meet Frankenstein (1948),3073,https://image.tmdb.org/t/p/w500/ectRcq1y6EAmz2i72SCRHI6qUK2.jpg
3929,"Bank Dick, The (1940)",911,https://image.tmdb.org/t/p/w500/3XrqHTrJpTaUeyqXqb4fVacYWpf.jpg
3930,"Creature From the Black Lagoon, The (1954)",10973,https://image.tmdb.org/t/p/w500/euCzA2Exc70MpTDCVYih8tdE7z1.jpg
3931,"Giant Gila Monster, The (1959)",34077,https://image.tmdb.org/t/p/w500/o7LI2NQ0KtDaVaIYYhZ9PHFDV37.jpg
3932,"Invisible Man, The (1933)",10787,https://image.tmdb.org/t/p/w500/ewfUA5pMEJrmQCdI4TsHmLlIUbf.jpg
3933,"Killer Shrews, The (1959)",43109,https://image.tmdb.org/t/p/w500/2agTmqPg2we1gd4Fr1p2UNAMORI.jpg
3934,Kronos (1957),43230,https://image.tmdb.org/t/p/w500/cq21or9DDlObTSo4AfiXl4u9vnC.jpg
3935,Kronos (1973),18979,https://image.tmdb.org/t/p/w500/4i6vRcVl9sE3W7ouQ8KC2B5NiJD.jpg
3936,"Phantom of the Opera, The (1943)",15855,https://image.tmdb.org/t/p/w500/2C8aHB3xnN8LvlsNLHKumBXzgVu.jpg
3937,Runaway (1984),9507,https://image.tmdb.org/t/p/w500/8xMeKeXGHY2KbiMjSpEGqlIjAEp.jpg
3938,"Slumber Party Massacre, The (1982)",27475,https://image.tmdb.org/t/p/w500/rh65oDy8CNJoEAOf7oudhIt3DM6.jpg
3939,"Slumber Party Massacre II, The (1987)",27764,https://image.tmdb.org/t/p/w500/n1j7gCi3g2puzqyn7A2rPntHqjx.jpg
3940,"Slumber Party Massacre III, The (1990)",27767,https://image.tmdb.org/t/p/w500/rtwbZi9dIs9pcTi2pQFtLxUUonB.jpg
3941,Sorority House Massacre (1986),40760,https://image.tmdb.org/t/p/w500/oU2i9iabbzBbDdKxv1PqQjoqSbw.jpg
3942,Sorority House Massacre II (1990),40446,https://image.tmdb.org/t/p/w500/8x7CFIX8Xhbl4YfvnB3gGNH4RJJ.jpg
3943,Bamboozled (2000),24664,https://image.tmdb.org/t/p/w500/oAg1mUUxdWJNLa6t1gctbQhXHVN.jpg
3944,Bootmen (2000),21370,https://image.tmdb.org/t/p/w500/zeRwE01YkmGxuE6LI2XpcWg4Ywl.jpg
3945,Digimon: The Movie (2000),20455,https://image.tmdb.org/t/p/w500/tiH1muonzAWzlLjPhjAcAYVAjzm.jpg
3946,Get Carter (2000),10461,https://image.tmdb.org/t/p/w500/xGANaRWD6638ch1qQmqgRp395R6.jpg
3947,Get Carter (1971),1485,https://image.tmdb.org/t/p/w500/3AytAYzJuPmS4Wo8X3jcsaN4oM3.jpg
3948,Meet the Parents (2000),1597,https://image.tmdb.org/t/p/w500/5tXJ9ctuyEOMUFLaeqRisbXowWs.jpg
3949,Requiem for a Dream (2000),641,https://image.tmdb.org/t/p/w500/nOd6vjEmzCT0k4VYqsA2hwyi87C.jpg
3950,Tigerland (2000),10687,https://image.tmdb.org/t/p/w500/pnFdCvxxL44sPLkKEIJCUaIZa7M.jpg
3951,Two Family House (2000),63956,https://image.tmdb.org/t/p/w500/g4U84VFQDvJeTwiQDhpI6bHWtGT.jpg
3952,"Contender, The (2000)",6521,https://image.tmdb.org/t/p/w500/duRe0F2GYHIDvqe2bqIAMP4gWeP.jpg
